Time(s),ADC
0.005972862243652344,442
0.0208590030670166,203
0.036385536193847656,214
0.05236935615539551,275
0.06838679313659668,525
0.08439159393310547,428
0.10039734840393066,204
0.11590814590454102,224
0.13192081451416016,292
0.1472933292388916,533
0.16330909729003906,416
0.1793065071105957,197
0.19530749320983887,219
0.21131587028503418,301
0.22683191299438477,540
0.24281859397888184,401
0.2580885887145996,201
0.27408909797668457,228
0.29009103775024414,316
0.3061237335205078,548
0.32167792320251465,390
0.33766865730285645,201
0.3538544178009033,233
0.36970949172973633,333
0.385714054107666,551
0.4017372131347656,372
0.4176926612854004,200
0.43369174003601074,241
0.44901347160339355,353
0.4638962745666504,547
0.4798862934112549,354
0.49587321281433105,200
0.5119075775146484,246
0.5274431705474854,374
0.5434379577636719,544
0.5594468116760254,341
0.5741696357727051,198
0.5892963409423828,249
0.6053223609924316,389
0.6211962699890137,535
0.6366472244262695,329
0.6520423889160156,202
0.6681509017944336,250
0.6841700077056885,406
0.700153112411499,541
0.7156832218170166,315
0.7321093082427979,208
0.747122049331665,261
0.7625634670257568,424
0.7785630226135254,539
0.7935779094696045,296
0.8095855712890625,205
0.8252475261688232,258
0.8408243656158447,443
0.8559401035308838,528
0.8718295097351074,273
0.8878974914550781,202
0.903998851776123,258
0.9195895195007324,460
0.9354612827301025,523
0.9510455131530762,257
0.967045783996582,204
0.9830477237701416,257
0.9990320205688477,476
1.0150806903839111,518
1.0303704738616943,254
1.045384168624878,222
1.0613808631896973,275
1.0767652988433838,493
1.092759132385254,501
1.1077628135681152,236
1.1232786178588867,214
1.1392772197723389,271
1.1542749404907227,500
1.1697463989257812,482
1.1847240924835205,231
1.2007405757904053,227
1.2163355350494385,278
1.2323400974273682,522
1.2483456134796143,468
1.2643606662750244,216
1.2803425788879395,218
1.2963428497314453,273
1.3123528957366943,518
1.3280539512634277,437
1.344048261642456,203
1.3594143390655518,221
1.3754262924194336,283
1.3914122581481934,536
1.4074151515960693,424
1.422562837600708,202
1.4385511875152588,222
1.4545533657073975,302
1.4705638885498047,552
1.4865684509277344,415
1.5025978088378906,205
1.5187058448791504,240
1.5347068309783936,320
1.5507051944732666,556
1.5667057037353516,400
1.5827052593231201,202
1.598705768585205,237
1.6147310733795166,341
1.6302878856658936,559
1.646270513534546,383
1.6615025997161865,200
1.677588701248169,239
1.6936440467834473,347
1.709749460220337,551
1.7253508567810059,366
1.7412195205688477,193
1.7572190761566162,237
1.7732136249542236,356
1.7882297039031982,543
1.8042571544647217,348
1.8194608688354492,192
1.835395336151123,243
1.8514301776885986,379
1.8674261569976807,553
1.8831186294555664,343
1.8984498977661133,199
1.9144537448883057,246
1.929971694946289,397
1.9459702968597412,553
1.9620153903961182,339
1.978015661239624,206
1.9940097332000732,258
2.010059118270874,412
2.0255303382873535,553
2.041581630706787,321
2.0575785636901855,198
2.0735864639282227,250
2.089578866958618,427
2.1051478385925293,541
2.1207692623138428,295
2.1367688179016113,201
2.152796745300293,254
2.168769598007202,440
2.1847736835479736,527
2.1997768878936768,271
2.215186834335327,203
2.230755567550659,253
2.246793031692505,455
2.26275372505188,513
2.278756618499756,256
2.294769763946533,202
2.310812473297119,263
2.326021432876587,471
2.341550827026367,516
2.357621908187866,255
2.3735735416412354,216
2.3895797729492188,270
2.4048101902008057,492
2.420567035675049,502
2.435563325881958,240
2.4507741928100586,220
2.466779947280884,272
2.4827375411987305,500
2.4987363815307617,485
2.513751745223999,224
2.5295495986938477,212
2.5445520877838135,269
2.560549259185791,507
2.5765533447265625,460
2.591930866241455,212
2.607938289642334,210
2.6238226890563965,267
2.639301300048828,514
2.6553380489349365,453
2.6712806224823,211
2.6864044666290283,227
2.7019431591033936,286
2.7171683311462402,536
2.732740640640259,438
2.748779058456421,208
2.7634847164154053,227
2.7795212268829346,298
2.7952418327331543,542
2.8112542629241943,420
2.8263068199157715,206
2.8413617610931396,242
2.8567872047424316,313
2.8728902339935303,549
2.888413190841675,405
2.904419183731079,201
2.919935464859009,232
2.93593430519104,317
2.9509332180023193,539
2.9669339656829834,376
2.9829444885253906,194
2.998394727706909,235
3.0137252807617188,330
3.029336929321289,534
3.045332908630371,366
3.0613696575164795,191
3.077336311340332,235
3.0933330059051514,351
3.108870267868042,550
3.1245830059051514,367
3.140023708343506,197
3.155989170074463,243
3.1719844341278076,374
3.1879823207855225,549
3.203965663909912,346
3.219484329223633,197
3.2354936599731445,245
3.251164674758911,387
3.2671303749084473,550
3.2831637859344482,335
3.2991271018981934,198
3.314739942550659,244
3.33030366897583,400
3.3463006019592285,542
3.362358570098877,328
3.3783392906188965,195
3.393903970718384,244
3.409867763519287,413
3.425588369369507,536
3.441587209701538,306
3.4575865268707275,191
3.473296880722046,246
3.490194797515869,433
3.5044989585876465,535
3.5197744369506836,292
3.53511118888855,199
3.5510666370391846,257
3.5664710998535156,457
3.5824573040008545,527
3.5985569953918457,274
3.6138384342193604,209
3.630153179168701,265
3.6461668014526367,479
3.662174940109253,518
3.678164005279541,260
3.6931755542755127,211
3.7092933654785156,267
3.725123882293701,490
3.7414276599884033,506
3.756744146347046,243
3.7727584838867188,208
3.7887580394744873,263
3.8047573566436768,500
3.8205840587615967,470
3.8356053829193115,214
3.852008104324341,205
3.86767315864563,267
3.8828043937683105,518
3.8977978229522705,458
3.913830041885376,213
3.9293999671936035,216
3.944624900817871,278
3.959871530532837,530
3.9758925437927246,448
3.9917707443237305,207
4.00779390335083,221
4.023297309875488,289
4.039294242858887,539
4.055294990539551,436
4.071366548538208,212
4.087368726730347,226
4.102740287780762,294
4.1178858280181885,538
4.133409023284912,411
4.14841103553772,199
4.164512395858765,224
4.179937124252319,304
4.195931911468506,542
4.212080478668213,401
4.226603746414185,198
4.242599010467529,228
4.257606029510498,321
4.273282289505005,544
4.288280963897705,393
4.30428409576416,203
4.3202879428863525,238
4.335648059844971,340
4.351649522781372,554
4.366896867752075,390
4.382903337478638,207
4.398904800415039,242
4.414912700653076,357
4.429637432098389,560
4.44459080696106,384
4.460588216781616,203
4.476547002792358,243
4.492589712142944,363
4.508645296096802,554
4.524656057357788,361
4.5402233600616455,200
4.556221961975098,239
4.5715789794921875,374
4.586411714553833,549
4.602173566818237,345
4.617597818374634,191
4.6329827308654785,236
4.648942708969116,379
4.663982152938843,539
4.679977178573608,332
4.6953935623168945,187
4.710732698440552,236
4.726637601852417,390
4.741635084152222,540
4.757633209228516,322
4.77283239364624,201
4.788344621658325,253
4.803393602371216,423
4.819401025772095,542
4.835043907165527,305
4.850191354751587,201
4.864910840988159,255
4.880950212478638,443
4.896906852722168,538
4.912993431091309,281
4.928812742233276,201
4.944006443023682,255
4.959045886993408,457
4.974004030227661,518
4.989198446273804,248
5.004375219345093,198
5.019643306732178,252
5.035287618637085,472
5.050571918487549,486
5.066546201705933,221
5.082050085067749,199
5.097983360290527,255
5.11299467086792,490
5.127623558044434,474
5.143622398376465,216
5.159571409225464,209
5.175620079040527,263
5.191575765609741,509
5.207236051559448,467
5.222555160522461,213
5.238075494766235,219
5.254104375839233,276
5.270054340362549,522
5.285425424575806,444
5.300843238830566,207
5.317837476730347,216
5.33283543586731,278
5.34807562828064,526
5.363252401351929,424
5.379215478897095,195
5.394734621047974,214
5.410727024078369,283
5.426411390304565,531
5.442584037780762,417
5.457745552062988,191
5.4729650020599365,213
5.488253116607666,286
5.503794193267822,530
5.519791841506958,401
5.535157918930054,198
5.551670789718628,238
5.56766939163208,322
5.582813739776611,551
5.599801778793335,407
5.615475416183472,208
5.631110668182373,244
5.6471710205078125,336
5.663025856018066,560
5.6813859939575195,400
5.6965391635894775,208
5.712895631790161,244
5.728138446807861,350
5.744150161743164,563
5.7601518630981445,380
5.776152610778809,201
5.792152643203735,244
5.808149814605713,360
5.824483633041382,550
5.840010404586792,352
5.855345249176025,194
5.870546102523804,239
5.886543035507202,366
5.90254282951355,536
5.918550729751587,332
5.934067487716675,194
5.950066089630127,244
5.965065002441406,391
5.981068134307861,541
5.996103525161743,329
6.01212215423584,199
6.02815580368042,254
6.044196844100952,422
6.060197591781616,548
6.076202869415283,324
6.092155933380127,204
6.108156681060791,261
6.123428106307983,434
6.139031171798706,545
6.154393672943115,303
6.170357942581177,208
6.186397314071655,263
6.201392889022827,456
6.21744441986084,526
6.232070446014404,273
6.248056411743164,201
6.2640180587768555,257
6.2791712284088135,469
6.295015335083008,510
6.310070514678955,248
6.325582265853882,208
6.341644048690796,259
6.357632637023926,482
6.372944355010986,489
6.3889853954315186,229
6.403982639312744,209
6.419991731643677,265
6.435607433319092,498
6.45113730430603,481
6.4670798778533936,230
6.482259511947632,222
6.498063802719116,276
6.513154983520508,518
6.528831958770752,466
6.544823408126831,219
6.560830354690552,225
6.576821565628052,279
6.5922019481658936,524
6.608139753341675,443
6.62423300743103,202
6.6402268409729,216
6.655447244644165,276
6.67147159576416,524
6.687456369400024,429
6.703449249267578,201
6.719498634338379,215
6.735126256942749,284
6.751075506210327,535
6.767078638076782,421
6.78307318687439,203
6.7981343269348145,232
6.8141279220581055,309
6.829751491546631,548
6.845751523971558,402
6.860758304595947,201
6.876715421676636,223
6.892159700393677,328
6.908164978027344,550
6.924270153045654,394
6.939819812774658,198
6.956110000610352,234
6.971112489700317,347
6.986496686935425,549
7.002539873123169,362
7.018533229827881,195
7.034403324127197,233
7.050399541854858,348
7.066391706466675,538
7.081826210021973,332
7.097353219985962,187
7.112927436828613,231
7.128453254699707,363
7.143595457077026,533
7.159451961517334,322
7.174640417098999,189
7.1906211376190186,237
7.206625461578369,379
7.222733974456787,536
7.238341808319092,326
7.2540123462677,198
7.270139932632446,253
7.28609299659729,416
7.3020923137664795,548
7.317183971405029,304
7.332808971405029,206
7.348755598068237,258
7.364191293716431,434
7.380191087722778,543
7.395977258682251,287
7.411979675292969,206
7.428492784500122,260
7.443501710891724,451
7.45888352394104,525
7.4740588665008545,254
7.490030527114868,198
7.50603175163269,253
7.521400451660156,461
7.536533832550049,503
7.55247950553894,233
7.568021297454834,196
7.583709716796875,254
7.599703550338745,473
7.615717887878418,499
7.631063938140869,234
7.646055698394775,204
7.6621482372283936,260
7.678148508071899,488
7.694146156311035,489
7.709376096725464,226
7.724752902984619,217
7.740239143371582,277
7.755423069000244,515
7.77065110206604,473
7.785847902297974,226
7.801039934158325,229
7.8170530796051025,278
7.832568883895874,522
7.847833633422852,446
7.863873481750488,199
7.8798723220825195,214
7.8958752155303955,279
7.9109132289886475,529
7.926204442977905,419
7.94179630279541,199
7.9567930698394775,223
7.9717936515808105,296
7.986828804016113,535
8.001830577850342,413
8.017289876937866,203
8.032903909683228,226
8.048240423202515,307
8.063240051269531,548
8.07932734489441,400
8.095292329788208,205
8.110576391220093,237
8.125820875167847,328
8.14186978340149,559
8.156864404678345,395
8.171887636184692,213
8.187885284423828,248
8.20288348197937,341
8.218465328216553,559
8.233757972717285,381
8.249807357788086,201
8.265793800354004,239
8.280796527862549,346
8.295804023742676,551
8.311036109924316,361
8.327083826065063,196
8.34279751777649,238
8.358294486999512,365
8.374357461929321,546
8.3903169631958,339
8.406422853469849,195
8.422379493713379,235
8.438125610351562,383
8.453097343444824,549
8.469004154205322,332
8.485007047653198,203
8.501105308532715,253
8.51626992225647,404
8.531748056411743,554
8.5477774143219,316
8.5637686252594,210
8.579748392105103,260
8.595723628997803,424
8.610746383666992,550
8.626862049102783,309
8.6425302028656,204
8.658548593521118,258
8.674540519714355,431
8.68954610824585,536
8.70552372932434,286
8.720669031143188,210
8.736024856567383,258
8.751035928726196,445
8.766334056854248,517
8.78234052658081,254
8.797441959381104,200
8.813435316085815,255
8.829564809799194,462
8.84508490562439,509
8.861211776733398,245
8.877086877822876,208
8.893121480941772,264
8.909411430358887,484
8.92504096031189,499
8.940892934799194,237
8.956926107406616,216
8.972901344299316,263
8.988892793655396,486
9.003899335861206,471
9.01984691619873,214
9.035011768341064,204
9.050254344940186,262
9.066326141357422,501
9.081776857376099,458
9.096914052963257,214
9.11289119720459,223
9.128900051116943,283
9.144616603851318,536
9.159621953964233,442
9.17563533782959,211
9.191611528396606,221
9.207597017288208,287
9.222903728485107,529
9.238451719284058,425
9.253452062606812,206
9.269558668136597,229
9.284811735153198,294
9.299940586090088,533
9.315942764282227,419
9.331932067871094,203
9.346705675125122,229
9.361581325531006,302
9.377144575119019,539
9.393135070800781,400
9.409114599227905,197
9.425227403640747,233
9.440751314163208,322
9.456203937530518,548
9.472244024276733,381
9.488240480422974,201
9.50413465499878,241
9.519673347473145,344
9.53537130355835,547
9.550427675247192,363
9.56599497795105,198
9.580979108810425,239
9.596163749694824,352
9.612183332443237,550
9.628173351287842,367
9.643745183944702,207
9.659741878509521,248
9.675745487213135,377
9.691741466522217,549
9.707731485366821,340
9.722750663757324,197
9.738297700881958,249
9.753296375274658,387
9.76827883720398,557
9.784277200698853,341
9.800293922424316,208
9.816279172897339,259
9.832331418991089,411
9.847465991973877,544
9.863516807556152,317
9.879517555236816,209
9.89551830291748,254
9.911024332046509,418
9.927031755447388,537
9.942586421966553,297
9.957972288131714,203
9.973963022232056,255
9.989988565444946,431
10.005862951278687,528
10.021019697189331,273
10.036945343017578,205
10.05232048034668,258
10.068414211273193,453
10.084412336349487,520
10.099427461624146,265
10.114580869674683,218
10.129837274551392,272
10.145347595214844,484
10.160481214523315,511
10.176595687866211,250
10.192700386047363,217
10.207818984985352,277
10.223973035812378,497
10.239549398422241,493
10.254576683044434,240
10.270553350448608,220
10.286567449569702,275
10.30156683921814,508
10.316563129425049,470
10.331914901733398,225
10.347833156585693,220
10.363358736038208,274
10.379249572753906,513
10.395235061645508,457
10.410232543945312,211
10.426275491714478,215
10.441823959350586,276
10.457257986068726,518
10.473260641098022,430
10.488724946975708,205
10.503713846206665,220
10.518991708755493,285
10.534187078475952,535
10.550209999084473,434
10.56619381904602,210
10.58219575881958,229
10.598193883895874,303
10.614197015762329,544
10.630176782608032,418
10.645320415496826,204
10.660335540771484,233
10.676334142684937,315
10.691334962844849,550
10.706324338912964,400
10.721343040466309,198
10.736511707305908,234
10.75152850151062,332
10.767528295516968,544
10.78351354598999,377
10.79885482788086,188
10.814996242523193,233
10.830127716064453,347
10.845621347427368,541
10.860727548599243,353
10.876725673675537,192
10.892636060714722,237
10.907633781433105,360
10.92366099357605,538
10.939475059509277,352
10.95548701286316,193
10.970782995223999,239
10.98678731918335,371
11.002782583236694,541
11.018782377243042,345
11.034082412719727,202
11.049685955047607,247
11.065688848495483,393
11.081026792526245,543
11.096542119979858,329
11.112596988677979,200
11.128552675247192,258
11.144070625305176,417
11.160109996795654,542
11.175436735153198,318
11.190622329711914,204
11.206562042236328,256
11.222989320755005,420
11.238861560821533,531
11.254294157028198,300
11.269355058670044,198
11.285313606262207,258
11.300357580184937,441
11.316309690475464,529
11.33176326751709,277
11.347359657287598,201
11.363372802734375,255
11.379361629486084,455
11.395366907119751,515
11.411361694335938,266
11.427367448806763,206
11.442893028259277,264
11.458886623382568,479
11.47492527961731,500
11.490371465682983,241
11.505370855331421,203
11.520368814468384,259
11.535887241363525,482
11.551897287368774,484
11.567905187606812,233
11.583897352218628,215
11.599899530410767,273
11.615067958831787,509
11.630944728851318,475
11.646545648574829,221
11.66286039352417,212
11.677862882614136,270
11.693263530731201,508
11.70924973487854,450
11.725278377532959,210
11.7411367893219,215
11.756145477294922,280
11.772129535675049,524
11.78814697265625,432
11.803131341934204,209
11.819133043289185,230
11.835668325424194,296
11.85168194770813,539
11.86768388748169,420
11.882966756820679,208
11.897966861724854,237
11.913251638412476,312
11.929250001907349,547
11.945337295532227,406
11.961337089538574,210
11.977338075637817,239
11.99333667755127,324
12.009335994720459,544
12.024363040924072,383
12.039892673492432,199
12.055894136428833,237
12.07190465927124,335
12.087893009185791,539
12.103891611099243,364
12.120055437088013,190
12.135106325149536,233
12.151235103607178,356
12.167222261428833,536
12.183334827423096,350
12.199244976043701,196
12.21522831916809,243
12.231245517730713,375
12.24712324142456,543
12.26213812828064,342
12.27825665473938,201
12.294189691543579,253
12.310131549835205,398
12.3253014087677,549
12.341162204742432,340
12.357168197631836,200
12.373164176940918,252
12.389159917831421,405
12.405152559280396,544
12.420161724090576,328
12.43667721748352,205
12.452023029327393,255
12.468010902404785,418
12.484009504318237,540
12.499024868011475,308
12.514021873474121,203
12.5297269821167,249
12.545284032821655,430
12.560266971588135,522
12.575477361679077,280
12.591347217559814,203
12.607458591461182,253
12.623483419418335,465
12.638874769210815,524
12.654585599899292,260
12.669602155685425,213
12.685586214065552,268
12.70060133934021,474
12.716698408126831,514
12.73270583152771,245
12.748225212097168,215
12.76353144645691,272
12.779561758041382,486
12.794991731643677,498
12.811094999313354,234
12.82711672782898,218
12.842630386352539,270
12.858669996261597,501
12.87475323677063,474
12.890727996826172,215
12.906673669815063,217
12.922676086425781,270
12.938288927078247,508
12.954427242279053,454
12.96996021270752,213
12.986018657684326,217
13.002065896987915,276
13.018056392669678,522
13.033963203430176,436
13.049625873565674,203
13.065754413604736,219
13.080737590789795,289
13.096746921539307,535
13.11162281036377,427
13.12718653678894,206
13.143172264099121,235
13.159226894378662,300
13.174788475036621,545
13.19017744064331,417
13.206270694732666,205
13.222269535064697,230
13.237311124801636,310
13.25288462638855,542
13.268350601196289,397
13.284352540969849,192
13.299739599227905,225
13.315799236297607,321
13.330986738204956,536
13.346550226211548,373
13.361985683441162,184
13.37792706489563,223
13.393908023834229,333
13.40990948677063,540
13.424980401992798,363
13.440585136413574,193
13.455574750900269,238
13.471549034118652,367
13.487526893615723,548
13.503056764602661,356
13.518088579177856,201
13.533259868621826,250
13.54885745048523,386
13.564857006072998,553
13.58016300201416,350
13.59539794921875,203
13.61089301109314,249
13.626420974731445,396
13.641714096069336,543
13.657671451568604,326
13.673673868179321,202
13.689716100692749,253
13.704893589019775,416
13.720120429992676,532
13.735302448272705,299
13.75035548210144,195
13.765399694442749,250
13.781392812728882,428
13.797359466552734,524
13.81273603439331,278
13.828413486480713,199
13.8439781665802,250
13.859947681427002,446
13.87590742111206,509
13.891181945800781,251
13.907264947891235,196
13.923227548599243,252
13.939289808273315,456
13.954886198043823,499
13.97088885307312,250
13.986400127410889,209
14.002397060394287,265
14.018456935882568,493
14.034607648849487,494
14.051239013671875,236
14.065239191055298,212
14.080397844314575,272
14.096398115158081,510
14.112385511398315,480
14.127493619918823,226
14.143255472183228,215
14.158383131027222,273
14.17426347732544,512
14.190359830856323,458
14.206358671188354,216
14.222363948822021,222
14.238497018814087,283
14.254207372665405,524
14.270201444625854,442
14.285101175308228,208
14.301228523254395,223
14.317152976989746,289
14.332289218902588,535
14.348072052001953,426
14.364070892333984,210
14.380069017410278,234
14.395570993423462,308
14.41166377067566,545
14.427202701568604,412
14.442991018295288,203
14.458059787750244,229
14.47406005859375,320
14.490060567855835,548
14.506048679351807,398
14.521183252334595,197
14.537268161773682,232
14.552971363067627,324
14.568942546844482,543
14.584987163543701,374
14.600083827972412,193
14.616042613983154,234
14.632174015045166,346
14.648097038269043,547
14.664095878601074,365
14.680109977722168,195
14.695314168930054,241
14.71117615699768,365
14.727196216583252,543
14.74367618560791,344
14.759694337844849,192
14.775051355361938,241
14.791112661361694,379
14.807052612304688,542
14.82313323020935,328
14.838722705841064,197
14.854452848434448,248
14.870490550994873,393
14.886345624923706,542
14.901347875595093,328
14.916932344436646,203
14.933027744293213,253
14.948959112167358,404
14.964844226837158,537
14.980219841003418,307
14.99632978439331,203
15.012320518493652,259
15.028448104858398,420
15.04454755783081,536
15.059673547744751,297
15.075510263442993,203
15.091611385345459,257
15.10752558708191,436
15.123507976531982,522
15.139513492584229,257
15.155011653900146,213
15.171025514602661,265
15.187012195587158,469
15.202388286590576,511
15.21739149093628,240
15.23251748085022,212
15.248237371444702,271
15.264135837554932,488
15.280276536941528,498
15.296133756637573,244
15.312150716781616,215
15.328147888183594,267
15.343431234359741,496
15.359477758407593,476
15.375540494918823,228
15.39099669456482,219
15.406991004943848,274
15.423011541366577,516
15.439014673233032,464
15.454557657241821,221
15.470542192459106,221
15.486554384231567,276
15.502554178237915,524
15.518075704574585,444
15.53410816192627,211
15.549644708633423,223
15.565659284591675,283
15.580631971359253,527
15.595645904541016,433
15.611645936965942,203
15.62763500213623,225
15.642945766448975,290
15.658112525939941,533
15.674128770828247,411
15.690124273300171,203
15.706109285354614,230
15.722123146057129,308
15.738154172897339,541
15.753399133682251,399
15.76872205734253,198
15.784738779067993,230
15.800751686096191,315
15.816719770431519,544
15.832753896713257,388
15.848331689834595,198
15.864331483840942,232
15.880337476730347,324
15.896331787109375,545
15.912120580673218,378
15.928117513656616,195
15.944662809371948,235
15.959808826446533,341
15.974796295166016,550
15.990697622299194,360
16.006793975830078,196
16.022122144699097,240
16.037277936935425,356
16.05290460586548,543
16.068910121917725,347
16.085002183914185,198
16.10093331336975,245
16.116912841796875,371
16.13292908668518,548
16.148836374282837,345
16.164368152618408,204
16.180386781692505,250
16.196372985839844,385
16.21236252784729,545
16.227781295776367,329
16.243326902389526,199
16.258954286575317,247
16.27494239807129,401
16.290849685668945,537
16.30696392059326,305
16.322949409484863,199
16.339067697525024,257
16.35454034805298,427
16.370525598526,537
16.3866548538208,287
16.40202283859253,201
16.418100118637085,258
16.434198141098022,441
16.44942307472229,531
16.465123176574707,265
16.480319261550903,200
16.49641704559326,253
16.51241707801819,448
16.527886867523193,501
16.54409646987915,240
16.55959916114807,201
16.575515270233154,261
16.59188723564148,479
16.607120990753174,505
16.623124599456787,239
16.638556003570557,211
16.654099225997925,266
16.67012119293213,494
16.686102628707886,488
16.702097415924072,231
16.718106508255005,223
16.7333664894104,276
16.749101638793945,514
16.764999866485596,471
16.78013014793396,221
16.795822381973267,221
16.811808824539185,277
16.8278169631958,520
16.843085050582886,456
16.859063148498535,216
16.87406325340271,223
16.890188932418823,275
16.90618586540222,523
16.922168016433716,441
16.93830132484436,201
16.95436716079712,215
16.970386028289795,278
16.986392498016357,526
17.00233030319214,418
17.018272638320923,200
17.034374237060547,230
17.050262689590454,302
17.06624460220337,544
17.08141541481018,408
17.097431659698486,202
17.113147258758545,238
17.128955364227295,323
17.144981861114502,550
17.160537004470825,378
17.176548719406128,202
17.192543268203735,238
17.20853590965271,339
17.22452712059021,547
17.23954725265503,373
17.255430459976196,194
17.271515130996704,234
17.287426710128784,348
17.303415060043335,545
17.31872844696045,353
17.334742546081543,190
17.350250959396362,234
17.365605115890503,354
17.380619287490845,541
17.396621465682983,337
17.412611484527588,191
17.428606748580933,240
17.444634914398193,377
17.460188627243042,542
17.476176738739014,329
17.4921772480011,198
17.507195234298706,249
17.523297548294067,398
17.539182662963867,544
17.554327249526978,324
17.570326328277588,203
17.58632779121399,250
17.602328777313232,400
17.618326663970947,536
17.633337259292603,299
17.64863395690918,199
17.664737224578857,250
17.68064045906067,421
17.696648836135864,528
17.712627172470093,283
17.72864317893982,193
17.74465298652649,247
17.76008677482605,425
17.776071786880493,519
17.792075395584106,273
17.808075428009033,194
17.823086738586426,252
17.838253498077393,437
17.853715419769287,518
17.868977546691895,263
17.884974718093872,195
17.90097188949585,253
17.91697406768799,454
17.93300747871399,521
17.948554277420044,267
17.964550256729126,199
17.979743719100952,253
17.99574899673462,461
18.011231899261475,505
18.02724838256836,253
18.04325222969055,208
18.058796167373657,269
18.074787616729736,484
18.090806245803833,492
18.10679793357849,230
18.122790813446045,201
18.138899564743042,255
18.154111862182617,490
18.170111417770386,473
18.18609619140625,222
18.202099561691284,211
18.217664003372192,263
18.23369026184082,494
18.24847435951233,472
18.26421070098877,224
18.28020715713501,216
18.296193838119507,274
18.312193393707275,513
18.327207565307617,462
18.34321904182434,214
18.358768224716187,220
18.37520456314087,283
18.389612197875977,528
18.40570855140686,445
18.420966386795044,211
18.436309576034546,228
18.452407836914062,291
18.46840810775757,543
18.484407901763916,428
18.50040555000305,209
18.51568365097046,230
18.531697988510132,294
18.54780387878418,536
18.563314199447632,404
18.579312801361084,200
18.595314741134644,231
18.60999321937561,313
18.626073837280273,550
18.642186880111694,403
18.657917022705078,200
18.67390012741089,231
18.689948558807373,323
18.705817461013794,547
18.72186541557312,387
18.73699188232422,202
18.752941370010376,238
18.767919063568115,346
18.783945083618164,552
18.799930810928345,382
18.81593084335327,201
18.831920862197876,243
18.84804630279541,361
18.863593101501465,553
18.879469633102417,363
18.895582675933838,200
18.911468982696533,241
18.926832914352417,368
18.94291377067566,547
18.958646774291992,343
18.973915815353394,202
18.98991346359253,249
19.005486249923706,394
19.02152132987976,546
19.036976099014282,328
19.05249333381653,200
19.06849479675293,249
19.084539890289307,398
19.10039210319519,536
19.116048097610474,304
19.13204574584961,188
19.147894382476807,242
19.16332507133484,412
19.17909574508667,522
19.195048570632935,278
19.210691452026367,197
19.2266526222229,258
19.24226975440979,445
19.257879495620728,522
19.273921251296997,263
19.28896474838257,203
19.304924726486206,258
19.320071935653687,472
19.335240602493286,512
19.35109305381775,254
19.365996599197388,217
19.38199520111084,270
19.39736795425415,485
19.413091897964478,498
19.429072618484497,242
19.44508957862854,216
19.46041989326477,269
19.476403951644897,492
19.492406368255615,484
19.50750160217285,224
19.523534059524536,208
19.539409399032593,264
19.55422306060791,492
19.569536209106445,473
19.584958791732788,222
19.599867343902588,218
19.61585521697998,273
19.63185405731201,512
19.646884202957153,466
19.66240644454956,222
19.67840838432312,227
19.694218635559082,282
19.7102210521698,532
19.72623562812805,450
19.741361618041992,214
19.75657320022583,230
19.771703958511353,291
19.787702798843384,535
19.803688764572144,426
19.818686723709106,206
19.8347008228302,228
19.85069179534912,298
19.866259813308716,542
19.88224220275879,414
19.897258758544922,200
19.91325855255127,227
19.929244995117188,305
19.94528555870056,540
19.960856199264526,401
19.97682237625122,200
19.991955995559692,233
20.006821870803833,316
20.022929668426514,553
20.038272619247437,406
20.053837060928345,216
20.069241523742676,248
20.08505868911743,334
20.100221395492554,552
20.11621880531311,388
20.131229877471924,205
20.147266626358032,239
20.163076877593994,338
20.17909288406372,543
20.195077657699585,372
20.211059093475342,198
20.22705912590027,235
20.243088483810425,351
20.258665084838867,544
20.273632526397705,361
20.289130210876465,195
20.305127382278442,242
20.320240259170532,371
20.3354754447937,540
20.35103416442871,344
20.36604928970337,198
20.381070613861084,250
20.39606761932373,390
20.411557912826538,543
20.42696785926819,323
20.44200587272644,207
20.4581036567688,258
20.474175214767456,412
20.489673376083374,549
20.50489616394043,318
20.520211935043335,212
20.535337209701538,260
20.55106830596924,423
20.567100524902344,536
20.583101987838745,299
20.5991051197052,206
20.61508274078369,251
20.63108253479004,426
20.645979642868042,527
20.661540031433105,276
20.677547454833984,197
20.69354486465454,249
20.709519624710083,444
20.72563123703003,522
20.740997314453125,267
20.75656223297119,201
20.77257251739502,256
20.788570880889893,459
20.80378532409668,513
20.819794416427612,247
20.835787296295166,210
20.851815700531006,266
20.867116928100586,484
20.883095264434814,510
20.89911937713623,240
20.915098428726196,216
20.93118977546692,269
20.946322679519653,492
20.9619083404541,485
20.977891206741333,229
20.993895530700684,215
21.009071826934814,271
21.02507472038269,505
21.04111337661743,473
21.056989192962646,218
21.073014736175537,209
21.089357614517212,259
21.105398654937744,505
21.121389627456665,465
21.137399196624756,215
21.152955055236816,210
21.169044017791748,269
21.184631824493408,512
21.20064401626587,456
21.21665668487549,212
21.23265027999878,218
21.247666358947754,275
21.263237953186035,522
21.279231786727905,445
21.29523992538452,209
21.31075143814087,222
21.326130151748657,284
21.342116355895996,528
21.35791850090027,431
21.37390971183777,208
21.389886140823364,225
21.405383348464966,294
21.421834707260132,539
21.43690824508667,420
21.452295064926147,204
21.467654943466187,228
21.48313617706299,299
21.49830913543701,535
21.513965606689453,392
21.52999496459961,187
21.546025276184082,221
21.561563968658447,320
21.576945543289185,541
21.592952966690063,377
21.608404636383057,193
21.62440514564514,232
21.64045810699463,346
21.656002044677734,542
21.672000408172607,360
21.687977075576782,200
21.70400071144104,248
21.719995975494385,375
21.734977960586548,552
21.75100803375244,351
21.766833066940308,202
21.782259702682495,248
21.798264741897583,383
21.814260482788086,545
21.830291271209717,333
21.84643530845642,197
21.861942529678345,244
21.87797236442566,394
21.893390655517578,541
21.909388542175293,321
21.924753427505493,196
21.940808057785034,246
21.95636224746704,410
21.97236132621765,526
21.988364219665527,287
22.00435972213745,195
22.02038025856018,251
22.035893201828003,421
22.05190110206604,531
22.067382335662842,280
22.08338165283203,198
22.099401473999023,255
22.1153826713562,436
22.13138723373413,534
22.14741325378418,279
22.163015127182007,205
22.178763389587402,259
22.194772481918335,459
22.210750579833984,512
22.22623920440674,260
22.242295026779175,207
22.258232593536377,268
22.274234771728516,482
22.2902410030365,505
22.305697202682495,247
22.321717023849487,206
22.33769917488098,261
22.353479385375977,486
22.36896514892578,480
22.383968353271484,228
22.3999445438385,210
22.415961980819702,268
22.4319748878479,506
22.448026418685913,459
22.46352767944336,214
22.478922843933105,217
22.49425196647644,275
22.510247468948364,520
22.525559663772583,450
22.541595935821533,217
22.557668209075928,234
22.573665857315063,291
22.589187622070312,535
22.604657411575317,430
22.62018871307373,207
22.635159254074097,230
22.651185035705566,296
22.666743278503418,536
22.6827335357666,413
22.698724269866943,203
22.714725732803345,232
22.729724645614624,309
22.745022535324097,543
22.761050939559937,404
22.77704620361328,203
22.793049573898315,237
22.809049606323242,322
22.825050115585327,547
22.84011697769165,383
22.855931520462036,198
22.871919631958008,236
22.887469053268433,329
22.902856588363647,546
22.91885209083557,373
22.93386173248291,203
22.94985866546631,246
22.965483903884888,355
22.98137092590332,552
22.997365951538086,371
23.01258158683777,199
23.028602123260498,246
23.043997764587402,358
23.05955195426941,547
23.07555389404297,357
23.09077477455139,199
23.10678458213806,248
23.122890949249268,381
23.138918161392212,544
23.15485692024231,337
23.17043375968933,194
23.18648934364319,246
23.20250368118286,393
23.218501806259155,534
23.2344970703125,304
23.250515937805176,189
23.266021251678467,243
23.281180143356323,411
23.29659676551819,536
23.31272053718567,295
23.328125953674316,201
23.345120429992676,256
23.359721422195435,423
23.375717401504517,538
23.392054557800293,291
23.407572984695435,199
23.422968864440918,253
23.438408851623535,439
23.45441198348999,530
23.46950626373291,271
23.485506772994995,201
23.5020010471344,253
23.51832604408264,450
23.534443616867065,509
23.549609661102295,247
23.565155744552612,199
23.581148147583008,253
23.597141981124878,467
23.613157272338867,491
23.629140377044678,226
23.645169258117676,201
23.66071844100952,256
23.676743984222412,483
23.692277193069458,484
23.708276987075806,223
23.72427225112915,207
23.739413261413574,262
23.754585027694702,503
23.769724130630493,480
23.785709381103516,228
23.801708221435547,220
23.817192554473877,271
23.83319115638733,520
23.849222421646118,466
23.86489701271057,218
23.88087248802185,225
23.896970987319946,283
23.91262149810791,523
23.928601264953613,437
23.944652318954468,203
23.96055793762207,220
23.976534128189087,284
23.991986751556396,525
24.00800848007202,419
24.024004459381104,192
24.03998851776123,220
24.055548191070557,285
24.070852041244507,527
24.08687472343445,407
24.10222315788269,191
24.1173198223114,218
24.1333429813385,295
24.149353742599487,530
24.16536235809326,392
24.18098759651184,195
24.196970462799072,225
24.213364601135254,309
24.22939133644104,542
24.24539613723755,397
24.260902166366577,199
24.27690100669861,235
24.292927503585815,325
24.308905363082886,561
24.323904514312744,395
24.339905261993408,204
24.356426239013672,239
24.37145686149597,342
24.387457847595215,544
24.402594804763794,354
24.41756558418274,185
24.43367052078247,234
24.449597120285034,362
24.465134382247925,545
24.481157064437866,344
24.4971342086792,189
24.513136863708496,238
24.528745412826538,364
24.54378628730774,542
24.55911612510681,335
24.57432794570923,194
24.59064793586731,243
24.606687784194946,389
24.622857570648193,550
24.638787746429443,329
24.653813362121582,203
24.669559240341187,256
24.685558080673218,411
24.701554536819458,550
24.71653938293457,318
24.732539415359497,210
24.747257709503174,259
24.762553691864014,433
24.778552293777466,547
24.79383373260498,293
24.809835195541382,205
24.825345754623413,260
24.841395616531372,448
24.85738730430603,521
24.873385906219482,264
24.8886296749115,195
24.90392541885376,248
24.919636011123657,445
24.935620546340942,505
24.952101945877075,247
24.967857599258423,191
24.983087062835693,250
24.999217987060547,455
25.015187740325928,507
25.03119468688965,243
25.047216415405273,212
25.062873601913452,266
25.078877925872803,489
25.093899488449097,502
25.109778881072998,238
25.125101566314697,217
25.14063024520874,273
25.15576982498169,508
25.171936988830566,477
25.187925577163696,223
25.202929258346558,222
25.218950271606445,281
25.23493504524231,520
25.25102972984314,465
25.26676344871521,213
25.28265619277954,219
25.297789335250854,274
25.313331365585327,522
25.329307079315186,434
25.34448218345642,196
25.360341548919678,209
25.37635636329651,275
25.392338752746582,525
25.40833353996277,423
25.424339294433594,200
25.440231323242188,223
25.456959009170532,291
25.473077535629272,540
25.488399505615234,425
25.504292011260986,215
25.520392179489136,239
25.536402463912964,310
25.552445650100708,548
25.56817126274109,402
25.583367347717285,201
25.59932589530945,234
25.61532974243164,321
25.6308331489563,547
25.646449327468872,385
25.66161608695984,195
25.677724599838257,232
25.693711042404175,336
25.709716796875,543
25.725725650787354,367
25.741612434387207,190
25.75730061531067,235
25.773409128189087,361
25.788428783416748,546
25.80440902709961,352
25.820420026779175,194
25.83579444885254,241
25.85188126564026,372
25.86751389503479,549
25.883612394332886,351
25.899503469467163,197
25.91463589668274,244
25.93060851097107,392
25.94672703742981,553
25.9633948802948,340
25.978389978408813,204
25.993518114089966,259
26.009496212005615,408
26.02540111541748,549
26.041404485702515,327
26.05811905860901,202
26.074248552322388,253
26.090234756469727,413
26.106237173080444,536
26.122130155563354,301
26.138227462768555,192
26.15424132347107,249
26.170048475265503,436
26.18604826927185,527
26.202222108840942,279
26.21726942062378,196
26.23328447341919,253
26.249269485473633,454
26.264479160308838,506
26.280375242233276,249
26.296456336975098,195
26.312478065490723,254
26.32824206352234,476
26.34425926208496,515
26.35976791381836,254
26.37490725517273,210
26.390784978866577,267
26.40677309036255,489
26.422872304916382,494
26.438035249710083,238
26.453712940216064,213
26.469231843948364,271
26.485336303710938,505
26.50123906135559,483
26.51732873916626,228
26.532636404037476,220
26.548763751983643,275
26.56430220603943,514
26.5802903175354,456
26.595309019088745,208
26.611303091049194,213
26.627302169799805,275
26.64330220222473,522
26.659327507019043,440
26.674869537353516,201
26.690873861312866,217
26.706870079040527,278
26.72286033630371,531
26.738858699798584,431
26.755024909973145,203
26.77066421508789,219
26.785665273666382,295
26.800912141799927,543
26.816041469573975,420
26.832019090652466,202
26.848127603530884,228
26.863829612731934,308
26.87920618057251,554
26.895199298858643,411
26.910242557525635,205
26.926306009292603,235
26.942309141159058,321
26.95822525024414,547
26.973862409591675,391
26.98886799812317,192
27.00485062599182,231
27.02085828781128,340
27.036869287490845,539
27.0524320602417,368
27.068098783493042,184
27.083250045776367,225
27.09849262237549,346
27.114513397216797,536
27.130027055740356,344
27.14601731300354,185
27.16203546524048,240
27.177453756332397,381
27.193475246429443,555
27.209569454193115,358
27.225560188293457,201
27.24102544784546,247
27.257160425186157,386
27.272717475891113,552
27.2892644405365,349
27.3051495552063,199
27.321057319641113,242
27.3365638256073,389
27.35236382484436,544
27.367218732833862,325
27.3831889629364,189
27.399184703826904,242
27.415169954299927,405
27.431071758270264,536
27.446338415145874,299
27.462055921554565,191
27.477953910827637,245
27.493043899536133,422
27.508238315582275,518
27.52422332763672,275
27.54021430015564,193
27.556336402893066,252
27.57106590270996,450
27.587213039398193,521
27.603195190429688,264
27.618349075317383,200
27.63436460494995,260
27.650355577468872,474
27.665842056274414,509
27.681854963302612,250
27.697856426239014,201
27.713850021362305,259
27.72994303703308,479
27.745837926864624,494
27.761544227600098,241
27.776806831359863,210
27.791942358016968,260
27.806803464889526,488
27.821807861328125,474
27.83725881576538,218
27.852566480636597,202
27.868441820144653,257
27.884439706802368,497
27.90042471885681,453
27.916422367095947,206
27.93143916130066,205
27.94743061065674,261
27.963154315948486,505
27.979124784469604,438
27.994124174118042,201
28.009706258773804,212
28.024696588516235,278
28.040691375732422,523
28.055972814559937,425
28.071525812149048,199
28.088021755218506,217
28.103041648864746,290
28.1180682182312,535
28.134058952331543,414
28.150063514709473,202
28.165891647338867,227
28.1818585395813,309
28.197874069213867,545
28.213860750198364,396
28.22987651824951,194
28.245874881744385,229
28.260865688323975,316
28.27617907524109,544
28.291504621505737,382
28.307637453079224,193
28.323292016983032,227
28.339223861694336,324
28.35530138015747,542
28.370866060256958,365
28.38587713241577,191
28.401880025863647,237
28.416863918304443,349
28.433005571365356,545
28.44901704788208,359
28.464213609695435,194
28.48021674156189,239
28.496225595474243,368
28.512216091156006,550
28.52743673324585,348
28.54351019859314,205
28.55954647064209,252
28.574825286865234,389
28.590344667434692,545
28.606419563293457,328
28.621408462524414,194
28.63741374015808,245
28.65333104133606,402
28.6687273979187,549
28.684709787368774,314
28.70082116127014,202
28.716816425323486,253
28.732714891433716,418
28.74883270263672,528
28.764440536499023,287
28.78031873703003,189
28.795814037322998,248
28.811817407608032,441
28.827813863754272,523
28.843815565109253,278
28.858644723892212,205
28.874199867248535,264
28.88933277130127,464
28.90532350540161,518
28.921294689178467,267
28.937328577041626,214
28.953211069107056,271
28.968721628189087,492
28.98472571372986,500
28.99985408782959,251
29.01583433151245,220
29.030842065811157,271
29.045851230621338,500
29.06187891960144,487
29.0774929523468,229
29.09275197982788,210
29.108656883239746,267
29.124022722244263,506
29.13932490348816,464
29.15545129776001,202
29.17114520072937,209
29.18718695640564,262
29.203083753585815,512
29.219078063964844,442
29.235200881958008,200
29.25044894218445,225
29.265932321548462,281
29.281943559646606,533
29.29793119430542,437
29.313934326171875,207
29.32994294166565,230
29.34589672088623,289
29.361196041107178,542
29.37678050994873,420
29.39299702644348,201
29.409017324447632,229
29.42501735687256,307
29.44100260734558,550
29.456143140792847,407
29.47172498703003,203
29.487704277038574,234
29.503607034683228,317
29.518596649169922,547
29.53379487991333,388
29.549951791763306,193
29.565672159194946,227
29.58056926727295,313
29.59667444229126,541
29.61258292198181,373
29.62819504737854,184
29.644206285476685,221
29.660206079483032,314
29.67590022087097,545
29.69187903404236,376
29.70686411857605,195
29.722134113311768,245
29.738187789916992,354
29.754099130630493,557
29.769657135009766,372
29.785056352615356,193
29.801071166992188,234
29.817057847976685,350
29.832185983657837,552
29.84816598892212,366
29.863744974136353,200
29.87915873527527,247
29.89515709877014,381
29.911235332489014,554
29.92627191543579,358
29.94226861000061,199
29.95725917816162,244
29.97304606437683,390
29.989073514938354,548
30.00508737564087,326
30.02107524871826,185
30.036577939987183,235
30.052584171295166,396
30.06814193725586,538
30.083160877227783,305
30.099164962768555,198
30.115139961242676,260
30.13024377822876,421
30.146256685256958,545
30.161482095718384,303
30.176617860794067,201
30.19282579421997,260
30.20885705947876,441
30.224856853485107,539
30.240859270095825,291
30.255924940109253,201
30.271514892578125,259
30.286956310272217,460
30.302980661392212,529
30.3189594745636,269
30.334959268569946,209
30.35102891921997,264
30.366620540618896,473
30.382622957229614,505
30.398577451705933,239
30.41409420967102,197
30.43009901046753,253
30.446094512939453,476
30.462183475494385,480
30.477806091308594,216
30.492826223373413,210
30.508819580078125,267
30.5247585773468,510
30.54003667831421,476
30.55518341064453,220
30.570760488510132,221
30.586662769317627,275
30.602652549743652,523
30.61866307258606,461
30.63382339477539,214
30.64978289604187,222
30.664923667907715,276
30.68069291114807,527
30.696696996688843,443
30.712008237838745,207
30.72728180885315,225
30.74326491355896,287
30.759343147277832,535
30.774965286254883,422
30.791035890579224,199
30.806982040405273,220
30.822977781295776,296
30.838977575302124,533
30.85498309135437,394
30.869681358337402,187
30.885712385177612,220
30.90172028541565,307
30.917730569839478,542
30.9337420463562,388
30.94973373413086,184
30.965754747390747,223
30.98126792907715,320
30.99728012084961,555
31.013266563415527,387
31.029278993606567,194
31.04528498649597,235
31.061318159103394,337
31.076874494552612,549
31.091959953308105,365
31.10796284675598,190
31.123606204986572,233
31.13958978652954,356
31.155715465545654,549
31.171114683151245,355
31.187235116958618,192
31.20321798324585,239
31.21911859512329,369
31.234228372573853,541
31.250227212905884,334
31.265352725982666,185
31.280893087387085,234
31.296801328659058,372
31.312906980514526,530
31.328800678253174,309
31.344919443130493,182
31.360524892807007,235
31.37623691558838,386
31.392133951187134,527
31.40824556350708,295
31.424236536026,191
31.440147399902344,249
31.456182718276978,411
31.47177243232727,542
31.48775315284729,301
31.503743171691895,200
31.519752740859985,254
31.535743951797485,425
31.551753520965576,535
31.56827664375305,278
31.584300994873047,204
31.60028648376465,264
31.61630153656006,449
31.632283687591553,532
31.64828372001648,267
31.664214849472046,202
31.679831981658936,256
31.69583249092102,456
31.711256980895996,513
31.72727060317993,245
31.74325442314148,203
31.75929546356201,260
31.774847984313965,479
31.78984832763672,499
31.805972576141357,235
31.821961879730225,214
31.837949752807617,268
31.854072332382202,505
31.869707584381104,487
31.88499879837036,236
31.900992155075073,229
31.916974306106567,280
31.93198800086975,518
31.94699239730835,478
31.963018894195557,222
31.978580236434937,221
31.994568347930908,279
32.01055550575256,520
32.026578187942505,455
32.04255247116089,210
32.05857801437378,222
32.0740921497345,278
32.08934760093689,524
32.10535740852356,434
32.121346950531006,201
32.13651514053345,218
32.15251040458679,287
32.169042348861694,534
32.18410587310791,421
32.199705362319946,207
32.21571373939514,234
32.231717586517334,307
32.24690532684326,548
32.26192045211792,400
32.27782988548279,207
32.2938027381897,242
32.30970311164856,326
32.32574152946472,554
32.341801404953,389
32.35693001747131,205
32.37305927276611,241
32.38795351982117,340
32.40296459197998,554
32.41896629333496,369
32.4339656829834,200
32.449971199035645,236
32.46698451042175,346
32.48152446746826,540
32.49765372276306,345
32.5135223865509,191
32.529627323150635,241
32.545530557632446,362
32.56153416633606,550
32.57730436325073,357
32.59224796295166,208
32.60818028450012,249
32.62422156333923,378
32.640305519104004,556
32.65640044212341,350
32.67260265350342,205
32.68853950500488,254
32.70449924468994,390
32.72019696235657,548
32.736183643341064,337
32.75217962265015,202
32.76815485954285,252
32.7839195728302,397
32.799912214279175,542
32.815510272979736,313
32.83095169067383,200
32.846967458724976,252
32.862242698669434,411
32.87782669067383,541
32.89384078979492,300
32.909827709198,204
32.925827503204346,255
32.94181275367737,426
32.95684576034546,538
32.972947120666504,291
32.988348960876465,201
33.00348138809204,252
33.01884174346924,433
33.03392195701599,534
33.0499587059021,279
33.066044330596924,212
33.081132650375366,262
33.09686517715454,444
33.11284041404724,517
33.12873816490173,250
33.1448438167572,203
33.15976333618164,259
33.175166606903076,460
33.191163778305054,502
33.20716714859009,239
33.22335767745972,205
33.239378690719604,261
33.254690408706665,476
33.27022123336792,493
33.28570795059204,230
33.30171465873718,211
33.31783437728882,266
33.33383655548096,491
33.34982109069824,483
33.36577868461609,224
33.38048958778381,217
33.396382093429565,268
33.412386417388916,500
33.42838215827942,466
33.44438362121582,216
33.460386991500854,223
33.476272106170654,278
33.49229049682617,517
33.50778245925903,454
33.523677587509155,217
33.53968000411987,231
33.55579233169556,285
33.570953369140625,529
33.58657097816467,438
33.60146713256836,212
33.61659026145935,230
33.63257575035095,293
33.64857363700867,535
33.66348099708557,421
33.6791615486145,208
33.69429016113281,231
33.710166692733765,301
33.72615718841553,540
33.74218416213989,395
33.75821900367737,201
33.77365255355835,235
33.78863716125488,316
33.80398917198181,546
33.819982051849365,390
33.83599662780762,205
33.851983308792114,243
33.868022203445435,338
33.88358402252197,553
33.89958667755127,376
33.91561269760132,202
33.9306275844574,239
33.94662928581238,345
33.96209239959717,549
33.97772145271301,362
33.99362230300903,205
34.009626388549805,243
34.025622844696045,361
34.0416214466095,549
34.0569064617157,351
34.07306361198425,199
34.089043617248535,241
34.10430431365967,367
34.12030243873596,546
34.13628816604614,341
34.152302265167236,197
34.16867280006409,238
34.18380928039551,372
34.19981122016907,543
34.21579885482788,331
34.23192834854126,198
34.24793076515198,249
34.26404333114624,395
34.279468059539795,548
34.29448103904724,319
34.310487508773804,204
34.32647895812988,255
34.34179639816284,408
34.35724854469299,547
34.37278366088867,304
34.38881325721741,206
34.404102087020874,261
34.419305086135864,423
34.43485736846924,544
34.450796127319336,300
34.46683359146118,203
34.482401847839355,257
34.4977068901062,425
34.513704776763916,535
34.52970552444458,278
34.5456907749176,199
34.56173324584961,254
34.577263832092285,453
34.59323239326477,526
34.60912275314331,259
34.62425494194031,205
34.6402382850647,259
34.656240701675415,463
34.67279410362244,503
34.68811821937561,241
34.70411038398743,203
34.71909546852112,260
34.73510003089905,477
34.75109839439392,492
34.76714015007019,230
34.78242897987366,207
34.79842734336853,261
34.81444501876831,495
34.83043122291565,471
34.84544277191162,218
34.861470460891724,210
34.877044677734375,263
34.893036127090454,505
34.908241510391235,456
34.92423939704895,212
34.94025444984436,218
34.95625638961792,274
34.97227191925049,520
34.98782658576965,434
35.0038115978241,201
35.019814014434814,221
35.03494477272034,287
35.05081653594971,531
35.06623387336731,414
35.081419706344604,195
35.09740328788757,232
35.11341834068298,296
35.12877702713013,537
35.14478898048401,401
35.16081786155701,195
35.176745891571045,228
35.19273042678833,308
35.20872950553894,536
35.22571635246277,384
35.24071907997131,191
35.256715536117554,227
35.27185297012329,322
35.28764510154724,531
35.303637981414795,349
35.3196234703064,182
35.33567261695862,233
35.35081887245178,354
35.366694927215576,549
35.38273501396179,354
35.39834952354431,200
35.41448998451233,247
35.43036866188049,378
35.446361780166626,544
35.461379528045654,340
35.4769229888916,198
35.49291515350342,247
35.50891971588135,394
35.52490592002869,542
35.5409038066864,322
35.556902170181274,194
35.57215094566345,243
35.587477922439575,395
35.603493213653564,539
35.61878180503845,292
35.634780168533325,199
35.650779008865356,249
35.666789293289185,410
35.68237042427063,535
35.698357343673706,288
35.71336030960083,200
35.72937560081482,255
35.745368003845215,434
35.76137971878052,532
35.77682375907898,276
35.79315495491028,198
35.80869650840759,258
35.82470083236694,460
35.8401563167572,516
35.85615611076355,260
35.87218761444092,204
35.887752294540405,259
35.903761863708496,464
35.919762134552,507
35.93576383590698,240
35.951762437820435,210
35.967100620269775,263
35.98348546028137,485
35.99848651885986,500
36.01447939872742,225
36.030492305755615,212
36.046478509902954,270
36.06150412559509,495
36.07739734649658,480
36.09338355064392,215
36.10852837562561,204
36.12450838088989,265
36.13939619064331,508
36.15539789199829,470
36.17141079902649,216
36.187116384506226,218
36.20212745666504,275
36.2181293964386,526
36.23413348197937,459
36.25023531913757,217
36.266342639923096,230
36.28162908554077,287
36.29691815376282,533
36.31190466880798,451
36.32790207862854,209
36.343912839889526,225
36.35991597175598,292
36.37644815444946,542
36.39247179031372,433
36.40850806236267,208
36.424599170684814,235
36.44058275222778,303
36.45657467842102,549
36.472578048706055,422
36.48828363418579,208
36.5041823387146,234
36.51993131637573,311
36.53591537475586,556
36.55191445350647,416
36.5679771900177,205
36.583229303359985,235
36.59923005104065,322
36.615220069885254,557
36.63121938705444,400
36.64731168746948,198
36.66337060928345,238
36.67920160293579,337
36.695194244384766,566
36.71110129356384,381
36.72709250450134,203
36.742106914520264,248
36.758095264434814,361
36.77311658859253,556
36.78827929496765,363
36.80427551269531,196
36.8202908039093,242
36.83629035949707,361
36.852277517318726,553
36.868321657180786,351
36.88384819030762,199
36.89981508255005,245
36.91581845283508,368
36.93150067329407,546
36.94740295410156,338
36.96328592300415,193
36.97870326042175,243
36.99470353126526,385
37.01019644737244,550
37.025922536849976,325
37.041916608810425,192
37.05781698226929,247
37.07383704185486,403
37.08993744850159,543
37.105369329452515,313
37.120559215545654,192
37.13642644882202,244
37.15182590484619,417
37.167837142944336,532
37.18355941772461,293
37.19955825805664,196
37.21557068824768,247
37.23157024383545,436
37.247557401657104,526
37.26359748840332,269
37.279101610183716,199
37.29511308670044,252
37.31109976768494,459
37.32711338996887,515
37.34311366081238,249
37.35861825942993,205
37.37403225898743,262
37.38970446586609,476
37.40510129928589,506
37.420451641082764,243
37.436458349227905,208
37.452470779418945,264
37.46849822998047,479
37.484039545059204,501
37.49946594238281,240
37.51480221748352,214
37.53090691566467,264
37.54679751396179,492
37.5628125667572,480
37.57834792137146,220
37.594369888305664,209
37.61036443710327,264
37.62638187408447,502
37.64236307144165,463
37.658365964889526,211
37.674373626708984,210
37.68967580795288,269
37.7056667804718,515
37.72167730331421,451
37.73767590522766,205
37.75366497039795,221
37.76968598365784,289
37.785277128219604,536
37.801278591156006,436
37.817278146743774,205
37.833261013031006,228
37.84926652908325,292
37.864710330963135,543
37.88083100318909,432
37.89683437347412,212
37.91192126274109,240
37.927814245224,310
37.943865060806274,553
37.95885705947876,403
37.97496485710144,200
37.991135120391846,232
38.00712037086487,316
38.02311849594116,551
38.03912663459778,386
38.05512595176697,200
38.0702338218689,234
38.08593702316284,334
38.10193395614624,546
38.11710047721863,354
38.13314604759216,185
38.14909863471985,228
38.165140867233276,341
38.1806914806366,544
38.19670224189758,351
38.211955070495605,193
38.22709393501282,243
38.2429735660553,358
38.25898194313049,552
38.275001764297485,358
38.290780544281006,200
38.305776596069336,246
38.32179307937622,375
38.337104082107544,546
38.353111267089844,334
38.36914253234863,196
38.38472104072571,245
38.40072202682495,379
38.416712284088135,543
38.43198871612549,321
38.447261571884155,197
38.4632785320282,245
38.47985792160034,393
38.49487805366516,541
38.51087212562561,315
38.52605080604553,195
38.542022705078125,246
38.55802321434021,403
38.574042320251465,539
38.58987736701965,296
38.60537266731262,200
38.62134575843811,252
38.63651776313782,424
38.652525186538696,536
38.66852355003357,276
38.68380904197693,203
38.699793577194214,261
38.71514964103699,449
38.73013520240784,526
38.74614930152893,264
38.762174129486084,203
38.77817344665527,258
38.79370641708374,455
38.809035778045654,521
38.825034379959106,250
38.84103345870972,197
38.85623383522034,256
38.87186884880066,467
38.888007402420044,510
38.90403461456299,238
38.92003536224365,201
38.93507981300354,257
38.95063495635986,478
38.96673655509949,498
38.98245620727539,230
38.998451948165894,215
39.014477491378784,268
39.02947807312012,495
39.04535508155823,493
39.0606050491333,229
39.07665777206421,214
39.092095613479614,269
39.108131647109985,501
39.124197006225586,495
39.13947367668152,225
39.15447115898132,224
39.16965985298157,283
39.1850962638855,516
39.20112943649292,482
39.21615767478943,222
39.23151779174805,221
39.24664258956909,279
39.26266431808472,517
39.27885890007019,457
39.29455614089966,207
39.30955624580383,215
39.324819803237915,278
39.3408362865448,522
39.356833696365356,439
39.372260093688965,202
39.38777160644531,224
39.40277099609375,290
39.41797423362732,536
39.43298411369324,422
39.44896650314331,200
39.46496534347534,230
39.48165035247803,305
39.49753999710083,549
39.51355004310608,420
39.52912259101868,205
39.54421067237854,235
39.55988049507141,311
39.57564377784729,554
39.5908522605896,403
39.606844663619995,207
39.622350454330444,243
39.63778281211853,334
39.65278363227844,560
39.66922950744629,391
39.68415355682373,206
39.699153661727905,246
39.71615242958069,343
39.73115563392639,554
39.74715566635132,364
39.76231122016907,195
39.77839660644531,235
39.79391694068909,351
39.809922218322754,554
39.82544493675232,363
39.841535329818726,192
39.85753679275513,237
39.873035192489624,354
39.88864588737488,544
39.904369592666626,340
39.9203245639801,187
39.9353289604187,239
39.951332569122314,369
39.96737241744995,541
39.98300838470459,332
39.99899697303772,193
40.01499795913696,246
40.030123710632324,377
40.045968770980835,537
40.06195831298828,320
40.077965259552,194
40.09363865852356,246
40.109644174575806,399
40.125648736953735,541
40.14163637161255,312
40.1566424369812,203
40.172701358795166,257
40.188194274902344,418
40.20423245429993,541
40.220229387283325,284
40.23623037338257,209
40.25222992897034,260
40.268203258514404,438
40.28371787071228,532
40.29886054992676,275
40.314778089523315,210
40.33072018623352,260
40.34677004814148,445
40.36275267601013,514
40.377806186676025,249
40.39346146583557,207
40.409443378448486,263
40.42545962333679,465
40.44140315055847,500
40.45744514465332,237
40.47249412536621,209
40.48816132545471,258
40.504151344299316,478
40.52015161514282,475
40.536157846450806,210
40.55115270614624,199
40.566407918930054,255
40.58169627189636,487
40.59689784049988,472
40.61224317550659,217
40.627763986587524,217
40.64288115501404,276
40.65874528884888,516
40.67391848564148,455
40.68940353393555,214
40.705403566360474,224
40.72101545333862,284
40.73711919784546,526
40.753119468688965,437
40.76825428009033,205
40.78386616706848,221
40.79985475540161,286
40.8158655166626,525
40.83102226257324,418
40.84703326225281,198
40.86302876472473,223
40.87938666343689,291
40.89500951766968,529
40.91001009941101,407
40.926010608673096,193
40.941996812820435,227
40.95713973045349,295
40.9730339050293,523
40.9882595539093,387
41.004247426986694,182
41.02025508880615,215
41.036264181137085,302
41.05224537849426,529
41.0672562122345,373
41.082810401916504,191
41.09800338745117,228
41.11410665512085,329
41.12945508956909,546
41.145463943481445,374
41.16181707382202,196
41.177934408187866,240
41.192731857299805,359
41.208717346191406,542
41.22471499443054,346
41.24038314819336,200
41.25556707382202,248
41.271618366241455,370
41.28717398643494,545
41.303242444992065,342
41.31859588623047,193
41.334595680236816,238
41.35059905052185,370
41.365774631500244,534
41.38076877593994,332
41.39632511138916,188
41.41232705116272,240
41.42833995819092,387
41.44350075721741,537
41.459500312805176,327
41.475534439086914,187
41.49104714393616,240
41.50705528259277,391
41.52205801010132,528
41.538498401641846,302
41.55418920516968,189
41.56927800178528,243
41.58534288406372,411
41.60138726234436,530
41.61738419532776,286
41.63339948654175,189
41.64938950538635,242
41.66539239883423,412
41.68050718307495,525
41.69625234603882,286
41.7121102809906,194
41.72812533378601,252
41.744123458862305,441
41.760106801986694,515
41.775333881378174,262
41.79099750518799,199
41.807092905044556,259
41.82299017906189,460
41.83898377418518,509
41.854113817214966,242
41.86963510513306,203
41.88514447212219,264
41.901140213012695,475
41.916149616241455,505
41.9321391582489,236
41.9481418132782,200
41.96340012550354,266
41.9794282913208,499
41.99481773376465,270
42.01071524620056,511
42.0257933139801,461
42.04168486595154,208
42.05721163749695,213
42.07239532470703,275
42.088032484054565,522
42.10391306877136,445
42.119948387145996,205
42.13595104217529,213
42.15196776390076,278
42.16696214675903,531
42.18298935890198,439
42.19852685928345,205
42.214542865753174,227
42.2305428981781,294
42.24653363227844,538
42.26182413101196,419
42.277854681015015,201
42.29347062110901,229
42.30936908721924,307
42.32405996322632,552
42.3395299911499,404
42.35540771484375,200
42.370622634887695,238
42.386701345443726,319
42.40267777442932,550
42.41825079917908,399
42.43426251411438,190
42.44964861869812,223
42.46567392349243,314
42.480772495269775,535
42.496042251586914,377
42.51202869415283,185
42.52802777290344,231
42.544037103652954,351
42.560033321380615,560
42.57547950744629,371
42.59111785888672,201
42.60790705680847,246
42.62303447723389,378
42.63901710510254,557
42.65402603149414,355
42.66923403739929,202
42.68436408042908,248
42.700106382369995,389
42.71608853340149,547
42.73106336593628,339
42.746575593948364,196
42.762471199035645,243
42.777700901031494,398
42.79343295097351,538
42.809335231781006,314
42.82475566864014,190
42.84074544906616,239
42.856754541397095,408
42.87285280227661,529
42.88857960700989,276
42.904603242874146,189
42.92056107521057,246
42.936609983444214,434
42.95152235031128,530
42.96761178970337,281
42.98374795913696,196
42.99898314476013,251
43.014976263046265,461
43.029980182647705,512
43.04591751098633,256
43.062002420425415,203
43.07809090614319,259
43.093390464782715,483
43.10938310623169,488
43.1254141330719,238
43.1413950920105,211
43.15739154815674,268
43.17340970039368,500
43.188913106918335,488
43.20507025718689,223
43.22102355957031,214
43.23701763153076,266
43.253012895584106,508
43.26905083656311,468
43.28516340255737,215
43.300777435302734,206
43.316672801971436,267
43.33194923400879,515
43.34793186187744,454
43.36392545700073,211
43.380037784576416,214
43.39531135559082,274
43.41120958328247,525
43.42733407020569,448
43.4432156085968,206
43.459309577941895,226
43.475234031677246,296
43.490869998931885,545
43.50687217712402,429
43.52184319496155,206
43.53785514831543,231
43.55374360084534,306
43.56975078582764,550
43.58498549461365,422
43.600707054138184,208
43.616129636764526,231
43.632134675979614,320
43.6481511592865,553
43.66402864456177,393
43.680068016052246,196
43.6956148147583,233
43.71161103248596,332
43.72681164741516,546
43.74278736114502,370
43.75878858566284,192
43.77489995956421,236
43.7901132106781,346
43.806113481521606,549
43.822115898132324,357
43.838101387023926,190
43.85409998893738,239
43.86912274360657,367
43.88514232635498,554
43.90067911148071,365
43.91668963432312,199
43.931679248809814,246
43.946805000305176,388
43.96280336380005,549
43.97889709472656,327
43.99488091468811,196
44.010767459869385,245
44.02589750289917,397
44.04187774658203,545
44.05787229537964,315
44.07377362251282,187
44.08985114097595,243
44.10519504547119,418
44.12118625640869,537
44.137174129486084,304
44.1530966758728,195
44.16919946670532,251
44.18528652191162,435
44.20053696632385,532
44.216514110565186,269
44.23142623901367,200
44.247429609298706,257
44.26290726661682,459
44.27893376350403,527
44.29448199272156,262
44.310476779937744,203
44.32548189163208,265
44.34078001976013,477
44.35577964782715,517
44.370768785476685,251
44.38690733909607,204
44.40268397331238,261
44.418675661087036,482
44.43466377258301,499
44.45056200027466,223
44.46665954589844,202
44.48312759399414,264
44.496952533721924,506
44.512855768203735,474
44.52885437011719,221
44.54486036300659,211
44.559967041015625,272
44.575971364974976,523
44.5915846824646,458
44.60757756233215,215
44.62371492385864,219
44.63870024681091,281
44.65468192100525,533
44.67064452171326,438
44.68610215187073,198
44.7015266418457,225
44.71666073799133,294
44.73268675804138,547
44.74763011932373,418
44.76263666152954,204
44.77776503562927,234
44.79338812828064,314
44.809287309646606,550
44.82454705238342,396
44.84003949165344,189
44.85602283477783,220
44.87115240097046,308
44.88724732398987,536
44.902780532836914,387
44.91778922080994,189
44.93378448486328,229
44.949784994125366,337
44.965800762176514,559
44.980820655822754,391
44.996376752853394,195
45.01236367225647,234
45.02737545967102,343
45.042375326156616,554
45.057501554489136,376
45.072845458984375,202
45.08801341056824,245
45.103556632995605,372
45.11942410469055,560
45.13541269302368,351
45.151413917541504,201
45.166425466537476,249
45.18245887756348,392
45.19793725013733,555
45.213138818740845,345
45.22913455963135,200
45.24523186683655,247
45.261531829833984,397
45.276691198349,544
45.2923526763916,333
45.308348417282104,193
45.32433724403381,239
45.34031081199646,396
45.35633993148804,531
45.37236952781677,300
45.38752818107605,193
45.403454303741455,251
45.41956567764282,421
45.43556213378906,544
45.45157432556152,294
45.46684956550598,208
45.48281168937683,262
45.49744534492493,452
45.51244616508484,537
45.52846050262451,289
45.54444694519043,205
45.560445070266724,269
45.57544779777527,474
45.590694189071655,524
45.606197118759155,273
45.621671199798584,205
45.63704490661621,259
45.65314435958862,473
45.66903853416443,497
45.68504285812378,231
45.700594663619995,200
45.715946435928345,262
45.73196363449097,486
45.74795198440552,488
45.76395010948181,222
45.77895402908325,204
45.794546604156494,263
45.80990219116211,496
45.82523965835571,476
45.84123754501343,225
45.85723686218262,212
45.87323474884033,270
45.88927221298218,522
45.90493369102478,463
45.92093348503113,218
45.93705677986145,214
45.95304846763611,278
45.96804356575012,528
45.98408079147339,436
45.99872183799744,209
46.014702796936035,231
46.030699491500854,296
46.04536843299866,544
46.061365365982056,425
46.07754898071289,207
46.09356737136841,228
46.109466791152954,307
46.12461280822754,546
46.14061784744263,405
46.156599044799805,197
46.17260146141052,230
46.188642740249634,319
46.204195499420166,547
46.22020483016968,392
46.23519802093506,194
46.251193046569824,233
46.26719355583191,336
46.28232955932617,554
46.29745268821716,374
46.31346368789673,193
46.32946252822876,243
46.345455169677734,353
46.36145091056824,545
46.3774619102478,353
46.393537759780884,195
46.40962767601013,244
46.42566704750061,377
46.44155979156494,549
46.45686602592468,351
46.4718017578125,195
46.487910747528076,239
46.50320744514465,388
46.51926350593567,540
46.535240650177,332
46.551241397857666,187
46.567238330841064,241
46.58266592025757,396
46.59854173660278,532
46.61452674865723,289
46.630523920059204,189
46.64592504501343,246
46.661821603775024,418
46.67695665359497,533
46.692933559417725,288
46.708600997924805,199
46.72381067276001,258
46.73979139328003,445
46.75493407249451,525
46.77091574668884,276
46.78703999519348,198
46.80367946624756,255
46.817785024642944,460
46.833781003952026,524
46.849796533584595,273
46.86578583717346,203
46.88067579269409,257
46.896636724472046,466
46.912611961364746,505
46.92800521850586,243
46.943984270095825,206
46.95987844467163,257
46.97587561607361,480
46.99120354652405,481
47.00704765319824,218
47.02306818962097,200
47.03894805908203,256
47.05407953262329,492
47.07005310058594,470
47.086159467697144,217
47.10224390029907,210
47.117372274398804,271
47.13337516784668,510
47.148252964019775,456
47.16411471366882,214
47.18011426925659,216
47.19605851173401,275
47.21101117134094,527
47.22700262069702,444
47.24305033683777,208
47.259045362472534,216
47.27507543563843,278
47.29116439819336,521
47.30692148208618,425
47.32280707359314,195
47.3379442691803,217
47.35394549369812,290
47.369951248168945,534
47.384960651397705,419
47.400696992874146,201
47.41601276397705,223
47.432005882263184,297
47.448060512542725,537
47.46416902542114,412
47.479496002197266,196
47.495333671569824,222
47.5113582611084,309
47.52635073661804,543
47.5423367023468,387
47.55822825431824,208
47.57436013221741,238
47.58949398994446,330
47.60525393486023,548
47.62215256690979,382
47.637256145477295,204
47.653176069259644,244
47.668161392211914,353
47.68417716026306,554
47.699732542037964,369
47.71575140953064,199
47.73073101043701,243
47.74673795700073,370
47.7622230052948,545
47.77733659744263,357
47.79338884353638,190
47.80803847312927,235
47.82403779029846,374
47.839497089385986,535
47.85549521446228,323
47.871461629867554,188
47.887523889541626,237
47.90326547622681,383
47.919158697128296,535
47.93499398231506,322
47.9509916305542,189
47.96698021888733,245
47.982003927230835,400
47.99757146835327,538
48.01357054710388,316
48.02957105636597,188
48.045554637908936,243
48.06085753440857,411
48.076172828674316,531
48.09164333343506,307
48.106852769851685,192
48.12286067008972,249
48.138859033584595,436
48.15486431121826,537
48.17086100578308,284
48.18686246871948,205
48.20242381095886,258
48.21806287765503,446
48.234057903289795,515
48.250057220458984,261
48.266109228134155,197
48.28133249282837,264
48.29688620567322,464
48.312903881073,506
48.32902479171753,254
48.345009565353394,209
48.36100625991821,264
48.377023220062256,484
48.39302849769592,502
48.40859532356262,243
48.42377734184265,212
48.43979048728943,272
48.45566129684448,500
48.471764087677,490
48.48740339279175,232
48.50302815437317,222
48.519152879714966,281
48.535141944885254,515
48.55013418197632,474
48.566089153289795,226
48.58226227760315,222
48.598103761672974,280
48.61405348777771,525
48.63004922866821,453
48.64605760574341,211
48.6620192527771,222
48.67709040641785,284
48.69277787208557,533
48.708574533462524,428
48.7235631942749,203
48.7394597530365,222
48.75458812713623,295
48.770572900772095,540
48.786580324172974,416
48.80328035354614,203
48.81734490394592,227
48.83335280418396,307
48.848692893981934,541
48.86466884613037,401
48.880587100982666,198
48.895732402801514,231
48.91128134727478,323
48.927379846572876,546
48.9433958530426,380
48.95939660072327,190
48.97437334060669,228
48.99044942855835,341
49.00606942176819,540
49.02208375930786,363
49.03810739517212,188
49.054073095321655,231
49.07008218765259,357
49.0853533744812,536
49.1009840965271,329
49.11611771583557,184
49.132113456726074,233
49.14809560775757,375
49.16409945487976,531
49.18008208274841,316
49.19522476196289,182
49.21062636375427,241
49.22557997703552,391
49.24157929420471,537
49.25757598876953,328
49.27357459068298,199
49.28860545158386,246
49.303309202194214,413
49.318777322769165,538
49.33486771583557,314
49.35005307197571,194
49.36538910865784,249
49.38123798370361,429
49.39638900756836,533
49.41209101676941,283
49.428107261657715,202
49.44411897659302,255
49.45989012718201,443
49.475852489471436,524
49.49099040031433,267
49.50640606880188,205
49.52252817153931,254
49.538527965545654,453
49.55452036857605,508
49.57050895690918,252
49.58653926849365,197
49.60180068016052,252
49.617807149887085,471
49.63380837440491,486
49.649693727493286,226
49.66505765914917,200
49.681047201156616,255
49.69704461097717,490
49.7126727104187,474
49.72866415977478,219
49.74476861953735,215
49.76077342033386,274
49.77616000175476,511
49.7922637462616,474
49.80800533294678,221
49.824054479599,213
49.84002923965454,270
49.855003118515015,516
49.87096190452576,450
49.88590359687805,210
49.901487588882446,211
49.91751718521118,272
49.93250560760498,520
49.948506355285645,432
49.964407205581665,198
49.98051166534424,213
49.995646715164185,278
50.011406898498535,529
50.02753210067749,423
50.04342985153198,203
50.05948519706726,228
50.07553768157959,293
50.091646909713745,541
50.1077516078949,420
50.123642921447754,204
50.13882040977478,227
50.154749393463135,303
50.17075324058533,541
50.1868622303009,403
50.203378200531006,194
50.218512773513794,226
50.23447775840759,320
50.250476598739624,551
50.26647448539734,394
50.28162097930908,199
50.29678440093994,235
50.31254744529724,324
50.32854080200195,548
50.34457492828369,374
50.36058187484741,193
50.376559019088745,231
50.39201641082764,335
50.40767765045166,546
50.42375040054321,377
50.43874168395996,196
50.45403599739075,234
50.46993350982666,354
50.484938621520996,548
50.50082540512085,368
50.516825437545776,193
50.53215837478638,238
50.54741430282593,365
50.563430309295654,544
50.57944869995117,340
50.59460926055908,196
50.609909772872925,247
50.625269412994385,387
50.640568017959595,549
50.65593910217285,336
50.67195129394531,201
50.688055753707886,252
50.703656911849976,383
50.71974515914917,535
50.735743284225464,330
50.75072002410889,195
50.766722202301025,247
50.78193712234497,398
50.7970495223999,533
50.812188386917114,308
50.82816219329834,196
50.84416079521179,247
50.860161542892456,413
50.876203775405884,530
50.89210534095764,283
50.907614946365356,205
50.923604249954224,256
50.938705921173096,433
50.95472240447998,527
50.97071027755737,278
50.985859632492065,208
51.001455307006836,260
51.01752734184265,455
51.03356695175171,516
51.04859375953674,274
51.0645751953125,211
51.080466985702515,268
51.09565210342407,476
51.11114764213562,502
51.12634015083313,247
51.142345905303955,209
51.1583366394043,269
51.17466425895691,490
51.190051794052124,484
51.205482721328735,228
51.22138047218323,208
51.23748588562012,261
51.25347971916199,495
51.26953935623169,466
51.28547978401184,210
51.30153298377991,214
51.31694841384888,273
51.332974433898926,514
51.34838008880615,458
51.3639190196991,213
51.37977957725525,220
51.395129442214966,277
51.4107346534729,529
51.42671608924866,453
51.44271659851074,216
51.45860266685486,223
51.473766803741455,284
51.48984742164612,532
51.50560235977173,440
51.521493434906006,208
51.53662633895874,220
51.55259132385254,283
51.568490743637085,536
51.58458924293518,426
51.600234270095825,200
51.61597418785095,222
51.631967067718506,290
51.64795517921448,534
51.66385054588318,404
51.678863286972046,193
51.69486737251282,220
51.710434675216675,306
51.726523637771606,541
51.74193596839905,394
51.75793790817261,198
51.774033546447754,233
51.789212465286255,333
51.80463695526123,553
51.820648431777954,386
51.836098432540894,205
51.85209894180298,240
51.86798858642578,352
51.883116245269775,551
51.89825701713562,357
51.914015769958496,207
51.930012226104736,251
51.94545388221741,369
51.961575984954834,555
51.97756385803223,356
51.99267554283142,195
52.0084125995636,244
52.02431297302246,367
52.04043173789978,537
52.05641508102417,338
52.07144021987915,182
52.087337493896484,228
52.10295629501343,377
52.11809015274048,540
52.13407850265503,335
52.150458335876465,191
52.165854930877686,242
52.181755781173706,403
52.197864055633545,539
52.21371531486511,312
52.22871160507202,198
52.24401092529297,253
52.2601215839386,424
52.27529764175415,536
52.29141449928284,289
52.30714178085327,206
52.32305192947388,556
52.33825755119324,364
52.35426473617554,198
52.37026381492615,240
52.38542413711548,363
52.40093445777893,553
52.41650724411011,345
52.43249702453613,191
52.448509216308594,235
52.46449613571167,366
52.480507135391235,539
52.49553656578064,328
52.51156139373779,183
52.52754783630371,243
52.54305148124695,395
52.55904483795166,539
52.57428789138794,319
52.590288400650024,199
52.60633444786072,254
52.62200140953064,420
52.638017654418945,542
52.654114961624146,293
52.670013189315796,205
52.686025857925415,258
52.70205307006836,436
52.71808838844299,542
52.734103202819824,280
52.75008988380432,210
52.76608633995056,264
52.78110980987549,447
52.79721117019653,530
52.81271505355835,268
52.829140424728394,201
52.84466743469238,255
52.860676288604736,455
52.87667655944824,517
52.892706871032715,259
52.90826439857483,201
52.92426872253418,254
52.94026780128479,464
52.95625400543213,503
52.97226595878601,236
52.98826622962952,206
53.00380849838257,266
53.01982259750366,489
53.03584122657776,500
53.051825523376465,231
53.06783890724182,217
53.08383798599243,271
53.09922957420349,492
53.115089654922485,499
53.131067752838135,239
53.14706254005432,220
53.162957429885864,278
53.17901825904846,507
53.19505429267883,474
53.210192918777466,225
53.226195096969604,219
53.241408824920654,281
53.25742316246033,519
53.27341842651367,448
53.28840517997742,208
53.30442428588867,218
53.31964945793152,275
53.33565902709961,521
53.35164546966553,419
53.366950035095215,203
53.38240694999695,229
53.39930510520935,291
53.41407537460327,534
53.43013668060303,421
53.446138858795166,204
53.462153911590576,235
53.478139877319336,310
53.49426341056824,548
53.509894371032715,411
53.525676250457764,214
53.541622161865234,246
53.55765748023987,327
53.572670698165894,551
53.58857321739197,391
53.605419635772705,202
53.62054657936096,237
53.636545181274414,333
53.652547121047974,551
53.667531967163086,377
53.68284726142883,196
53.69908094406128,235
53.714839220047,338
53.73082637786865,545
53.74583911895752,350
53.76170372962952,184
53.77684211730957,235
53.79202342033386,358
53.807746171951294,545
53.82374596595764,349
53.83974814414978,196
53.85574722290039,246
53.87164616584778,374
53.88777256011963,549
53.90387964248657,339
53.91930055618286,198
53.935396909713745,247
53.951427936553955,390
53.96742033958435,547
53.9834098815918,313
53.999521017074585,196
54.01517462730408,250
54.031280755996704,396
54.04717445373535,544
54.062166929244995,312
54.07907271385193,194
54.094077587127686,247
54.10988140106201,409
54.12501764297485,537
54.14093852043152,301
54.15698838233948,202
54.17288041114807,257
54.188013792037964,428
54.20411443710327,537
54.21991777420044,298
54.23602628707886,196
54.25191521644592,256
54.26713728904724,433
54.28307223320007,539
54.29830574989319,281
54.31401228904724,208
54.330010414123535,264
54.345903158187866,460
54.36200284957886,530
54.37701487541199,262
54.393028259277344,209
54.40843439102173,262
54.4239547252655,466
54.43997263908386,510
54.455939054489136,246
54.47184944152832,203
54.4879515171051,256
54.50393295288086,475
54.51879119873047,502
54.53420948982239,234
54.55017447471619,213
54.566176414489746,268
54.582175493240356,496
54.598315715789795,486
54.614068269729614,220
54.63006520271301,213
54.64607858657837,264
54.66205906867981,501
54.677077531814575,480
54.693182706832886,220
54.708930253982544,216
54.724828481674194,267
54.74095177650452,517
54.756415367126465,451
54.772416830062866,204
54.7884247303009,214
54.804465532302856,279
54.81953692436218,528
54.83551645278931,432
54.85153675079346,200
54.867541790008545,227
54.88352584838867,291
54.89871311187744,539
54.9142541885376,413
54.93026399612427,194
54.946250200271606,223
54.96215057373047,300
54.977283000946045,540
54.993252754211426,387
55.008981227874756,195
55.02510929107666,232
55.04110550880432,319
55.05675458908081,545
55.07203483581543,371
55.08731961250305,190
55.103328704833984,235
55.11916542053223,336
55.13417363166809,549
55.15019774436951,364
55.166226863861084,190
55.1822075843811,235
55.19739294052124,352
55.21300983428955,552
55.22904181480408,347
55.24402379989624,195
55.25949287414551,244
55.27549624443054,367
55.29094195365906,543
55.30611824989319,331
55.32181096076965,190
55.3378586769104,239
55.35315823554993,375
55.369054079055786,536
55.38418769836426,323
55.400291204452515,185
55.416019439697266,235
55.43102169036865,370
55.44702768325806,534
55.463040351867676,317
55.47901701927185,184
55.49512958526611,241
55.51030659675598,398
55.525718688964844,540
55.54105830192566,300
55.5570502281189,194
55.57304120063782,251
55.58905053138733,412
55.605167865753174,538
55.620760440826416,294
55.63663840293884,204
55.65194916725159,257
55.667951822280884,434
55.68394613265991,538
55.699973583221436,282
55.7155499458313,204
55.731241941452026,262
55.747347593307495,455
55.763519048690796,528
55.779531955718994,266
55.79556369781494,202
55.81103849411011,260
55.82693123817444,467
55.841931104660034,502
55.858049154281616,231
55.87349033355713,207
55.88948035240173,265
55.90553545951843,490
55.921196937561035,496
55.9363226890564,233
55.95229935646057,213
55.96819877624512,272
55.984315633773804,508
55.99946355819702,478
56.01483917236328,222
56.03073763847351,213
56.04606080055237,273
56.061964988708496,517
56.0779595375061,467
56.09335494041443,215
56.10945653915405,213
56.12462377548218,273
56.14012336730957,526
56.156108140945435,447
56.1712543964386,206
56.18755888938904,225
56.20314574241638,286
56.21868300437927,532
56.23370289802551,429
56.24970364570618,198
56.265702962875366,220
56.28069305419922,290
56.295727014541626,534
56.3112256526947,418
56.32685852050781,204
56.34283971786499,235
56.35883808135986,314
56.374743938446045,548
56.39081406593323,405
56.405967712402344,200
56.421743869781494,236
56.437742948532104,325
56.4531524181366,550
56.46906757354736,377
56.48506236076355,202
56.501089096069336,243
56.51707983016968,333
56.532082319259644,550
56.54821538925171,381
56.564181089401245,204
56.580188035964966,246
56.59720206260681,345
56.61196303367615,544
56.62722992897034,370
56.64327144622803,190
56.65845799446106,234
56.673614740371704,355
56.689589500427246,540
56.70475172996521,345
56.72028851509094,194
56.73630332946777,242
56.75230598449707,375
56.76828622817993,545
56.78328585624695,326
56.798293352127075,204
56.8137948513031,250
56.8290593624115,392
56.84451651573181,539
56.860060930252075,314
56.87546467781067,199
56.891454219818115,254
56.907514333724976,405
56.9233512878418,530
56.93934774398804,297
56.954498291015625,192
56.970497608184814,238
56.98556160926819,412
57.001129150390625,527
57.01689386367798,285
57.03284668922424,195
57.0482861995697,247
57.063432931900024,433
57.078580379486084,528
57.09359836578369,260
57.108954668045044,201
57.124714374542236,256
57.140711307525635,462
57.155951738357544,517
57.1714506149292,244
57.187445878982544,206
57.20344948768616,262
57.21860146522522,478
57.234039545059204,495
57.24939227104187,231
57.26534175872803,208
57.28037977218628,260
57.29580473899841,491
57.31132197380066,475
57.32632875442505,215
57.34183311462402,207
57.35730814933777,270
57.37314796447754,511
57.389240026474,469
57.40496063232422,209
57.4206440448761,213
57.436655044555664,274
57.45265460014343,521
57.46863651275635,440
57.48364210128784,206
57.499661922454834,220
57.514992475509644,280
57.53050398826599,528
57.54650044441223,422
57.562397718429565,199
57.57819056510925,226
57.594260931015015,302
57.610302448272705,545
57.62547588348389,397
57.64047980308533,191
57.65547823905945,227
57.67188262939453,317
57.68709063529968,546
57.703218936920166,383
57.71861481666565,191
57.73463439941406,228
57.750630140304565,327
57.76663041114807,550
57.7826292514801,380
57.798736333847046,205
57.8140172958374,245
57.829967737197876,353
57.84590744972229,554
57.862016677856445,368
57.87800860404968,195
57.89390802383423,239
57.90906047821045,373
57.92441248893738,553
57.94040846824646,354
57.95539689064026,204
57.97139096260071,253
57.98729610443115,392
58.00330090522766,551
58.01887774467468,329
58.03486657142639,201
58.05089044570923,250
58.06686186790466,400
58.08286142349243,541
58.09813356399536,299
58.11381697654724,194
58.12982892990112,250
58.145812034606934,406
58.16171884536743,535
58.17772054672241,299
58.19271898269653,204
58.20871901512146,260
58.224348306655884,438
58.23925280570984,538
58.25531768798828,293
58.27067232131958,208
58.286680936813354,266
58.301857709884644,451
58.31714653968811,540
58.333117723464966,286
58.349196672439575,211
58.36444616317749,265
58.379586696624756,469
58.395790338516235,528
58.41190576553345,269
58.42747473716736,212
58.44347333908081,267
58.45957827568054,482
58.47547101974487,504
58.4914870262146,225
58.50759220123291,207
58.5230827331543,268
58.539071798324585,494
58.554070472717285,478
58.570080280303955,214
58.586087226867676,206
58.602102518081665,264
58.61767530441284,502
58.63367056846619,470
58.64967083930969,214
58.66482377052307,209
58.680811643600464,277
58.696826219558716,525
58.71283221244812,449
58.72809433937073,207
58.74417686462402,216
58.760178089141846,283
58.77617955207825,533
58.79219174385071,427
58.80719327926636,201
58.82317399978638,226
58.83830404281616,294
58.85428595542908,537
58.87028622627258,398
58.88618206977844,185
58.90318846702576,220
58.91812705993652,291
58.93329739570618,527
58.94929242134094,370
58.96531915664673,179
58.9805223941803,223
58.996567249298096,322
59.011937856674194,546
59.02748727798462,379
59.04325485229492,199
59.058629274368286,236
59.073973417282104,344
59.089694023132324,549
59.10569381713867,365
59.12162399291992,193
59.13675618171692,241
59.15275979042053,367
59.168739795684814,546
59.18472957611084,345
59.200849533081055,199
59.21616983413696,246
59.23204302787781,380
59.24754762649536,536
59.26285123825073,311
59.278852224349976,187
59.29428291320801,237
59.31029748916626,387
59.32554340362549,533
59.34053182601929,301
59.35653018951416,358
59.371999740600586,177
59.387006998062134,227
59.40265464782715,380
59.41778230667114,565
59.43265962600708,350
59.44878649711609,183
59.464672327041626,237
59.48067903518677,402
59.49665808677673,564
59.512699365615845,328
59.52809262275696,180
59.544071674346924,244
59.55963754653931,418
59.57574009895325,560
59.59169578552246,297
59.607765913009644,181
59.6232647895813,240
59.63926577568054,426
59.655253648757935,551
59.67115116119385,287
59.687254190444946,179
59.702948570251465,241
59.71868920326233,450
59.734689712524414,546
59.75070309638977,277
59.766701221466064,186
59.782702684402466,246
59.79870247840881,462
59.814714431762695,528
59.83022618293762,242
59.84640288352966,183
59.8616840839386,251
59.87698745727539,483
59.89297890663147,518
59.90837073326111,228
59.92415404319763,200
59.94016885757446,264
59.95550084114075,514
59.97140192985535,505
59.98739957809448,225
60.00277757644653,200
60.01850485801697,266
60.03387761116028,521
60.04889225959778,486
60.06487989425659,211
60.08090949058533,198
60.09689021110535,262
60.112900495529175,523
60.12847948074341,471
60.14448380470276,200
60.16049075126648,207
60.176485776901245,278
60.192474126815796,547
60.20849919319153,461
60.22398567199707,201
60.24002552032471,211
60.2560772895813,282
60.272072553634644,555
60.28797793388367,447
60.30314922332764,192
60.318788051605225,209
60.334187507629395,285
60.35011696815491,553
60.3661208152771,429
60.38211536407471,180
60.39811134338379,209
60.41411757469177,294
60.42983555793762,557
60.44584894180298,403
60.461835622787476,178
60.47784161567688,218
60.49285817146301,318
60.50885796546936,566
60.52456450462341,391
60.54051637649536,178
60.5551872253418,224
60.570338010787964,333
60.585593700408936,573
60.601590156555176,386
60.61754012107849,182
60.633567094802856,228
60.649611473083496,359
60.66568207740784,577
60.68066072463989,378
60.69620990753174,190
60.71135473251343,238
60.72687768936157,379
60.742756843566895,567
60.758864641189575,345
60.77487587928772,190
60.79016184806824,242
60.80606555938721,398
60.82186460494995,565
60.837751388549805,331
60.85385060310364,183
60.86975169181824,239
60.884873390197754,406
60.90083956718445,554
60.915998220443726,309
60.93170166015625,174
60.94663429260254,234
60.96276330947876,420
60.97874402999878,543
60.99473786354065,280
61.01167345046997,176
61.026288747787476,238
61.04170107841492,443
61.057700395584106,537
61.07370138168335,252
61.08968758583069,185
61.10535907745361,245
61.12107825279236,465
61.1371066570282,532
61.153002977371216,257
61.16910791397095,195
61.18500113487244,257
61.20001482963562,489
61.21521186828613,518
61.23038029670715,242
61.24637484550476,196
61.26248264312744,259
61.278502464294434,509
61.29450225830078,501
61.31051516532898,223
61.326260805130005,200
61.3423216342926,267
61.35725736618042,525
61.372328758239746,487
61.388333320617676,210
61.40423393249512,206
61.420249223709106,267
61.43626594543457,531
61.452266454696655,462
61.46827292442322,194
61.48425078392029,206
61.49939799308777,268
61.51452994346619,545
61.53008985519409,434
61.54608964920044,192
61.5620903968811,209
61.57710528373718,282
61.59309267997742,551
61.60911440849304,425
61.6246542930603,187
61.64066958427429,216
61.656654357910156,302
61.67265582084656,563
61.68766736984253,413
61.70365595817566,191
61.718796730041504,224
61.734928369522095,318
61.75091481208801,569
61.766807556152344,394
61.78280305862427,184
61.79793620109558,223
61.813071489334106,335
61.82882571220398,556
61.844247341156006,375
61.86114263534546,176
61.87626552581787,224
61.8912079334259,352
61.90636730194092,560
61.92171931266785,363
61.93771314620972,175
61.95361375808716,223
61.96861553192139,364
61.98374891281128,561
61.999746799468994,348
62.014880418777466,190
62.03060173988342,241
62.046546936035156,397
62.06189680099487,573
62.077903032302856,346
62.09389853477478,192
62.10990309715271,248
62.12543058395386,406
62.141433000564575,566
62.157431840896606,337
62.1727819442749,185
62.18877553939819,241
62.20481824874878,412
62.220375299453735,562
62.23638844490051,319
62.25238919258118,177
62.26837658882141,230
62.28447961807251,417
62.300493478775024,540
62.316417932510376,277
62.33154821395874,177
62.34755730628967,236
62.363001585006714,434
62.37908983230591,541
62.39510703086853,274
62.41105794906616,189
62.42673206329346,250
62.44223952293396,461
62.45814251899719,539
62.47414302825928,263
62.4901442527771,190
62.506232500076294,251
62.52138805389404,478
62.53671383857727,522
62.55270266532898,243
62.56812572479248,192
62.584081172943115,253
62.59922695159912,487
62.61532425880432,502
62.63102126121521,216
62.647057056427,192
62.6629536151886,256
62.67805552482605,505
62.69406199455261,492
62.710166215896606,210
62.725921392440796,198
62.74196696281433,267
62.75697636604309,519
62.772956132888794,470
62.78936743736267,203
62.80475187301636,202
62.8207631111145,270
62.836403608322144,538
62.85248422622681,464
62.86829710006714,201
62.884180784225464,208
62.900307416915894,283
62.915321826934814,553
62.93107557296753,431
62.94607949256897,185
62.96207904815674,211
62.97721743583679,288
62.993239402770996,550
63.00932192802429,413
63.02446365356445,179
63.039459466934204,207
63.055585861206055,295
63.07164549827576,553
63.08766007423401,401
63.102965354919434,173
63.1189911365509,211
63.13450527191162,322
63.15024662017822,563
63.166136026382446,385
63.1821346282959,176
63.198121786117554,217
63.21417474746704,337
63.229686975479126,570
63.24569034576416,376
63.26168370246887,190
63.27767825126648,234
63.293781757354736,362
63.30992913246155,571
63.32518982887268,366
63.34119510650635,190
63.357187032699585,239
63.372313499450684,374
63.38829326629639,564
63.404234886169434,345
63.42027282714844,175
63.43456149101257,224
63.44974493980408,374
63.465726375579834,550
63.480722188949585,326
63.49663066864014,174
63.51184058189392,232
63.52716946601868,403
63.54310464859009,553
63.559104681015015,307
63.57513666152954,184
63.5911021232605,243
63.606125593185425,430
63.62127184867859,545
63.6365864276886,283
63.65249300003052,181
63.66786193847656,238
63.68389296531677,449
63.699859380722046,538
63.71594977378845,276
63.731659173965454,189
63.74657964706421,247
63.76266169548035,468
63.77866053581238,524
63.79466652870178,248
63.81016230583191,189
63.825693130493164,250
63.84158897399902,482
63.85769176483154,508
63.873687744140625,220
63.88968086242676,198
63.90558171272278,259
63.92064666748047,505
63.93653917312622,499
63.95251250267029,219
63.96851849555969,203
63.9844126701355,267
63.99951219558716,528
64.01466464996338,483
64.03041529655457,212
64.04641890525818,205
64.0624132156372,269
64.07844066619873,538
64.09443831443787,461
64.10957098007202,197
64.12502717971802,210
64.1410174369812,286
64.15701985359192,550
64.17314291000366,439
64.18884944915771,191
64.20480155944824,215
64.22022533416748,289
64.23572778701782,556
64.25174927711487,419
64.2677412033081,182
64.28273320198059,213
64.29874277114868,294
64.31474828720093,558
64.33030962944031,410
64.34630036354065,184
64.36230731010437,218
64.37829399108887,314
64.39415335655212,561
64.41026878356934,391
64.42593336105347,182
64.44190883636475,225
64.45801401138306,332
64.47301697731018,569
64.4890193939209,374
64.50490856170654,185
64.5201485157013,232
64.53579187393188,357
64.55181455612183,563
64.56790351867676,362
64.58390498161316,178
64.59888911247253,232
64.61474967002869,376
64.63049411773682,562
64.64648342132568,345
64.66247582435608,175
64.67770957946777,227
64.69265127182007,374
64.70872092247009,551
64.72444796562195,321
64.73951029777527,165
64.75499653816223,217
64.77089357376099,378
64.78698372840881,541
64.80301189422607,300
64.81904411315918,175
64.83477735519409,236
64.85067200660706,413
64.86591815948486,545
64.88203573226929,295
64.89802265167236,182
64.91405582427979,242
64.92987370491028,434
64.94530296325684,548
64.96103858947754,294
64.97692108154297,186
64.99303650856018,253
65.00892400741577,458
65.02395868301392,538
65.03963017463684,264
65.05563545227051,189
65.07153916358948,250
65.08704543113708,476
65.1021876335144,528
65.11769485473633,236
65.133309841156,202
65.14931011199951,260
65.16530919075012,495
65.18141078948975,505
65.1974196434021,230
65.2135272026062,205
65.2296290397644,264
65.2456464767456,517
65.26153898239136,491
65.27752590179443,217
65.29363560676575,209
65.30963134765625,268
65.32464933395386,531
65.34037518501282,477
65.35554957389832,206
65.37149691581726,208
65.38753533363342,264
65.40352463722229,530
65.41862893104553,456
65.43409514427185,192
65.4501850605011,206
65.46618437767029,272
65.48218417167664,541
65.4981997013092,437
65.51319098472595,184
65.5287275314331,206
65.5447256565094,283
65.56072759628296,550
65.57672595977783,411
65.59272480010986,174
65.60799527168274,203
65.6234998703003,296
65.63901424407959,553
65.65501260757446,396
65.67111444473267,176
65.68708109855652,220
65.70301079750061,320
65.71824479103088,567
65.73407983779907,383
65.74933815002441,186
65.76527166366577,232
65.7815682888031,350
65.79768204689026,570
65.81378698348999,372
65.82955551147461,183
65.8455286026001,232
65.86151766777039,365
65.87679696083069,569
65.8929123878479,365
65.90890049934387,182
65.92492413520813,236
65.94068646430969,380
65.95582127571106,557
65.97179865837097,338
65.98779225349426,179
66.00379085540771,233
66.01969456672668,388
66.03505349159241,558
66.05106711387634,321
66.06705498695374,179
66.08305144309998,238
66.09914970397949,408
66.11531639099121,557
66.1305639743805,315
66.14644837379456,182
66.1624584197998,245
66.17854428291321,430
66.19443726539612,563
66.21053409576416,314
66.2256805896759,193
66.24124503135681,254
66.25721549987793,450
66.27321934700012,555
66.28922772407532,281
66.30468773841858,195
66.32078623771667,255
66.33588123321533,466
66.35177636146545,548
66.36688327789307,264
66.3822283744812,206
66.3982264995575,265
66.41430807113647,495
66.43005061149597,528
66.44606351852417,245
66.46204805374146,197
66.47804021835327,257
66.49304270744324,504
66.50903511047363,510
66.5251898765564,234
66.54121136665344,205
66.55722212791443,264
66.57312655448914,515
66.58849048614502,489
66.60449481010437,209
66.6206169128418,204
66.63620924949646,267
66.65219473838806,524
66.6681854724884,483
66.68419146537781,208
66.70019602775574,215
66.71530818939209,276
66.73113250732422,543
66.74710011482239,468
66.76304221153259,202
66.77908229827881,204
66.79442691802979,272
66.80955219268799,544
66.82512474060059,437
66.84072351455688,188
66.85572004318237,212
66.87086009979248,282
66.88616132736206,552
66.90133285522461,421
66.91656422615051,182
66.93234395980835,212
66.94844388961792,293
66.9644513130188,564
66.98043489456177,411
66.99645018577576,185
67.01244640350342,222
67.02846622467041,317
67.04414486885071,572
67.06015825271606,407
67.0753972530365,188
67.09135556221008,228
67.10743188858032,330
67.12344479560852,566
67.13894629478455,378
67.15435814857483,186
67.17030310630798,235
67.1863842010498,354
67.20235872268677,574
67.21748328208923,360
67.23321795463562,179
67.24912309646606,228
67.26521897315979,365
67.28112292289734,562
67.29722595214844,353
67.31270217895508,178
67.32784986495972,224
67.34324908256531,364
67.35923075675964,544
67.37513041496277,332
67.39123368263245,164
67.4069128036499,224
67.42207670211792,391
67.43748545646667,562
67.45337629318237,333
67.4695770740509,192
67.48555731773376,251
67.50155472755432,423
67.51720023155212,574
67.53262948989868,316
67.54873037338257,201
67.56473112106323,257
67.58074259757996,447
67.59669351577759,563
67.6119031906128,296
67.62690687179565,199
67.64247155189514,260
67.6578118801117,467
67.6738133430481,553
67.69080662727356,281
67.70580506324768,194
67.72182011604309,253
67.73738932609558,471
67.75337219238281,520
67.7693862915039,230
67.78537631034851,185
67.8005051612854,249
67.81658101081848,485
67.8326461315155,516
67.84864854812622,229
67.86386060714722,199
67.87899255752563,259
67.89486455917358,503
67.91098070144653,508
67.9270567893982,229
67.94282698631287,201
67.9577145576477,266
67.97285509109497,525
67.98885774612427,498
68.00481677055359,226
68.01994466781616,220
68.03535866737366,276
68.05038571357727,540
68.06565690040588,468
68.08065414428711,201
68.09666967391968,218
68.1126708984375,282
68.12879204750061,549
68.1443452835083,448
68.15957927703857,192
68.17560338973999,210
68.19158029556274,288
68.20772123336792,553
68.22335004806519,424
68.23909568786621,186
68.25511145591736,217
68.27110815048218,307
68.28709554672241,570
68.30309653282166,425
68.31825137138367,195
68.33390998840332,227
68.34925246238708,323
68.36525392532349,575
68.38138198852539,404
68.3972659111023,193
68.41276955604553,235
68.42788314819336,343
68.44369721412659,581
68.45967769622803,395
68.47556710243225,193
68.49110412597656,234
68.50709652900696,351
68.52314114570618,572
68.53870224952698,380
68.55470514297485,183
68.57069635391235,233
68.58668351173401,370
68.60269737243652,564
68.61869764328003,338
68.63392686843872,179
68.64935088157654,231
68.66455960273743,381
68.68057179450989,558
68.69657254219055,325
68.71255874633789,180
68.7285783290863,235
68.74413895606995,398
68.76012825965881,558
68.77549457550049,323
68.79148292541504,182
68.80669498443604,243
68.82205510139465,421
68.83758926391602,558
68.85359215736389,312
68.8694806098938,195
68.88461017608643,252
68.90053701400757,448
68.91654419898987,558
68.93236684799194,278
68.94787931442261,203
68.96389770507812,263
68.97989439964294,469
68.99588918685913,540
69.01188468933105,249
69.02713656425476,191
69.0422682762146,253
69.05828189849854,483
69.07429790496826,526
69.08929991722107,242
69.10429811477661,193
69.119558095932,253
69.13506603240967,492
69.15106415748596,504
69.16706919670105,223
69.18307995796204,191
69.19906425476074,256
69.21506762504578,511
69.23107528686523,486
69.24642014503479,208
69.26240587234497,205
69.27842736244202,265
69.29483008384705,530
69.31037282943726,478
69.32641267776489,204
69.34197974205017,210
69.35797643661499,273
69.37396669387817,547
69.38918256759644,458
69.40517997741699,193
69.42122149467468,206
69.43673896789551,279
69.45276045799255,548
69.468745470047,437
69.48475980758667,188
69.50074982643127,208
69.51601982116699,281
69.53201818466187,553
69.54759311676025,425
69.56288599967957,185
69.5788996219635,214
69.5949022769928,297
69.61089968681335,561
69.62691044807434,412
69.64224815368652,188
69.65737676620483,216
69.67325830459595,323
69.68902111053467,575
69.70438122749329,404
69.71965789794922,190
69.73543405532837,231
69.75142979621887,342
69.76743292808533,574
69.78336954116821,382
69.79946112632751,182
69.81533312797546,230
69.83064484596252,353
69.8463785648346,566
69.86240983009338,357
69.87788772583008,184
69.89336276054382,234
69.90836954116821,374
69.9243814945221,567
69.94003772735596,348
69.95605945587158,188
69.9714252948761,250
69.98652148246765,407
70.00253343582153,571
70.01843452453613,335
70.03514575958252,188
70.05028414726257,242
70.06627893447876,419
70.08127546310425,560
70.09628176689148,307
70.11227059364319,191
70.12741136550903,264
70.143141746521,455
70.15914487838745,564
70.17514181137085,288
70.19125390052795,202
70.20674562454224,262
70.22278332710266,473
70.23791170120239,544
70.25381803512573,264
70.26981377601624,194
70.28581523895264,256
70.30192875862122,481
70.31791615486145,524
70.334055185318,247
70.35000443458557,189
70.36520910263062,251
70.38019943237305,492
70.39618301391602,504
70.41217136383057,220
70.42828845977783,193
70.44405436515808,257
70.45961260795593,512
70.47549343109131,503
70.49200201034546,216
70.50706648826599,206
70.52236485481262,265
70.5375669002533,527
70.55344700813293,489
70.5695436000824,219
70.58444952964783,209
70.60044288635254,270
70.61557388305664,531
70.6315598487854,467
70.64731740951538,199
70.6623227596283,203
70.678302526474,265
70.69358110427856,536
70.70958495140076,430
70.7252037525177,186
70.7408332824707,201
70.75592184066772,272
70.77195644378662,541
70.78750967979431,418
70.8028953075409,177
70.81890845298767,208
70.83494400978088,285
70.85011196136475,551
70.86512899398804,426
70.88111400604248,188
70.8961284160614,215
70.91211271286011,301
70.92811512947083,565
70.94405055046082,414
70.95969200134277,184
70.97579550743103,223
70.99120593070984,322
71.00708150863647,571
71.02411675453186,402
71.03852009773254,183
71.05451345443726,226
71.07050228118896,333
71.08650279045105,569
71.10250234603882,373
71.1180100440979,180
71.13402605056763,229
71.14958667755127,354
71.1656424999237,565
71.18064522743225,362
71.19664716720581,177
71.21195697784424,227
71.22797179222107,371
71.24365782737732,565
71.2596607208252,347
71.27571868896484,180
71.29105472564697,235
71.30705523490906,401
71.32308578491211,575
71.33865189552307,326
71.3546495437622,187
71.37065076828003,245
71.386634349823,427
71.40202283859253,560
71.41800165176392,294
71.43376517295837,195
71.44929051399231,252
71.4652807712555,440
71.48127889633179,550
71.4972915649414,287
71.5132794380188,188
71.52935886383057,247
71.54490089416504,452
71.56090450286865,541
71.57691764831543,277
71.59190797805786,176
71.60795378684998,235
71.62392807006836,455
71.63925814628601,517
71.6551411151886,248
71.67114210128784,183
71.68713808059692,242
71.70313668251038,473
71.71913814544678,515
71.73512697219849,232
71.75065040588379,193
71.76673412322998,264
71.78274512290955,492
71.79864501953125,511
71.81469798088074,231
71.83005428314209,197
71.84554958343506,263
71.86156487464905,506
71.8770546913147,501
71.89305472373962,225
71.90904998779297,195
71.92427587509155,259
71.94008445739746,513
71.95597076416016,479
71.97196054458618,204
71.9879539012909,201
72.0031590461731,259
72.01835560798645,523
72.03437161445618,459
72.04999732971191,192
72.06589198112488,202
72.08135914802551,264
72.09735059738159,535
72.11334466934204,436
72.12935209274292,180
72.145015001297,198
72.1609423160553,274
72.17701172828674,544
72.19300770759583,425
72.20901703834534,177
72.22459936141968,199
72.24071669578552,279
72.25658631324768,552
72.27268624305725,442
72.28769588470459,197
72.30367708206177,211
72.31902050971985,281
72.33415532112122,550
72.34943723678589,425
72.36545062065125,184
72.38133645057678,214
72.39744234085083,291
72.41332983970642,556
72.4285740852356,411
72.44385600090027,181
72.45915913581848,210
72.47515821456909,305
72.4910535812378,557
72.50618958473206,398
72.52168250083923,174
72.53719830513,212
72.55295181274414,318
72.56909203529358,560
72.5849461555481,375
72.60088682174683,179
72.61690044403076,225
72.63299870491028,334
72.64855694770813,569
72.66454911231995,374
72.68000316619873,181
72.69600939750671,230
72.71199321746826,349
72.7280261516571,565
72.7432930469513,364
72.75929188728333,169
72.77529764175415,213
72.7906379699707,353
72.80594396591187,550
72.82195615768433,337
72.83718180656433,169
72.85248398780823,224
72.86846971511841,383
72.88446521759033,557
72.90046381950378,314
72.91559720039368,178
72.93158984184265,235
72.94734311103821,408
72.96334290504456,552
72.97888016700745,301
72.99493432044983,184
73.01089668273926,243
73.02604699134827,437
73.0414674282074,552
73.05746746063232,298
73.0735809803009,187
73.08956933021545,249
73.10545182228088,456
73.12043857574463,536
73.1355767250061,250
73.1511013507843,191
73.16710376739502,252
73.18310308456421,484
73.19915342330933,512
73.21621036529541,218
73.2311999797821,191
73.24695897102356,250
73.26295351982117,492
73.27883052825928,500
73.29402542114258,212
73.30916047096252,194
73.32502102851868,258
73.3401517868042,507
73.3554060459137,493
73.37041401863098,218
73.3864426612854,195
73.4024007320404,260
73.41850090026855,527
73.43450808525085,479
73.45020794868469,214
73.46617674827576,202
73.48218321800232,267
73.49807047843933,535
73.51306819915771,448
73.52828454971313,191
73.54395413398743,204
73.55982875823975,273
73.57582950592041,543
73.59084677696228,425
73.60684394836426,178
73.62256073951721,203
73.6378538608551,282
73.65248918533325,543
73.66759371757507,402
73.68295884132385,176
73.6989643573761,204
73.71490263938904,299
73.7300443649292,551
73.74565982818604,391
73.76167750358582,175
73.77659964561462,214
73.79266715049744,330
73.80814719200134,563
73.82327127456665,378
73.83916592597961,184
73.85403895378113,232
73.86992764472961,361
73.8859293460846,574
73.90191888809204,361
73.91692996025085,188
73.93291735649109,234
73.94819140434265,377
73.96420311927795,567
73.98019552230835,351
73.99719214439392,187
74.01133108139038,237
74.0273118019104,392
74.0429277420044,559
74.0584180355072,338
74.07391667366028,182
74.0888843536377,236
74.10422468185425,403
74.12009620666504,557
74.13622117042542,313
74.15196561813354,184
74.16789507865906,241
74.1839690208435,425
74.19986391067505,556
74.2148551940918,294
74.23008275032043,187
74.24504280090332,247
74.26024746894836,434
74.27592134475708,555
74.29178738594055,293
74.30789923667908,192
74.3239016532898,248
74.33977961540222,459
74.35553169250488,541
74.37053680419922,264
74.38790917396545,192
74.40190863609314,250
74.41691017150879,468
74.43218445777893,520
74.44798827171326,243
74.46396517753601,192
74.47937846183777,254
74.49526476860046,499
74.51066279411316,500
74.52588152885437,216
74.54101467132568,198
74.5566794872284,260
74.57259583473206,511
74.58870601654053,492
74.60467553138733,214
74.62067675590515,199
74.63624811172485,267
74.65204358100891,529
74.66705799102783,475
74.68304586410522,209
74.69812798500061,204
74.71313834190369,264
74.72910761833191,534
74.74484658241272,453
74.76097559928894,199
74.77696180343628,211
74.79185342788696,275
74.80785036087036,538
74.82297563552856,439
74.83812141418457,196
74.85423970222473,215
74.8701446056366,289
74.88626742362976,553
74.9012553691864,426
74.91653108596802,190
74.93165683746338,217
74.94739055633545,299
74.96236848831177,559
74.97838711738586,412
74.99438714981079,184
75.01030015945435,215
75.02629017829895,314
75.04228520393372,568
75.05713319778442,403
75.07311725616455,185
75.08911609649658,219
75.10499858856201,330
75.12013220787048,566
75.13616371154785,376
75.15198588371277,189
75.16799306869507,234
75.18339681625366,353
75.19840860366821,567
75.21439361572266,369
75.23048949241638,186
75.24610042572021,231
75.26220989227295,362
75.27822637557983,559
75.29350256919861,352
75.30950093269348,172
75.32540607452393,228
75.34099411964417,382
75.35651731491089,554
75.37251687049866,320
75.38853168487549,171
75.40452098846436,224
75.42054653167725,388
75.43567609786987,543
75.45138263702393,303
75.46739196777344,180
75.48328351974487,236
75.49840092658997,418
75.51439666748047,555
75.53039407730103,310
75.54567575454712,190
75.56096172332764,249
75.57696390151978,444
75.5929627418518,549
75.60896229743958,283
75.62504959106445,186
75.64017915725708,251
75.65536141395569,466
75.67126655578613,537
75.68736219406128,260
75.70326161384583,195
75.71938037872314,249
75.73540377616882,479
75.75068712234497,521
75.7666802406311,234
75.7831289768219,193
75.79766845703125,251
75.81355714797974,489
75.82955813407898,502
75.84477210044861,224
75.86040902137756,195
75.8756935596466,261
75.89186358451843,510
75.9069938659668,497
75.9223940372467,220
75.93840861320496,203
75.9541265964508,263
75.9696033000946,530
75.98523306846619,476
76.00123333930969,213
76.01712965965271,216
76.03226852416992,281
76.04791593551636,546
76.06290340423584,455
76.07889604568481,198
76.09479212760925,212
76.11085247993469,280
76.12678670883179,548
76.142813205719,436
76.15836453437805,189
76.17434978485107,211
76.18968296051025,289
76.20495843887329,550
76.2199342250824,409
76.23604321479797,179
76.25176000595093,206
76.26765155792236,296
76.28377723693848,558
76.2997567653656,402
76.31547498703003,187
76.33145260810852,231
76.34657216072083,330
76.36233878135681,572
76.37818717956543,398
76.39429521560669,188
76.41019129753113,229
76.42622971534729,345
76.44180130958557,576
76.45657730102539,385
76.47256326675415,190
76.48780870437622,234
76.50382256507874,353
76.51982116699219,562
76.53583312034607,349
76.55241370201111,177
76.56740427017212,228
76.58302068710327,372
76.59898138046265,563
76.61491203308105,346
76.63092088699341,171
76.64745807647705,225
76.66313099861145,369
76.6790885925293,550
76.69513177871704,540
76.71103119850159,447
76.72612166404724,191
76.742032289505,212
76.75680375099182,280
76.77281761169434,551
76.78930902481079,441
76.80418920516968,193
76.8193187713623,223
76.83473896980286,305
76.84990167617798,570
76.8657808303833,421
76.88091373443604,197
76.89689087867737,235
76.91283965110779,322
76.92830538749695,576
76.94343113899231,417
76.9590790271759,195
76.97506666183472,232
76.99093890190125,334
77.00704407691956,576
77.0239417552948,396
77.03808689117432,183
77.05397009849548,225
77.06995844841003,332
77.08595561981201,563
77.1019561290741,379
77.11698126792908,176
77.13297462463379,224
77.14863204956055,348
77.16384696960449,560
77.17983889579773,361
77.19584918022156,183
77.2118604183197,236
77.2278983592987,379
77.24305558204651,569
77.25858497619629,350
77.27393221855164,190
77.28896999359131,253
77.30400347709656,408
77.31996273994446,577
77.33533978462219,350
77.35134887695312,194
77.36738586425781,252
77.38338685035706,422
77.39938831329346,575
77.41547226905823,340
77.43150639533997,201
77.44743776321411,257
77.4629979133606,430
77.47835731506348,566
77.49435472488403,304
77.51034951210022,191
77.52567791938782,248
77.5417971611023,440
77.55721426010132,549
77.57335376739502,283
77.58932781219482,190
77.60532188415527,251
77.62057447433472,466
77.63576364517212,531
77.6512668132782,263
77.6672728061676,197
77.68226909637451,262
77.69826650619507,487
77.71427893638611,528
77.7302680015564,248
77.7462866306305,207
77.76235485076904,267
77.77835273742676,501
77.79433822631836,510
77.80946779251099,225
77.82491517066956,204
77.84058451652527,266
77.85577273368835,519
77.8716447353363,487
77.88775134086609,211
77.90374517440796,202
77.91971635818481,261
77.93585586547852,521
77.9517126083374,456
77.96702361106873,193
77.9827618598938,196
77.99827551841736,260
78.01329970359802,524
78.02927994728088,445
78.04529213905334,193
78.06085968017578,206
78.07685828208923,275
78.09284830093384,543
78.10784840583801,444
78.12313055992126,196
78.13912534713745,221
78.15430784225464,295
78.1703155040741,554
78.18631219863892,426
78.20240378379822,187
78.21797847747803,219
78.23399996757507,303
78.24912762641907,558
78.26438117027283,414
78.280282497406,183
78.29627728462219,219
78.31140613555908,310
78.32741069793701,561
78.34346556663513,395
78.35914421081543,179
78.37504458427429,216
78.39005851745605,313
78.40604543685913,552
78.42205786705017,375
78.43808484077454,175
78.4534342288971,221
78.46946215629578,327
78.48546576499939,560
78.5015389919281,373
78.51753187179565,177
78.53350758552551,223
78.55015730857849,352
78.56627321243286,563
78.58227276802063,362
78.59830832481384,176
78.61327338218689,225
78.62926721572876,371
78.6452796459198,557
78.66095733642578,329
78.67641639709473,177
78.69260430335999,231
78.70798540115356,372
78.72398567199707,553
78.73926115036011,333
78.7549991607666,181
78.77100658416748,233
78.78702020645142,389
78.80300235748291,550
78.81890988349915,321
78.83495259284973,174
78.85074162483215,226
78.86577105522156,398
78.88088417053223,545
78.89689707756042,308
78.91276431083679,180
78.92874431610107,245
78.94387125968933,432
78.95927262306213,557
78.97441053390503,288
78.99039602279663,196
79.00639414787292,253
79.02237486839294,455
79.03838682174683,540
79.05425357818604,265
79.07023334503174,188
79.08621907234192,247
79.10182857513428,473
79.11694860458374,513
79.1329607963562,234
79.14830350875854,191
79.16390872001648,251
79.1798963546753,486
79.19590497016907,492
79.21190524101257,217
79.22790431976318,200
79.24392819404602,258
79.25949597358704,515
79.27492070198059,480
79.29080057144165,208
79.30690741539001,209
79.32280373573303,272
79.33795142173767,538
79.35384964942932,456
79.36981582641602,201
79.38571429252625,217
79.40102195739746,289
79.4162700176239,552
79.43146777153015,438
79.44728708267212,195
79.46203422546387,217
79.47767639160156,293
79.4931275844574,553
79.50825810432434,409
79.5235321521759,182
79.5395736694336,215
79.5552122592926,300
79.57120132446289,553
79.5873110294342,397
79.60332798957825,182
79.6193118095398,227
79.63529849052429,320
79.65122127532959,561
79.6668632030487,386
79.68284392356873,175
79.69883608818054,213
79.71473574638367,337
79.73037028312683,564
79.7460732460022,366
79.76178884506226,178
79.77768135070801,229
79.79377627372742,351
79.80981302261353,570
79.82567882537842,364
79.84094738960266,188
79.85667705535889,239
79.8726453781128,370
79.88870525360107,562
79.90467476844788,355
79.92068314552307,181
79.93656849861145,231
79.95179653167725,387
79.96735072135925,561
79.98332571983337,346
79.99932765960693,179
80.0153477191925,231
80.03134512901306,394
80.04735994338989,557
80.06287884712219,330
80.0780074596405,183
80.09399747848511,242
80.10954570770264,413
80.12555813789368,553
80.14055347442627,294
80.15614748001099,185
80.17209148406982,247
80.18728184700012,440
80.2032949924469,557
80.21938920021057,284
80.23541617393494,196
80.2513918876648,256
80.26701664924622,458
80.2830183506012,541
80.2991259098053,269
80.31412243843079,191
80.33001589775085,249
80.34610033035278,469
80.36198544502258,524
80.3778886795044,250
80.39290285110474,188
80.40843772888184,250
80.42443108558655,484
80.44018244743347,506
80.45628380775452,230
80.4722831249237,195
80.48827981948853,255
80.50417900085449,506
80.51930570602417,497
80.53430771827698,213
80.55040335655212,199
80.5656213760376,257
80.58066153526306,515
80.59621405601501,474
80.61214661598206,207
80.62808799743652,205
80.64408540725708,263
80.65985345840454,531
80.67584276199341,463
80.69184041023254,203
80.70684838294983,208
80.72273111343384,273
80.73786067962646,545
80.7543637752533,439
80.77037906646729,186
80.78596425056458,207
80.80196738243103,283
80.81795740127563,550
80.83396458625793,406
80.84993648529053,180
80.86464428901672,213
80.88067436218262,308
80.89567494392395,563
80.91161513328552,400
80.92754793167114,179
80.94375538825989,218
80.95927953720093,315
80.97480654716492,563
80.99041628837585,392
81.00642228126526,185
81.02241635322571,224
81.03840041160583,338
81.05496835708618,566
81.07099056243896,375
81.08699035644531,180
81.10301899909973,223
81.1189980506897,359
81.13498449325562,563
81.15100741386414,342
81.16631078720093,178
81.18233752250671,236
81.19834041595459,386
81.21386885643005,560
81.2298891544342,329
81.24585700035095,176
81.2611255645752,231
81.2771110534668,404
81.29311561584473,554
81.30912566184998,311
81.32511305809021,183
81.3404233455658,241
81.35612201690674,433
81.37203812599182,545
81.38702201843262,274
81.40220904350281,182
81.41820764541626,236
81.43370509147644,451
81.44874429702759,535
81.46452236175537,251
81.48052072525024,200
81.49594950675964,263
81.51096296310425,492
81.52579712867737,521
81.54179883003235,238
81.55760407447815,195
81.57259035110474,255
81.5885956287384,495
81.6040825843811,498
81.61998629570007,223
81.63550186157227,194
81.6505377292633,254
81.66569948196411,513
81.68070387840271,471
81.6965925693512,199
81.71217155456543,197
81.72817969322205,267
81.74416995048523,535
81.75985932350159,452
81.7758355140686,189
81.7911913394928,204
81.80721282958984,271
81.823322057724,537
81.8392219543457,444
81.85596203804016,193
81.87109518051147,218
81.88635635375977,289
81.90234184265137,557
81.91835308074951,437
81.93423628807068,195
81.94941449165344,223
81.96518516540527,307
81.98104882240295,566
81.997141122818,410
82.01315236091614,184
82.02916765213013,220
82.04523253440857,312
82.06109380722046,563
82.07708883285522,400
82.09208130836487,183
82.10810565948486,220
82.12352204322815,319
82.13952302932739,565
82.15473580360413,388
82.17026925086975,186
82.18624949455261,231
82.20215225219727,353
82.21821475028992,571
82.2341456413269,378
82.24928855895996,181
82.26492214202881,232
82.28081703186035,359
82.29603552818298,570
82.31202840805054,366
82.32805609703064,185
82.34404468536377,238
82.35979318618774,379
82.37518382072449,572
82.39127731323242,351
82.40664339065552,186
82.42246103286743,237
82.43847155570984,386
82.45507431030273,567
82.46983599662781,345
82.48582172393799,186
82.50181984901428,239
82.51799130439758,412
82.53383326530457,561
82.54986596107483,324
82.5654079914093,187
82.58112668991089,246
82.59626936912537,430
82.61226511001587,561
82.62824749946594,296
82.6438136100769,193
82.65953087806702,255
82.67554187774658,454
82.69154477119446,556
82.7074224948883,275
82.72352862358093,194
82.73943781852722,253
82.75446486473083,467
82.7703697681427,542
82.78571057319641,265
82.80160713195801,192
82.81760716438293,249
82.83370852470398,472
82.84883379936218,522
82.86453318595886,243
82.88042545318604,189
82.89656376838684,245
82.91253399848938,486
82.92842531204224,498
82.94363713264465,223
82.95974206924438,190
82.97501492500305,255
82.99030470848083,507
83.0061719417572,507
83.02216339111328,220
83.03750944137573,216
83.05373573303223,274
83.06935334205627,535
83.08535194396973,483
83.10133838653564,214
83.11735725402832,209
83.13344240188599,271
83.14944624900818,546
83.16511631011963,459
83.18119835853577,204
83.19718170166016,215
83.21317887306213,280
83.22793674468994,552
83.24295735359192,441
83.25859785079956,194
83.2746069431305,214
83.29061007499695,285
83.3058249950409,554
83.32122945785522,418
83.33716678619385,180
83.3522698879242,207
83.36797451972961,291
83.38395142555237,559
83.40000748634338,423
83.41601204872131,188
83.43201494216919,225
83.44726586341858,319
83.46305012702942,574
83.47834753990173,414
83.49447464942932,186
83.50961089134216,227
83.52571153640747,321
83.54174041748047,569
83.557852268219,398
83.57286143302917,180
83.58885765075684,219
83.60387325286865,338
83.61887192726135,570
83.63416266441345,365
83.65033268928528,176
83.6663110256195,224
83.68172764778137,348
83.69714212417603,565
83.71313881874084,362
83.72881579399109,174
83.74396872520447,222
83.75931668281555,354
83.77520060539246,558
83.79066705703735,350
83.80674433708191,170
83.82271122932434,223
83.838623046875,374
83.85385656356812,562
83.86953353881836,342
83.88550615310669,179
83.90149879455566,237
83.91739201545715,395
83.93342590332031,561
83.94903874397278,335
83.96512293815613,183
83.98112964630127,234
83.99706959724426,404
84.01220321655273,550
84.02812266349792,297
84.04424548149109,178
84.05995798110962,236
84.07523345947266,420
84.09112691879272,553
84.10713124275208,295
84.12232565879822,182
84.13832569122314,241
84.15436339378357,444
84.16984486579895,538
84.18586897850037,277
84.20155787467957,182
84.21756744384766,245
84.23356127738953,463
84.24960565567017,535
84.26517295837402,260
84.2811815738678,189
84.29719471931458,246
84.31319546699524,477
84.32832169532776,516
84.3441994190216,231
84.36046099662781,198
84.37646174430847,262
84.39247703552246,507
84.40802049636841,515
84.42302060127258,228
84.4390275478363,205
84.45505475997925,264
84.47059035301208,520
84.48639440536499,498
84.50196957588196,215
84.5174286365509,191
84.53342700004578,253
84.54943895339966,517
84.5649676322937,473
84.58095264434814,203
84.59696221351624,193
84.61195278167725,260
84.62793707847595,526
84.64395236968994,455
84.65948677062988,190
84.67550849914551,202
84.6915135383606,272
84.7076063156128,548
84.72350764274597,443
84.73823976516724,192
84.75434637069702,214
84.77013492584229,287
84.78528666496277,555
84.80077004432678,428
84.8167610168457,191
84.83288264274597,219
84.84802651405334,302
84.8636531829834,567
84.87964200973511,422
84.89500617980957,191
84.91110897064209,221
84.92645049095154,312
84.94192099571228,566
84.95794129371643,391
84.97324442863464,181
84.98922514915466,224
85.00524997711182,337
85.02078795433044,566
85.03678727149963,368
85.05278205871582,182
85.06875371932983,231
85.08373594284058,351
85.09972977638245,574
85.11487889289856,378
85.13086795806885,186
85.14597201347351,236
85.16172337532043,373
85.17770481109619,576
85.19312858581543,370
85.20910263061523,185
85.22510480880737,240
85.2410089969635,388
85.25711631774902,571
85.27179026603699,354
85.28773474693298,189
85.30368757247925,239
85.31916642189026,396
85.33442521095276,563
85.34987139701843,317
85.3659176826477,180
85.38163542747498,239
85.39720940589905,417
85.41253399848938,550
85.42766284942627,296
85.44308376312256,181
85.45916867256165,238
85.47480249404907,431
85.4900414943695,554
85.50606346130371,300
85.5220377445221,187
85.5380380153656,245
85.55406355857849,447
85.56970310211182,545
85.58566880226135,268
85.60168671607971,196
85.61668705940247,254
85.63304853439331,465
85.64867281913757,532
85.66389346122742,245
85.67978000640869,189
85.6958658695221,247
85.71189332008362,476
85.72786974906921,510
85.74403929710388,228
85.7590982913971,183
85.77463960647583,240
85.79062366485596,493
85.80587339401245,493
85.82107853889465,221
85.83658957481384,191
85.85262775421143,249
85.86789464950562,509
85.8826322555542,474
85.89786195755005,203
85.91299605369568,199
85.92799520492554,263
85.94341993331909,534
85.95846176147461,462
85.973703622818,206
85.98959422111511,218
86.00479292869568,282
86.02078986167908,549
86.03580856323242,443
86.05180191993713,188
86.06733107566833,198
86.0825526714325,284
86.09866762161255,550
86.11474943161011,420
86.13076615333557,179
86.14675903320312,202
86.1623067855835,286
86.17830419540405,549
86.19374895095825,393
86.20876550674438,170
86.22476601600647,207
86.24024605751038,307
86.25627326965332,559
86.27221632003784,376
86.28762936592102,169
86.303218126297,211
86.31923913955688,325
86.33482074737549,564
86.35091137886047,379
86.36652088165283,180
86.38265872001648,230
86.3985230922699,363
86.41352605819702,573
86.42880773544312,380
86.44382452964783,186
86.45983457565308,240
86.4756669998169,371
86.49166560173035,573
86.5067937374115,358
86.52220106124878,184
86.53820157051086,232
86.55421924591064,372
86.56941270828247,556
86.58441185951233,332
86.60039925575256,174
86.61540722846985,228
86.63141250610352,378
86.64744710922241,551
86.66294622421265,333
86.6789493560791,182
86.69494819641113,239
86.71094822883606,416
86.72694444656372,561
86.74294519424438,317
86.7589590549469,189
86.77449059486389,238
86.78950309753418,427
86.80549120903015,559
86.82148599624634,301
86.83748745918274,188
86.85349655151367,250
86.86901235580444,448
86.88506960868835,555
86.90068650245667,276
86.91568684577942,196
86.9316725730896,257
86.9477367401123,470
86.9630401134491,543
86.97803139686584,264
86.99403166770935,194
87.01002931594849,251
87.02599167823792,470
87.0420310497284,516
87.0580883026123,239
87.07350850105286,184
87.08950901031494,242
87.10515689849854,483
87.12015414237976,503
87.13615250587463,216
87.15132522583008,188
87.16723942756653,253
87.18307256698608,510
87.19907426834106,497
87.21511220932007,216
87.23111271858215,211
87.246417760849,274
87.26242446899414,537
87.27806639671326,478
87.2940456867218,212
87.30993866920471,208
87.325124502182,275
87.34109711647034,540
87.35628914833069,454
87.37200856208801,198
87.38700008392334,209
87.40294909477234,281
87.41893672943115,550
87.43493795394897,420
87.45025634765625,188
87.46542525291443,218
87.48144149780273,301
87.49744081497192,555
87.51342439651489,393
87.52888631820679,184
87.54488849639893,224
87.56090235710144,310
87.57643795013428,564
87.59286713600159,399
87.60789489746094,189
87.62289500236511,226
87.63889050483704,332
87.65490627288818,569
87.67042112350464,393
87.68642139434814,188
87.70241808891296,227
87.7177460193634,351
87.73292541503906,566
87.74895286560059,373
87.76452851295471,180
87.78051710128784,225
87.79592752456665,358
87.81192445755005,559
87.82792448997498,355
87.84392833709717,176
87.85994720458984,224
87.87537622451782,373
87.89137315750122,545
87.90699911117554,308
87.92301225662231,181
87.93901014328003,231
87.95402908325195,394
87.97010064125061,548
87.98611807823181,305
88.0021185874939,169
88.01811861991882,234
88.0334484577179,417
88.04949569702148,547
88.06525897979736,300
88.08126187324524,185
88.09727311134338,247
88.11270809173584,445
88.12869334220886,544
88.14470911026001,283
88.16073989868164,184
88.176278591156,244
88.1912772655487,444
88.20727491378784,532
88.22339868545532,255
88.23938202857971,186
88.25549077987671,266
88.27078890800476,466
88.28669238090515,518
88.30184268951416,236
88.31785368919373,182
88.33396363258362,244
88.34986114501953,474
88.3651921749115,510
88.38034391403198,227
88.39606738090515,181
88.41246604919434,243
88.4276795387268,487
88.44315695762634,485
88.4583146572113,215
88.47439622879028,190
88.48974514007568,257
88.50583624839783,510
88.52137279510498,474
88.5373785495758,201
88.55343008041382,203
88.56890511512756,266
88.58500456809998,536
88.60090827941895,466
88.61690282821655,204
88.63291478157043,212
88.64843225479126,281
88.66369342803955,557
88.67949032783508,450
88.6954882144928,197
88.71148800849915,212
88.72748899459839,287
88.74326086044312,551
88.75840091705322,421
88.77409601211548,187
88.79009342193604,214
88.80609321594238,302
88.82199716567993,559
88.83810377120972,400
88.85420250892639,191
88.86984443664551,227
88.88584685325623,324
88.90185117721558,568
88.91675186157227,388
88.93284010887146,185
88.94922542572021,228
88.9647102355957,342
88.9804630279541,577
88.99648237228394,393
89.01246666908264,195
89.02846002578735,232
89.04343771934509,355
89.05870246887207,565
89.07453799247742,360
89.09038615226746,177
89.10641264915466,223
89.12229084968567,360
89.13841509819031,560
89.15447044372559,340
89.16988587379456,185
89.18589305877686,232
89.201899766922,378
89.21788311004639,562
89.23390007019043,341
89.2488911151886,188
89.263911485672,242
89.27924966812134,392
89.2952492237091,563
89.31079268455505,345
89.32599830627441,188
89.34198379516602,240
89.35812520980835,406
89.37373757362366,568
89.38973212242126,342
89.40562725067139,189
89.42162728309631,242
89.4376323223114,413
89.4536623954773,556
89.46920490264893,297
89.48518061637878,192
89.50052332878113,245
89.51578545570374,434
89.53210473060608,556
89.5471088886261,294
89.56313133239746,189
89.57910513877869,252
89.59496736526489,445
89.610995054245,542
89.62609243392944,271
89.64220309257507,187
89.65830826759338,247
89.67414426803589,467
89.69011998176575,526
89.706130027771,250
89.72202801704407,189
89.73801922798157,248
89.7533278465271,487
89.76847767829895,506
89.78404307365417,223
89.80008268356323,196
89.81613230705261,259
89.83192729949951,508
89.84792447090149,495
89.8639326095581,211
89.87970972061157,199
89.89574599266052,261
89.91172242164612,518
89.9267144203186,477
89.94271349906921,211
89.95872831344604,205
89.97423505783081,273
89.99037623405457,543
90.0063488483429,463
90.0223388671875,201
90.0382354259491,205
90.05336356163025,269
90.06852674484253,537
90.08450198173523,441
90.1004090309143,188
90.11553406715393,206
90.13080716133118,272
90.14638376235962,546
90.16227459907532,430
90.1779088973999,187
90.19389533996582,212
90.20990705490112,288
90.22489261627197,554
90.2409098148346,419
90.25693035125732,185
90.27249455451965,213
90.28853011131287,306
90.30447673797607,563
90.31958150863647,407
90.33558201789856,183
90.35149216651917,223
90.3671236038208,325
90.38286137580872,567
90.39880347251892,376
90.4148416519165,180
90.43023324012756,228
90.44558000564575,356
90.46069097518921,568
90.47650980949402,364
90.49152302742004,185
90.50752568244934,229
90.52292370796204,362
90.53892254829407,564
90.55393099784851,355
90.56948828697205,175
90.58483743667603,224
90.60023808479309,365
90.61625003814697,554
90.63125085830688,356
90.64705753326416,175
90.66304802894592,227
90.67868709564209,380
90.69471001625061,561
90.710693359375,342
90.72658038139343,181
90.74268388748169,235
90.75760626792908,399
90.77311253547668,564
90.78835606575012,311
90.80434846878052,184
90.82018208503723,242
90.8360447883606,421
90.85117292404175,555
90.86631631851196,299
90.88127589225769,184
90.89728736877441,240
90.91227602958679,438
90.9272735118866,552
90.94333791732788,298
90.95854258537292,189
90.97416138648987,249
90.98909735679626,454
91.00442934036255,544
91.02021336555481,270
91.03621172904968,189
91.05234289169312,249
91.06812381744385,468
91.0832588672638,530
91.09925270080566,251
91.11515069007874,187
91.13114762306213,248
91.14628267288208,482
91.16226863861084,520
91.17708253860474,243
91.19296765327454,193
91.20806884765625,253
91.22396349906921,490
91.23948550224304,507
91.25566124916077,230
91.2714741230011,192
91.28746318817139,255
91.30346131324768,507
91.31846928596497,483
91.33456087112427,204
91.35056066513062,202
91.36657667160034,265
91.38222789764404,533
91.39720702171326,471
91.41319966316223,207
91.4286584854126,221
91.44336414337158,287
91.45930910110474,555
91.47497320175171,456
91.4910671710968,198
91.50706195831299,219
91.52218127250671,292
91.53917932510376,561
91.55418586730957,438
91.56973791122437,194
91.58514523506165,218
91.60035443305969,299
91.61638402938843,564
91.63249278068542,411
91.64777541160583,186
91.66358876228333,221
91.67963433265686,313
91.69536685943604,569
91.71137022972107,401
91.72688579559326,185
91.7420244216919,219
91.75803637504578,318
91.77361750602722,560
91.78865766525269,380
91.80465745925903,173
91.81961679458618,216
91.83563137054443,335
91.85124015808105,568
91.86665773391724,378
91.88131141662598,181
91.89731955528259,228
91.91321015357971,361
91.92920565605164,575
91.94471263885498,359
91.96029424667358,186
91.97586512565613,235
91.9918622970581,371
92.00787734985352,568
92.02386569976807,355
92.03886461257935,184
92.05437660217285,237
92.0701220035553,391
92.0861496925354,570
92.10173106193542,356
92.1173312664032,185
92.13332557678223,238
92.14821648597717,402
92.16421270370483,561
92.17949414253235,307
92.19562721252441,182
92.21149230003357,239
92.22614693641663,412
92.24158430099487,551
92.25769448280334,284
92.27336931228638,177
92.2893476486206,233
92.30529808998108,428
92.32133722305298,544
92.33735966682434,291
92.35333395004272,181
92.36846351623535,237
92.38395953178406,432
92.39989018440247,544
92.41494417190552,287
92.4308614730835,184
92.44685673713684,244
92.46215009689331,457
92.47770190238953,530
92.49369478225708,248
92.50968647003174,186
92.52578711509705,250
92.54174852371216,483
92.55783224105835,523
92.57329392433167,229
92.58928966522217,196
92.60531568527222,257
92.62129282951355,500
92.63728928565979,501
92.65329098701477,219
92.66842746734619,197
92.68418788909912,258
92.70020580291748,519
92.71621251106262,490
92.73214745521545,211
92.74718999862671,197
92.76330757141113,262
92.77907013893127,526
92.79508519172668,468
92.81128358840942,203
92.82727026939392,211
92.8423068523407,274
92.85743355751038,546
92.87318634986877,461
92.89008593559265,201
92.90521144866943,217
92.92130017280579,282
92.93720483779907,553
92.95318531990051,443
92.96931862831116,195
92.9849636554718,215
92.9999737739563,296
93.01585555076599,557
93.0318546295166,417
93.04786562919617,183
93.06388354301453,210
93.07934284210205,302
93.09450340270996,561
93.11045503616333,405
93.12644982337952,181
93.14199900627136,217
93.15790128707886,315
93.1736831665039,568
93.18966031074524,394
93.20597195625305,186
93.22169470787048,230
93.2366943359375,337
93.25197219848633,571
93.26799535751343,373
93.28320288658142,179
93.29920983314514,231
93.31518864631653,371
93.33046650886536,573
93.34655857086182,365
93.36229038238525,181
93.37744498252869,229
93.39346098899841,378
93.40870785713196,562
93.4246175289154,330
93.44060683250427,179
93.45660710334778,236
93.47251510620117,398
93.48752617835999,557
93.50351929664612,316
93.51886987686157,184
93.53433847427368,242
93.55033707618713,413
93.56643843650818,557
93.5818350315094,312
93.59785413742065,185
93.61375904083252,242
93.62973093986511,434
93.64583134651184,555
93.6619462966919,293
93.67767882347107,193
93.69366002082825,253
93.70968127250671,462
93.72456121444702,544
93.73954963684082,264
93.75518822669983,193
93.77032160758972,249
93.78595089912415,465
93.80194973945618,541
93.81794857978821,245
93.83294367790222,188
93.84896636009216,248
93.86505818367004,485
93.8803722858429,519
93.8964729309082,237
93.91224026679993,196
93.9273509979248,261
93.94336128234863,507
93.95927000045776,508
93.97485256195068,231
93.99085545539856,206
94.00695967674255,264
94.0228533744812,520
94.03835558891296,488
94.05368852615356,519
94.06979703903198,242
94.08548188209534,209
94.10154962539673,266
94.11661314964294,504
94.13258719444275,502
94.14847946166992,224
94.16370272636414,203
94.17912554740906,267
94.19601845741272,519
94.21106934547424,488
94.22702503204346,219
94.24301671981812,210
94.25803017616272,274
94.27358555793762,533
94.28871417045593,470
94.30470252037048,208
94.32065653800964,216
94.33670425415039,282
94.35270023345947,545
94.36872887611389,451
94.3844153881073,195
94.40051078796387,215
94.4155490398407,286
94.43154311180115,550
94.44743824005127,439
94.46266603469849,196
94.4782235622406,226
94.4941999912262,301
94.51019501686096,561
94.5255880355835,424
94.54160451889038,196
94.55686450004578,226
94.57296419143677,307
94.58864116668701,563
94.60425901412964,418
94.6195547580719,187
94.63469910621643,222
94.64983773231506,309
94.66591835021973,561
94.68167352676392,393
94.69768905639648,180
94.71300625801086,224
94.72912788391113,330
94.74510788917542,569
94.76123380661011,386
94.77685642242432,188
94.79296541213989,231
94.80799055099487,347
94.82385659217834,571
94.83976984024048,382
94.85572838783264,187
94.87183046340942,233
94.88719725608826,357
94.90233135223389,568
94.91830706596375,369
94.93429636955261,185
94.95030164718628,236
94.96544194221497,373
94.98107075691223,562
94.99706554412842,333
95.01297283172607,187
95.02896404266357,242
95.04406905174255,391
95.05996751785278,560
95.07569766044617,336
95.09082627296448,181
95.10670471191406,239
95.12270522117615,394
95.13871216773987,555
95.15474271774292,324
95.17049884796143,177
95.18616485595703,237
95.2021210193634,413
95.21727132797241,555
95.23318290710449,310
95.24926996231079,186
95.26513433456421,244
95.28076648712158,435
95.29649806022644,547
95.31161618232727,272
95.32763314247131,186
95.34363651275635,247
95.35975360870361,446
95.37603235244751,530
95.3912603855133,257
95.40735054016113,179
95.42335772514343,238
95.4383852481842,442
95.45436573028564,522
95.47046709060669,256
95.48614764213562,182
95.50205111503601,248
95.51704835891724,469
95.5331494808197,517
95.54915070533752,231
95.56616067886353,195
95.58067798614502,250
95.59567260742188,487
95.6117856502533,497
95.62772703170776,221
95.64278054237366,197
95.65878558158875,260
95.67482256889343,513
95.69045519828796,488
95.705974817276,216
95.72185611724854,204
95.73795795440674,265
95.75399112701416,522
95.77012515068054,467
95.7857460975647,203
95.80110311508179,197
95.8171968460083,261
95.83319139480591,524
95.84919714927673,446
95.86530447006226,186
95.88104701042175,200
95.89705181121826,272
95.91205883026123,535
95.92794513702393,428
95.9440495967865,185
95.95980739593506,214
95.97581386566162,290
95.99134707450867,553
96.00647282600403,429
96.0224449634552,191
96.03835034370422,221
96.05436134338379,303
96.07040500640869,566
96.08596563339233,418
96.10147428512573,193
96.11748361587524,227
96.13278794288635,318
96.14890336990356,566
96.164959192276,387
96.18067860603333,185
96.1966872215271,227
96.2126989364624,320
96.2275333404541,560
96.24304175376892,375
96.2584822177887,173
96.27439141273499,219
96.2899432182312,337
96.30694389343262,555
96.32196164131165,376
96.33795881271362,182
96.35394144058228,229
96.36911988258362,355
96.38487911224365,563
96.40089178085327,369
96.41690015792847,180
96.4328944683075,228
96.44890356063843,364
96.46403074264526,562
96.47948408126831,356
96.49543571472168,189
96.51138186454773,244
96.52748155593872,388
96.54348015785217,564
96.55950355529785,341
96.57559609413147,184
96.59124445915222,234
96.60623478889465,394
96.62224411964417,559
96.63824701309204,325
96.65424656867981,186
96.67036056518555,244
96.6860864162445,420
96.70199251174927,554
96.7170958518982,303
96.73309588432312,188
96.74908375740051,247
96.7646484375,446
96.78012037277222,554
96.79542112350464,283
96.81147813796997,196
96.82753562927246,256
96.84353947639465,466
96.85923314094543,548
96.87525367736816,275
96.89053535461426,198
96.90609335899353,259
96.92132592201233,481
96.93700194358826,538
96.95310282707214,257
96.96921586990356,199
96.98475480079651,258
97.00027227401733,502
97.01611089706421,505
97.03211998939514,225
97.04823207855225,195
97.06422805786133,258
97.07996797561646,509
97.0950825214386,493
97.11097693443298,208
97.12711262702942,203
97.14305639266968,262
97.15881943702698,523
97.17483615875244,477
97.19050908088684,201
97.2056474685669,204
97.22186374664307,267
97.23887825012207,531
97.25397610664368,456
97.26998567581177,199
97.285640001297,213
97.3009614944458,277
97.31643915176392,543
97.33216071128845,443
97.34816002845764,190
97.36330652236938,211
97.37938475608826,281
97.39491772651672,548
97.410893201828,417
97.42678046226501,180
97.44291067123413,213
97.45789504051208,296
97.47399044036865,557
97.4894917011261,411
97.50558233261108,181
97.52156925201416,218
97.53657388687134,304
97.55181860923767,558
97.56783127784729,395
97.58346605300903,179
97.598872423172,221
97.6148509979248,330
97.63074040412903,562
97.64574480056763,369
97.66087174415588,183
97.67701315879822,235
97.69306635856628,359
97.70905947685242,574
97.72495365142822,371
97.74041724205017,187
97.75646591186523,234
97.77244997024536,370
97.78767609596252,567
97.80375719070435,364
97.8197431564331,180
97.83527207374573,232
97.8504159450531,384
97.86635518074036,557
97.881991147995,323
97.89713287353516,183
97.91314196586609,238
97.92912793159485,402
97.94411206245422,558
97.96013045310974,318
97.97624850273132,184
97.99153184890747,241
98.00753879547119,419
98.02343130111694,553
98.03855919837952,305
98.05443143844604,193
98.07046270370483,249
98.08605146408081,448
98.10207176208496,549
98.11761045455933,283
98.13359951972961,190
98.14961194992065,248
98.16559934616089,454
98.18067479133606,530
98.19648575782776,244
98.21247911453247,183
98.22748804092407,248
98.24266457557678,471
98.25876903533936,516
98.27468752861023,237
98.29025673866272,187
98.30625891685486,240
98.32225918769836,478
98.33824515342712,496
98.35337090492249,213
98.36947298049927,183
98.38461303710938,250
98.3999502658844,507
98.41605520248413,493
98.43118286132812,216
98.44695162773132,203
98.46205186843872,273
98.47809982299805,536
98.49369931221008,480
98.5097005367279,209
98.52515697479248,219
98.54125618934631,277
98.5571596622467,541
98.57327127456665,455
98.58857369422913,197
98.6035532951355,207
98.61854815483093,276
98.63446760177612,543
98.65035676956177,442
98.6664547920227,185
98.68163251876831,205
98.69723510742188,278
98.7133412361145,548
98.72934460639954,419
98.74527907371521,181
98.76066589355469,218
98.77579641342163,302
98.79141402244568,558
98.80751395225525,408
98.82351231575012,192
98.83853197097778,228
98.85451292991638,323
98.87054538726807,571
98.88615417480469,391
98.90224599838257,188
98.91728806495667,232
98.93315124511719,342
98.9492552280426,570
98.96525311470032,375
98.98117661476135,178
98.99704957008362,220
99.01300835609436,351
99.028000831604,558
99.04395890235901,357
99.05989480018616,176
99.07516670227051,228
99.09093117713928,374
99.10694718360901,559
99.1229305267334,336
99.138836145401,183
99.15494847297668,237
99.17008376121521,391
99.18561506271362,568
99.20160269737244,331
99.21696734428406,183
99.23289895057678,238
99.24894976615906,411
99.26501441001892,562
99.28009104728699,315
99.29523158073425,188
99.31122732162476,246
99.32722425460815,430
99.34323382377625,560
99.35823822021484,306
99.37337946891785,185
99.38896703720093,243
99.40496277809143,439
99.4201066493988,546
99.43606424331665,281
99.45206117630005,185
99.4679582118988,243
99.48319792747498,452
99.4984815120697,536
99.51336693763733,256
99.5292546749115,193
99.54501700401306,250
99.56050276756287,472
99.57588148117065,530
99.59158825874329,247
99.60755324363708,200
99.62364888191223,260
99.63962388038635,495
99.65462231636047,520
99.67052292823792,240
99.68603467941284,202
99.70152950286865,263
99.71700119972229,513
99.7325987815857,507
99.74848079681396,222
99.76387667655945,208
99.77997350692749,268
99.79543566703796,525
99.8114321231842,480
99.82643222808838,203
99.84157466888428,200
99.85747528076172,267
99.87354946136475,531
99.88903427124023,462
99.90508103370667,195
99.92107820510864,200
99.9367663860321,267
99.9527657032013,539
99.96772122383118,443
99.9838125705719,189
99.999338388443,206
100.01533889770508,279
100.03134822845459,552
100.04729509353638,437
100.0632917881012,192
100.07945513725281,217
100.09515142440796,291
100.11119222640991,560
100.1261899471283,424
100.14121413230896,189
100.1571912765503,219
100.17315435409546,302
100.18883872032166,560
100.20482349395752,415
100.22083497047424,181
100.23678278923035,210
100.2527871131897,297
100.26816940307617,556
100.284255027771,397
100.29990673065186,177
100.31589937210083,222
100.33101439476013,324
100.3469033241272,563
100.36290264129639,375
100.37895488739014,177
100.39411091804504,228
100.4100992679596,350
100.42528915405273,569
100.44128465652466,373
100.45741033554077,182
100.47349143028259,228
100.48922824859619,362
100.50522184371948,565
100.52082395553589,362
100.53684282302856,179
100.55272555351257,224
100.56883192062378,365
100.58396029472351,555
100.60060834884644,333
100.61516451835632,175
100.63107705116272,233
100.64689803123474,389
100.66289639472961,557
100.67802166938782,324
100.69363188743591,176
100.70877599716187,233
100.72463297843933,399
100.74074172973633,555
100.75675463676453,317
100.77273368835449,181
100.7887647151947,239
100.80406522750854,432
100.82003688812256,552
100.83594298362732,300
100.85203552246094,186
100.8680636882782,244
100.88319182395935,434
100.89892578125,543
100.91492652893066,263
100.93082475662231,191
100.94595551490784,249
100.96193957328796,456
100.97803473472595,526
100.99378633499146,244
101.00928735733032,177
101.02540588378906,242
101.04142045974731,482
101.05739545822144,507
101.07328748703003,228
101.0898334980011,196
101.10586667060852,256
101.12144541740417,514
101.13748335838318,493
101.15297269821167,216
101.16886520385742,202
101.18450164794922,265
101.20027542114258,525
101.2161796092987,477
101.23226809501648,201
101.24816656112671,209
101.2641830444336,273
101.28017449378967,536
101.29525232315063,457
101.31125330924988,197
101.32625985145569,210
101.34225726127625,276
101.35725402832031,545
101.37281823158264,439
101.38883876800537,190
101.40439414978027,199
101.42038583755493,277
101.43660616874695,548
101.4518518447876,416
101.46684765815735,179
101.4828782081604,209
101.49850058555603,293
101.5136308670044,552
101.52963471412659,391
101.54515933990479,170
101.56105661392212,212
101.57626533508301,309
101.59202527999878,560
101.60792708396912,386
101.62403202056885,169
101.63934707641602,215
101.65450692176819,325
101.67062711715698,558
101.68564653396606,380
101.70120167732239,169
101.7173056602478,218
101.73229336738586,343
101.74719047546387,562
101.76331782341003,373
101.77941799163818,178
101.79544568061829,225
101.81144309043884,359
101.8274576663971,556
101.84244799613953,323
101.85845041275024,181
101.87446022033691,235
101.89000034332275,381
101.90553164482117,557
101.9215304851532,315
101.9375228881836,183
101.95351338386536,237
101.9695143699646,403
101.9847822189331,559
102.0003445148468,321
102.01633524894714,185
102.03233218193054,241
102.04746341705322,422
102.06343507766724,560
102.07881140708923,323
102.0941059589386,187
102.11011672019958,240
102.12623977661133,437
102.14211249351501,544
102.15776634216309,290
102.17357087135315,183
102.18959021568298,245
102.20510339736938,456
102.2211000919342,529
102.23710179328918,244
102.25310468673706,191
102.26910376548767,251
102.28511357307434,473
102.30068397521973,523
102.31601190567017,237
102.3319742679596,193
102.3480281829834,253
102.36397242546082,488
102.37998819351196,513
102.39602446556091,225
102.41202592849731,196
102.42807030677795,259
102.44402527809143,512
102.45919299125671,483
102.47507429122925,211
102.49111747741699,198
102.50673341751099,260
102.52268624305725,528
102.53873324394226,463
102.55468821525574,203
102.57068610191345,211
102.58569669723511,275
102.60094714164734,544
102.61694622039795,450
102.63227653503418,198
102.64834642410278,219
102.66433000564575,289
102.68016052246094,556
102.69593071937561,429
102.71126246452332,192
102.7272400856018,220
102.74324703216553,304
102.75922751426697,559
102.77517008781433,404
102.79035329818726,181
102.80600237846375,215
102.82200717926025,310
102.83799982070923,556
102.85410833358765,378
102.87010169029236,169
102.88532829284668,217
102.90049862861633,329
102.9156265258789,558
102.93155646324158,370
102.94760084152222,183
102.96361017227173,224
102.97977781295776,349
102.99543857574463,565
103.01148343086243,365
103.02739095687866,182
103.04348611831665,236
103.0584831237793,377
103.07450199127197,566
103.08963394165039,363
103.10527300834656,185
103.12117314338684,235
103.1372241973877,386
103.15327548980713,562
103.16923022270203,330
103.18453764915466,185
103.20008420944214,238
103.21515703201294,397
103.23061847686768,551
103.24595713615417,308
103.26141953468323,182
103.277348279953,237
103.29248452186584,411
103.30800080299377,545
103.32402229309082,306
103.34000825881958,180
103.35610437393188,237
103.37111163139343,432
103.38633418083191,539
103.40170073509216,285
103.41670727729797,186
103.43267583847046,244
103.44840979576111,458
103.4645311832428,530
103.47969675064087,256
103.49570155143738,193
103.51164388656616,250
103.52778244018555,476
103.5436589717865,518
103.55964922904968,231
103.5757839679718,201
103.59181690216064,259
103.60718488693237,496
103.62318277359009,499
103.63931703567505,221
103.65518093109131,199
103.67119765281677,257
103.68723225593567,513
103.70275235176086,483
103.7184727191925,214
103.73447179794312,200
103.75047087669373,259
103.76653671264648,518
103.78167796134949,460
103.7974374294281,190
103.8133156299591,205
103.82933282852173,275
103.84532833099365,545
103.8613166809082,458
103.87633204460144,203
103.89235877990723,219
103.90790748596191,292
103.92400002479553,552
103.93990349769592,433
103.95533490180969,190
103.97134590148926,217
103.98737120628357,295
104.00286889076233,563
104.01888585090637,431
104.03488516807556,198
104.05087423324585,223
104.06688475608826,314
104.08288598060608,561
104.09881234169006,401
104.11426758766174,188
104.13024854660034,225
104.1462516784668,314
104.16225099563599,567
104.17824864387512,406
104.19327569007874,188
104.20885491371155,226
104.22491693496704,318
104.24030375480652,563
104.25596618652344,400
104.27197647094727,194
104.28800344467163,226
104.30350351333618,325
104.31950569152832,565
104.33550429344177,386
104.35150671005249,190
104.36750912666321,233
104.38361716270447,350
104.39934349060059,572
104.41531467437744,370
104.431307554245,188
104.44641256332397,235
104.46154928207397,369
104.47754955291748,561
104.49311089515686,351
104.50863456726074,179
104.52463436126709,233
104.54075741767883,379
104.55677485466003,549
104.57275223731995,327
104.58865547180176,171
104.60440135002136,226
104.62038207054138,385
104.63638424873352,542
104.65239715576172,313
104.66738677024841,177
104.6834466457367,236
104.69933032989502,417
104.71519732475281,549
104.73062562942505,288
104.74626612663269,188
104.76235818862915,248
104.77839398384094,433
104.79451823234558,553
104.81025242805481,294
104.82524991035461,200
104.84114909172058,257
104.85724902153015,459
104.87326502799988,544
104.88935399055481,277
104.90490698814392,196
104.92091012001038,257
104.93690800666809,472
104.95288133621216,530
104.96818089485168,254
104.98393559455872,195
104.99961614608765,255
105.01559495925903,486
105.03149485588074,505
105.04668354988098,225
105.06279110908508,199
105.07868480682373,257
105.09393334388733,501
105.10966444015503,502
105.12555813789368,223
105.14168095588684,208
105.15666341781616,271
105.17266201972961,517
105.18867087364197,498
105.20435070991516,223
105.22028923034668,209
105.23639678955078,269
105.25230121612549,526
105.26839256286621,478
105.28451895713806,215
105.30031490325928,209
105.31562733650208,268
105.33079481124878,534
105.34688949584961,459
105.36288952827454,203
105.37878274917603,218
105.39482641220093,285
105.41038107872009,551
105.42637395858765,427
105.44239258766174,191
105.45830059051514,214
105.47429013252258,296
105.48942852020264,555
105.5053551197052,421
105.5208170413971,191
105.53685903549194,224
105.55277752876282,312
105.56777238845825,561
105.58380675315857,396
105.59950590133667,187
105.6146330833435,226
105.63051700592041,335
105.64617490768433,572
105.6620614528656,384
105.67719602584839,187
105.69232821464539,235
105.70787763595581,349
105.72341012954712,567
105.73930668830872,373
105.7553060054779,182
105.77041673660278,227
105.78556942939758,350
105.80132389068604,562
105.81734871864319,368
105.83334994316101,179
105.84934282302856,224
105.86433410644531,365
105.88033890724182,551
105.89624571800232,343
105.91172409057617,175
105.9273407459259,227
105.94337344169617,380
105.95937991142273,556
105.97549533843994,331
105.99098086357117,187
106.00673246383667,243
106.0227165222168,404
106.03877258300781,561
106.0547103881836,330
106.0707266330719,187
106.08673048019409,244
106.10215044021606,415
106.11805510520935,554
106.13405418395996,315
106.14956831932068,182
106.16518473625183,239
106.18118596076965,429
106.19719552993774,546
106.212819814682,284
106.22882294654846,181
106.24483132362366,240
106.26081705093384,439
106.27572083473206,520
106.29094171524048,240
106.306631565094,174
106.32260775566101,232
106.33862066268921,459
106.35385155677795,508
106.36996555328369,231
106.3859760761261,190
106.40171766281128,252
106.41783165931702,488
106.43390941619873,505
106.44880652427673,232
106.46526145935059,202
106.48038983345032,260
106.49612665176392,502
106.51173114776611,482
106.52671647071838,207
106.5427348613739,202
106.55873131752014,265
106.57402348518372,522
106.59003639221191,469
106.60556554794312,204
106.62110781669617,199
106.63658881187439,265
106.65287017822266,527
106.66885709762573,446
106.68445205688477,193
106.69957828521729,196
106.71521854400635,267
106.7312114238739,533
106.74722695350647,425
106.7632246017456,182
106.7793276309967,206
106.79534673690796,281
106.81092500686646,549
106.82692766189575,415
106.84193706512451,186
106.85793590545654,223
106.87393760681152,306
106.8899416923523,566
106.90571928024292,412
106.92063212394714,188
106.93590760231018,221
106.95190787315369,326
106.96789789199829,568
106.98389506340027,395
106.99890041351318,184
107.01471066474915,221
107.03059339523315,324
107.04669046401978,557
107.06259059906006,375
107.07759523391724,180
107.0929274559021,223
107.10877513885498,345
107.12476134300232,564
107.13990187644958,355
107.1559009552002,179
107.1719024181366,226
107.18793106079102,355
107.20349383354187,556
107.21950888633728,348
107.2355124950409,184
107.25079226493835,230
107.26680707931519,373
107.28211236000061,563
107.29810833930969,355
107.31396484375,189
107.32991027832031,238
107.34600377082825,390
107.36190915107727,560
107.37789940834045,336
107.39293050765991,189
107.40848660469055,247
107.42448616027832,408
107.44048309326172,563
107.45648241043091,328
107.47248864173889,188
107.48851275444031,249
107.50407910346985,412
107.52007389068604,555
107.53712821006775,304
107.55142784118652,182
107.56729507446289,241
107.58330011367798,434
107.59889674186707,547
107.61489939689636,291
107.63091564178467,193
107.64693403244019,253
107.66280674934387,461
107.6788957118988,546
107.69496440887451,269
107.71029424667358,197
107.7264199256897,257
107.7423996925354,465
107.75839710235596,545
107.77440023422241,271
107.79004263877869,193
107.80583667755127,252
107.82113456726074,471
107.83713388442993,523
107.8531243801117,247
107.86902499198914,194
107.88402843475342,254
107.89942121505737,484
107.91502666473389,511
107.9311273097992,229
107.94714164733887,196
107.96312642097473,257
107.97912406921387,495
107.99525594711304,505
108.01082301139832,225
108.02684664726257,204
108.0428204536438,266
108.05882787704468,516
108.07483220100403,490
108.09044194221497,219
108.10586285591125,209
108.12161040306091,268
108.1362886428833,530
108.15229558944702,467
108.168372631073,205
108.18428063392639,208
108.19943308830261,274
108.21508812904358,544
108.23098254203796,450
108.2469961643219,194
108.26299571990967,212
108.27897906303406,283
108.29461860656738,549
108.31003189086914,430
108.32524275779724,190
108.34128499031067,216
108.3565776348114,294
108.37191820144653,557
108.38782620429993,421
108.40447878837585,189
108.42050170898438,219
108.43660879135132,306
108.45194125175476,567
108.4679901599884,412
108.48395109176636,188
108.5000524520874,218
108.51548337936401,323
108.53148412704468,568
108.54757165908813,384
108.5635757446289,183
108.57957339286804,231
108.59473967552185,345
108.6100742816925,570
108.62557721138,351
108.64155101776123,183
108.65754246711731,237
108.67255187034607,376
108.68856263160706,565
108.70456957817078,354
108.72019100189209,184
108.7361958026886,236
108.75218057632446,389
108.76819324493408,562
108.78419470787048,340
108.80019688606262,185
108.8157217502594,234
108.83116507530212,400
108.8471667766571,553
108.863201379776,301
108.87920117378235,179
108.89432311058044,235
108.9103753566742,423
108.92642736434937,545
108.94193196296692,282
108.95789980888367,190
108.97389721870422,251
108.98991131782532,447
109.00504684448242,550
109.02076745033264,281
109.03675150871277,195
109.05275654792786,253
109.06865310668945,460
109.08374881744385,542
109.0998067855835,267
109.11534142494202,188
109.13134169578552,248
109.14733123779297,463
109.1628315448761,532
109.17796492576599,255
109.1949713230133,195
109.20980930328369,255
109.22507643699646,478
109.24107050895691,522
109.25665521621704,246
109.27263760566711,196
109.28863787651062,256
109.30466890335083,495
109.32024216651917,496
109.33632802963257,226
109.35218667984009,196
109.36747980117798,258
109.38348054885864,510
109.39960837364197,485
109.41539096832275,205
109.4307107925415,204
109.44618678092957,269
109.46218514442444,528
109.47821259498596,464
109.49320530891418,199
109.50894474983215,209
109.52484250068665,274
109.54094171524048,537
109.55695748329163,459
109.57294273376465,199
109.58894300460815,207
109.6048436164856,280
109.62057447433472,547
109.63570380210876,424
109.6516969203949,184
109.66767477989197,211
109.68357300758362,296
109.69873118400574,558
109.71449899673462,410
109.73048186302185,180
109.74543261528015,215
109.76069927215576,312
109.77670693397522,563
109.79283666610718,389
109.80797410011292,171
109.82394695281982,211
109.83994936943054,320
109.85598754882812,562
109.87196707725525,384
109.88795518875122,186
109.90396094322205,227
109.91948986053467,349
109.93554353713989,572
109.95152997970581,366
109.96741080284119,187
109.98319220542908,238
109.99842429161072,375
110.01383399963379,568
110.02991271018982,342
110.04583430290222,185
110.06183218955994,240
110.07785248756409,383
110.09384393692017,559
110.10986089706421,334
110.12586092948914,177
110.14188051223755,235
110.15795516967773,395
110.17404341697693,557
110.18960165977478,327
110.20461130142212,182
110.21975612640381,239
110.23524951934814,409
110.25115895271301,555
110.26725649833679,303
110.28314852714539,191
110.29926681518555,247
110.31515693664551,437
110.33015894889832,557
110.34614396095276,289
110.36204719543457,192
110.37808012962341,253
110.39350938796997,460
110.40911102294922,538
110.4250819683075,265
110.44071984291077,193
110.4558527469635,251
110.47182655334473,481
110.4878249168396,521
110.50295615196228,241
110.51862025260925,185
110.53450894355774,249
110.55050897598267,487
110.56652164459229,502
110.58250951766968,215
110.59753251075745,194
110.61308717727661,256
110.62862491607666,508
110.64462637901306,488
110.6596326828003,211
110.6747670173645,202
110.69080638885498,267
110.70699977874756,530
110.72278499603271,475
110.73874187469482,208
110.75378727912903,212
110.76979851722717,277
110.78577399253845,545
110.80189442634583,448
110.81751680374146,196
110.83267498016357,215
110.84833550453186,286
110.86443543434143,557
110.8804383277893,432
110.89654755592346,195
110.912109375,223
110.92724132537842,299
110.94311618804932,564
110.95921206474304,414
110.97522258758545,187
110.99122214317322,221
111.00635933876038,311
111.02202582359314,567
111.0380449295044,398
111.05402660369873,183
111.07002806663513,224
111.08605098724365,330
111.10203337669373,569
111.11766862869263,383
111.13366985321045,182
111.14867210388184,231
111.16466856002808,358
111.180673122406,572
111.19669508934021,373
111.21200704574585,186
111.22809410095215,236
111.24407839775085,373
111.26008296012878,572
111.27597904205322,357
111.29198217391968,189
111.30723357200623,243
111.32299971580505,391
111.33898878097534,574
111.3548903465271,351
111.37099051475525,192
111.38589000701904,249
111.40191125869751,408
111.41826224327087,460
111.43325972557068,200
111.44838666915894,206
111.46408867835999,269
111.4800672531128,541
111.496173620224,450
111.51180267333984,194
111.52782416343689,213
111.54281067848206,285
111.55882477760315,546
111.57482933998108,423
111.59069681167603,184
111.60670971870422,208
111.6218581199646,281
111.6369616985321,545
111.65296459197998,406
111.66886854171753,175
111.68459844589233,208
111.70061159133911,298
111.71634078025818,556
111.73231840133667,388
111.74732112884521,171
111.76331830024719,213
111.779221534729,321
111.79536604881287,561
111.81108474731445,381
111.82706928253174,178
111.8430712223053,217
111.85807657241821,332
111.87397313117981,552
111.89009308815002,354
111.90614771842957,169
111.92191934585571,220
111.93682503700256,355
111.95283365249634,548
111.96883487701416,328
111.98483324050903,171
111.99991536140442,228
112.01545596122742,379
112.03144264221191,550
112.04658460617065,321
112.06244993209839,170
112.07834649085999,229
112.09344506263733,397
112.109548330307,545
112.12532162666321,309
112.14126968383789,171
112.15671968460083,231
112.17243909835815,418
112.18842959403992,545
112.20447063446045,288
112.21967148780823,179
112.23566770553589,236
112.25166869163513,428
112.26765608787537,536
112.28278350830078,257
112.29794669151306,186
112.31358623504639,243
112.32958722114563,448
112.34479355812073,532
112.36082744598389,250
112.37674880027771,188
112.3920509815216,249
112.40810561180115,465
112.42367911338806,511
112.43964695930481,236
112.45475125312805,192
112.4706494808197,255
112.48674583435059,487
112.50194454193115,496
112.51753115653992,213
112.53352808952332,194
112.54942798614502,256
112.56555104255676,503
112.58153510093689,488
112.59754729270935,204
112.61317658424377,203
112.62927746772766,265
112.64429020881653,526
112.66028881072998,473
112.67626714706421,205
112.69227361679077,209
112.70829129219055,272
112.72353506088257,541
112.73885488510132,463
112.7548315525055,202
112.77073097229004,219
112.78673052787781,286
112.8029363155365,554
112.81875324249268,430
112.83473229408264,190
112.8507227897644,222
112.86573505401611,301
112.88071846961975,563
112.89672422409058,426
112.91295051574707,196
112.9292402267456,225
112.94484782218933,310
112.9608371257782,568
112.97686910629272,422
112.99286723136902,196
113.00884127616882,234
113.02441644668579,324
113.0404360294342,573
113.05631709098816,399
113.07231426239014,191
113.08831119537354,230
113.10334300994873,332
113.11916041374207,567
113.13506698608398,375
113.15081572532654,184
113.16609859466553,229
113.1812264919281,352
113.19705247879028,568
113.21218085289001,355
113.2274911403656,186
113.24358677864075,235
113.25948643684387,377
113.27450323104858,569
113.28950595855713,343
113.30552577972412,188
113.3213381767273,239
113.33647680282593,386
113.35244631767273,569
113.36844635009766,331
113.38443946838379,184
113.40035057067871,240
113.41561484336853,401
113.43161606788635,555
113.44761657714844,315
113.46362447738647,180
113.47993874549866,244
113.49510669708252,423
113.51031279563904,549
113.5258674621582,293
113.54175806045532,186
113.55775666236877,247
113.57288575172424,447
113.5878586769104,547
113.60297226905823,253
113.61848402023315,193
113.63460874557495,254
113.65053105354309,473
113.66659426689148,534
113.68228006362915,250
113.69840359687805,202
113.71379780769348,263
113.72892141342163,489
113.7449278831482,528
113.76088881492615,240
113.77680444717407,202
113.7929220199585,264
113.80782580375671,504
113.8234236240387,511
113.83948826789856,219
113.85546255111694,202
113.87145590782166,265
113.88645720481873,509
113.90144181251526,490
113.9171895980835,206
113.93320202827454,202
113.94918131828308,266
113.96518278121948,523
113.98108196258545,478
113.99720168113708,201
114.01385951042175,209
114.02987265586853,280
114.0459713935852,541
114.06187701225281,463
114.0778660774231,202
114.09300088882446,214
114.10903453826904,277
114.12514400482178,542
114.14114427566528,431
114.15714502334595,187
114.17315769195557,216
114.18916201591492,291
114.20520114898682,554
114.22102904319763,408
114.23610329627991,179
114.25199699401855,217
114.26810002326965,306
114.28411102294922,563
114.29946947097778,409
114.31563138961792,187
114.33114671707153,223
114.3472318649292,317
114.36313509941101,567
114.3782651424408,387
114.39419102668762,178
114.41025495529175,224
114.42580270767212,341
114.44179964065552,571
114.45780992507935,359
114.47380065917969,183
114.4897973537445,230
114.50583744049072,362
114.52123355865479,564
114.53660273551941,342
114.55218958854675,184
114.56719994544983,241
114.58420014381409,384
114.5991940498352,568
114.61488628387451,334
114.631023645401,194
114.64701676368713,244
114.66292691230774,407
114.67891550064087,560
114.6949257850647,312
114.71016669273376,187
114.72531986236572,243
114.74132204055786,419
114.75731945037842,554
114.77321481704712,292
114.7893135547638,186
114.80469632148743,248
114.82042098045349,442
114.83642911911011,549
114.85156297683716,267
114.86726641654968,199
114.88323831558228,263
114.89924502372742,474
114.91537404060364,543
114.93111157417297,259
114.94600772857666,207
114.96113514900208,262
114.97714447975159,485
114.99311256408691,526
115.008291721344,243
115.02442932128906,207
115.04041767120361,268
115.05640363693237,503
115.07176494598389,514
115.08776450157166,221
115.10377216339111,203
115.1197497844696,265
115.13541841506958,520
115.1509120464325,476
115.16689920425415,201
115.18289613723755,205
115.19804334640503,274
115.21406483650208,536
115.22962617874146,471
115.24562191963196,208
115.26162219047546,226
115.27773714065552,295
115.29361867904663,561
115.3097312450409,461
115.32543277740479,209
115.34042286872864,235
115.3558714389801,302
115.37188291549683,567
115.38797879219055,441
115.40412211418152,199
115.41982436180115,227
115.43571782112122,307
115.45173263549805,572
115.4677209854126,423
115.48308658599854,190
115.49908089637756,227
115.51419138908386,312
115.5297498703003,563
115.54586267471313,395
115.56188464164734,185
115.57785964012146,227
115.59385228157043,329
115.60926103591919,566
115.62509751319885,377
115.6400830745697,184
115.65609312057495,230
115.67209720611572,342
115.68811416625977,575
115.7042007446289,361
115.71966195106506,189
115.73474979400635,242
115.75077390670776,367
115.76675057411194,574
115.78275561332703,367
115.79788184165955,197
115.81301069259644,248
115.82874155044556,383
115.84474635124207,577
115.86084485054016,358
115.87685036659241,186
115.89185690879822,240
115.90795397758484,385
115.9237380027771,570
115.93975400924683,350
115.95474028587341,186
115.97009682655334,241
115.9860851764679,397
116.00121188163757,561
116.01700830459595,325
116.03311491012573,191
116.04912638664246,247
116.06503319740295,418
116.08111596107483,564
116.09629368782043,298
116.11231780052185,202
116.12788486480713,259
116.14340138435364,442
116.15852761268616,557
116.17395973205566,296
116.18993020057678,194
116.20586395263672,258
116.2213864326477,453
116.23717927932739,554
116.25268816947937,285
116.2687120437622,192
116.28477430343628,257
116.30075550079346,468
116.31727004051208,543
116.3332941532135,263
116.3488552570343,206
116.36482048034668,268
116.38079953193665,492
116.3966896533966,528
116.41283941268921,240
116.42860221862793,209
116.44458603858948,270
116.46048283576965,511
116.47595167160034,507
116.49196743965149,226
116.50807523727417,214
116.52360582351685,274
116.53906393051147,528
116.55496025085449,480
116.57106280326843,212
116.58707809448242,212
116.60319876670837,275
116.61883354187012,537
116.63483881950378,461
116.65075516700745,204
116.66582989692688,217
116.68182301521301,285
116.69784283638,543
116.71394777297974,436
116.729083776474,187
116.74518656730652,215
116.76137375831604,283
116.77706265449524,548
116.79362559318542,418
116.80876970291138,186
116.82438850402832,217
116.84044218063354,300
116.85559701919556,561
116.87090110778809,411
116.885910987854,183
116.90105414390564,220
116.91729760169983,317
116.93273568153381,563
116.94806981086731,382
116.96368551254272,183
116.97870254516602,224
116.99470496177673,332
117.01073002815247,557
117.02659392356873,357
117.04258513450623,176
117.05857181549072,223
117.07377123832703,347
117.08890056610107,556
117.1039080619812,345
117.11943316459656,178
117.1354432106018,231
117.15156126022339,372
117.16244006156921,561
117.17754292488098,342
117.19337010383606,176
117.20861887931824,232
117.2247748374939,386
117.24085116386414,552
117.25684595108032,320
117.27202677726746,179
117.28818988800049,243
117.30433368682861,413
117.3202269077301,556
117.33619046211243,293
117.3522629737854,188
117.36789345741272,248
117.38387370109558,431
117.39988088607788,551
117.41519808769226,285
117.43120431900024,188
117.44724178314209,247
117.46220111846924,443
117.47824382781982,541
117.49424409866333,277
117.51021099090576,187
117.52603530883789,244
117.54208183288574,455
117.55808234214783,530
117.57419276237488,247
117.58978295326233,185
117.60589718818665,245
117.62148594856262,467
117.63687515258789,508
117.65288162231445,227
117.66890835762024,199
117.68488192558289,263
117.70088505744934,499
117.71692872047424,501
117.73249816894531,228
117.74853944778442,206
117.76449584960938,269
117.77956533432007,518
117.79549765586853,499
117.81149888038635,225
117.82715582847595,216
117.84314894676208,275
117.85815572738647,529
117.87410640716553,480
117.89015984535217,206
117.90611100196838,214
117.92172145843506,270
117.93771934509277,527
117.95372009277344,449
117.96972513198853,188
117.98579955101013,209
118.00114512443542,270
118.01717257499695,536
118.03313565254211,433
118.0491201877594,190
118.06524682044983,217
118.08119702339172,296
118.09722352027893,557
118.11235904693604,431
118.12880277633667,197
118.14490056037903,226
118.16038703918457,311
118.17587852478027,571
118.19189476966858,420
118.2071442604065,197
118.22270035743713,231
118.23876547813416,321
118.25400924682617,566
118.26999950408936,390
118.28612542152405,188
118.30151438713074,229
118.31753420829773,336
118.33305501937866,563
118.34905481338501,368
118.36505508422852,178
118.38105750083923,226
118.39802098274231,351
118.41219878196716,556
118.42776274681091,348
118.44376373291016,181
118.45977187156677,232
118.47497010231018,370
118.49095559120178,561
118.50696778297424,339
118.52271175384521,189
118.53782033920288,245
118.55338597297668,398
118.56934022903442,561
118.58527755737305,313
118.60040760040283,194
118.6155595779419,252
118.63122940063477,409
118.64662194252014,555
118.66196751594543,318
118.67723798751831,192
118.69311380386353,249
118.7083420753479,427
118.7242910861969,553
118.7402892112732,300
118.7563054561615,195
118.77230310440063,253
118.78729104995728,444
118.8033037185669,539
118.81934261322021,273
118.8348822593689,186
118.85087633132935,252
118.86688089370728,452
118.88187575340271,519
118.89786887168884,238
118.91389894485474,197
118.9294445514679,259
118.94575452804565,479
118.96085572242737,512
118.9769515991211,236
118.99305844306946,206
119.00913763046265,267
119.02480483055115,503
119.0398051738739,503
119.05534291267395,227
119.07124328613281,201
119.0873327255249,265
119.10333299636841,512
119.11922955513,485
119.13503360748291,209
119.1509735584259,210
119.16701674461365,267
119.18202137947083,524
119.1971583366394,470
119.21304845809937,212
119.22882270812988,216
119.24480152130127,277
119.2607913017273,535
119.276700258255,464
119.29280686378479,205
119.30842280387878,215
119.3235764503479,288
119.33958840370178,550
119.35510230064392,441
119.37101697921753,197
119.38700842857361,223
119.40200591087341,299
119.41803240776062,556
119.43357300758362,414
119.44958138465881,183
119.46488785743713,211
119.48088645935059,291
119.49687767028809,546
119.51292896270752,389
119.52870154380798,184
119.54435706138611,221
119.56029629707336,318
119.57576847076416,557
119.5910279750824,383
119.60645699501038,176
119.62166213989258,226
119.63708877563477,336
119.65241742134094,558
119.66832113265991,368
119.68423581123352,180
119.70048189163208,233
119.71589684486389,361
119.73122549057007,567
119.74642443656921,352
119.762211561203,190
119.77736306190491,242
119.79272413253784,379
119.80793881416321,559
119.82348895072937,338
119.83898687362671,183
119.85471487045288,240
119.8705644607544,386
119.88657999038696,554
119.90271067619324,327
119.91814112663269,180
119.93374109268188,236
119.9496431350708,402
119.96517515182495,546
119.98062515258789,306
119.99608492851257,184
120.01143527030945,243
120.02738881111145,426
120.04337477684021,551
120.05879783630371,295
120.07432627677917,188
120.09012460708618,248
120.10591793060303,430
120.12129783630371,550
120.13682651519775,297
120.15204501152039,192
120.16751527786255,252
120.1829981803894,444
120.1990602016449,539
120.21509766578674,268
120.23085927963257,189
120.2467155456543,244
120.26278853416443,453
120.2778205871582,523
120.29380798339844,237
120.30928421020508,191
120.32494115829468,250
120.3409104347229,468
120.35672497749329,508
120.37170648574829,227
120.38766288757324,199
120.40345740318298,261
120.41948437690735,500
120.43507289886475,497
120.4505205154419,226
120.46557235717773,202
120.48060417175293,265
120.49640345573425,513
120.51240801811218,482
120.52776646614075,215
120.54375314712524,208
120.55927634239197,271
120.57511973381042,532
120.59112095832825,477
120.60627460479736,212
120.6222128868103,219
120.63786911964417,281
120.65487670898438,544
120.66927337646484,453
120.68442487716675,202
120.69962644577026,219
120.71563673019409,286
120.73082828521729,549
120.74582529067993,420
120.76184892654419,184
120.77795910835266,212
120.79312539100647,298
120.8088641166687,556
120.82443952560425,410
120.83961892127991,190
120.85461711883545,226
120.86978960037231,319
120.8850953578949,568
120.90109825134277,402
120.9163122177124,194
120.93163561820984,237
120.94762182235718,335
120.96285057067871,574
120.97803258895874,387
120.99357461929321,192
121.00956463813782,233
121.0253598690033,349
121.04104018211365,565
121.05707788467407,380
121.07307767868042,185
121.08873558044434,230
121.10474610328674,360
121.12045574188232,561
121.13560485839844,348
121.15085482597351,169
121.16659593582153,221
121.18259525299072,373
121.19818329811096,556
121.21418476104736,335
121.22964525222778,180
121.24521732330322,239
121.26122641563416,398
121.27673316001892,559
121.29200768470764,312
121.30819272994995,193
121.32235383987427,252
121.33787631988525,422
121.35390949249268,552
121.36894869804382,302
121.38428974151611,194
121.40033102035522,253
121.41634321212769,444
121.43239164352417,546
121.44755339622498,286
121.46301317214966,187
121.47862672805786,241
121.49462676048279,443
121.5104603767395,515
121.52605962753296,234
121.54126715660095,179
121.55705952644348,240
121.57218503952026,458
121.58756041526794,511
121.60304713249207,230
121.61836647987366,182
121.6344051361084,250
121.65042448043823,482
121.66630578041077,511
121.6819236278534,234
121.69804310798645,208
121.7140748500824,269
121.72978258132935,512
121.74516558647156,501
121.76042866706848,226
121.77571272850037,204
121.7917172908783,269
121.80673408508301,521
121.82273292541504,483
121.83790302276611,207
121.85388374328613,206
121.86910009384155,270
121.88499927520752,528
121.90113306045532,459
121.91631937026978,195
121.9318733215332,206
121.94708895683289,268
121.96282124519348,530
121.97853946685791,425
121.9938817024231,182
122.00992393493652,200
122.02533006668091,279
122.0406608581543,543
122.05668067932129,422
122.07240867614746,191
122.08764338493347,219
122.10302877426147,303
122.1190185546875,562
122.13438034057617,412
122.14940929412842,196
122.16543292999268,232
122.18110942840576,326
122.1971640586853,571
122.21319222450256,402
122.2286126613617,191
122.24419450759888,227
122.26003241539001,335
122.27603960037231,568
122.29133725166321,382
122.30648756027222,181
122.3214180469513,227
122.33700489997864,354
122.3544008731842,559
122.3683078289032,359
122.38429951667786,176
122.39976835250854,225
122.4145655632019,360
122.43060851097107,559
122.4459056854248,340
122.46163511276245,182
122.47774076461792,238
122.49312925338745,392
122.50912809371948,567
122.52431583404541,334
122.53992295265198,187
122.55542850494385,246
122.57041525840759,413
122.58594036102295,562
122.60122871398926,322
122.61657691001892,192
122.63256502151489,251
122.64779305458069,436
122.66296029090881,552
122.67854499816895,282
122.69432473182678,195
122.71035838127136,255
122.72582793235779,455
122.74139142036438,542
122.7571291923523,265
122.77310681343079,198
122.78857588768005,258
122.80439972877502,476
122.82042598724365,532
122.83585047721863,259
122.85102534294128,201
122.86656379699707,265
122.88169193267822,499
122.89766955375671,524
122.91296815872192,248
122.92814064025879,208
122.94348621368408,271
122.95888209342957,512
122.9740469455719,508
122.99010348320007,227
123.0061502456665,214
123.02218294143677,276
123.03760266304016,529
123.05323934555054,487
123.06890058517456,215
123.08495473861694,214
123.10039734840393,274
123.11590099334717,536
123.13145732879639,456
123.14747047424316,201
123.16310334205627,213
123.17910933494568,283
123.19486784934998,548
123.210378408432,438
123.22667264938354,193
123.24276757240295,225
123.25881481170654,298
123.27414917945862,562
123.29024243354797,429
123.30549693107605,194
123.32062220573425,231
123.33644151687622,308
123.35182762145996,562
123.36760306358337,413
123.3834228515625,189
123.39952063560486,224
123.41512775421143,322
123.4314112663269,569
123.44696617126465,399
123.46297025680542,184
123.47800087928772,230
123.4929883480072,341
123.5081992149353,565
123.52348184585571,376
123.53901720046997,177
123.55403590202332,228
123.56939649581909,352
123.58516144752502,560
123.6006019115448,351
123.61563205718994,185
123.63032388687134,236
123.64628839492798,379
123.66154909133911,558
123.6770408153534,334
123.69171404838562,181
123.70668506622314,240
123.72207951545715,395
123.73754739761353,550
123.75275444984436,336
123.76875615119934,181
123.78375506401062,241
123.79986715316772,409
123.81579780578613,553
123.83158659934998,314
123.8471326828003,184
123.8631203174591,242
123.87913155555725,423
123.89513087272644,549
123.91113138198853,279
123.92606568336487,195
123.94177651405334,259
123.95778822898865,451
123.97304129600525,549
123.98892021179199,286
124.004554271698,198
124.02037167549133,260
124.0358943939209,475
124.05137372016907,551
124.06672048568726,284
124.08273482322693,203
124.09813594818115,267
124.11421918869019,490
124.12976503372192,531
124.1445701122284,261
124.15994906425476,206
124.17522835731506,269
124.1907708644867,501
124.20725011825562,511
124.2214126586914,229
124.23644638061523,203
124.25245070457458,267
124.26832318305969,513
124.28444027900696,494
124.29921531677246,215
124.31508493423462,204
124.33103322982788,267
124.34661293029785,527
124.36252236366272,483
124.37787699699402,215
124.39252662658691,215
124.40797472000122,276
124.42324495315552,544
124.43884325027466,445
124.45422387123108,192
124.46963739395142,209
124.48509502410889,283
124.50063037872314,552
124.51585602760315,431
124.53137683868408,200
124.54696440696716,222
124.56185007095337,306
124.57784867286682,553
124.59345817565918,415
124.60895681381226,189
124.624671459198,222
124.64041495323181,309
124.6564154624939,561
124.67223834991455,412
124.68757748603821,188
124.70271515846252,226
124.71778917312622,322
124.73386645317078,565
124.74993085861206,392
124.76542592048645,184
124.78012537956238,228
124.79513192176819,340
124.8102707862854,574
124.82609963417053,377
124.84186601638794,191
124.85763216018677,233
124.8730525970459,355
124.88850140571594,569
124.90403938293457,369
124.91964554786682,186
124.9351098537445,238
124.95113372802734,375
124.96685028076172,567
124.98229122161865,355
124.99770998954773,183
125.0137231349945,234
125.02953052520752,383
125.04543614387512,564
125.06086039543152,329
125.07656574249268,188
125.0919840335846,243
125.10811614990234,405
125.1237576007843,561
125.1392891407013,320
125.15442228317261,195
125.16943717002869,252
125.18501257896423,426
125.20019483566284,569
125.21581172943115,320
125.23184323310852,198
125.24793577194214,261
125.26497220993042,452
125.27949905395508,561
125.29490327835083,305
125.31042742729187,199
125.32566380500793,264
125.3408875465393,464
125.35698699951172,552
125.37261939048767,274
125.38863229751587,203
125.40470504760742,260
125.42075181007385,475
125.43654227256775,528
125.45260739326477,254
125.46739196777344,200
125.48336410522461,262
125.49875736236572,501
125.51430082321167,521
125.52966976165771,235
125.54495787620544,205
125.5606632232666,270
125.57667970657349,517
125.59228849411011,505
125.60784935951233,231
125.62309002876282,220
125.63877296447754,276
125.6545422077179,535
125.670583486557,484
125.68573570251465,212
125.70179390907288,214
125.71719574928284,287
125.73262357711792,555
125.74812436103821,465
125.76376748085022,208
125.7792227268219,221
125.79401206970215,284
125.80935478210449,546
125.82419204711914,436
125.83987474441528,193
125.85512900352478,215
125.87015199661255,294
125.88614273071289,560
125.9012701511383,435
125.91737461090088,193
125.93263483047485,227
125.94815349578857,309
125.9640884399414,572
125.97926115989685,423
125.99526286125183,201
126.01047229766846,239
126.02564072608948,330
126.04083442687988,573
126.05638599395752,410
126.07242465019226,194
126.08841729164124,229
126.1037278175354,335
126.11895895004272,574
126.13485503196716,402
126.15056276321411,190
126.16579961776733,229
126.1811466217041,348
126.19897270202637,564
126.21292877197266,359
126.22873425483704,177
126.24461817741394,227
126.25995874404907,355
126.27565741539001,561
126.29099225997925,351
126.30705571174622,183
126.32260966300964,238
126.33790445327759,380
126.35349798202515,563
126.36871337890625,354
126.3841245174408,187
126.40017509460449,239
126.41500902175903,397
126.43092179298401,562
126.44596290588379,332
126.46195936203003,181
126.47678351402283,240
126.492018699646,407
126.50800132751465,560
126.52407908439636,307
126.53973960876465,184
126.5552167892456,244
126.57126474380493,428
126.58626770973206,554
126.60141825675964,288
126.61641764640808,185
126.63252115249634,247
126.64813208580017,440
126.6641731262207,529
126.67988896369934,280
126.6949098110199,179
126.71010255813599,244
126.72491979598999,455
126.7404510974884,535
126.75645160675049,258
126.77256441116333,195
126.7874653339386,259
126.80336451530457,491
126.81806659698486,526
126.83350276947021,240
126.84868288040161,203
126.86387062072754,264
126.87905192375183,499
126.8946943283081,513
126.90968775749207,234
126.92462348937988,193
126.94007205963135,251
126.95531892776489,493
126.97074961662292,485
126.98611831665039,211
127.00133275985718,190
127.01646709442139,254
127.03245759010315,512
127.0483124256134,476
127.06434464454651,204
127.0794985294342,203
127.09549641609192,270
127.11052584648132,531
127.12585282325745,457
127.14152598381042,196
127.15703988075256,217
127.17250633239746,292
127.18820452690125,560
127.2034592628479,459
127.21877813339233,204
127.23395204544067,225
127.24976563453674,295
127.26575422286987,564
127.28122997283936,433
127.2971556186676,195
127.31311297416687,216
127.3282380104065,301
127.34434461593628,561
127.35959672927856,411
127.3755943775177,181
127.3913323879242,217
127.40726041793823,321
127.42337036132812,557
127.43942070007324,374
127.45502209663391,176
127.47025847434998,222
127.4855523109436,339
127.50149464607239,570
127.51700162887573,375
127.53222489356995,184
127.5474956035614,231
127.56350827217102,364
127.57949352264404,562
127.59467840194702,361
127.61070156097412,182
127.62604451179504,235
127.6419882774353,387
127.65800976753235,565
127.67339777946472,335
127.68941354751587,184
127.70467281341553,238
127.71984696388245,393
127.73597836494446,554
127.75167798995972,321
127.76694679260254,180
127.78245234489441,240
127.79794692993164,398
127.81333112716675,557
127.82852554321289,318
127.84368324279785,178
127.85966110229492,232
127.87500023841858,412
127.89063167572021,551
127.90587091445923,303
127.92102861404419,188
127.93658924102783,254
127.95184183120728,452
127.967942237854,552
127.98344159126282,285
127.99942445755005,205
128.014990568161,269
128.03025126457214,476
128.0463626384735,548
128.06236338615417,271
128.0780746936798,202
128.09408926963806,262
128.1097104549408,476
128.124906539917,528
128.1409592628479,256
128.15704655647278,194
128.17224955558777,252
128.18737769126892,479
128.20304775238037,506
128.21906971931458,225
128.23449277877808,185
128.25008296966553,252
128.26571798324585,497
128.28133273124695,490
128.29668736457825,211
128.3125319480896,196
128.32779240608215,258
128.3435981273651,511
128.3585343360901,477
128.37454080581665,201
128.38977575302124,202
128.4053406715393,260
128.42115664482117,524
128.43644762039185,464
128.4514570236206,188
128.46667861938477,191
128.4817521572113,261
128.4973340034485,526
128.5132074356079,429
128.52865409851074,169
128.54402709007263,173
128.55948948860168,246
128.57501411437988,516
128.59108901023865,399
128.60630464553833,154
128.621967792511,182
128.63701343536377,259
128.65268325805664,525
128.66734433174133,393
128.68269443511963,158
128.6985092163086,525
128.71350836753845,252
128.72872138023376,192
128.74468517303467,250
128.75958967208862,481
128.7756564617157,504
128.79103875160217,221
128.80634093284607,188
128.82203650474548,252
128.83790707588196,491
128.85342621803284,504
128.86875772476196,225
128.8840262889862,195
128.89966464042664,252
128.91492319107056,501
128.93005323410034,485
128.94590735435486,212
128.96079063415527,198
128.97680497169495,261
128.99274587631226,524
129.00795602798462,470
129.023503780365,202
129.03917598724365,207
129.05477809906006,272
129.0708076953888,539
129.08631992340088,455
129.10230207443237,197
129.1171669960022,209
129.13231825828552,281
129.147803068161,548
129.1629660129547,425
129.17880725860596,183
129.1948163509369,210
129.20996141433716,294
129.2251856327057,556
129.24084520339966,412
129.25696349143982,185
129.2723250389099,217
129.2877962589264,309
129.3027741909027,562
129.31877851486206,398
129.33396816253662,184
129.3494737148285,221
129.36462950706482,315
129.3806791305542,569
129.39609169960022,391
129.41208577156067,188
129.4279489517212,229
129.4434998035431,344
129.4591670036316,570
129.4743902683258,379
129.49040722846985,184
129.50640535354614,226
129.52239084243774,346
129.53752827644348,555
129.55281949043274,364
129.5679452419281,175
129.58330655097961,224
129.59864401817322,360
129.61413478851318,556
129.62918615341187,335
129.64503526687622,174
129.66034746170044,229
129.6763870716095,378
129.69244647026062,556
129.7082281112671,332
129.7238712310791,185
129.74067568778992,240
129.75543475151062,398
129.77089977264404,559
129.7869336605072,322
129.80211687088013,180
129.81693816184998,241
129.83283710479736,413
129.8480417728424,550
129.86362981796265,311
129.87844252586365,182
129.89391493797302,246
129.90981698036194,434
129.92589211463928,546
129.94169569015503,279
129.95715022087097,181
129.9732015132904,246
129.9885754585266,446
130.00398659706116,535
130.01922941207886,255
130.03446531295776,192
130.05024671554565,256
130.06626057624817,474
130.08143258094788,535
130.0969696044922,260
130.1130154132843,194
130.12855696678162,255
130.1440954208374,483
130.16009998321533,520
130.1760232448578,242
130.19201946258545,193
130.20720171928406,253
130.22322392463684,493
130.2385573387146,504
130.25458884239197,220
130.2706036567688,194
130.28581929206848,259
130.30105137825012,509
130.31621170043945,490
130.33225893974304,212
130.34829449653625,199
130.36364126205444,263
130.37965512275696,522
130.3948073387146,473
130.41023635864258,211
130.42633843421936,206
130.44136571884155,273
130.45695686340332,535
130.4718358516693,459
130.48785424232483,202
130.50343346595764,210
130.51879620552063,279
130.53429627418518,546
130.54965710639954,435
130.5657148361206,192
130.58109736442566,219
130.59612584114075,288
130.61159372329712,554
130.62672686576843,421
130.6425302028656,189
130.65821242332458,221
130.6737401485443,302
130.68900203704834,558
130.70505452156067,406
130.7204074859619,177
130.73555064201355,216
130.75102972984314,315
130.76672768592834,565
130.78201866149902,394
130.79710006713867,180
130.81310558319092,220
130.82855939865112,328
130.84388327598572,568
130.8596122264862,377
130.8756284713745,182
130.8903889656067,228
130.9064965248108,344
130.92195773124695,556
130.93714690208435,357
130.95389556884766,173
130.968688249588,227
130.98448395729065,363
130.999591588974,565
131.01558017730713,363
131.03133392333984,181
131.04692125320435,228
131.06195831298828,377
131.07801461219788,561
131.09370374679565,351
131.10934567451477,183
131.1244215965271,237
131.14015102386475,393
131.155668258667,554
131.17098712921143,322
131.18640327453613,180
131.2025203704834,237
131.21784448623657,410
131.2335011959076,550
131.248952627182,297
131.2639684677124,186
131.2794930934906,242
131.29479384422302,419
131.3102867603302,548
131.3259198665619,296
131.3419065475464,188
131.35736727714539,250
131.3733675479889,443
131.38951778411865,543
131.40508198738098,285
131.41988825798035,189
131.43594622612,245
131.45196080207825,464
131.46696138381958,519
131.4830446243286,249
131.49898767471313,185
131.5143699645996,253
131.53020572662354,493
131.54513430595398,514
131.5603790283203,236
131.57594275474548,198
131.5919942855835,256
131.6071650981903,495
131.62320947647095,493
131.63902354240417,212
131.65424275398254,204
131.66961193084717,268
131.68542575836182,521
131.70152640342712,472
131.71697616577148,206
131.73200011253357,201
131.7479112148285,266
131.7631130218506,530
131.77915596961975,457
131.79433965682983,197
131.80914187431335,203
131.82443690299988,269
131.83948802947998,538
131.85506105422974,435
131.87009978294373,193
131.8854899406433,217
131.90058255195618,292
131.91555047035217,557
131.93026280403137,420
131.94550800323486,189
131.96104288101196,223
131.97625923156738,314
131.99143815040588,569
132.0071668624878,412
132.0230631828308,195
132.03819584846497,226
132.05373764038086,321
132.06978631019592,563
132.0852632522583,384
132.10070061683655,181
132.11670470237732,222
132.1319122314453,333
132.147362947464,560
132.16337823867798,370
132.1793348789215,182
132.19454908370972,227
132.21061611175537,346
132.22638034820557,560
132.2416627407074,364
132.25727581977844,182
132.27259230613708,227
132.2881269454956,363
132.30412697792053,557
132.32005047798157,351
132.33555245399475,176
132.35139274597168,229
132.3673665523529,378
132.383287191391,555
132.39854264259338,330
132.41356110572815,185
132.42879390716553,239
132.44395089149475,402
132.45951390266418,552
132.47555446624756,313
132.49150133132935,189
132.50750851631165,242
132.5221483707428,415
132.53752064704895,547
132.5530686378479,308
132.5686321258545,186
132.58382153511047,247
132.59870529174805,438
132.61472940444946,543
132.62974452972412,293
132.6450526714325,190
132.66098642349243,250
132.67706394195557,456
132.69306349754333,524
132.70890164375305,244
132.72454953193665,190
132.74057626724243,251
132.755756855011,476
132.7717661857605,507
132.78777527809143,234
132.803307056427,200
132.81870245933533,259
132.83386278152466,499
132.8499047756195,496
132.86519980430603,225
132.8802194595337,195
132.89559364318848,260
132.91165351867676,512
132.92698526382446,483
132.9418649673462,213
132.9573519229889,201
132.97300934791565,263
132.9885447025299,521
133.00460505485535,456
133.0204815864563,197
133.03634095191956,212
133.05147862434387,278
133.06751251220703,540
133.0829894542694,458
133.09907031059265,204
133.11513662338257,223
133.13121438026428,281
133.14631986618042,547
133.1614851951599,447
133.17738127708435,197
133.1933934688568,215
133.20869326591492,288
133.22384357452393,550
133.23986530303955,429
133.25618505477905,193
133.27032947540283,225
133.2855224609375,301
133.30087113380432,557
133.31673622131348,420
133.3327944278717,188
133.34789657592773,214
133.36388874053955,299
133.3796510696411,557
133.39502143859863,411
133.41035556793213,188
133.42534470558167,212
133.44073247909546,302
133.45590138435364,551
133.47146320343018,386
133.48747181892395,174
133.50340223312378,221
133.51944613456726,334
133.53476405143738,567
133.550124168396,373
133.56558871269226,189
133.58058500289917,239
133.59535360336304,359
133.61054944992065,569
133.62575721740723,360
133.6409764289856,189
133.6565887928009,237
133.67259120941162,372
133.68838119506836,556
133.70379328727722,347
133.7191128730774,180
133.7344663143158,233
133.7500021457672,392
133.76662874221802,551
133.78139686584473,330
133.7962908744812,183
133.81165552139282,237
133.82772135734558,404
133.8432912826538,551
133.85877394676208,309
133.87480092048645,183
133.89082169532776,244
133.90622878074646,421
133.92119598388672,545
133.93622040748596,286
133.95131134986877,189
133.96734380722046,249
133.98343896865845,441
133.99945497512817,536
134.01545667648315,274
134.03095197677612,186
134.04698634147644,246
134.06259679794312,457
134.0786120891571,535
134.0942783355713,259
134.1104073524475,189
134.12632369995117,252
134.1415195465088,478
134.15682816505432,510
134.17201375961304,236
134.1880145072937,194
134.20501518249512,253
134.2196183204651,489
134.2351143360138,508
134.25126814842224,233
134.26628160476685,195
134.28182864189148,255
134.29782676696777,498
134.31380486488342,502
134.32927536964417,228
134.34536051750183,198
134.36139059066772,260
134.37733054161072,509
134.3924744129181,482
134.40812158584595,206
134.42364144325256,201
134.43840217590332,267
134.45356249809265,521
134.46955919265747,474
134.48466396331787,205
134.50066423416138,206
134.51678895950317,271
134.53255677223206,531
134.54787969589233,460
134.56313133239746,199
134.57792401313782,206
134.59319496154785,272
134.6080083847046,539
134.62300753593445,432
134.63838720321655,190
134.65375423431396,208
134.66966795921326,284
134.68474054336548,546
134.6999316215515,413
134.71590542793274,187
134.73121070861816,221
134.7467701435089,299
134.76205492019653,555
134.7780396938324,407
134.7940480709076,187
134.81005215644836,218
134.82505774497986,311
134.84106850624084,563
134.85649180412292,398
134.8713800907135,179
134.88637804985046,227
134.9015247821808,328
134.91722917556763,563
134.9322280883789,385
134.9472405910492,181
134.9628028869629,225
134.97885155677795,344
134.994610786438,567
135.00926613807678,368
135.02474784851074,182
135.04078269004822,230
135.05637288093567,354
135.07150030136108,563
135.08709955215454,358
135.10228943824768,185
135.1176254749298,234
135.1336793899536,373
135.14971685409546,556
135.16545629501343,346
135.18139052391052,180
135.19749402999878,233
135.21349024772644,391
135.22895431518555,557
135.244943857193,335
135.26004242897034,180
135.2756531238556,240
135.2909233570099,404
135.30659985542297,549
135.32195138931274,295
135.33736944198608,178
135.3534300327301,241
135.36876678466797,418
135.384117603302,550
135.39940190315247,295
135.4143877029419,181
135.43003845214844,240
135.44606494903564,433
135.4613380432129,543
135.4767882823944,284
135.4926574230194,181
135.5076801776886,244
135.52339124679565,451
135.53941822052002,532
135.55487251281738,268
135.57091856002808,190
135.58691501617432,248
135.60220956802368,469
135.61754179000854,517
135.63289594650269,239
135.6484534740448,195
135.66401624679565,258
135.67944741249084,489
135.6946403980255,517
135.71064162254333,236
135.72669887542725,204
135.74272441864014,261
135.75801038742065,503
135.77388882637024,506
135.78891944885254,231
135.80492663383484,207
135.8208465576172,268
135.8358714580536,517
135.85101079940796,483
135.86653065681458,212
135.88184785842896,206
135.89775824546814,271
135.9129502773285,531
135.92863130569458,472
135.94462823867798,203
135.95961689949036,212
135.97431111335754,273
135.98978114128113,535
136.00537371635437,440
136.02089643478394,190
136.03698086738586,206
136.05358624458313,286
136.06874704360962,551
136.08479404449463,431
136.09985971450806,194
136.1151783466339,217
136.13095450401306,296
136.14699411392212,554
136.16306567192078,408
136.17901849746704,182
136.19420266151428,215
136.20977330207825,311
136.2247564792633,560
136.2407751083374,386
136.25549387931824,178
136.27063751220703,223
136.2861156463623,336
136.30185723304749,568
136.3178527355194,383
136.33301401138306,188
136.3489396572113,241
136.36446118354797,365
136.37946367263794,569
136.3953001499176,369
136.4103546142578,189
136.42592406272888,239
136.44095015525818,381
136.45703840255737,565
136.47237348556519,334
136.4881715774536,178
136.50364232063293,233
136.51922512054443,385
136.53448033332825,553
136.54982900619507,331
136.5654218196869,177
136.5813958644867,235
136.59655165672302,403
136.6124405860901,551
136.62835431098938,313
136.64339637756348,181
136.65870332717896,240
136.6739478111267,413
136.68998336791992,548
136.7054145336151,297
136.72112321853638,185
136.73724579811096,242
136.753244638443,444
136.76934790611267,542
136.78491044044495,265
136.80072855949402,193
136.8163137435913,252
136.83130645751953,461
136.8467628955841,537
136.86160898208618,262
136.8772783279419,191
136.89250135421753,256
136.90782189369202,474
136.92391920089722,528
136.93922185897827,247
136.95473909378052,195
136.97081232070923,255
136.9868199825287,495
137.00241136550903,508
137.01816272735596,220
137.03319573402405,193
137.04888224601746,263
137.06446504592896,511
137.0796036720276,498
137.09507417678833,219
137.11014890670776,201
137.12590312957764,267
137.14193391799927,524
137.1571066379547,488
137.17314291000366,222
137.18922591209412,209
137.20445561408997,271
137.22015404701233,534
137.23588371276855,469
137.25084686279297,201
137.26638865470886,204
137.28247952461243,272
137.29845595359802,540
137.31379461288452,441
137.32943177223206,188
137.34545254707336,208
137.36066913604736,282
137.3763632774353,552
137.39234280586243,426
137.40766620635986,188
137.42303133010864,221
137.43905377388,299
137.45448875427246,557
137.4699831008911,409
137.48599481582642,185
137.5015275478363,223
137.51669788360596,320
137.53166913986206,570
137.54771733283997,403
137.56284976005554,184
137.57807278633118,231
137.59407234191895,344
137.61008524894714,571
137.62483978271484,369
137.64089012145996,183
137.65603160858154,236
137.67154598236084,375
137.68698358535767,571
137.70297527313232,350
137.71877431869507,184
137.73477506637573,237
137.7507483959198,385
137.76652240753174,570
137.78228735923767,355
137.7974181175232,186
137.81330513954163,241
137.82846093177795,402
137.8439221382141,560
137.8594651222229,331
137.87450408935547,185
137.8905050754547,245
137.90574479103088,418
137.92188024520874,561
137.93797755241394,313
137.95400643348694,190
137.96958351135254,249
137.98474550247192,424
138.00079941749573,549
138.0169141292572,302
138.03197193145752,195
138.04685854911804,252
138.06242322921753,446
138.07806181907654,545
138.0932595729828,280
138.10881662368774,183
138.12412285804749,249
138.14014720916748,460
138.15531826019287,541
138.1713490486145,257
138.18678307533264,191
138.20180535316467,253
138.21726441383362,478
138.23331022262573,519
138.24908900260925,237
138.26429915428162,198
138.2796528339386,259
138.29474258422852,501
138.31017208099365,508
138.3256859779358,228
138.34173727035522,203
138.35766696929932,264
138.37368416786194,515
138.38998889923096,487
138.40536856651306,220
138.4213683605194,212
138.4374189376831,274
138.4525909423828,533
138.46779704093933,471
138.48311400413513,210
138.49874925613403,215
138.51361966133118,276
138.52911114692688,541
138.54411578178406,453
138.55944728851318,197
138.5754451751709,213
138.59083652496338,284
138.60684895515442,546
138.6222460269928,422
138.63783812522888,177
138.65486764907837,204
138.66991519927979,287
138.68567442893982,557
138.7008616924286,414
138.71686244010925,185
138.73206686973572,219
138.74743342399597,307
138.7623689174652,560
138.7781686782837,389
138.79368782043457,183
138.8097677230835,226
138.8249135017395,327
138.8405783176422,573
138.85653924942017,382
138.87255001068115,187
138.88798093795776,235
138.90365529060364,346
138.91838192939758,567
138.93410086631775,367
138.9494171142578,181
138.96461844444275,231
138.98046588897705,359
138.99654293060303,570
139.01183462142944,356
139.02730107307434,187
139.04338431358337,240
139.0586404800415,384
139.07461214065552,564
139.09046077728271,329
139.10543537139893,190
139.12147736549377,241
139.13737225532532,395
139.15342926979065,568
139.1689007282257,341
139.18490195274353,189
139.20055198669434,242
139.21658039093018,405
139.23177528381348,550
139.2478051185608,315
139.26329040527344,184
139.27872467041016,242
139.29416298866272,421
139.31004786491394,558
139.32515025138855,304
139.34119415283203,192
139.35632848739624,245
139.37171149253845,433
139.38771152496338,548
139.40287113189697,268
139.4188723564148,188
139.43485569953918,251
139.44986176490784,458
139.46539115905762,536
139.48139572143555,261
139.4973804950714,193
139.51350235939026,258
139.52929377555847,483
139.54431748390198,528
139.56013560295105,247
139.57535123825073,204
139.59055399894714,264
139.60679960250854,496
139.6224570274353,509
139.63770604133606,230
139.6538028717041,207
139.66977214813232,270
139.68516445159912,516
139.70040893554688,508
139.7161407470703,218
139.73177886009216,213
139.74725031852722,276
139.7622721195221,528
139.777841091156,489
139.7929883003235,213
139.8087408542633,213
139.82449078559875,276
139.84040474891663,534
139.85639786720276,460
139.8718876838684,199
139.88789701461792,207
139.90311241149902,278
139.91811203956604,547
139.9337990283966,443
139.9493396282196,193
139.96472191810608,218
139.98045706748962,294
139.99560499191284,560
140.01169872283936,423
140.02723503112793,193
140.0430929660797,226
140.05875253677368,312
140.07387924194336,566
140.08934497833252,403
140.10536217689514,185
140.1213309764862,223
140.13735008239746,331
140.1533703804016,570
140.16889595985413,387
140.18490648269653,183
140.20026969909668,230
140.21629190444946,350
140.23228335380554,566
140.24827933311462,378
140.2639570236206,184
140.27977895736694,227
140.29597783088684,359
140.31101393699646,563
140.32700324058533,348
140.34264612197876,185
140.35866522789001,239
140.37389945983887,380
140.3897545337677,559
140.40515613555908,335
140.42076182365417,178
140.43597102165222,237
140.45200276374817,399
140.46772003173828,559
140.48328852653503,327
140.49828791618347,177
140.51350593566895,236
140.52934646606445,411
140.5449297428131,552
140.56010246276855,309
140.57529878616333,183
140.5904562473297,241
140.6064178943634,421
140.62173700332642,548
140.63740491867065,283
140.65253496170044,192
140.6688539981842,248
140.68491196632385,450
140.70051789283752,545
140.71665978431702,272
140.73190093040466,198
140.7469301223755,254
140.76219153404236,474
140.77764105796814,528
140.79316115379333,253
140.80874466896057,196
140.82346415519714,257
140.83866214752197,488
140.85381174087524,515
140.86934900283813,232
140.8854043483734,199
140.9010148048401,259
140.91745471954346,504
140.93264365196228,499
140.94866609573364,215
140.9645299911499,205
140.98027729988098,265
140.99638104438782,521
141.01157021522522,468
141.0268154144287,202
141.04210138320923,208
141.05710339546204,276
141.07261395454407,542
141.0886116027832,456
141.10405349731445,199
141.11970925331116,209
141.13501572608948,285
141.15082669258118,551
141.1659517288208,425
141.1813349723816,186
141.19705843925476,207
141.21226930618286,281
141.2277774810791,548
141.2438633441925,409
141.25996470451355,183
141.27554154396057,221
141.29079961776733,309
141.30679297447205,565
141.32245016098022,403
141.3381781578064,186
141.35421657562256,225
141.3697054386139,333
141.38470578193665,565
141.40015268325806,384
141.4152958393097,185
141.4301586151123,228
141.44557070732117,355
141.46117615699768,568
141.4771921634674,357
141.49319982528687,183
141.50919270515442,234
141.52520275115967,377
141.5407211780548,560
141.556743144989,340
141.57241559028625,185
141.5877811908722,241
141.60341477394104,393
141.61876845359802,564
141.6343777179718,344
141.6505823135376,185
141.66659593582153,242
141.68257689476013,396
141.6981999874115,553
141.7137966156006,327
141.72902989387512,183
141.74432969093323,244
141.76022338867188,412
141.77581143379211,550
141.79168510437012,294
141.80768537521362,190
141.82295846939087,252
141.83795952796936,440
141.85398507118225,545
141.86916041374207,278
141.8841519355774,188
141.89952969551086,240
141.91486644744873,458
141.93040370941162,535
141.94638848304749,267
141.96229815483093,196
141.97821855545044,254
141.99419593811035,472
142.0103087425232,521
142.02550530433655,249
142.04065370559692,192
142.0561327934265,251
142.07161831855774,485
142.08705139160156,510
142.10218286514282,231
142.1173505783081,200
142.13344717025757,256
142.14948320388794,496
142.1646752357483,500
142.18071699142456,219
142.19678401947021,212
142.21224403381348,271
142.22735404968262,517
142.24335646629333,478
142.25907635688782,215
142.27459526062012,209
142.28959560394287,269
142.3050549030304,533
142.3204002380371,459
142.3358714580536,200
142.35137677192688,207
142.36692571640015,274
142.3823366165161,539
142.39832997322083,445
142.4143295288086,196
142.4296154975891,218
142.4450330734253,290
142.4609730243683,554
142.47606658935547,429
142.49204564094543,194
142.50805401802063,216
142.5237011909485,297
142.53906226158142,560
142.55452394485474,407
142.57058477401733,188
142.58655762672424,222
142.60159826278687,319
142.61667251586914,560
142.63253831863403,390
142.648095369339,178
142.66397285461426,218
142.67934131622314,335
142.69526982307434,562
142.71026945114136,366
142.72629356384277,182
142.74197125434875,228
142.75681734085083,352
142.7720239162445,564
142.78788709640503,365
142.80295991897583,190
142.81810402870178,234
142.83404755592346,367
142.8493890762329,570
142.86494326591492,361
142.8800914287567,188
142.89583373069763,238
142.91184496879578,385
142.92784309387207,553
142.9428412914276,335
142.95784735679626,182
142.9729926586151,242
142.98838806152344,403
143.00449419021606,548
143.0205500125885,312
143.036550283432,189
143.0519254207611,245
143.06711792945862,421
143.08253121376038,558
143.09765028953552,304
143.11340737342834,193
143.12847924232483,252
143.1433756351471,444
143.15867519378662,542
143.17422533035278,280
143.189377784729,190
143.2052924633026,251
143.22070288658142,465
143.23610758781433,532
143.25171828269958,261
143.26780128479004,188
143.28380513191223,244
143.29956245422363,470
143.31514024734497,511
143.33115363121033,233
143.34729266166687,200
143.36375522613525,254
143.37963557243347,482
143.394864320755,510
143.41085600852966,230
143.4262182712555,202
143.4421865940094,256
143.45734119415283,494
143.4724953174591,485
143.4880928993225,215
143.50334787368774,196
143.51912999153137,257
143.53430247306824,514
143.54979038238525,480
143.56534481048584,213
143.580806016922,204
143.59633445739746,266
143.6117069721222,524
143.6268322467804,464
143.64182806015015,206
143.6571433544159,211
143.67250227928162,277
143.68768644332886,532
143.70321369171143,449
143.7183883190155,195
143.7343771457672,203
143.75029969215393,267
143.7655611038208,532
143.7814121246338,429
143.79742312431335,191
143.8126540184021,217
143.82804799079895,299
143.84336733818054,556
143.8583698272705,413
143.8742105960846,191
143.88918614387512,223
143.90514492988586,307
143.92116403579712,559
143.93672370910645,398
143.95291948318481,188
143.96841263771057,228
143.98359084129333,327
143.99951267242432,561
144.0154321193695,384
144.0315294265747,178
144.0468144416809,222
144.06228113174438,340
144.0775077342987,563
144.09276056289673,375
144.10828161239624,182
144.12437343597412,229
144.13957262039185,359
144.15512657165527,561
144.17037773132324,346
144.185533285141,180
144.20154356956482,232
144.21756720542908,375
144.23282432556152,560
144.24829292297363,341
144.2643916606903,183
144.28001594543457,238
144.29544806480408,385
144.310932636261,560
144.32621264457703,342
144.34222412109375,185
144.35735511779785,240
144.37216186523438,397
144.3876805305481,556
144.40377259254456,327
144.41976952552795,186
144.43500185012817,240
144.45101642608643,418
144.4670693874359,546
144.4825828075409,291
144.49861931800842,190
144.5137701034546,245
144.52933835983276,434
144.54535508155823,538
144.56108617782593,272
144.5766315460205,186
144.59214735031128,251
144.60719680786133,458
144.62228655815125,531
144.63778376579285,259
144.653826713562,193
144.6691267490387,254
144.6849603652954,474
144.70010948181152,514
144.7161090373993,238
144.7321286201477,202
144.7481608390808,260
144.76318049430847,497
144.77858972549438,508
144.7937309741974,221
144.8088984489441,200
144.8237805366516,261
144.8390667438507,505
144.85433053970337,491
144.8703806400299,217
144.88583993911743,202
144.90165877342224,263
144.91668224334717,514
144.93248629570007,478
144.94796657562256,217
144.96318340301514,212
144.97922372817993,272
144.99477005004883,534
145.01041221618652,462
145.025719165802,200
145.04085850715637,216
145.0566017627716,290
145.07246780395508,547
145.0880424976349,436
145.1041030883789,192
145.12015223503113,216
145.13582110404968,292
145.15171551704407,552
145.16717171669006,419
145.18329501152039,186
145.1986105442047,208
145.21452713012695,297
145.23056745529175,550
145.24646282196045,401
145.26159119606018,179
145.27749514579773,220
145.29349875450134,323
145.30945992469788,562
145.32496523857117,373
145.34095692634583,184
145.3570945262909,229
145.3726246356964,337
145.38786911964417,559
145.404625415802,370
145.41866445541382,187
145.43478298187256,239
145.45032787322998,371
145.46550345420837,564
145.480717420578,355
145.4965579509735,185
145.51189279556274,236
145.52752804756165,387
145.5430977344513,557
145.55880665779114,343
145.57463884353638,185
145.5903515815735,238
145.60640001296997,397
145.62170457839966,557
145.63696789741516,333
145.65303993225098,185
145.6695258617401,243
145.6855320930481,408
145.70153546333313,552
145.717538356781,298
145.73318147659302,188
145.7488534450531,246
145.76357340812683,432
145.77969789505005,554
145.79510283470154,295
145.8106334209442,190
145.82606673240662,251
145.8422532081604,451
145.85639595985413,537
145.8720076084137,299
145.88728094100952,556
145.90334963798523,414
145.91888999938965,185
145.93498373031616,220
145.95105600357056,327
145.96592116355896,570
145.98148250579834,393
145.99692249298096,185
146.01221108436584,233
146.02743196487427,341
146.04350566864014,565
146.05864834785461,370
146.07382321357727,182
146.08920812606812,234
146.10453414916992,359
146.12015652656555,562
146.13560438156128,361
146.15142703056335,179
146.16660404205322,230
146.18202686309814,373
146.19766688346863,555
146.2132875919342,345
146.22935223579407,179
146.2453510761261,232
146.26040315628052,393
146.27605676651,554
146.29189538955688,323
146.30796360969543,186
146.32355427742004,242
146.33904099464417,413
146.35425662994385,551
146.37023186683655,303
146.38547158241272,182
146.40088820457458,246
146.4165976047516,435
146.4317524433136,541
146.44689989089966,288
146.46234226226807,187
146.47795009613037,246
146.49320340156555,448
146.50901532173157,529
146.52400755882263,261
146.5390226840973,186
146.55480480194092,245
146.57032084465027,452
146.5863802433014,523
146.6018054485321,240
146.61730408668518,192
146.63292574882507,253
146.64864325523376,487
146.6641445159912,509
146.68024682998657,231
146.69572520256042,204
146.7117428779602,268
146.72676134109497,508
146.74215698242188,495
146.75789999961853,222
146.7736794948578,201
146.78896069526672,266
146.80496335029602,519
146.82099151611328,474
146.83617067337036,213
146.8513503074646,210
146.86630392074585,275
146.88169288635254,538
146.89692902565002,457
146.91245818138123,198
146.92844557762146,215
146.94406247138977,287
146.95957970619202,550
146.97487711906433,439
146.99024939537048,197
147.0051131248474,224
147.02029728889465,296
147.03531980514526,556
147.05096125602722,416
147.06699752807617,183
147.0825333595276,218
147.09783053398132,312
147.11335158348083,572
147.1285047531128,413
147.14441537857056,193
147.16014194488525,232
147.1756649017334,333
147.19099879264832,573
147.2066445350647,383
147.22180819511414,188
147.2375841140747,233
147.25262832641602,341
147.26786375045776,566
147.2834222316742,371
147.29858016967773,180
147.31456446647644,232
147.33067059516907,361
147.34653282165527,564
147.36213970184326,363
147.3774950504303,181
147.39347910881042,233
147.4087290763855,381
147.42450857162476,561
147.44054222106934,337
147.45637035369873,184
147.47149848937988,241
147.48715686798096,400
147.50320100784302,561
147.5190601348877,321
147.53437638282776,185
147.54968523979187,240
147.56614446640015,406
147.58129739761353,552
147.59710121154785,314
147.61310720443726,189
147.6282444000244,252
147.64425802230835,434
147.660338640213,546
147.67567992210388,301
147.6908175945282,184
147.70595049858093,241
147.72145462036133,431
147.737242937088,536
147.75300097465515,268
147.7688925266266,179
147.7846188545227,242
147.79985547065735,455
147.8158929347992,533
147.83140349388123,259
147.84665441513062,197
147.86166214942932,258
147.8769726753235,475
147.8929705619812,518
147.90849614143372,248
147.92403364181519,198
147.9395513534546,254
147.95545935630798,505
147.9714503288269,500
147.98658227920532,228
148.00208806991577,195
148.01736450195312,260
148.0332908630371,509
148.0493199825287,477
148.06478095054626,207
148.0806303024292,198
148.09605288505554,263
148.11113572120667,524
148.1261444091797,459
148.14177536964417,199
148.15728855133057,210
148.17391085624695,273
148.189519405365,537
148.2049798965454,444
148.22099137306213,194
148.23658061027527,211
148.25179386138916,283
148.26706743240356,549
148.28311681747437,433
148.29848265647888,190
148.31359100341797,213
148.32894253730774,297
148.34392833709717,551
148.35961031913757,406
148.37534594535828,182
148.39050459861755,220
148.40563011169434,313
148.42169213294983,557
148.43759846687317,388
148.45391201972961,184
148.46832394599915,231
148.4835422039032,335
148.49953770637512,561
148.5155429840088,360
148.5315375328064,179
148.5471546649933,226
148.56260347366333,353
148.57816553115845,560
148.59416151046753,359
148.6101770401001,182
148.62625575065613,236
148.64140915870667,379
148.65646743774414,562
148.6716866493225,352
148.68744254112244,185
148.70246815681458,242
148.71853613853455,395
148.73355388641357,558
148.74882650375366,335
148.76404643058777,184
148.77921056747437,243
148.7953062057495,419
148.81133890151978,559
148.82681679725647,308
148.8424186706543,193
148.8579273223877,255
148.87323474884033,437
148.88849925994873,549
148.90399408340454,295
148.9193937778473,194
148.93439483642578,255
148.94957399368286,457
148.96506643295288,536
148.98029017448425,274
148.99605774879456,195
149.01137924194336,257
149.02737641334534,464
149.04345202445984,527
149.05949544906616,255
149.0745644569397,196
149.08978462219238,259
149.1056227684021,487
149.12106728553772,512
149.1362099647522,226
149.15173411369324,200
149.1672568321228,260
149.18327283859253,499
149.19867157936096,504
149.21476697921753,226
149.2307484149933,203
149.24672889709473,265
149.2619390487671,515
149.27801489830017,478
149.29398322105408,217
149.3091585636139,214
149.324871301651,273
149.34120726585388,529
149.35715675354004,456
149.37202334403992,203
149.38693618774414,209
149.4025707244873,278
149.4186556339264,536
149.4347460269928,444
149.45079350471497,198
149.46643543243408,217
149.4817774295807,288
149.49730825424194,545
149.51238131523132,424
149.52777671813965,185
149.5438735485077,214
149.55924701690674,291
149.5744593143463,550
149.5899522304535,417
149.60530042648315,186
149.62053155899048,217
149.63607788085938,308
149.65210962295532,557
149.66766571998596,404
149.68346405029297,185
149.69866514205933,225
149.71469736099243,324
149.72994565963745,560
149.74549055099487,374
149.76064085960388,184
149.7758994102478,234
149.79118371009827,343
149.80652618408203,562
149.82251691818237,373
149.83752012252808,188
149.85221219062805,234
149.867445230484,356
149.88349413871765,555
149.89858222007751,356
149.91471672058105,180
149.92969703674316,234
149.9457836151123,380
149.96143054962158,552
149.977121591568,347
149.99229764938354,183
150.00757360458374,238
150.0231318473816,392
150.03853392601013,548
150.05404376983643,318
150.06945729255676,184
150.084956407547,243
150.10060477256775,405
150.11600613594055,549
150.13195633888245,306
150.14801168441772,186
150.16401267051697,248
150.18006467819214,432
150.19584703445435,554
150.2118468284607,300
150.22705507278442,185
150.24315524101257,238
150.2585437297821,433
150.27367210388184,543
150.28976559638977,281
150.30550336837769,194
150.3214509487152,247
150.33680057525635,448
150.352201461792,526
150.36733675003052,249
150.3825068473816,183
150.39842557907104,239
150.41358590126038,454
150.42936038970947,524
150.4463493824005,249
150.4605050086975,196
150.47657179832458,254
150.49185252189636,478
150.50701022148132,507
150.52308559417725,237
150.53907179832458,193
150.55410861968994,250
150.56937074661255,488
150.58494997024536,490
150.6003658771515,222
150.616286277771,197
150.63163924217224,258
150.64769220352173,512
150.66374921798706,474
150.67901253700256,208
150.6945207118988,212
150.7102370262146,272
150.72555112838745,525
150.74095964431763,460
150.75608777999878,199
150.77125573158264,212
150.78680801391602,276
150.80235838890076,541
150.81828832626343,440
150.8334619998932,198
150.84934210777283,213
150.865464925766,288
150.8804783821106,548
150.8964855670929,416
150.91166639328003,185
150.9275186061859,213
150.94349765777588,297
150.95884037017822,549
150.97386860847473,402
150.9898397922516,183
151.00547647476196,218
151.02152514457703,313
151.0375955104828,560
151.0527741909027,391
151.06878423690796,179
151.08458161354065,222
151.09964179992676,331
151.11464428901672,565
151.13002634048462,385
151.1454792022705,185
151.1615195274353,227
151.17707228660583,350
151.19304895401,558
151.20864963531494,363
151.22464537620544,180
151.24064993858337,228
151.2559633255005,361
151.27198028564453,544
151.2875669002533,326
151.30393624305725,173
151.31951427459717,228
151.3347887992859,381
151.35069036483765,550
151.3667449951172,335
151.38275909423828,192
151.39780378341675,241
151.4138147830963,406
151.42991590499878,550
151.4459285736084,311
151.4619288444519,180
151.4769549369812,241
151.4926826953888,430
151.5086624622345,542
151.52394032478333,282
151.53986167907715,189
151.55588626861572,246
151.57154989242554,448
151.5868034362793,531
151.60247540473938,261
151.61808705329895,196
151.63331866264343,258
151.64935541152954,473
151.66453337669373,519
151.68005633354187,243
151.69561958312988,194
151.71133041381836,257
151.7273075580597,493
151.74419856071472,503
151.75906229019165,227
151.7746615409851,195
151.789977312088,259
151.80542540550232,507
151.82098817825317,481
151.8370041847229,212
151.85260462760925,205
151.8685383796692,271
151.8840618133545,529
151.89945721626282,471
151.9154839515686,208
151.93079805374146,214
151.94679522514343,281
151.96194648742676,541
151.9779176712036,451
151.99380254745483,201
152.00914216041565,215
152.0251636505127,285
152.0412414073944,546
152.05698895454407,434
152.07306551933289,190
152.0886197090149,211
152.10438466072083,293
152.1195194721222,553
152.13554620742798,417
152.15106463432312,190
152.16649460792542,223
152.18163514137268,311
152.19680619239807,565
152.21274733543396,404
152.2278139591217,193
152.24328541755676,237
152.25888299942017,344
152.2747941017151,577
152.29056668281555,398
152.30626702308655,195
152.3218171596527,234
152.3371181488037,348
152.35212326049805,570
152.3681297302246,386
152.3839111328125,189
152.39891481399536,236
152.41364097595215,367
152.42939805984497,564
152.44541144371033,353
152.46095252037048,185
152.4763150215149,237
152.49222922325134,377
152.50793552398682,559
152.5235948562622,333
152.53882956504822,181
152.55395770072937,236
152.57001662254333,388
152.58539843559265,559
152.60115242004395,336
152.61635375022888,186
152.63150024414062,246
152.64657998085022,402
152.66196966171265,556
152.67807626724243,339
152.69406509399414,193
152.70941162109375,250
152.7250039577484,427
152.74018096923828,556
152.755512714386,297
152.77084851264954,188
152.78696870803833,246
152.8016848564148,437
152.81681323051453,542
152.83146119117737,274
152.84752011299133,193
152.86307549476624,247
152.87917113304138,452
152.89454460144043,521
152.91062211990356,255
152.92561197280884,182
152.94049072265625,244
152.9564607143402,473
152.9725375175476,504
152.98859453201294,232
153.0039963722229,185
153.01972270011902,247
153.03499150276184,492
153.05042219161987,495
153.06584858894348,219
153.0817003250122,201
153.0972671508789,267
153.11313247680664,516
153.12915658950806,479
153.14420676231384,207
153.16024827957153,207
153.17590832710266,270
153.19120335578918,533
153.2068555355072,470
153.2220585346222,206
153.23722076416016,210
153.25266480445862,276
153.26824975013733,543
153.28433084487915,443
153.3003227710724,192
153.31552004814148,212
153.33065843582153,284
153.34630608558655,545
153.36214399337769,428
153.37767100334167,185
153.39315557479858,211
153.40880823135376,292
153.42474484443665,558
153.44064283370972,416
153.45628118515015,188
153.47160720825195,222
153.48712301254272,315
153.50256824493408,559
153.5178258419037,394
153.53392457962036,178
153.54922103881836,221
153.56516933441162,335
153.5802140235901,558
153.5962872505188,370
153.61146473884583,179
153.62707591056824,226
153.6422884464264,350
153.6583034992218,554
153.67357325553894,344
153.68961358070374,174
153.70492553710938,224
153.72091960906982,365
153.73701643943787,550
153.75230026245117,345
153.7676281929016,180
153.78335571289062,236
153.79858136177063,382
153.8140516281128,556
153.83011507987976,338
153.8452491760254,177
153.86125493049622,235
153.87724447250366,400
153.8928565979004,554
153.90896773338318,315
153.9248514175415,192
153.94085121154785,249
153.95685291290283,426
153.97238111495972,547
153.98806524276733,296
154.00405764579773,189
154.01934671401978,252
154.03537321090698,450
154.05050945281982,543
154.06570196151733,290
154.08080101013184,189
154.09607887268066,248
154.11210751533508,451
154.1275918483734,539
154.14362740516663,269
154.15886759757996,184
154.17491722106934,249
154.19093084335327,470
154.2061173915863,526
154.22146368026733,247
154.23752522468567,201
154.25335669517517,263
154.2693886756897,492
154.28461074829102,521
154.30005431175232,243
154.3161211013794,208
154.33128809928894,268
154.3467354774475,506
154.36192202568054,502
154.37764143943787,233
154.3924822807312,207
154.4075312614441,271
154.4233739376068,525
154.4386923313141,484
154.4540150165558,217
154.46998238563538,214
154.4851427078247,276
154.50054097175598,534
154.5160312652588,464
154.53162956237793,201
154.54678773880005,208
154.5627851486206,277
154.57807683944702,539
154.59328174591064,448
154.60886907577515,192
154.62490677833557,211
154.64101266860962,285
154.65633940696716,546
154.67183804512024,429
154.68792819976807,186
154.70348119735718,210
154.71923112869263,292
154.7352752685547,552
154.75080013275146,415
154.76686573028564,186
154.78240180015564,217
154.7983169555664,308
154.81338214874268,560
154.8282618522644,397
154.8434681892395,187
154.85904455184937,228
154.87453150749207,331
154.89060950279236,566
154.90588521957397,387
154.92117190361023,180
154.93653964996338,226
154.95179510116577,348
154.96721410751343,567
154.98327112197876,373
154.9986219406128,183
155.01390624046326,233
155.0290596485138,359
155.0449502468109,568
155.06041955947876,356
155.0754358768463,185
155.09089279174805,239
155.1059455871582,376
155.12155055999756,564
155.13693523406982,335
155.1529402732849,185
155.1688756942749,238
155.18438816070557,392
155.19985270500183,561
155.21587204933167,332
155.23136496543884,183
155.24733901023865,239
155.2629427909851,401
155.27812576293945,556
155.29339981079102,327
155.30865693092346,183
155.32475757598877,245
155.34079575538635,424
155.35685992240906,558
155.37287378311157,310
155.38840579986572,189
155.40398836135864,245
155.4198865890503,438
155.43543314933777,555
155.45128560066223,280
155.46734142303467,199
155.48294925689697,257
155.49846482276917,454
155.5136113166809,541
155.5292251110077,267
155.54469990730286,194
155.56009125709534,260
155.57558226585388,477
155.59212493896484,528
155.60719847679138,255
155.6232373714447,196
155.63905453681946,262
155.65505361557007,491
155.6710033416748,509
155.68646597862244,216
155.70200324058533,193
155.717129945755,253
155.73304533958435,497
155.74876022338867,489
155.76421451568604,211
155.78022122383118,215
155.79560256004333,272
155.8109667301178,528
155.82614183425903,478
155.8410758972168,204
155.8563117980957,214
155.87184309959412,275
155.88716864585876,537
155.90318393707275,468
155.9185085296631,205
155.93400883674622,213
155.9494879245758,272
155.96501278877258,531
155.9807424545288,443
155.99606275558472,193
156.01158547401428,217
156.02708649635315,288
156.04253721237183,553
156.05860805511475,426
156.07384037971497,185
156.0891342163086,215
156.1046335697174,297
156.12057900428772,557
156.13650751113892,407
156.15170168876648,187
156.16680932044983,234
156.18252801895142,327
156.19794058799744,565
156.21394538879395,384
156.22995948791504,180
156.2459647655487,225
156.2613866329193,333
156.27653169631958,562
156.29259276390076,373
156.3086428642273,179
156.3235034942627,225
156.3391489982605,349
156.3551847934723,563
156.37103080749512,366
156.38603830337524,178
156.40071415901184,230
156.41655564308167,367
156.43212175369263,560
156.44726824760437,352
156.46245336532593,177
156.47781658172607,229
156.49346780776978,382
156.50953793525696,557
156.52504062652588,330
156.54105591773987,177
156.55605459213257,234
156.57106685638428,400
156.5870852470398,547
156.6028549671173,307
156.61882519721985,179
156.63455748558044,236
156.64967584609985,415
156.66556978225708,539
156.68102192878723,289
156.69626665115356,179
156.71175479888916,240
156.7270336151123,437
156.74252128601074,538
156.75772738456726,279
156.7724094390869,185
156.78777766227722,251
156.80341696739197,460
156.81941628456116,522
156.83540081977844,254
156.8504776954651,181
156.8657717704773,243
156.8807773590088,464
156.89593696594238,510
156.9124345779419,238
156.92674612998962,189
156.94293189048767,252
156.9570963382721,489
156.97238397598267,493
156.98790550231934,218
157.00336265563965,194
157.0187258720398,259
157.03389143943787,513
157.0498926639557,481
157.06591033935547,211
157.0812566280365,206
157.0968689918518,271
157.1121883392334,533
157.12799644470215,460
157.14397621154785,201
157.15928483009338,207
157.17536115646362,273
157.19135856628418,541
157.20728850364685,451
157.22319412231445,195
157.23794102668762,206
157.25371718406677,281
157.2697150707245,548
157.28468227386475,431
157.30020546913147,190
157.3155174255371,212
157.33093929290771,292
157.34646439552307,549
157.36246848106384,408
157.37769675254822,182
157.39314150810242,216
157.4086947441101,305
157.4238317012787,561
157.43983006477356,404
157.45583128929138,183
157.47052359580994,222
157.48616671562195,324
157.50126934051514,564
157.51674818992615,383
157.53274130821228,185
157.54746413230896,226
157.5634400844574,338
157.57945132255554,561
157.59523630142212,373
157.6103811264038,180
157.62638068199158,228
157.64242601394653,350
157.65840816497803,560
157.67379808425903,360
157.68980932235718,183
157.70532369613647,240
157.72132396697998,384
157.7367594242096,561
157.75282907485962,327
157.768474817276,180
157.78448820114136,238
157.800217628479,396
157.81608247756958,556
157.8319091796875,307
157.84758806228638,189
157.86258172988892,243
157.87763166427612,415
157.8930048942566,559
157.90895414352417,305
157.92493748664856,195
157.93994975090027,254
157.9559428691864,430
157.9713294506073,553
157.98689126968384,282
158.00231051445007,197
158.0184679031372,253
158.03443503379822,452
158.0504925251007,541
158.06652760505676,255
158.08169031143188,201
158.09772491455078,260
158.113046169281,472
158.12910676002502,527
158.14543175697327,240
158.1604242324829,205
158.1758050918579,265
158.19154334068298,489
158.20679092407227,518
158.2220675945282,228
158.237398147583,205
158.25239539146423,267
158.26832151412964,511
158.28388786315918,505
158.29939889907837,220
158.3153862953186,209
158.33040165901184,263
158.34520602226257,513
158.3610339164734,479
158.376788854599,206
158.39219069480896,212
158.40778279304504,277
158.42312574386597,531
158.43784856796265,478
158.453289270401,210
158.46907472610474,220
158.48452138900757,277
158.5005497932434,537
158.51595044136047,452
158.5319471359253,194
158.54795098304749,215
158.56334972381592,280
158.57805228233337,544
158.5940535068512,435
158.60925006866455,192
158.6252748966217,224
158.64042353630066,292
158.65645933151245,551
158.6724534034729,420
158.6885313987732,189
158.70405340194702,222
158.71932458877563,300
158.7344696521759,560
158.74979281425476,409
158.7657985687256,191
158.7808814048767,229
158.79614686965942,316
158.81222820281982,569
158.82828903198242,395
158.84356141090393,195
158.85889220237732,235
158.8741991519928,337
158.88944220542908,566
158.90550351142883,378
158.92052912712097,188
158.93590879440308,236
158.95117330551147,352
158.96619296073914,566
158.98219966888428,356
158.997718334198,185
159.0135374069214,237
159.02849864959717,372
159.04350018501282,564
159.05817103385925,338
159.0734465122223,189
159.08930492401123,242
159.1048424243927,378
159.11997532844543,565
159.13503766059875,334
159.15109276771545,195
159.16646695137024,252
159.18252515792847,411
159.19807076454163,558
159.2140736579895,314
159.2298138141632,196
159.2458324432373,257
159.26158356666565,421
159.2770721912384,560
159.2926046848297,308
159.30872797966003,196
159.324697971344,251
159.34071803092957,433
159.35669875144958,554
159.37169861793518,296
159.38674879074097,201
159.4019694328308,261
159.41794967651367,460
159.43343019485474,547
159.44948196411133,273
159.46546912193298,198
159.4807231426239,260
159.49624133110046,474
159.51159501075745,533
159.52734756469727,253
159.54278206825256,200
159.55888295173645,258
159.57497382164001,488
159.59099960327148,516
159.60690021514893,230
159.622896194458,200
159.63889408111572,264
159.65389347076416,505
159.66891241073608,503
159.68492150306702,218
159.70048642158508,211
159.71648454666138,272
159.73249673843384,521
159.7484278678894,487
159.76445984840393,215
159.77947854995728,208
159.7948796749115,272
159.81045126914978,521
159.82579827308655,464
159.84092664718628,202
159.85693073272705,209
159.87247705459595,269
159.88752675056458,529
159.90278315544128,454
159.91878533363342,198
159.93378233909607,212
159.94978547096252,279
159.96576714515686,540
159.9807665348053,432
159.99677085876465,189
160.01194834709167,211
160.02710700035095,288
160.04210662841797,550
160.0581076145172,425
160.07410836219788,188
160.09014344215393,214
160.10566210746765,294
160.12166500091553,550
160.13765239715576,400
160.15343356132507,188
160.16875648498535,223
160.18479704856873,316
160.2003846168518,558
160.21637105941772,382
160.2323932647705,187
160.24838042259216,231
160.26438283920288,337
160.27990245819092,559
160.29523491859436,364
160.31079173088074,184
160.32676768302917,235
160.34177470207214,348
160.35779237747192,555
160.37376976013184,353
160.38977479934692,183
160.4053111076355,233
160.4213056564331,368
160.43730974197388,555
160.45231127738953,337
160.46731042861938,189
160.4831018447876,243
160.4989664554596,384
160.5140311717987,552
160.52933311462402,331
160.5449242591858,186
160.56094527244568,242
160.5759518146515,399
160.59193968772888,553
160.60777306556702,318
160.62384176254272,190
160.63979244232178,246
160.65570211410522,421
160.67139267921448,544
160.68704986572266,290
160.70293259620667,184
160.71905732154846,241
160.73512625694275,432
160.75055027008057,540
160.76561665534973,277
160.7806737422943,196
160.79660892486572,257
160.81246066093445,456
160.82816529273987,531
160.8434841632843,250
160.85873103141785,186
160.87386775016785,244
160.88989090919495,464
160.90550255775452,518
160.92088508605957,249
160.93588018417358,198
160.95190739631653,261
160.9675989151001,488
160.98287510871887,516
160.99856400489807,239
161.0139353275299,197
161.02949452400208,256
161.04557061195374,487
161.0608401298523,500
161.07689499855042,223
161.09280562400818,209
161.10877633094788,269
161.12477469444275,511
161.13999581336975,481
161.1559054851532,206
161.1719183921814,207
161.18765354156494,274
161.2036213874817,519
161.21936869621277,475
161.2352797985077,206
161.25078415870667,213
161.2667863368988,275
161.28269958496094,532
161.2993185520172,449
161.31485676765442,201
161.33034706115723,218
161.34545040130615,277
161.36147093772888,537
161.3767318725586,441
161.39236044883728,194
161.40771484375,217
161.42371702194214,281
161.4393892288208,544
161.45531582832336,414
161.47112607955933,188
161.48717379570007,227
161.50262904167175,306
161.51812767982483,560
161.53404879570007,401
161.54987692832947,188
161.56487727165222,227
161.5808756351471,316
161.5966091156006,562
161.6125922203064,391
161.62864542007446,185
161.64440965652466,228
161.65976428985596,324
161.6753215789795,561
161.69065594673157,383
161.70666098594666,181
161.7227234840393,227
161.7388277053833,337
161.75493502616882,565
161.77057266235352,363
161.7852659225464,183
161.8012101650238,236
161.81655097007751,358
161.83233904838562,565
161.84835958480835,351
161.86392045021057,188
161.87933707237244,244
161.8947250843048,382
161.91009616851807,561
161.92545866966248,327
161.94061994552612,186
161.95593404769897,244
161.97192788124084,395
161.98791456222534,555
162.003431558609,313
162.0204303264618,188
162.03542733192444,244
162.0514326095581,412
162.06748223304749,550
162.08270645141602,295
162.0986828804016,188
162.11436891555786,250
162.13038086891174,432
162.14630460739136,547
162.16198253631592,281
162.178053855896,189
162.19406127929688,251
162.21012902259827,448
162.22566866874695,537
162.24178409576416,257
162.25669956207275,201
162.2726800441742,260
162.28841876983643,471
162.30442881584167,521
162.32047080993652,236
162.33580589294434,198
162.3519253730774,258
162.36718487739563,491
162.38262391090393,505
162.39857029914856,223
162.41398358345032,205
162.42923974990845,268
162.44525289535522,512
162.46091890335083,486
162.4765317440033,208
162.49249839782715,205
162.50857090950012,271
162.52452278137207,520
162.54012250900269,473
162.55555701255798,204
162.57150077819824,207
162.58724975585938,267
162.60276126861572,531
162.61886930465698,456
162.63493704795837,194
162.6510043144226,214
162.66649436950684,281
162.6818037033081,543
162.69730591773987,433
162.71268844604492,193
162.72849202156067,221
162.74389791488647,291
162.7589671611786,552
162.7742838859558,416
162.78930854797363,188
162.8041639328003,222
162.82021808624268,304
162.83625626564026,561
162.85167360305786,397
162.8668351173401,186
162.8821427822113,223
162.89751935005188,313
162.9131326675415,562
162.9292151927948,391
162.94421648979187,187
162.95947980880737,235
162.97489738464355,340
162.99095726013184,566
163.0065381526947,374
163.02174997329712,189
163.03739619255066,234
163.0522871017456,346
163.06836223602295,568
163.0839774608612,367
163.09955644607544,190
163.11550283432007,239
163.13068413734436,367
163.1464807987213,189
163.16250205039978,246
163.1785078048706,378
163.19424748420715,556
163.20952367782593,328
163.225506067276,190
163.24090456962585,244
163.25680541992188,394
163.27235674858093,552
163.28823494911194,314
163.30373430252075,185
163.32019019126892,241
163.33524990081787,414
163.35043621063232,553
163.3657398223877,305
163.38098049163818,190
163.39648628234863,250
163.41162252426147,431
163.42758584022522,534
163.4435760974884,275
163.45899391174316,181
163.4745810031891,244
163.49067163467407,448
163.50661158561707,532
163.5216782093048,267
163.53778529167175,198
163.55314826965332,254
163.56842970848083,467
163.58416485786438,516
163.5995728969574,243
163.6156141757965,195
163.63079595565796,251
163.64649176597595,482
163.66161394119263,504
163.67770624160767,228
163.69284629821777,197
163.70837950706482,257
163.72364282608032,500
163.73918294906616,491
163.75435519218445,217
163.76976704597473,199
163.7850456237793,261
163.8005440235138,512
163.81576776504517,477
163.8315236568451,211
163.8467025756836,213
163.86269521713257,273
163.87821197509766,527
163.89356970787048,465
163.90952014923096,202
163.92557072639465,220
163.94070482254028,278
163.9563910961151,537
163.97229075431824,455
163.9882936477661,204
164.00356435775757,223
164.0196557044983,286
164.03563475608826,545
164.05163979530334,434
164.06767225265503,196
164.08289670944214,218
164.09823656082153,290
164.11405086517334,546
164.12929964065552,411
164.14514231681824,186
164.16100025177002,223
164.17661571502686,307
164.191668510437,565
164.20753574371338,404
164.22353959083557,189
164.23892664909363,224
164.2548623085022,321
164.27090668678284,569
164.28678393363953,393
164.30281949043274,188
164.31849431991577,233
164.33447527885437,345
164.3501181602478,573
164.36611700057983,386
164.3818953037262,193
164.39752006530762,236
164.4130356311798,361
164.42866349220276,556
164.4440643787384,356
164.4590666294098,187
164.47452306747437,236
164.4899718761444,378
164.50530195236206,560
164.52089285850525,347
164.53641653060913,195
164.55160212516785,248
164.56678366661072,399
164.58225464820862,565
164.59826493263245,327
164.61408758163452,192
164.62946462631226,246
164.64466214179993,415
164.6601324081421,561
164.67576384544373,302
164.69106578826904,189
164.70687222480774,245
164.72216773033142,428
164.73824048042297,540
164.7536780834198,283
164.76966857910156,188
164.78532552719116,250
164.80052661895752,442
164.81595516204834,532
164.83097004890442,263
164.8469774723053,191
164.86295652389526,256
164.87895488739014,469
164.89498019218445,527
164.91042709350586,250
164.92544984817505,199
164.94155311584473,259
164.95750737190247,484
164.97282457351685,500
164.98780846595764,221
165.0038321018219,185
165.01920342445374,245
165.03422379493713,492
165.05020427703857,473
165.06521844863892,207
165.08077001571655,203
165.09616041183472,261
165.1116726398468,518
165.12688970565796,470
165.1429159641266,208
165.15890550613403,215
165.17424702644348,279
165.18941950798035,536
165.2054784297943,451
165.22125363349915,204
165.23638200759888,219
165.25152897834778,287
165.26682329177856,551
165.28292179107666,433
165.2989604473114,198
165.31482315063477,224
165.33009433746338,301
165.3461835384369,550
165.36180424690247,398
165.37731552124023,190
165.39336943626404,226
165.40893721580505,313
165.42428922653198,555
165.43963813781738,386
165.45521783828735,181
165.47037744522095,217
165.48642778396606,326
165.50242471694946,557
165.51851773262024,372
165.53469443321228,187
165.5498366355896,231
165.56496453285217,350
165.5809931755066,555
165.59696698188782,356
165.61225247383118,184
165.62779903411865,235
165.64293837547302,372
165.65855526924133,562
165.6739366054535,353
165.6890664100647,187
165.7050838470459,238
165.7206826210022,385
165.73660159111023,549
165.75174498558044,330
165.76692295074463,189
165.78180241584778,245
165.79774022102356,405
165.81266498565674,547
165.8273365497589,299
165.8436210155487,193
165.85921812057495,247
165.87525010108948,424
165.89064025878906,545
165.90664219856262,284
165.9218533039093,197
165.9378752708435,257
165.95297050476074,454
165.96843338012695,545
165.98388290405273,272
165.99910187721252,205
166.01431488990784,265
166.02942419052124,474
166.04484128952026,529
166.06012535095215,247
166.0758650302887,207
166.09186625480652,261
166.10771870613098,480
166.1231825351715,515
166.13898420333862,240
166.15473222732544,197
166.17076325416565,253
166.18590903282166,483
166.20194602012634,500
166.2175488471985,217
166.23349905014038,197
166.2488672733307,257
166.2641384601593,493
166.27947568893433,487
166.2955985069275,213
166.31075024604797,205
166.32634472846985,266
166.34134078025818,517
166.35665225982666,476
166.37164878845215,209
166.38725018501282,215
166.40319442749023,272
166.41881895065308,532
166.43391013145447,452
166.4490611553192,197
166.46513104438782,207
166.48112297058105,274
166.4965341091156,536
166.51215267181396,434
166.52739191055298,193
166.54352569580078,219
166.55892324447632,290
166.57394695281982,550
166.5900011062622,430
166.60601782798767,197
166.62194919586182,223
166.63696956634521,296
166.65230584144592,554
166.66768431663513,409
166.68307280540466,189
166.697913646698,221
166.71345233917236,305
166.72896265983582,552
166.7446801662445,400
166.7601490020752,194
166.7755217552185,228
166.79163932800293,324
166.80729293823242,570
166.82231616973877,391
166.83733558654785,191
166.85336589813232,236
166.86917638778687,342
166.88516497612,567
166.90083408355713,378
166.91689682006836,194
166.9319121837616,240
166.94803094863892,350
166.96317744255066,564
166.97888922691345,362
166.99408507347107,191
167.00971746444702,240
167.02481079101562,363
167.04086208343506,557
167.05624556541443,349
167.07233572006226,190
167.0883710384369,241
167.10439205169678,383
167.11992645263672,559
167.13524341583252,338
167.1505424976349,196
167.16654586791992,251
167.18172335624695,400
167.19702863693237,563
167.212415933609,330
167.22852849960327,200
167.2436752319336,255
167.25909805297852,411
167.27456951141357,552
167.29054141044617,301
167.30576014518738,187
167.32131814956665,249
167.3374319076538,427
167.35303378105164,537
167.3686842918396,274
167.3847301006317,189
167.40009927749634,252
167.41594648361206,451
167.43149542808533,530
167.44667673110962,255
167.4626567363739,200
167.47800469398499,256
167.4929850101471,467
167.50954794883728,517
167.5243194103241,234
167.53999400138855,193
167.55601692199707,254
167.57152199745178,477
167.58671855926514,500
167.60239696502686,227
167.61790585517883,206
167.63391876220703,266
167.64992141723633,502
167.6659495830536,490
167.68201994895935,215
167.6973955631256,202
167.7128074169159,260
167.72881197929382,510
167.7442319393158,467
167.76031732559204,200
167.77631425857544,204
167.79164242744446,266
167.80707836151123,523
167.82200741767883,463
167.83695077896118,206
167.8523428440094,216
167.86833381652832,276
167.88435316085815,537
167.9003975391388,454
167.91558194160461,200
167.93113231658936,218
167.9471890926361,291
167.96240139007568,551
167.97840976715088,435
167.99445176124573,196
168.01050639152527,220
168.0257031917572,296
168.04121661186218,549
168.0567831993103,405
168.07281112670898,188
168.0886001586914,219
168.1040391921997,298
168.12014389038086,541
168.1353578567505,383
168.15146255493164,180
168.16678380966187,226
168.1822953224182,330
168.19796752929688,562
168.21315956115723,372
168.22857880592346,191
168.24458169937134,238
168.25983309745789,356
168.2753324508667,566
168.29048991203308,361
168.30594873428345,197
168.3214557170868,250
168.33686423301697,380
168.3520863056183,561
168.3679552078247,344
168.38274574279785,193
168.39780497550964,249
168.41323161125183,389
168.42878937721252,554
168.4448926448822,321
168.46089577674866,186
168.47640562057495,242
168.49167251586914,395
168.50770330429077,546
168.52310490608215,305
168.5387318134308,186
168.5538682937622,244
168.5692548751831,420
168.58469915390015,547
168.6006851196289,288
168.6163775920868,193
168.63249683380127,252
168.64747619628906,447
168.66286849975586,538
168.67788743972778,269
168.69338750839233,201
168.70871806144714,262
168.7242875099182,465
168.7398293018341,536
168.7558102607727,252
168.77098536491394,201
168.78630352020264,260
168.80231833457947,480
168.8175585269928,518
168.83257269859314,240
168.84880685806274,206
168.86387610435486,264
168.8785593509674,500
168.89454698562622,502
168.90959000587463,224
168.9249186515808,209
168.94012761116028,268
168.95526003837585,515
168.97082567214966,487
168.98572659492493,218
169.00057435035706,212
169.01610040664673,272
169.03188610076904,523
169.04683542251587,471
169.06284499168396,212
169.07790112495422,220
169.0939178466797,279
169.10949897766113,536
169.12501859664917,467
169.1410415172577,210
169.15703439712524,220
169.1730329990387,284
169.18846774101257,550
169.20370769500732,447
169.21976113319397,197
169.23504948616028,223
169.2505922317505,296
169.26660656929016,549
169.28253364562988,426
169.29857277870178,196
169.31435084342957,230
169.32959270477295,307
169.34485960006714,556
169.3600103855133,412
169.37582325935364,198
169.39190649986267,231
169.4076910018921,316
169.4232051372528,562
169.43903398513794,399
169.45464420318604,186
169.4699034690857,224
169.48505878448486,323
169.5006079673767,564
169.51581382751465,386
169.53111004829407,190
169.54629397392273,233
169.56237983703613,339
169.57846665382385,559
169.59452199935913,371
169.6098883152008,189
169.62540698051453,236
169.64143085479736,355
169.65665316581726,556
169.67269206047058,354
169.68878197669983,185
169.70409297943115,236
169.71972751617432,375
169.7352855205536,554
169.75049424171448,337
169.76525568962097,185
169.78048038482666,239
169.7964949607849,388
169.81205821037292,544
169.82755947113037,311
169.84261441230774,180
169.85859441757202,243
169.87401866912842,406
169.8900876045227,547
169.90525603294373,301
169.92063784599304,189
169.93576383590698,248
169.95179915428162,419
169.96782636642456,538
169.98394322395325,276
169.99991250038147,184
170.01558876037598,240
170.0307559967041,432
170.0468556880951,527
170.06185722351074,259
170.07769012451172,191
170.09370875358582,256
170.10965490341187,469
170.12520051002502,529
170.14078545570374,251
170.1559190750122,204
170.17124152183533,263
170.18666410446167,485
170.2027087211609,505
170.21789073944092,226
170.23393940925598,203
170.249577999115,268
170.26569533348083,499
170.28142786026,498
170.29742312431335,218
170.3124644756317,211
170.32801389694214,270
170.3440203666687,514
170.3596897125244,474
170.3756296634674,202
170.39108991622925,212
170.40626859664917,271
170.4213993549347,530
170.43736743927002,457
170.45252561569214,204
170.4680769443512,219
170.48419189453125,286
170.50009846687317,545
170.5151343345642,436
170.53073406219482,195
170.54617047309875,223
170.56170678138733,293
170.57768392562866,550
170.59273767471313,415
170.6085443496704,195
170.6242699623108,228
170.64049220085144,314
170.65650463104248,558
170.67230820655823,401
170.68841528892517,192
170.70447397232056,230
170.72029304504395,324
170.73735070228577,556
170.75234842300415,379
170.76827263832092,186
170.78341245651245,235
170.7994556427002,350
170.8151819705963,562
170.8300805091858,368
170.84512281417847,192
170.8611717224121,243
170.87637186050415,371
170.8915514945984,562
170.90665197372437,353
170.92225408554077,192
170.93834352493286,247
170.95434188842773,387
170.96943545341492,562
170.98433685302734,337
170.9998857975006,189
171.01510882377625,247
171.03071665763855,402
171.04603505134583,558
171.0613603591919,325
171.07736039161682,193
171.0924973487854,249
171.10772109031677,414
171.1238021850586,551
171.13900184631348,304
171.15503549575806,193
171.17031931877136,255
171.18625354766846,434
171.20223426818848,544
171.21728467941284,286
171.23283672332764,191
171.2484269142151,253
171.2644407749176,454
171.28441190719604,541
171.29566168785095,275
171.3114104270935,197
171.32663011550903,259
171.3426456451416,467
171.35844612121582,525
171.3735806941986,246
171.3893539905548,201
171.4054093360901,260
171.4213969707489,480
171.43739461898804,503
171.45304536819458,229
171.46806859970093,200
171.48409700393677,264
171.49960207939148,502
171.5154628753662,490
171.53145265579224,215
171.54662704467773,205
171.5618929862976,268
171.57704901695251,518
171.59220242500305,475
171.60829997062683,207
171.62334775924683,215
171.6391625404358,276
171.6551787853241,532
171.6711630821228,458
171.68637585639954,201
171.7016086578369,215
171.71680879592896,279
171.73221945762634,534
171.74864959716797,431
171.76324915885925,190
171.77925610542297,218
171.79543256759644,284
171.81141591072083,544
171.82666063308716,413
171.842755317688,182
171.8582479953766,219
171.87471771240234,299
171.8907630443573,553
171.9067952632904,398
171.92231678962708,189
171.93835401535034,227
171.95312643051147,322
171.96900010108948,564
171.98456239700317,380
172.00030303001404,185
172.01542401313782,232
172.0310230255127,342
172.04706621170044,560
172.06252145767212,364
172.0785219669342,194
172.09454822540283,238
172.11030530929565,356
172.1257405281067,559
172.14111495018005,357
172.15677046775818,185
172.17251586914062,235
172.18774890899658,371
172.20309925079346,556
172.2187638282776,345
172.23433566093445,181
172.2498598098755,238
172.26544308662415,389
172.28045082092285,556
172.2961609363556,327
172.3121645450592,183
172.32773876190186,238
172.34300303459167,394
172.35801911354065,551
172.3735682964325,310
172.38923978805542,187
172.40450620651245,246
172.42043900489807,418
172.4356164932251,544
172.45128464698792,292
172.4668571949005,192
172.4828324317932,252
172.4985065460205,443
172.51382851600647,538
172.5296814441681,274
172.54542803764343,194
172.5611696243286,252
172.57716965675354,456
172.59271717071533,526
172.6077480316162,253
172.6231894493103,190
172.63826417922974,249
172.6542830467224,463
172.67019987106323,513
172.68488121032715,234
172.7002239227295,200
172.71623039245605,263
172.73156833648682,493
172.74722146987915,509
172.76295161247253,230
172.77829456329346,208
172.79328870773315,268
172.8084955215454,512
172.82434511184692,493
172.8404083251953,221
172.8555645942688,211
172.87103533744812,271
172.8865089416504,522
172.9026141166687,468
172.91823172569275,202
172.93375945091248,208
172.94875812530518,269
172.96399664878845,526
172.97998118400574,449
172.99597835540771,193
173.0113024711609,207
173.0267312526703,273
173.04241824150085,533
173.057710647583,430
173.0731339454651,189
173.08883428573608,217
173.10484671592712,287
173.12040901184082,548
173.1362726688385,419
173.1523241996765,190
173.16838669776917,221
173.18357610702515,310
173.19907665252686,561
173.21426725387573,398
173.22980284690857,185
173.24532771110535,230
173.26131963729858,328
173.27646470069885,560
173.29244303703308,372
173.3084740638733,189
173.32400274276733,238
173.34007120132446,340
173.3552827835083,565
173.37076926231384,370
173.38682866096497,185
173.40235924720764,231
173.41708827018738,345
173.43294978141785,562
173.44818687438965,356
173.4641547203064,185
173.4803500175476,233
173.49549388885498,367
173.51077604293823,557
173.52664875984192,346
173.5426526069641,186
173.55801343917847,237
173.57319378852844,389
173.58845615386963,559
173.60391116142273,331
173.62007594108582,191
173.63545179367065,248
173.65143609046936,412
173.66754269599915,560
173.6830153465271,308
173.69842195510864,197
173.71546840667725,254
173.72968769073486,429
173.74571132659912,547
173.76123571395874,283
173.77687454223633,189
173.7925009727478,252
173.80813646316528,445
173.82371139526367,541
173.83911323547363,267
173.85508918762207,201
173.87108993530273,258
173.88684344291687,464
173.90218424797058,523
173.91810035705566,241
173.93364763259888,194
173.94885540008545,260
173.9648563861847,482
173.98084115982056,518
173.9965102672577,234
174.0116629600525,205
174.0271496772766,264
174.0433759689331,499
174.05900025367737,499
174.07428431510925,220
174.08973741531372,205
174.10575532913208,267
174.12099766731262,514
174.13647174835205,484
174.15222454071045,212
174.16829252243042,209
174.1832935810089,270
174.199147939682,518
174.21458554267883,468
174.2301881313324,207
174.24532198905945,212
174.26130962371826,275
174.2768259048462,526
174.29224252700806,464
174.30768179893494,203
174.32346487045288,220
174.33836698532104,279
174.35403084754944,538
174.36945724487305,442
174.38434553146362,194
174.39948177337646,215
174.41462659835815,283
174.43032670021057,543
174.44571495056152,424
174.46105408668518,197
174.47606348991394,229
174.49193859100342,307
174.50795197486877,563
174.52340459823608,406
174.5390763282776,191
174.55441212654114,230
174.5703947544098,327
174.58577275276184,567
174.6015236377716,376
174.61720061302185,189
174.63242745399475,235
174.64759826660156,346
174.66366362571716,568
174.67887234687805,364
174.69487237930298,189
174.71089458465576,239
174.72650337219238,358
174.7417197227478,558
174.7577407360077,345
174.7737798690796,185
174.78876733779907,230
174.80469751358032,371
174.8208134174347,552
174.83685612678528,330
174.85196328163147,188
174.8675413131714,246
174.8836588859558,394
174.8991985321045,562
174.91505980491638,329
174.9300718307495,200
174.94601225852966,254
174.96139883995056,413
174.9768373966217,557
174.9926097393036,298
175.0083508491516,196
175.0243284702301,258
175.04012441635132,443
175.0553538799286,552
175.07081365585327,281
175.0868239402771,200
175.10280513763428,264
175.1186821460724,457
175.13431787490845,538
175.15030932426453,263
175.16629076004028,202
175.18203163146973,262
175.1975564956665,472
175.2127959728241,534
175.22878909111023,250
175.24478960037231,201
175.26002287864685,257
175.27603721618652,471
175.29128766059875,506
175.30728602409363,223
175.32277417182922,203
175.33849430084229,265
175.3545525074005,508
175.36983036994934,506
175.38524293899536,226
175.40125727653503,216
175.41685318946838,274
175.43293285369873,524
175.44853115081787,494
175.46454000473022,221
175.48042583465576,224
175.49645400047302,285
175.5115888118744,534
175.52749681472778,468
175.5434968471527,208
175.5586392879486,219
175.57401204109192,279
175.5888249874115,538
175.60481762886047,462
175.62053799629211,207
175.63575553894043,227
175.65155959129333,290
175.6671426296234,547
175.68240237236023,441
175.69768261909485,197
175.71313667297363,223
175.7286388874054,295
175.7446415424347,550
175.76574110984802,416
175.77663850784302,194
175.79265642166138,224
175.80794167518616,308
175.82370924949646,557
175.83912062644958,390
175.8547224998474,186
175.8697075843811,231
175.88554048538208,330
175.90122652053833,570
175.91652131080627,377
175.93254446983337,190
175.94857478141785,235
175.9640510082245,348
175.97943305969238,567
175.9947633743286,365
176.01079726219177,188
176.02604460716248,236
176.04211497306824,363
176.05735683441162,558
176.07296013832092,342
176.08868312835693,186
176.1045982837677,241
176.11972498893738,382
176.13548302650452,558
176.1515393257141,331
176.16762590408325,188
176.18283247947693,239
176.19860863685608,391
176.214275598526,554
176.2302052974701,316
176.2454071044922,190
176.26141262054443,241
176.27708435058594,412
176.2931182384491,545
176.3086359500885,298
176.32382225990295,190
176.33979153633118,251
176.3555703163147,437
176.37043142318726,547
176.38622117042542,278
176.40146279335022,202
176.41635465621948,255
176.43164110183716,462
176.44759941101074,536
176.46289348602295,255
176.47815990447998,203
176.49368023872375,264
176.5093388557434,481
176.52443194389343,526
176.539785861969,240
176.55580163002014,198
176.57119941711426,256
176.58700966835022,490
176.60237789154053,512
176.61845302581787,232
176.63447380065918,208
176.6500473022461,266
176.66604852676392,503
176.6815891265869,499
176.6976592540741,220
176.71299767494202,210
176.72840762138367,272
176.74438905715942,518
176.7596309185028,486
176.77484011650085,220
176.79006171226501,218
176.80611324310303,277
176.82209539413452,529
176.83806085586548,474
176.8540153503418,207
176.869704246521,215
176.88473558425903,277
176.90075731277466,534
176.91612839698792,445
176.93137764930725,193
176.94687628746033,215
176.96266341209412,284
176.97768831253052,546
176.99358940124512,417
177.0095133781433,192
177.02504515647888,217
177.04034519195557,297
177.05609703063965,550
177.07134175300598,392
177.08733654022217,183
177.1024980545044,223
177.1185643672943,317
177.13464832305908,558
177.1506426334381,382
177.16582345962524,185
177.18157052993774,230
177.19749784469604,338
177.21252012252808,559
177.2283124923706,371
177.2434720993042,183
177.25949668884277,230
177.27502489089966,351
177.29017400741577,562
177.30620765686035,357
177.32122206687927,187
177.33665943145752,233
177.35183000564575,365
177.36711716651917,553
177.38224530220032,330
177.39779806137085,181
177.41366124153137,236
177.42897129058838,380
177.44445490837097,550
177.4597156047821,316
177.4745740890503,184
177.4899342060089,243
177.50600004196167,401
177.5220501422882,555
177.53728580474854,317
177.553320646286,184
177.5689570903778,242
177.5849950313568,415
177.6007068157196,549
177.61593675613403,292
177.6311182975769,194
177.64629125595093,253
177.66151332855225,434
177.67762160301208,533
177.6933295726776,268
177.70933651924133,188
177.72496104240417,248
177.74094605445862,449
177.75692582130432,514
177.77295637130737,240
177.78880500793457,191
177.8042929172516,252
177.81988644599915,474
177.83520460128784,506
177.85036540031433,223
177.86550498008728,196
177.88067841529846,252
177.89645648002625,485
177.91158747673035,488
177.92739748954773,215
177.943354845047,196
177.95898604393005,253
177.97430419921875,495
177.99004292488098,483
178.00605654716492,211
178.02172088623047,203
178.03757214546204,267
178.05358862876892,516
178.0693600177765,478
178.08536458015442,210
178.10056924819946,212
178.1163990497589,270
178.13153409957886,527
178.14686942100525,452
178.16158938407898,194
178.1770462989807,214
178.19309639930725,277
178.20864415168762,536
178.22448778152466,421
178.24050974845886,188
178.25655102729797,219
178.27201676368713,296
178.28801918029785,549
178.3037233352661,412
178.3189013004303,193
178.33405208587646,227
178.3497543334961,310
178.36495113372803,560
178.3798599243164,410
178.39587020874023,198
178.41188740730286,231
178.4274389743805,320
178.44344568252563,561
178.45944118499756,393
178.4754228591919,193
178.49076771736145,231
178.50684905052185,332
178.5225007534027,557
178.53843641281128,368
178.55343437194824,189
178.56888222694397,238
178.5838565826416,352
178.59898471832275,563
178.6148431301117,363
178.63040947914124,192
178.64564323425293,241
178.66173386573792,370
178.6769151687622,558
178.69293904304504,349
178.7083878517151,192
178.72373795509338,241
178.73944997787476,386
178.75453329086304,561
178.77056312561035,335
178.78601670265198,188
178.80104112625122,246
178.8161416053772,396
178.83226490020752,552
178.8473551273346,311
178.86248874664307,196
178.87822198867798,248
178.89382338523865,417
178.9097158908844,548
178.92578625679016,290
178.94124054908752,192
178.95626521110535,251
178.97228860855103,441
178.98832654953003,541
179.00358986854553,281
179.0192461013794,194
179.03529262542725,250
179.04994297027588,441
179.0650508403778,541
179.08069348335266,263
179.09668397903442,191
179.11184120178223,255
179.12733149528503,466
179.14336466789246,528
179.15881729125977,251
179.17404437065125,196
179.1896903514862,252
179.20509147644043,470
179.22111082077026,512
179.23640322685242,227
179.25200200080872,198
179.2680733203888,262
179.28378629684448,491
179.29882788658142,502
179.31406021118164,215
179.329265832901,205
179.3447732925415,263
179.36063289642334,495
179.37662553787231,483
179.3926911354065,203
179.408935546875,201
179.42334508895874,257
179.439439535141,513
179.4546902179718,455
179.4701211452484,199
179.48529410362244,219
179.50128936767578,278
179.51661014556885,536
179.53217601776123,444
179.54756617546082,198
179.563551902771,223
179.57913899421692,286
179.59472465515137,542
179.60975694656372,421
179.62546396255493,188
179.64061975479126,222
179.65575194358826,296
179.6713740825653,552
179.68734121322632,416
179.70339727401733,191
179.7192885875702,229
179.7348210811615,307
179.7503137588501,560
179.76553678512573,405
179.78145360946655,195
179.7966706752777,228
179.81270027160645,322
179.82798099517822,560
179.8432126045227,379
179.85928392410278,188
179.87534022331238,233
179.89047503471375,342
179.90564060211182,559
179.92090845108032,363
179.9365589618683,188
179.95260977745056,232
179.96871161460876,353
179.98474550247192,553
180.0003125667572,345
180.01548528671265,180
180.03111791610718,229
180.0463171005249,364
180.06230068206787,545
180.07809376716614,327
180.09329628944397,186
180.10911965370178,236
180.1241159439087,379
180.1395137310028,548
180.15547513961792,326
180.1714906692505,182
180.18730926513672,237
180.20247220993042,395
180.2183132171631,542
180.2336940765381,307
180.24932479858398,186
180.26445150375366,244
180.28029942512512,413
180.29546761512756,540
180.3110489845276,287
180.3264980316162,184
180.3424849510193,243
180.35746932029724,428
180.37343764305115,539
180.3894772529602,274
180.40496516227722,273
180.420006275177,527
180.4358570575714,427
180.45169758796692,190
180.46771883964539,220
180.4833161830902,285
180.49891209602356,547
180.51442956924438,421
180.52971386909485,194
180.54511713981628,226
180.56041288375854,305
180.57639718055725,555
180.5924015045166,403
180.60755729675293,191
180.62273645401,228
180.63831567764282,313
180.6541178226471,556
180.66952419281006,390
180.68491673469543,185
180.7003312110901,232
180.7157175540924,327
180.7314269542694,561
180.74639987945557,370
180.76244354248047,186
180.77815461158752,237
180.79302072525024,351
180.808691740036,560
180.8246991634369,358
180.8402771949768,187
180.85586500167847,237
180.87148666381836,361
180.88662981987,561
180.90244936943054,348
180.91748428344727,190
180.93297576904297,248
180.9485273361206,381
180.96404838562012,554
180.97921705245972,333
180.99531149864197,184
181.01134538650513,237
181.02696800231934,387
181.04206252098083,554
181.0580928325653,318
181.07290697097778,191
181.0879249572754,249
181.10401463508606,413
181.1200783252716,554
181.13568568229675,298
181.15166974067688,188
181.16765809059143,246
181.18366837501526,428
181.1996681690216,546
181.21470642089844,286
181.23070526123047,199
181.2468078136444,260
181.26282477378845,446
181.2782542705536,546
181.29429936408997,274
181.3103551864624,197
181.32599663734436,259
181.3418128490448,449
181.35785961151123,539
181.37395691871643,258
181.3891282081604,197
181.4048833847046,256
181.42025232315063,464
181.43546080589294,527
181.4508991241455,247
181.466947555542,199
181.4828917980194,259
181.49804258346558,473
181.513188123703,511
181.5287139415741,230
181.54392313957214,195
181.56000590324402,257
181.57601881027222,490
181.59200525283813,505
181.60754251480103,233
181.622394323349,205
181.63849258422852,267
181.65447616577148,509
181.66983032226562,490
181.6856083869934,211
181.70081162452698,203
181.7158432006836,267
181.7311954498291,510
181.74640154838562,466
181.7624695301056,204
181.77806854248047,214
181.79328608512878,279
181.8084499835968,537
181.82413148880005,458
181.83980417251587,204
181.85622239112854,228
181.8714337348938,285
181.88675379753113,542
181.90242409706116,433
181.91800999641418,193
181.93354320526123,223
181.94871592521667,300
181.964777469635,555
181.98085021972656,416
181.99619436264038,196
182.01163840293884,227
182.02719449996948,307
182.0428910255432,560
182.05829215049744,407
182.07368516921997,195
182.08957767486572,234
182.1054563522339,331
182.1210482120514,563
182.13624501228333,382
182.15223217010498,190
182.16752338409424,234
182.1835412979126,348
182.19908571243286,563
182.214417219162,365
182.2304503917694,196
182.24606776237488,242
182.26150393486023,361
182.27748799324036,563
182.2928910255432,354
182.3080153465271,191
182.32384634017944,241
182.3396987915039,377
182.35519433021545,560
182.37036442756653,349
182.38638925552368,192
182.40238118171692,244
182.41800022125244,384
182.43357968330383,556
182.44858121871948,326
182.4635829925537,186
182.47957396507263,242
182.49556493759155,401
182.51156330108643,552
182.52696442604065,309
182.5426971912384,190
182.55869054794312,249
182.5747194290161,419
182.59070372581482,543
182.60670399665833,288
182.62271356582642,193
182.63827538490295,252
182.65426325798035,437
182.6702802181244,541
182.68627333641052,280
182.7022626399994,197
182.71751308441162,261
182.7330355644226,459
182.7490291595459,535
182.76503229141235,257
182.78002858161926,198
182.79502773284912,260
182.81104397773743,481
182.8270354270935,518
182.84292888641357,240
182.85794758796692,204
182.87315607070923,265
182.88915061950684,492
182.90429639816284,504
182.9199457168579,230
182.93563771247864,211
182.9516794681549,271
182.9668848514557,509
182.98291897773743,494
182.9979362487793,221
183.013742685318,211
183.02976393699646,270
183.0454602241516,510
183.06068921089172,483
183.07643103599548,216
183.09239745140076,216
183.10796427726746,278
183.1239972114563,528
183.13956713676453,463
183.1549847126007,210
183.17016696929932,220
183.18558073043823,281
183.20072984695435,535
183.21683359146118,448
183.23235249519348,199
183.24853348731995,219
183.26355838775635,292
183.2790174484253,546
183.294930934906,432
183.3105137348175,199
183.32592058181763,227
183.3416759967804,300
183.35732412338257,550
183.37327909469604,413
183.38925790786743,189
183.4050633907318,227
183.42055249214172,308
183.43536567687988,560
183.45053386688232,400
183.46616196632385,189
183.481351852417,231
183.4974148273468,321
183.5128788948059,563
183.52830386161804,391
183.54375433921814,187
183.55899381637573,234
183.57448315620422,338
183.59027814865112,562
183.60579895973206,375
183.62187242507935,187
183.63756847381592,234
183.652996301651,352
183.66827964782715,565
183.68347811698914,363
183.69942808151245,192
183.71480703353882,244
183.73083114624023,369
183.74728560447693,563
183.7624056339264,357
183.77838802337646,193
183.79367876052856,244
183.8086907863617,379
183.8240578174591,557
183.83956575393677,337
183.85556602478027,194
183.87086486816406,245
183.88676524162292,390
183.90276503562927,547
183.91788601875305,315
183.93316054344177,188
183.9482979774475,248
183.96351289749146,418
183.9785349369049,547
183.99462008476257,288
184.01025652885437,194
184.02560567855835,253
184.04168272018433,443
184.0568253993988,548
184.07267570495605,269
184.0878517627716,208
184.1038510799408,263
184.1193404197693,463
184.13487887382507,529
184.15093779563904,247
184.16702580451965,203
184.1823070049286,263
184.19801497459412,477
184.21366047859192,508
184.22904324531555,226
184.24463176727295,206
184.2607102394104,265
184.2759871482849,498
184.29163599014282,481
184.30761981010437,211
184.32309126853943,202
184.338476896286,259
184.35379195213318,501
184.36924767494202,459
184.38477730751038,191
184.40028405189514,203
184.41576671600342,270
184.43271398544312,528
184.4478476047516,461
184.46368789672852,207
184.47952342033386,222
184.4953854084015,284
184.51138591766357,537
184.5266444683075,435
184.5419101715088,198
184.55719327926636,219
184.57212448120117,290
184.58796310424805,546
184.60346341133118,425
184.6186764240265,197
184.63413190841675,225
184.6502561569214,306
184.66547226905823,554
184.6816921234131,402
184.69667673110962,190
184.71135711669922,225
184.72699117660522,313
184.74220728874207,554
184.75722312927246,382
184.7734899520874,189
184.7880458831787,232
184.80405116081238,330
184.81917786598206,555
184.8348264694214,367
184.850102186203,188
184.86550450325012,235
184.88052105903625,346
184.89600038528442,556
184.91190481185913,350
184.92691016197205,187
184.94213247299194,236
184.95734477043152,374
184.973406791687,551
184.98927545547485,334
185.0047526359558,184
185.0198996067047,240
185.03534841537476,386
185.05062103271484,549
185.0661816596985,325
185.08156967163086,188
185.0966992378235,242
185.11243319511414,399
185.1284441947937,550
185.14403915405273,308
185.15943264961243,187
185.17524647712708,249
185.19129705429077,426
185.2066969871521,544
185.22195887565613,286
185.2373764514923,192
185.25343346595764,255
185.2695014476776,444
185.28479027748108,537
185.30011177062988,266
185.31612730026245,196
185.3313410282135,259
185.34744143486023,466
185.36344861984253,529
185.3793203830719,251
185.3954017162323,201
185.41061520576477,264
185.425940990448,483
185.4416148662567,509
185.4575572013855,229
185.47276949882507,203
185.48828983306885,264
185.50432205200195,497
185.52004647254944,483
185.5356011390686,218
185.55074405670166,207
185.56642508506775,269
185.5825080871582,520
185.5984389781952,472
185.61408352851868,208
185.6299204826355,212
185.6460337638855,274
185.66188144683838,526
185.67689442634583,460
185.6928927898407,200
185.70935916900635,213
185.72475719451904,277
185.74011850357056,537
185.75530242919922,442
185.77130126953125,194
185.78723526000977,214
185.8026988506317,282
185.81833672523499,540
185.83334350585938,415
185.84834170341492,186
185.86442136764526,214
185.88014149665833,289
185.89530777931213,546
185.91136765480042,406
185.92738556861877,187
185.94294333457947,225
185.9590082168579,311
185.9750692844391,559
185.99037551879883,388
186.00551104545593,181
186.0215630531311,219
186.03687143325806,315
186.05236625671387,549
186.06798362731934,366
186.0835428237915,179
186.0994234085083,226
186.11544227600098,336
186.1315221786499,549
186.14677262306213,348
186.16280150413513,175
186.1780083179474,224
186.1940987110138,352
186.20945572853088,548
186.22489404678345,331
186.24042510986328,175
186.25561046600342,232
186.2714946269989,374
186.28743958473206,546
186.3034896850586,318
186.3188500404358,186
186.33486557006836,244
186.3501169681549,400
186.36614418029785,548
186.38164520263672,310
186.39697670936584,194
186.4122724533081,252
186.4277822971344,424
186.44386959075928,553
186.45975518226624,298
186.4756498336792,194
186.49064826965332,251
186.5058376789093,434
186.52118110656738,541
186.53681087493896,276
186.55193901062012,190
186.5677888393402,249
186.58284640312195,443
186.59836792945862,531
186.61349821090698,253
186.62866854667664,195
186.6439700126648,254
186.65998721122742,466
186.67597246170044,514
186.69149351119995,237
186.7068362236023,200
186.72292685508728,261
186.73822021484375,486
186.75323581695557,515
186.76900601387024,234
186.7850000858307,216
186.7999987602234,267
186.81542468070984,503
186.83142256736755,490
186.8469536304474,215
186.8621895313263,209
186.8782012462616,268
186.89387226104736,509
186.90997123718262,477
186.92606210708618,209
186.94119906425476,207
186.95650267601013,268
186.97255516052246,519
186.98861956596375,445
187.00393295288086,188
187.01911163330078,207
187.0344536304474,270
187.05052638053894,530
187.06662321090698,440
187.0826268196106,192
187.09758496284485,221
187.11300826072693,288
187.1284408569336,547
187.1430697441101,437
187.15848350524902,196
187.17436289787292,227
187.19036054611206,297
187.20575308799744,555
187.22176122665405,430
187.23773503303528,200
187.25298476219177,236
187.26870346069336,312
187.28398084640503,564
187.2999231815338,408
187.31568503379822,193
187.33110404014587,233
187.34663844108582,324
187.3616006374359,566
187.37657809257507,385
187.39189314842224,187
187.40789985656738,235
187.42345523834229,338
187.43850421905518,561
187.45457768440247,367
187.47004342079163,185
187.4856927394867,236
187.50091290473938,358
187.51671051979065,562
187.53195095062256,349
187.54792022705078,187
187.56324434280396,238
187.57849073410034,371
187.5940670967102,558
187.6099488735199,340
187.62591314315796,196
187.64188599586487,250
187.65704774856567,396
187.67278027534485,556
187.687997341156,329
187.70301389694214,193
187.71862745285034,245
187.73338294029236,394
187.74941325187683,552
187.76470565795898,308
187.7807755470276,186
187.79541087150574,244
187.8106164932251,408
187.82576966285706,550
187.84100341796875,306
187.85629558563232,188
187.87167882919312,243
187.886816740036,410
187.90189623832703,543
187.91713452339172,296
187.93264842033386,194
187.94875073432922,254
187.96428990364075,433
187.97951412200928,541
187.99489951133728,275
188.0109097957611,192
188.02682185173035,252
188.04290318489075,450
188.0579309463501,537
188.07331323623657,265
188.08901500701904,195
188.10453391075134,255
188.11991953849792,465
188.13575339317322,522
188.151296377182,240
188.1665642261505,199
188.18170309066772,259
188.1971719264984,478
188.2126088142395,515
188.22794795036316,230
188.24353456497192,202
188.2602231502533,258
188.2745680809021,489
188.29059839248657,500
188.305899143219,210
188.32192611694336,200
188.33735275268555,261
188.3528995513916,508
188.36893391609192,488
188.38495516777039,212
188.40007376670837,213
188.41550207138062,268
188.43145322799683,526
188.44713807106018,479
188.46226835250854,207
188.47776055335999,221
188.4932131767273,283
188.50903797149658,536
188.5246353149414,456
188.54028391838074,198
188.5555055141449,218
188.571280002594,279
188.58726334571838,543
188.60332536697388,438
188.6181845664978,194
188.63429021835327,221
188.6492896080017,289
188.66455221176147,545
188.6805558204651,415
188.69585347175598,186
188.71188259124756,220
188.72795867919922,291
188.7432599067688,551
188.7588493824005,410
188.77402305603027,189
188.78963470458984,224
188.8049213886261,301
188.82027983665466,555
188.83580207824707,396
188.85059309005737,185
188.86593556404114,224
188.88194966316223,317
188.89712357521057,555
188.91313648223877,375
188.92854809761047,188
188.9440712928772,234
188.95958518981934,339
188.9746232032776,563
188.9898760318756,369
189.00520181655884,193
189.02061700820923,236
189.035391330719,354
189.05077147483826,559
189.06690382957458,360
189.0824363231659,185
189.0984809398651,238
189.11452198028564,363
189.1305911540985,564
189.14574360847473,354
189.16176509857178,188
189.17785120010376,239
189.19328832626343,379
189.20875763893127,562
189.2247748374939,338
189.24064183235168,187
189.2559733390808,240
189.2717125415802,393
189.28685545921326,556
189.30282139778137,327
189.31809639930725,193
189.33399152755737,250
189.3499825000763,411
189.3659918308258,553
189.38175415992737,308
189.39735388755798,196
189.4133539199829,256
189.43036723136902,437
189.4448802471161,547
189.46042251586914,288
189.47642183303833,196
189.4922797679901,252
189.5083978176117,448
189.5240194797516,533
189.53994464874268,266
189.55540370941162,194
189.5706443786621,253
189.58545207977295,469
189.60153079032898,511
189.61717987060547,237
189.63250827789307,187
189.64790034294128,247
189.66353678703308,476
189.6790428161621,504
189.69449400901794,228
189.70993304252625,199
189.72579097747803,262
189.7410204410553,501
189.7566888332367,488
189.77280235290527,216
189.78803205490112,206
189.80334949493408,270
189.81936812400818,522
189.8353726863861,474
189.8510479927063,211
189.86677622795105,216
189.882089138031,275
189.8972327709198,527
189.91241550445557,462
189.92770624160767,202
189.94304966926575,218
189.95912432670593,284
189.97426342964172,542
189.98955154418945,442
190.0048644542694,197
190.01990246772766,226
190.03520226478577,295
190.05074381828308,553
190.06625866889954,422
190.08151507377625,193
190.09726357460022,225
190.11246538162231,303
190.127676486969,556
190.14283275604248,406
190.1583957672119,190
190.1744029521942,227
190.19018411636353,305
190.205904006958,555
190.22068428993225,384
190.23661160469055,182
190.2517819404602,225
190.2669961452484,324
190.2828414440155,562
190.29843711853027,371
190.31389904022217,183
190.32926487922668,231
190.34476375579834,342
190.36002612113953,561
190.3749716281891,355
190.3904299736023,184
190.4054434299469,230
190.42013335227966,353
190.43530869483948,556
190.45074152946472,333
190.4668128490448,180
190.48242688179016,231
190.49785995483398,369
190.51359248161316,553
190.52932357788086,314
190.5451741218567,180
190.5612063407898,238
190.5772261619568,396
190.59245705604553,554
190.6084897518158,315
190.62445425987244,185
190.6396677494049,243
190.655748128891,411
190.67173504829407,552
190.68697023391724,304
190.70214891433716,193
190.71726822853088,250
190.7331702709198,435
190.74906086921692,549
190.76405882835388,279
190.7798810005188,193
190.79596304893494,250
190.8116364479065,444
190.82684516906738,541
190.842360496521,261
190.85777807235718,198
190.87377977371216,258
190.88892030715942,464
190.90492582321167,529
190.9205675125122,242
190.93585634231567,196
190.95118832588196,255
190.96670579910278,479
190.98228478431702,520
190.99767589569092,229
191.0135006904602,203
191.028817653656,263
191.04430270195007,499
191.06021118164062,499
191.07621455192566,221
191.09169507026672,212
191.10779213905334,269
191.12328720092773,513
191.1392376422882,486
191.154794216156,209
191.1701626777649,213
191.18530583381653,273
191.2009084224701,526
191.21656274795532,476
191.23223161697388,211
191.24780011177063,215
191.26380228996277,281
191.2795534133911,539
191.295254945755,456
191.31135416030884,204
191.32657527923584,220
191.3419167995453,285
191.35758209228516,544
191.37366199493408,447
191.38906264305115,201
191.4047975540161,222
191.42082333564758,295
191.4365701675415,551
191.45179915428162,418
191.46735382080078,190
191.48330354690552,222
191.4987757205963,304
191.5138509273529,560
191.52900433540344,407
191.5444667339325,194
191.56029176712036,232
191.5757508277893,322
191.59117364883423,564
191.60640025138855,384
191.62191820144653,194
191.637047290802,235
191.6523129940033,343
191.66751313209534,566
191.68328619003296,368
191.69868755340576,187
191.7140097618103,233
191.73006772994995,353
191.7461564540863,563
191.762113571167,351
191.7776861190796,189
191.79325532913208,239
191.80840063095093,381
191.82442545890808,565
191.8404643535614,346
191.8560175895691,190
191.87203454971313,246
191.88803052902222,386
191.9037926197052,556
191.9198398590088,324
191.93510031700134,187
191.95032811164856,245
191.96549201011658,405
191.9806227684021,559
191.99597573280334,311
192.01172137260437,196
192.02738738059998,253
192.04304933547974,425
192.05892395973206,553
192.07491207122803,291
192.09091019630432,197
192.10691618919373,260
192.12302017211914,445
192.13894605636597,544
192.15453171730042,278
192.16987991333008,206
192.18587565422058,263
192.20100784301758,460
192.216162443161,534
192.23139142990112,251
192.24702310562134,193
192.26259875297546,251
192.27794694900513,468
192.29392313957214,514
192.3097472190857,240
192.32537603378296,200
192.34040594100952,260
192.35591220855713,492
192.37094902992249,513
192.38599348068237,229
192.4020767211914,201
192.41767573356628,265
192.4328544139862,507
192.4484360218048,502
192.46385860443115,225
192.47910809516907,213
192.49455761909485,274
192.50992345809937,519
192.52603435516357,486
192.5423355102539,209
192.55755162239075,212
192.57292413711548,272
192.58819484710693,531
192.60426020622253,472
192.61922597885132,208
192.63463401794434,219
192.65067648887634,281
192.66655826568604,542
192.68175053596497,456
192.69768810272217,204
192.7134084701538,219
192.72839164733887,285
192.7430808544159,548
192.7592203617096,433
192.77422451972961,196
192.78981232643127,220
192.8057837486267,297
192.82104086875916,554
192.8364543914795,413
192.85234665870667,187
192.8681766986847,219
192.88379216194153,301
192.8990306854248,555
192.91409015655518,403
192.92912578582764,188
192.94515562057495,227
192.9612579345703,315
192.97666788101196,561
192.99230527877808,382
193.00831294059753,188
193.0244278907776,232
193.04045248031616,336
193.05589175224304,565
193.07090854644775,377
193.08691430091858,188
193.10302710533142,235
193.118421792984,346
193.13443970680237,560
193.14961791038513,370
193.16561198234558,189
193.18089485168457,235
193.19609093666077,364
193.21125054359436,562
193.22692704200745,351
193.24353432655334,186
193.25843334197998,240
193.27341747283936,373
193.28910541534424,559
193.30435466766357,340
193.32018446922302,187
193.33630776405334,241
193.35152173042297,396
193.36626386642456,565
193.38166427612305,338
193.3969316482544,193
193.4129548072815,250
193.42855954170227,409
193.44410228729248,560
193.45933175086975,323
193.47447419166565,191
193.48961853981018,250
193.50474214553833,423
193.5199019908905,559
193.53590202331543,311
193.55140662193298,197
193.56642651557922,252
193.5824408531189,426
193.59822630882263,548
193.61422324180603,292
193.62942481040955,194
193.64474511146545,252
193.6599109172821,444
193.67590522766113,546
193.69197940826416,274
193.70785212516785,202
193.72333073616028,258
193.7387568950653,456
193.75463271141052,535
193.76992988586426,255
193.78573656082153,198
193.8004331588745,263
193.81578516960144,475
193.83182072639465,534
193.847149848938,249
193.86418509483337,206
193.87797474861145,265
193.89296054840088,484
193.90855813026428,513
193.92454147338867,230
193.94058418273926,203
193.95639967918396,263
193.97152662277222,504
193.98746466636658,496
194.00296545028687,215
194.01811957359314,209
194.03417682647705,270
194.05028080940247,517
194.0654525756836,477
194.08145570755005,206
194.0967092514038,214
194.11202788352966,276
194.12783575057983,529
194.14286422729492,462
194.1584255695343,202
194.173278093338,216
194.18862390518188,280
194.20408511161804,540
194.21991872787476,435
194.2358500957489,191
194.25182962417603,215
194.26756739616394,287
194.2831530570984,549
194.29840207099915,423
194.3153932094574,191
194.32971024513245,227
194.34540224075317,301
194.3611068725586,554
194.37632822990417,406
194.3917591571808,189
194.40752291679382,226
194.42362904548645,315
194.44004154205322,561
194.45525193214417,384
194.47134470939636,178
194.4865038394928,219
194.5025599002838,325
194.5179078578949,559
194.5335714817047,369
194.54855751991272,189
194.5638337135315,236
194.5793309211731,342
194.5947391986847,555
194.61048197746277,357
194.6261293888092,187
194.64201998710632,235
194.65792512893677,355
194.67292380332947,562
194.68836307525635,346
194.70388531684875,183
194.7193157672882,235
194.73512291908264,363
194.75164461135864,557
194.76596808433533,343
194.78161025047302,190
194.79683136940002,244
194.81304717063904,375
194.8290536403656,554
194.84422183036804,330
194.859445810318,179
194.8748276233673,231
194.8908302783966,373
194.90602111816406,544
194.92163968086243,314
194.93685841560364,185
194.95233154296875,242
194.96834683418274,395
194.9840066432953,548
194.99959540367126,313
195.01460981369019,193
195.0307343006134,248
195.04670333862305,407
195.06229305267334,549
195.0782835483551,296
195.09363269805908,194
195.10874772071838,253
195.12403535842896,428
195.13917875289917,546
195.15498685836792,283
195.17103576660156,195
195.18668508529663,252
195.20221519470215,447
195.2173717021942,540
195.23312401771545,269
195.24816942214966,200
195.26421284675598,262
195.27887511253357,461
195.29423666000366,533
195.30977129936218,261
195.3258421421051,205
195.34192824363708,264
195.35668635368347,481
195.37254667282104,523
195.38806676864624,241
195.40411186218262,202
195.42016506195068,258
195.43554735183716,489
195.4517924785614,507
195.46691298484802,225
195.48297142982483,207
195.4983057975769,269
195.5139000415802,508
195.52921414375305,493
195.54474544525146,215
195.56050157546997,211
195.57546997070312,270
195.59146761894226,517
195.60716366767883,475
195.62316012382507,210
195.63927698135376,212
195.65480947494507,272
195.67047357559204,530
195.68627667427063,453
195.70152401924133,197
195.7171893119812,214
195.73319339752197,277
195.7491295337677,537
195.7647466659546,438
195.78070497512817,197
195.79663395881653,222
195.81250381469727,293
195.82858204841614,546
195.843608379364,427
195.85908842086792,193
195.87444186210632,222
195.8901767730713,295
195.9062693119049,555
195.92214798927307,411
195.93743252754211,191
195.95300483703613,229
195.96872282028198,316
195.98422932624817,564
196.00019192695618,394
196.01619243621826,191
196.03148746490479,234
196.04751062393188,330
196.06272649765015,565
196.0782434940338,380
196.09323287010193,187
196.10912609100342,232
196.12519645690918,345
196.1407971382141,561
196.15640473365784,351
196.17210268974304,192
196.18749332427979,240
196.20355010032654,366
196.21884202957153,565
196.23490595817566,349
196.25108337402344,195
196.2661623954773,238
196.28142070770264,387
196.29689407348633,560
196.31288027763367,335
196.32824301719666,192
196.3432650566101,243
196.35884857177734,402
196.37398052215576,555
196.38980722427368,311
196.40540075302124,195
196.42059969902039,253
196.43662786483765,411
196.45235013961792,549
196.46753811836243,299
196.48323678970337,193
196.4988396167755,252
196.51390171051025,424
196.52872395515442,543
196.54398155212402,283
196.5597541332245,189
196.5757691860199,247
196.5911147594452,442
196.60716891288757,536
196.62279152870178,264
196.6388189792633,197
196.65435934066772,258
196.66990280151367,462
196.68514585494995,526
196.70105123519897,246
196.7163372039795,198
196.73235273361206,256
196.74789929389954,480
196.76389122009277,507
196.7789032459259,225
196.79498744010925,201
196.81095552444458,260
196.82589673995972,494
196.84123635292053,498
196.85640144348145,223
196.872132062912,209
196.887859582901,267
196.90294814109802,509
196.9179458618164,481
196.93336844444275,211
196.94854068756104,210
196.96415185928345,273
196.97910165786743,527
196.99558758735657,473
197.01161646842957,212
197.02694821357727,219
197.0429847240448,279
197.05852627754211,537
197.0737943649292,452
197.08888721466064,201
197.1048605442047,220
197.1209077835083,284
197.13638377189636,540
197.1519284248352,432
197.1671621799469,191
197.1832628250122,218
197.19884490966797,295
197.21453380584717,553
197.23054766654968,408
197.24657106399536,189
197.26178193092346,225
197.27792644500732,308
197.29378128051758,557
197.30981516838074,389
197.32583689689636,183
197.3412947654724,224
197.35657334327698,327
197.37224674224854,561
197.38776898384094,370
197.40375351905823,186
197.4197654724121,232
197.43540453910828,343
197.45114374160767,556
197.46720504760742,351
197.48325324058533,175
197.49916434288025,225
197.5149986743927,353
197.53107023239136,552
197.5468451976776,342
197.56239581108093,187
197.57807087898254,238
197.593088388443,386
197.60909032821655,556
197.62462162971497,338
197.6406443119049,191
197.65580034255981,249
197.6722068786621,179
197.68778467178345,255
197.7038173675537,419
197.7199206352234,557
197.7369077205658,315
197.7513883113861,191
197.76731133460999,233
197.78246474266052,437
197.7977352142334,549
197.81342005729675,296
197.82841897010803,178
197.84387373924255,257
197.85904359817505,449
197.8740611076355,533
197.88976216316223,281
197.90548038482666,194
197.9215476512909,256
197.9372546672821,465
197.95229148864746,524
197.96742749214172,269
197.983412027359,190
197.9989628791809,267
198.01501035690308,485
198.0308723449707,516
198.0458800792694,234
198.06144642829895,206
198.07722306251526,275
198.0926389694214,489
198.10865688323975,510
198.12391209602356,226
198.13976311683655,213
198.15595626831055,285
198.1719708442688,531
198.18729901313782,490
198.20329666137695,201
198.2189359664917,219
198.23493695259094,277
198.2510061264038,522
198.26702451705933,470
198.28226113319397,217
198.29807949066162,214
198.31380772590637,280
198.32954788208008,556
198.3451087474823,455
198.36057090759277,188
198.3760449886322,223
198.39166522026062,292
198.4077262878418,563
198.42285656929016,423
198.43829441070557,197
198.45367002487183,225
198.4688446521759,313
198.4840476512909,563
198.4991946220398,400
198.51424527168274,196
198.53036546707153,238
198.54628777503967,321
198.56141662597656,546
198.57730174064636,393
198.59341835975647,207
198.6090428829193,249
198.6240429878235,343
198.63976526260376,572
198.65535068511963,378
198.6708836555481,190
198.68605947494507,212
198.70129776000977,342
198.71641278266907,561
198.73208212852478,352
198.74796652793884,189
198.7634677886963,249
198.77882933616638,363
198.7943832874298,568
198.81023526191711,348
198.82627701759338,184
198.84155321121216,249
198.8570704460144,397
198.8731701374054,563
198.88857674598694,344
198.90357613563538,193
198.91958832740784,246
198.9344470500946,393
198.94955945014954,561
198.96554517745972,317
198.9810299873352,181
198.99664068222046,267
199.01263856887817,435
199.02848029136658,556
199.04302263259888,276
199.05909323692322,199
199.0751392841339,250
199.09031677246094,447
199.10631847381592,546
199.1219162940979,261
199.1375892162323,193
199.15282320976257,260
199.16851902008057,475
199.18397974967957,531
199.19996619224548,255
199.21597480773926,205
199.23202419281006,265
199.24772119522095,485
199.26326775550842,519
199.2786784172058,238
199.29389476776123,203
199.3094379901886,256
199.32469654083252,480
199.3398516178131,527
199.35539722442627,237
199.37056875228882,226
199.38660860061646,266
199.4019479751587,523
199.417733669281,506
199.43373036384583,214
199.4500241279602,212
199.46497535705566,284
199.48014569282532,534
199.49537420272827,465
199.51146936416626,200
199.52688813209534,219
199.54202723503113,284
199.5576090812683,550
199.57277655601501,440
199.58826994895935,195
199.6035852432251,223
199.6189033985138,287
199.6342749595642,545
199.65005660057068,430
199.66548323631287,189
199.68059730529785,220
199.6960277557373,297
199.7120144367218,565
199.72717308998108,415
199.74288868904114,192
199.7582905292511,229
199.77338027954102,313
199.78893542289734,564
199.8049440383911,390
199.82027530670166,189
199.83527779579163,242
199.8510866165161,342
199.86678981781006,574
199.88282942771912,388
199.8978705406189,202
199.9139153957367,250
199.9298985004425,360
199.94596242904663,573
199.96124362945557,370
199.97642827033997,188
199.99176216125488,236
200.0070402622223,375
200.02303385734558,566
200.03826022148132,346
200.05417108535767,199
200.069748878479,248
200.08490204811096,388
200.10089230537415,562
200.1162691116333,321
200.13126921653748,190
200.1467022895813,244
200.16237020492554,406
200.17789459228516,557
200.19365096092224,310
200.20974135398865,184
200.22578263282776,245
200.24129176139832,414
200.257009267807,541
200.27206993103027,292
200.28754115104675,192
200.30256032943726,246
200.31809425354004,425
200.33407354354858,534
200.35002994537354,278
200.3655300140381,190
200.38052892684937,248
200.39553380012512,437
200.41053175926208,533
200.4265353679657,275
200.44155430793762,184
200.4567403793335,253
200.47225093841553,457
200.48793148994446,525
200.50382041931152,263
200.51968121528625,199
200.53511500358582,262
200.5504331588745,478
200.56596493721008,521
200.5820803642273,224
200.59695148468018,200
200.61294960975647,267
200.6283769607544,494
200.64437246322632,499
200.65922284126282,223
200.6743540763855,205
200.69000673294067,266
200.7059941291809,505
200.7211308479309,485
200.73691058158875,206
200.75212740898132,207
200.76791501045227,265
200.78298544883728,515
200.7982997894287,479
200.81435084342957,200
200.83034753799438,210
200.8455011844635,271
200.8609583377838,520
200.87668776512146,478
200.89134097099304,202
200.90645241737366,210
200.92166376113892,273
200.93698453903198,530
200.95220708847046,464
200.96809720993042,206
200.98411536216736,219
200.99971270561218,284
201.01487135887146,543
201.03058385849,440
201.045884847641,201
201.06145906448364,227
201.07678031921387,295
201.09203219413757,550
201.10809683799744,427
201.12343335151672,199
201.13940691947937,230
201.1548717021942,304
201.17041778564453,554
201.1864550113678,423
201.20250463485718,193
201.21834421157837,226
201.23348188400269,301
201.24953293800354,555
201.26559805870056,399
201.28036618232727,181
201.295392036438,222
201.31075429916382,315
201.32626366615295,556
201.3421766757965,380
201.35789942741394,187
201.37345051765442,230
201.38871216773987,340
201.404705286026,565
201.42002034187317,358
201.43525767326355,181
201.4504632949829,234
201.46598863601685,357
201.48205065727234,555
201.49805212020874,346
201.51374793052673,183
201.52972674369812,232
201.54514956474304,371
201.56073236465454,545
201.57679557800293,336
201.59287524223328,182
201.60851383209229,234
201.6245150566101,374
201.64008045196533,545
201.65603828430176,332
201.6712465286255,193
201.68633246421814,240
201.70238256454468,390
201.71844029426575,552
201.73453044891357,325
201.74995493888855,188
201.76602697372437,239
201.78119349479675,415
201.79694819450378,538
201.8123483657837,303
201.8282916545868,196
201.8437168598175,246
201.8589289188385,441
201.87445092201233,544
201.8905746936798,277
201.90623497962952,202
201.92223525047302,258
201.93794989585876,462
201.95400595664978,541
201.96950125694275,262
201.98451972007751,200
201.9995367527008,265
202.01557612419128,471
202.03156852722168,516
202.04703950881958,242
202.06320357322693,201
202.07918238639832,261
202.0944058895111,496
202.10968208312988,499
202.1251847743988,221
202.1412534713745,209
202.15693855285645,266
202.1727659702301,520
202.18820524215698,479
202.204204082489,203
202.22023749351501,212
202.23621535301208,269
202.2521743774414,529
202.26824069023132,454
202.28354859352112,198
202.29863166809082,221
202.31463146209717,279
202.33053994178772,552
202.34655451774597,439
202.36255359649658,192
202.37825226783752,221
202.3942403793335,294
202.40962314605713,553
202.4247887134552,413
202.44072103500366,192
202.4558036327362,225
202.47144985198975,300
202.4864308834076,554
202.50176000595093,397
202.51712322235107,186
202.5324182510376,213
202.54817962646484,317
202.56328177452087,561
202.5788106918335,385
202.59352850914001,188
202.60904812812805,231
202.6250491142273,330
202.64073419570923,558
202.65573716163635,377
202.67109441757202,190
202.68649244308472,227
202.70260858535767,353
202.7184841632843,561
202.73446607589722,359
202.7492995262146,191
202.76463270187378,234
202.7800567150116,367
202.79538488388062,555
202.81078553199768,341
202.82603812217712,188
202.84215259552002,235
202.85795545578003,381
202.8738386631012,556
202.88911890983582,334
202.90515422821045,181
202.92069745063782,251
202.93606162071228,401
202.95209169387817,560
202.96762537956238,324
202.98313164710999,192
202.99796724319458,248
203.01362299919128,410
203.02910542488098,549
203.04536366462708,305
203.0608992576599,190
203.07656168937683,252
203.09261393547058,430
203.1078643798828,533
203.12286376953125,277
203.13829350471497,196
203.15362334251404,248
203.16914749145508,456
203.1851577758789,538
203.2011444568634,258
203.2171449661255,194
203.23273754119873,249
203.24778056144714,467
203.26356959342957,524
203.27899265289307,261
203.29440474510193,208
203.31044244766235,261
203.32641553878784,487
203.34174418449402,499
203.35704565048218,235
203.37313961982727,192
203.38835215568542,243
203.4035153388977,500
203.41882371902466,487
203.4348452091217,222
203.4508924484253,213
203.46642446517944,266
203.48241758346558,518
203.49757933616638,468
203.5130591392517,213
203.52862644195557,210
203.5443708896637,265
203.5598328113556,524
203.57535648345947,465
203.59049534797668,192
203.60593795776367,217
203.62201261520386,266
203.6377034187317,531
203.65382289886475,445
203.66960072517395,188
203.68566036224365,211
203.7013988494873,283
203.7174654006958,543
203.73258209228516,438
203.7482213973999,201
203.7635498046875,221
203.77876996994019,291
203.79390931129456,547
203.80925703048706,400
203.82442569732666,179
203.8404631614685,213
203.8565194606781,306
203.87178468704224,547
203.88687133789062,391
203.9024691581726,189
203.91803359985352,226
203.93282866477966,323
203.9488606452942,559
203.96442317962646,386
203.97992038726807,183
203.99561858177185,218
204.01167225837708,345
204.0277271270752,563
204.04327630996704,359
204.05930590629578,177
204.0752809047699,240
204.09142017364502,351
204.10749340057373,562
204.12272000312805,351
204.13751363754272,194
204.1525056362152,238
204.16798782348633,382
204.18317914009094,556
204.1990728378296,336
204.2145926952362,192
204.2300591468811,249
204.245365858078,402
204.2606439590454,555
204.27644896507263,322
204.2918791770935,190
204.3077220916748,255
204.323317527771,405
204.33936071395874,554
204.35537004470825,310
204.37001514434814,192
204.38540601730347,253
204.40073037147522,426
204.41601252555847,545
204.43206477165222,285
204.44705772399902,187
204.46176052093506,258
204.47707176208496,438
204.49224019050598,548
204.50741243362427,275
204.52284812927246,192
204.5385274887085,254
204.5543737411499,451
204.56953859329224,534
204.585058927536,271
204.60120725631714,193
204.61663174629211,252
204.63219928741455,464
204.64755129814148,515
204.6626102924347,247
204.67782139778137,189
204.6939115524292,262
204.70915007591248,498
204.7252163887024,504
204.74084424972534,239
204.75595235824585,199
204.77143621444702,263
204.78751349449158,510
204.8032944202423,503
204.81928753852844,224
204.8348274230957,215
204.85025477409363,272
204.8653118610382,513
204.8808925151825,474
204.8969087600708,207
204.91302132606506,204
204.92820715904236,274
204.94384336471558,517
204.95949244499207,456
204.975590467453,199
204.9906406402588,216
205.0063877105713,279
205.02244353294373,543
205.03761744499207,434
205.05301022529602,207
205.06836700439453,222
205.08390712738037,291
205.09893536567688,550
205.11496496200562,419
205.13100123405457,192
205.14657735824585,220
205.162513256073,305
205.17768454551697,558
205.19313859939575,399
205.20917415618896,193
205.2244212627411,238
205.24036240577698,330
205.25647044181824,564
205.27235174179077,384
205.2884111404419,177
205.30445861816406,233
205.31974864006042,354
205.33531165122986,566
205.35063195228577,376
205.36598753929138,190
205.38136553764343,238
205.39654636383057,357
205.41243076324463,552
205.42758798599243,360
205.44337725639343,190
205.4586639404297,226
205.47378611564636,370
205.48949694633484,550
205.50511574745178,352
205.52076172828674,188
205.53610253334045,247
205.55132341384888,393
205.56735563278198,555
205.5829041004181,335
205.59894251823425,194
205.6149399280548,247
205.63019704818726,408
205.6462140083313,548
205.6619212627411,310
205.67768335342407,189
205.69369769096375,241
205.70945000648499,423
205.7244517803192,540
205.7398750782013,273
205.75491666793823,187
205.77104234695435,253
205.7870500087738,442
205.80197024345398,539
205.81800079345703,281
205.8334288597107,201
205.84842681884766,258
205.8644416332245,456
205.8799660205841,531
205.89496564865112,264
205.91100335121155,178
205.92676305770874,255
205.9427673816681,468
205.95867156982422,527
205.9743411540985,248
205.98995304107666,208
206.00493478775024,263
206.0205044746399,491
206.035906791687,512
206.05192279815674,225
206.0673017501831,208
206.08284950256348,263
206.0989475250244,513
206.11482048034668,496
206.13067173957825,222
206.14618587493896,217
206.16147661209106,273
206.17683124542236,526
206.1926200389862,491
206.20785903930664,219
206.22321963310242,228
206.23839473724365,290
206.25440764427185,537
206.26958441734314,477
206.2852921485901,211
206.3005449771881,221
206.31601071357727,292
206.33101439476013,553
206.3460144996643,454
206.36144590377808,206
206.37706899642944,224
206.39254307746887,289
206.40809059143066,545
206.4234390258789,428
206.43909311294556,201
206.45440864562988,226
206.4705262184143,293
206.48617029190063,540
206.50220942497253,430
206.51759362220764,200
206.53262329101562,229
206.5492148399353,312
206.56350994110107,565
206.57860350608826,415
206.59405374526978,200
206.6101598739624,243
206.62534379959106,332
206.6413106918335,569
206.6569230556488,406
206.67242097854614,191
206.688143491745,233
206.70366668701172,342
206.71903705596924,574
206.73443627357483,388
206.74975395202637,196
206.76562094688416,243
206.78067064285278,345
206.79636931419373,569
206.81204056739807,373
206.8270628452301,196
206.84206199645996,236
206.857586145401,352
206.87376499176025,568
206.88979291915894,357
206.90562510490417,197
206.92111539840698,251
206.9365954399109,389
206.9526641368866,566
206.9678602218628,328
206.9831349849701,199
206.99850177764893,241
207.0137538909912,401
207.02916288375854,566
207.04452204704285,313
207.0605936050415,186
207.07604551315308,258
207.0912482738495,413
207.1065857410431,559
207.12260603904724,306
207.13799691200256,196
207.15399408340454,248
207.16926860809326,431
207.18502593040466,555
207.20033359527588,280
207.21635031700134,190
207.2318844795227,245
207.24694848060608,443
207.26300621032715,546
207.2788393497467,260
207.29397869110107,184
207.31015992164612,265
207.3252112865448,470
207.34036254882812,534
207.35516953468323,219
207.37058925628662,190
207.38639044761658,262
207.40197253227234,482
207.4176425933838,506
207.4330096244812,229
207.4489734172821,214
207.46499967575073,271
207.48084092140198,491
207.4966425895691,513
207.5132715702057,238
207.52832436561584,206
207.54354667663574,276
207.5596342086792,512
207.57573914527893,504
207.5907244682312,229
207.60616159439087,213
207.6218774318695,255
207.63794565200806,528
207.6535382270813,476
207.66956067085266,199
207.68536019325256,221
207.70055317878723,286
207.71657156944275,536
207.73266506195068,458
207.7482750415802,197
207.76360034942627,220
207.7794713973999,289
207.79532432556152,534
207.81139087677002,440
207.82703804969788,198
207.8423113822937,229
207.8578281402588,306
207.8736388683319,564
207.88969254493713,413
207.90550708770752,183
207.92053508758545,225
207.93570494651794,317
207.9508774280548,552
207.96631050109863,394
207.98228430747986,185
207.9976670742035,225
208.0130250453949,329
208.0285017490387,576
208.0436725616455,378
208.05886721611023,199
208.0749237537384,222
208.09069657325745,337
208.10600185394287,574
208.12116646766663,377
208.13615202903748,195
208.15165662765503,232
208.16761136054993,351
208.18325924873352,577
208.1993055343628,365
208.21465969085693,206
208.229811668396,234
208.24481320381165,379
208.2599229812622,569
208.27522253990173,356
208.29055762290955,188
208.30656719207764,254
208.32184433937073,381
208.33661913871765,566
208.3518886566162,340
208.36764693260193,189
208.38356065750122,244
208.39946961402893,395
208.4153594970703,556
208.43024230003357,318
208.4462285041809,207
208.46124792099,254
208.4764597415924,409
208.49341440200806,559
208.50758743286133,322
208.52359986305237,192
208.53910112380981,241
208.555100440979,432
208.56988143920898,553
208.58537888526917,308
208.60039591789246,195
208.61636400222778,269
208.631849527359,447
208.6468484401703,549
208.66285610198975,273
208.6785798072815,198
208.69455933570862,254
208.70996832847595,443
208.72584676742554,526
208.74168634414673,264
208.7577486038208,210
208.77337408065796,258
208.78853106498718,472
208.80442261695862,523
208.81986212730408,249
208.83503437042236,211
208.8502938747406,264
208.86569547653198,476
208.88076519966125,520
208.89649558067322,232
208.91249227523804,195
208.92854285240173,277
208.94386410713196,521
208.9587163925171,503
208.97430896759033,214
208.98923754692078,215
209.0049741268158,275
209.02048635482788,506
209.03607392311096,486
209.05130124092102,213
209.0673224925995,197
209.08280563354492,249
209.09883904457092,528
209.11420702934265,457
209.12936544418335,201
209.14473676681519,211
209.1607208251953,282
209.17730712890625,544
209.19245553016663,439
209.2075972557068,194
209.22324013710022,227
209.23859906196594,297
209.25461411476135,552
209.2705590724945,434
209.28646683692932,196
209.30256915092468,239
209.31811022758484,309
209.33412265777588,560
209.34978461265564,399
209.3649182319641,192
209.38064336776733,237
209.39659142494202,311
209.4126431941986,558
209.42847657203674,390
209.44446539878845,189
209.4601023197174,222
209.47540926933289,346
209.49089765548706,577
209.50608825683594,385
209.52135920524597,191
209.53656721115112,225
209.55245161056519,353
209.56796431541443,556
209.58372330665588,348
209.59925246238708,189
209.61471724510193,239
209.63073873519897,367
209.6468231678009,554
209.66213703155518,350
209.6781826019287,188
209.69426226615906,239
209.70997762680054,392
209.72594499588013,561
209.7419445514679,332
209.75722789764404,187
209.77286624908447,249
209.78899097442627,406
209.80501532554626,565
209.82071471214294,317
209.83571648597717,197
209.85084557533264,249
209.86693120002747,421
209.882981300354,564
209.89903235435486,311
209.9150402545929,190
209.93019700050354,250
209.9455988407135,425
209.9614131450653,548
209.97680759429932,298
209.99280452728271,190
210.0088038444519,248
210.02420592308044,454
210.03953647613525,527
210.0547478199005,270
210.07062363624573,207
210.08564925193787,269
210.10172486305237,477
210.11657738685608,523
210.13181710243225,230
210.14700937271118,198
210.16300892829895,266
210.1781463623047,492
210.1936800479889,509
210.20895838737488,221
210.22497701644897,205
210.24042534828186,262
210.25645661354065,506
210.2716579437256,480
210.28679728507996,209
210.3024513721466,204
210.3174228668213,261
210.3325526714325,524
210.3479368686676,467
210.36357140541077,200
210.37907433509827,210
210.39496040344238,272
210.41109800338745,521
210.42712092399597,459
210.4431915283203,203
210.45851254463196,215
210.47350025177002,272
210.4887080192566,541
210.50401639938354,433
210.51976680755615,193
210.5345139503479,220
210.54943537712097,283
210.56502056121826,541
210.58052587509155,431
210.5963168144226,191
210.6117639541626,221
210.627756357193,299
210.64314818382263,549
210.65898895263672,412
210.6740641593933,195
210.6900839805603,227
210.70540952682495,302
210.72110724449158,554
210.73668098449707,393
210.7520854473114,190
210.7674720287323,228
210.78264665603638,322
210.7990279197693,562
210.8140995502472,379
210.82903265953064,188
210.8446342945099,234
210.8599555492401,338
210.87525701522827,561
210.89108777046204,362
210.90640258789062,180
210.92160415649414,238
210.93759751319885,352
210.9527304172516,571
210.96807622909546,353
210.98408818244934,183
211.00011563301086,239
211.01546025276184,378
211.03035163879395,565
211.04554224014282,354
211.06149888038635,189
211.07698965072632,243
211.0925452709198,381
211.10772824287415,551
211.12316465377808,335
211.13897585868835,182
211.15497612953186,249
211.1710283756256,393
211.18644905090332,558
211.20147728919983,309
211.2175235748291,199
211.23332500457764,243
211.2483856678009,411
211.26438450813293,552
211.2803966999054,306
211.29590010643005,193
211.31189799308777,256
211.3275752067566,436
211.34272384643555,541
211.35796523094177,276
211.37399983406067,185
211.38924407958984,258
211.4052746295929,456
211.42129564285278,547
211.4373333454132,270
211.45233583450317,200
211.46778106689453,259
211.48357367515564,471
211.4987223148346,533
211.51453852653503,263
211.5305619239807,203
211.5458927154541,264
211.56181120872498,482
211.5769181251526,514
211.5924665927887,221
211.6075155735016,193
211.62333583831787,266
211.63895559310913,497
211.65453481674194,492
211.66982173919678,207
211.68544578552246,206
211.70103311538696,268
211.71641898155212,513
211.73162150382996,466
211.74681758880615,191
211.76194500923157,205
211.77771186828613,269
211.79309940338135,530
211.8083245754242,470
211.82433915138245,200
211.8403880596161,208
211.85560083389282,284
211.87115168571472,541
211.88672256469727,446
211.90229201316833,202
211.9173069000244,216
211.93251609802246,286
211.9482409954071,551
211.9633755683899,437
211.9794566631317,196
211.99503827095032,222
212.0110182762146,300
212.02660012245178,558
212.04223370552063,413
212.05791759490967,180
212.07392740249634,214
212.09003520011902,285
212.10508513450623,552
212.1211404800415,395
212.13706374168396,198
212.15247416496277,232
212.16799974441528,324
212.1832091808319,564
212.19819688796997,366
212.21345829963684,191
212.22902083396912,237
212.24512481689453,323
212.26092195510864,554
212.27678775787354,375
212.29231429100037,185
212.3081018924713,238
212.32409358024597,347
212.3401050567627,560
212.3558006286621,359
212.37169528007507,187
212.38681840896606,223
212.40146493911743,368
212.4161078929901,559
212.43145418167114,356
212.44687008857727,189
212.46217250823975,237
212.47770285606384,368
212.4931857585907,573
212.50863671302795,340
212.52380108833313,177
212.53931212425232,254
212.5550925731659,396
212.57006978988647,560
212.5861053466797,307
212.60116267204285,186
212.61720323562622,256
212.63199949264526,411
212.6478395462036,544
212.66298747062683,295
212.67837357521057,172
212.6944296360016,225
212.70998668670654,405
212.72600102424622,543
212.74087953567505,285
212.75693368911743,169
212.772962808609,242
212.78844165802002,425
212.80405402183533,535
212.81911993026733,283
212.83458614349365,184
212.84969401359558,259
212.86502695083618,463
212.88108444213867,552
212.89634227752686,273
212.91182374954224,216
212.92697191238403,276
212.94216513633728,482
212.9575572013855,538
212.97283053398132,260
212.98859095573425,207
213.0040647983551,270
213.01943135261536,485
213.03546667099,522
213.05151224136353,238
213.06669330596924,200
213.08326292037964,260
213.09880805015564,487
213.1143171787262,496
213.13043069839478,217
213.14601874351501,203
213.16128134727478,251
213.17729449272156,485
213.19337916374207,496
213.2094223499298,223
213.22507452964783,207
213.24081325531006,274
213.25631165504456,516
213.2722132205963,490
213.28767347335815,215
213.3026897907257,213
213.31853556632996,278
213.334557056427,528
213.35047340393066,473
213.36649656295776,186
213.38221907615662,215
213.39742517471313,282
213.41325545310974,531
213.42913436889648,442
213.4452612400055,194
213.46085929870605,216
213.47690868377686,289
213.49247813224792,545
213.50851202011108,419
213.524001121521,186
213.53989124298096,214
213.55536317825317,296
213.57081699371338,546
213.58606243133545,394
213.60205483436584,188
213.61726927757263,218
213.63312697410583,309
213.64825677871704,556
213.66330432891846,394
213.67932105064392,185
213.69504976272583,228
213.71035408973694,335
213.72541618347168,571
213.7414209842682,383
213.7570719718933,190
213.7719407081604,229
213.78775262832642,360
213.80375909805298,564
213.81966519355774,354
213.83499932289124,188
213.8508152961731,245
213.8660454750061,369
213.88198018074036,558
213.89749002456665,336
213.91349625587463,187
213.92933440208435,239
213.94534015655518,388
213.96133017539978,550
213.97635531425476,308
213.991925239563,181
214.00707030296326,237
214.0231237411499,402
214.0392301082611,545
214.05522298812866,301
214.07069444656372,194
214.08585000038147,238
214.10085535049438,419
214.11603331565857,550
214.13126349449158,288
214.14644265174866,194
214.16200256347656,260
214.17824697494507,449
214.19424486160278,550
214.21017003059387,268
214.22596526145935,195
214.24142408370972,249
214.25745034217834,454
214.27275848388672,519
214.28819704055786,243
214.30355739593506,191
214.319180727005,250
214.3348970413208,462
214.35093712806702,512
214.3669617176056,238
214.38239526748657,208
214.39799094200134,269
214.41375708580017,496
214.42877316474915,518
214.44522166252136,235
214.46084237098694,202
214.47614645957947,271
214.49145007133484,496
214.50702285766602,505
214.52201509475708,228
214.53800201416016,209
214.55397176742554,268
214.56924557685852,507
214.58475422859192,485
214.59972953796387,211
214.61567616462708,208
214.63102340698242,273
214.6461935043335,523
214.6616759300232,467
214.67770409584045,202
214.69380593299866,209
214.7093107700348,274
214.72475934028625,527
214.74029779434204,446
214.7560214996338,197
214.77145433425903,216
214.78698539733887,283
214.80300092697144,544
214.81869769096375,420
214.8339490890503,194
214.84984588623047,225
214.8656816482544,294
214.88103246688843,545
214.8965344429016,411
214.91220784187317,265
214.92828822135925,490
214.94366478919983,517
214.95900797843933,243
214.97505521774292,210
214.99058723449707,275
215.00668573379517,498
215.02197241783142,507
215.03722047805786,230
215.05293321609497,213
215.06805157661438,276
215.08421111106873,519
215.10030102729797,484
215.1154534816742,216
215.13101744651794,215
215.14631366729736,278
215.1623511314392,536
215.1777229309082,450
215.1931140422821,191
215.20911145210266,212
215.22516250610352,273
215.24058866500854,540
215.25590467453003,446
215.27097845077515,204
215.28726887702942,222
215.30230593681335,287
215.31729459762573,543
215.33283805847168,432
215.3477213382721,189
215.3630566596985,222
215.37888288497925,290
215.3943796157837,548
215.4101278781891,419
215.42604994773865,186
215.44068503379822,219
215.45604920387268,301
215.47075510025024,557
215.48543691635132,398
215.5010461807251,189
215.5162971019745,230
215.53203678131104,322
215.54810571670532,561
215.5641028881073,380
215.58012652397156,185
215.59619092941284,235
215.6112756729126,343
215.62734293937683,566
215.6425302028656,373
215.65832448005676,188
215.67359852790833,242
215.68898677825928,359
215.70481371879578,573
215.72075510025024,359
215.7364411354065,197
215.75169920921326,250
215.76693677902222,377
215.7818419933319,558
215.79735922813416,345
215.8123869895935,185
215.82849407196045,239
215.84452891349792,379
215.85965585708618,552
215.8756456375122,324
215.89081263542175,182
215.9060411453247,239
215.9216446876526,398
215.9375331401825,543
215.9528031349182,295
215.96808671951294,176
215.9840908050537,247
215.9993941783905,420
216.01459956169128,549
216.03063082695007,285
216.04586052894592,200
216.0613934993744,252
216.07701086997986,438
216.09296369552612,540
216.1086015701294,278
216.12403297424316,191
216.14010214805603,245
216.15612363815308,454
216.17128038406372,534
216.1864686012268,269
216.20200157165527,192
216.21746492385864,258
216.23298597335815,472
216.24785137176514,529
216.26335430145264,249
216.2792398929596,201
216.29463148117065,264
216.31002283096313,493
216.3255696296692,515
216.34076738357544,238
216.35617637634277,211
216.3717098236084,269
216.38720631599426,507
216.40237283706665,495
216.41816544532776,218
216.4336700439453,214
216.4490144252777,281
216.46508979797363,525
216.48062348365784,481
216.4966335296631,204
216.51197981834412,214
216.52705335617065,281
216.54231905937195,530
216.5577735900879,452
216.57377409934998,198
216.58929419517517,218
216.60529446601868,288
216.62129473686218,544
216.63630032539368,434
216.6523015499115,192
216.6682906150818,221
216.68360090255737,297
216.6992678642273,551
216.71536588668823,417
216.7305588722229,195
216.74562406539917,221
216.76073241233826,307
216.7760488986969,558
216.79126739501953,390
216.8065881729126,186
216.82158398628235,227
216.837708234787,321
216.85357069969177,560
216.86905884742737,377
216.8848204612732,180
216.90070867538452,226
216.91616082191467,331
216.9317786693573,559
216.94690418243408,367
216.9629385471344,180
216.97890639305115,232
216.99480175971985,350
217.01025223731995,558
217.02530884742737,365
217.04185152053833,189
217.05737948417664,241
217.07328987121582,376
217.08884119987488,554
217.10417556762695,355
217.12001013755798,181
217.13564205169678,238
217.15114831924438,388
217.16727757453918,556
217.1824221611023,333
217.198068857193,189
217.2130537033081,245
217.2286834716797,405
217.2439169883728,559
217.25959014892578,308
217.27509832382202,192
217.29085040092468,247
217.30690097808838,422
217.32284092903137,542
217.3385832309723,293
217.35388565063477,190
217.36957478523254,255
217.38490653038025,437
217.4009108543396,538
217.41694474220276,272
217.43296217918396,187
217.44826769828796,261
217.46426463127136,464
217.48028588294983,537
217.49627494812012,259
217.51192498207092,204
217.52710056304932,266
217.54304909706116,487
217.5586895942688,521
217.574702501297,247
217.59050107002258,207
217.60563445091248,264
217.6217339038849,500
217.6370358467102,517
217.6517403125763,239
217.66709160804749,209
217.68314242362976,275
217.69830656051636,510
217.7139859199524,488
217.72960925102234,207
217.74506187438965,209
217.75987076759338,265
217.77531242370605,521
217.79135489463806,457
217.80697226524353,193
217.82246828079224,210
217.83805894851685,277
217.8540403842926,537
217.86948609352112,445
217.88478875160217,189
217.90028357505798,215
217.91553688049316,288
217.9315094947815,546
217.94711232185364,427
217.9631061553955,202
217.9787061214447,227
217.99459409713745,304
218.00954008102417,562
218.02472853660583,410
218.04036474227905,196
218.05637168884277,230
218.07225394248962,325
218.08782601356506,562
218.10331058502197,395
218.11867785453796,196
218.1347315311432,237
218.14948678016663,347
218.1646773815155,564
218.1807668209076,367
218.19594764709473,187
218.21124935150146,240
218.22680926322937,363
218.24289631843567,564
218.25875616073608,360
218.275132894516,189
218.28940510749817,240
218.30501747131348,377
218.32209634780884,557
218.33637046813965,346
218.35248064994812,182
218.36825489997864,237
218.38372254371643,379
218.39898371696472,554
218.41481637954712,326
218.43092894554138,184
218.44679737091064,239
218.46236562728882,389
218.4783580303192,546
218.49384474754333,300
218.50972533226013,178
218.5252227783203,240
218.54092454910278,411
218.55673265457153,549
218.5726969242096,312
218.588707447052,189
218.6045801639557,264
218.62058281898499,433
218.63595867156982,544
218.65146446228027,290
218.66746354103088,198
218.68349313735962,261
218.6988570690155,454
218.71496319770813,540
218.73045253753662,262
218.74647974967957,198
218.76159715652466,257
218.77715802192688,461
218.79241299629211,523
218.80796098709106,238
218.82400798797607,202
218.83959889411926,261
218.85543775558472,486
218.87049007415771,505
218.88580322265625,227
218.9013171195984,204
218.916729927063,268
218.93201661109924,507
218.94804120063782,493
218.96394538879395,217
218.9789206981659,209
218.99448156356812,275
219.01039481163025,519
219.02575707435608,479
219.0418553352356,213
219.0579171180725,219
219.07392406463623,283
219.0899999141693,545
219.10503005981445,474
219.12026739120483,203
219.1360273361206,220
219.1510796546936,285
219.1671416759491,539
219.18268465995789,453
219.19860124588013,199
219.2139151096344,224
219.22969317436218,287
219.24558925628662,545
219.26157450675964,429
219.2770562171936,189
219.2928910255432,218
219.30866837501526,296
219.32464957237244,556
219.34070682525635,420
219.35675263404846,186
219.37275552749634,224
219.3887813091278,307
219.4043469429016,557
219.42034673690796,393
219.43609619140625,187
219.45141792297363,232
219.46672296524048,325
219.48277401924133,565
219.49804019927979,384
219.51441740989685,188
219.5294406414032,240
219.5446445941925,343
219.55989789962769,560
219.5759139060974,363
219.5925281047821,185
219.60755801200867,237
219.62324857711792,358
219.63939833641052,556
219.65465998649597,358
219.67070722579956,186
219.68663501739502,243
219.70251512527466,358
219.71796655654907,565
219.73396968841553,348
219.74931597709656,187
219.76529216766357,252
219.78015995025635,381
219.79553389549255,568
219.81096076965332,339
219.82613945007324,195
219.84145164489746,260
219.8566324710846,404
219.87187933921814,562
219.8872208595276,327
219.90329313278198,191
219.91886854171753,257
219.93400239944458,420
219.94915580749512,547
219.96448802947998,311
219.98053884506226,204
219.99607110023499,254
220.0113489627838,419
220.02651953697205,545
220.04260969161987,299
220.05811762809753,187
220.07391047477722,256
220.08940744400024,436
220.10546278953552,550
220.12149786949158,290
220.13674807548523,200
220.15287590026855,264
220.16844820976257,463
220.18443393707275,550
220.20040249824524,265
220.21591806411743,209
220.23152947425842,264
220.2469072341919,478
220.26213550567627,527
220.2779905796051,242
220.29323840141296,205
220.3085057735443,261
220.32405853271484,482
220.33943676948547,513
220.35514378547668,232
220.3707709312439,206
220.38683700561523,269
220.40204763412476,505
220.41714334487915,495
220.43232011795044,222
220.44783329963684,216
220.46389436721802,275
220.47952342033386,518
220.49452781677246,477
220.5105447769165,210
220.52585792541504,205
220.5413031578064,273
220.55692338943481,523
220.57193851470947,464
220.5874743461609,207
220.60302591323853,218
220.61841940879822,290
220.63442587852478,546
220.6500165462494,438
220.66598749160767,196
220.68135166168213,213
220.69662475585938,287
220.71182799339294,536
220.72726368904114,407
220.74326133728027,181
220.75830745697021,207
220.77411246299744,289
220.78934788703918,538
220.80493211746216,402
220.82030653953552,182
220.8353042602539,209
220.85034275054932,297
220.8656063079834,547
220.8807978630066,383
220.89622926712036,179
220.9122233390808,228
220.92797470092773,320
220.9439558982849,555
220.9595901966095,373
220.97506165504456,187
220.99053359031677,228
221.00653171539307,328
221.0225315093994,559
221.03788232803345,358
221.0539083480835,185
221.06938362121582,237
221.0848195552826,353
221.09980607032776,559
221.11529183387756,353
221.1306071281433,177
221.14660716056824,224
221.16247296333313,363
221.17788648605347,560
221.19397115707397,335
221.20968222618103,191
221.22549653053284,247
221.2415006160736,386
221.25653052330017,553
221.27191376686096,317
221.28763818740845,188
221.30313420295715,252
221.31834769248962,409
221.3339011669159,557
221.34993505477905,302
221.36537265777588,188
221.38050603866577,258
221.3962013721466,423
221.41217756271362,547
221.42701292037964,286
221.4426486492157,194
221.45851373672485,248
221.47354793548584,435
221.48933720588684,531
221.50497817993164,270
221.52052307128906,182
221.53606963157654,251
221.55141305923462,457
221.567200422287,537
221.5829472541809,258
221.59822964668274,205
221.61370658874512,269
221.62898325920105,482
221.64439797401428,535
221.66007494926453,254
221.67577362060547,200
221.69092798233032,269
221.70659255981445,488
221.72191762924194,518
221.73797821998596,242
221.7540159225464,207
221.76956152915955,270
221.78499150276184,500
221.80003476142883,495
221.81604194641113,215
221.83128547668457,203
221.84679555892944,261
221.86184191703796,506
221.87700605392456,470
221.89307355880737,202
221.90881609916687,204
221.9244315624237,263
221.93958473205566,519
221.955139875412,462
221.97122144699097,205
221.98655223846436,210
222.00214743614197,274
222.0173819065094,538
222.0333752632141,451
222.04937314987183,202
222.0653862953186,230
222.08140206336975,298
222.0978021621704,559
222.11268758773804,431
222.12792253494263,202
222.14378571510315,232
222.158935546875,302
222.17435836791992,554
222.19043827056885,415
222.20580458641052,196
222.22134399414062,232
222.23837327957153,323
222.2533826828003,555
222.26940441131592,401
222.28510427474976,197
222.30113768577576,236
222.316632270813,320
222.3326985836029,554
222.34876561164856,378
222.36437010765076,182
222.38024139404297,236
222.39537811279297,343
222.41148138046265,561
222.42725014686584,375
222.44283747673035,192
222.45800828933716,241
222.47355484962463,360
222.489084482193,563
222.50464582443237,367
222.51987075805664,195
222.53503680229187,244
222.55091857910156,374
222.5656180381775,560
222.58080291748047,349
222.59624028205872,188
222.61230945587158,238
222.6273250579834,386
222.6433551311493,551
222.65855860710144,322
222.6740894317627,181
222.68882203102112,244
222.70485520362854,394
222.71987509727478,552
222.73547410964966,322
222.75102519989014,194
222.76602244377136,252
222.78203439712524,423
222.79761219024658,562
222.81284046173096,312
222.82870769500732,205
222.84392428398132,264
222.85995149612427,444
222.87565565109253,557
222.89111018180847,300
222.9063003063202,207
222.92214465141296,269
222.937513589859,466
222.95269632339478,544
222.96860146522522,272
222.9840531349182,199
222.99913001060486,261
223.0151298046112,468
223.0310924053192,523
223.04660749435425,245
223.0617778301239,193
223.07771277427673,258
223.09374380111694,486
223.1092095375061,506
223.1245138645172,226
223.1402678489685,199
223.156147480011,261
223.1720907688141,500
223.18772983551025,484
223.2034740447998,215
223.21883368492126,211
223.23488020896912,272
223.2509069442749,518
223.2664053440094,463
223.28175115585327,206
223.29748010635376,218
223.31290125846863,278
223.32882857322693,528
223.34483909606934,439
223.3609483242035,197
223.37644386291504,219
223.3916916847229,289
223.4068887233734,545
223.42303919792175,423
223.43813490867615,195
223.4532687664032,220
223.46917963027954,288
223.48530554771423,548
223.50130319595337,403
223.51742672920227,180
223.53281664848328,222
223.5488760471344,309
223.56475806236267,540
223.5805468559265,391
223.59644198417664,185
223.6122043132782,228
223.62819719314575,326
223.64425134658813,554
223.66032028198242,379
223.67565155029297,187
223.69068217277527,236
223.70656180381775,346
223.72174715995789,553
223.73686528205872,355
223.75269842147827,175
223.76858711242676,232
223.7837815284729,363
223.79950404167175,556
223.81550359725952,341
223.83068704605103,186
223.8464059829712,237
223.8621687889099,375
223.87771606445312,553
223.8937177658081,333
223.9097294807434,185
223.92556166648865,239
223.9415991306305,394
223.95690655708313,546
223.9724600315094,320
223.987868309021,194
224.00350952148438,255
224.01925611495972,416
224.03531050682068,554
224.05089044570923,312
224.06692552566528,191
224.08289742469788,255
224.0990707874298,433
224.1150906085968,546
224.13036179542542,280
224.14640069007874,188
224.16195130348206,248
224.17744159698486,436
224.19344830513,534
224.20948266983032,260
224.22479510307312,194
224.24053597450256,254
224.25586366653442,466
224.27188062667847,516
224.28785967826843,243
224.30357813835144,201
224.31913423538208,264
224.33456325531006,478
224.3492739200592,517
224.36525201797485,236
224.38065218925476,195
224.39599657058716,259
224.41189002990723,492
224.42781162261963,504
224.44376611709595,228
224.45898127555847,209
224.47498726844788,266
224.49020838737488,511
224.50570034980774,478
224.52115964889526,207
224.53655004501343,208
224.55139660835266,270
224.5676929950714,527
224.5836091041565,467
224.60001516342163,207
224.61510252952576,212
224.63075137138367,278
224.64609694480896,545
224.66167068481445,461
224.6772632598877,206
224.69333505630493,220
224.7085964679718,288
224.7244770526886,549
224.74032974243164,426
224.7559037208557,201
224.77132534980774,226
224.78659176826477,306
224.80195331573486,554
224.8169548511505,410
224.8321511745453,188
224.84755778312683,223
224.86261677742004,316
224.87952589988708,558
224.89453864097595,380
224.91016483306885,189
224.92606210708618,228
224.94128799438477,341
224.95721435546875,559
224.97329330444336,377
224.9890673160553,196
225.0046148300171,248
225.02011585235596,363
225.03609681129456,569
225.0509910583496,377
225.0662522315979,191
225.08155274391174,238
225.09764218330383,371
225.11340832710266,566
225.12892198562622,353
225.14432835578918,189
225.15952396392822,248
225.17474842071533,380
225.19008374214172,569
225.20603847503662,339
225.22205018997192,188
225.23781061172485,240
225.25382471084595,403
225.26922392845154,563
225.2844364643097,328
225.3010482788086,182
225.31623888015747,249
225.3315396308899,415
225.34741759300232,548
225.36352276802063,304
225.37940502166748,193
225.39453673362732,257
225.41016387939453,446
225.42609786987305,557
225.44128108024597,276
225.4572310447693,202
225.47250843048096,271
225.488440990448,465
225.503977060318,546
225.5196452140808,265
225.53481698036194,203
225.55076932907104,264
225.56580138206482,479
225.58064484596252,526
225.59673261642456,243
225.6119270324707,194
225.62714624404907,262
225.64262580871582,487
225.65861320495605,512
225.67462015151978,224
225.69013905525208,203
225.70563507080078,267
225.7212677001953,500
225.7373125553131,487
225.7530391216278,214
225.76900625228882,198
225.7846167087555,252
225.79972958564758,522
225.8151593208313,466
225.83116793632507,204
225.84716844558716,205
225.8628351688385,276
225.87849521636963,531
225.89391446113586,460
225.90998697280884,202
225.92512774467468,220
225.94088196754456,289
225.9569275379181,544
225.9727292060852,437
225.98808217048645,200
226.00315737724304,228
226.01897549629211,304
226.03498935699463,556
226.0508415699005,423
226.06589603424072,195
226.08126616477966,231
226.09725737571716,312
226.1127052307129,569
226.12812733650208,408
226.1441466808319,190
226.1601791381836,231
226.17534971237183,329
226.1904559135437,567
226.20578265190125,376
226.22178053855896,185
226.23652839660645,237
226.25253987312317,348
226.26777005195618,559
226.28380751609802,354
226.29881262779236,186
226.31435203552246,236
226.32962679862976,372
226.3447597026825,559
226.36078095436096,345
226.3767969608307,181
226.39226245880127,236
226.4078311920166,379
226.42391538619995,553
226.43988633155823,331
226.4552230834961,187
226.4712405204773,244
226.4863007068634,400
226.50265836715698,555
226.5181336402893,306
226.53410458564758,195
226.54960989952087,255
226.5646107196808,430
226.58073258399963,546
226.59674048423767,298
226.61215615272522,195
226.62728834152222,247
226.64288759231567,424
226.65869903564453,545
226.67480325698853,278
226.6907844543457,198
226.70592188835144,261
226.721510887146,444
226.73682069778442,540
226.75244784355164,272
226.76761031150818,205
226.78316497802734,266
226.79817485809326,462
226.81357836723328,536
226.8295750617981,250
226.84535813331604,205
226.86046481132507,266
226.87650108337402,485
226.89152574539185,517
226.90631914138794,238
226.92147016525269,207
226.9370720386505,265
226.95183634757996,501
226.9678132534027,497
226.9833903312683,219
226.99942088127136,211
227.01534414291382,271
227.030415058136,527
227.04649209976196,487
227.0618016719818,214
227.07729029655457,216
227.0926878452301,277
227.10799074172974,530
227.12312722206116,458
227.13910841941833,203
227.15432834625244,219
227.17001748085022,280
227.1861171722412,541
227.20143270492554,452
227.21679544448853,198
227.23160028457642,215
227.24735116958618,289
227.26315140724182,551
227.27830290794373,435
227.29431343078613,191
227.310311794281,228
227.32602882385254,304
227.34137058258057,555
227.35673427581787,419
227.3726944923401,197
227.38804173469543,230
227.40323877334595,306
227.41930890083313,567
227.43538689613342,401
227.45085740089417,193
227.46611380577087,239
227.48218035697937,331
227.49820232391357,570
227.51403141021729,378
227.53006172180176,190
227.54553031921387,233
227.56093382835388,337
227.57606315612793,557
227.591561794281,356
227.60724520683289,182
227.62324929237366,240
227.6392629146576,370
227.65525221824646,568
227.6713547706604,347
227.68725109100342,192
227.7024221420288,248
227.7181785106659,375
227.73416590690613,559
227.74992299079895,343
227.7659821510315,189
227.78116250038147,240
227.7966275215149,376
227.81211829185486,556
227.82758164405823,339
227.84282660484314,189
227.85834550857544,243
227.87436366081238,401
227.88943886756897,564
227.90462827682495,323
227.9203395843506,193
227.93548607826233,252
227.9507007598877,414
227.9667501449585,549
227.98285961151123,297
227.99795246124268,192
228.0138030052185,252
228.0293619632721,436
228.04516339302063,545
228.06089115142822,272
228.07690596580505,191
228.0919165611267,250
228.1077642440796,444
228.1237828731537,545
228.13900566101074,274
228.15413570404053,201
228.17021226882935,260
228.1862564086914,461
228.20126485824585,545
228.21630883216858,266
228.23229956626892,207
228.24759197235107,265
228.2629053592682,484
228.278217792511,533
228.29367756843567,240
228.30971431732178,207
228.32569408416748,267
228.34126019477844,486
228.35726118087769,515
228.37329506874084,226
228.38861918449402,202
228.40432906150818,262
228.41934537887573,498
228.4347836971283,497
228.45001482963562,219
228.46600079536438,207
228.48137092590332,267
228.49743962287903,508
228.51266145706177,481
228.52811431884766,209
228.5441837310791,213
228.56022810935974,282
228.57522797584534,532
228.5904564857483,468
228.60575580596924,204
228.6216971874237,223
228.63688731193542,283
228.65292358398438,538
228.66884589195251,456
228.6834900379181,195
228.69957566261292,220
228.71563005447388,289
228.7316813468933,555
228.7469458580017,427
228.76195359230042,194
228.7779664993286,229
228.7932004928589,308
228.80879616737366,555
228.82480192184448,397
228.8402180671692,194
228.85632252693176,233
228.87171864509583,326
228.88781309127808,562
228.90384006500244,378
228.91908836364746,189
228.93408632278442,241
228.9500858783722,347
228.96607422828674,570
228.9814691543579,372
228.99667882919312,194
229.01265859603882,247
229.02795457839966,371
229.04412817955017,568
229.06018257141113,346
229.0751986503601,191
229.09042763710022,241
229.10623407363892,388
229.12206959724426,558
229.13758039474487,315
229.15325665473938,181
229.16847276687622,241
229.18363189697266,410
229.19932460784912,549
229.21448516845703,292
229.23057222366333,184
229.24649310112,243
229.26237607002258,430
229.2784833908081,544
229.29451513290405,279
229.30933690071106,192
229.3245575428009,256
229.3396668434143,453
229.3554139137268,539
229.37074089050293,263
229.38663172721863,194
229.40262579917908,261
229.4179549217224,470
229.4340431690216,529
229.44884300231934,250
229.46491360664368,207
229.48037314414978,261
229.4956603050232,487
229.5108642578125,501
229.52608680725098,227
229.54139018058777,199
229.55747270584106,263
229.572909116745,495
229.588969707489,490
229.60501766204834,213
229.620920419693,205
229.63642263412476,270
229.65156745910645,522
229.6668519973755,475
229.68263840675354,211
229.69834923744202,214
229.71385264396667,277
229.72909331321716,531
229.74548935890198,464
229.76120591163635,206
229.77715635299683,219
229.79366493225098,287
229.80799961090088,544
229.82399797439575,446
229.8398003578186,199
229.8550205230713,225
229.87076687812805,288
229.88650560379028,547
229.90249824523926,436
229.91834831237793,200
229.93439412117004,227
229.9504337310791,304
229.96648597717285,562
229.9816174507141,412
229.99764394760132,195
230.01274251937866,235
230.0277259349823,315
230.04364800453186,559
230.0589382648468,407
230.07431435585022,187
230.089763879776,225
230.10506391525269,315
230.12050986289978,557
230.13619089126587,394
230.1522572040558,193
230.16809058189392,236
230.18408823013306,325
230.19972610473633,558
230.2152726650238,372
230.23137378692627,185
230.24712443351746,231
230.26162767410278,347
230.2774167060852,559
230.29275631904602,350
230.3083598613739,183
230.32435083389282,232
230.33935141563416,369
230.3553502559662,558
230.37034797668457,348
230.3853611946106,189
230.40141224861145,247
230.41679692268372,386
230.43268871307373,563
230.4479959011078,338
230.46361374855042,199
230.47929525375366,255
230.49442744255066,397
230.51045298576355,561
230.52572631835938,337
230.54151129722595,199
230.55668115615845,257
230.57227230072021,414
230.58798050880432,554
230.60343718528748,309
230.61920428276062,193
230.63459277153015,255
230.64998650550842,421
230.6660099029541,547
230.68161296844482,294
230.6963655948639,191
230.7117509841919,254
230.72788310050964,434
230.74386048316956,544
230.75941014289856,269
230.77510571479797,196
230.79108214378357,253
230.80765390396118,457
230.82304859161377,539
230.83915519714355,269
230.85474061965942,201
230.87027502059937,258
230.88546657562256,474
230.90126156806946,521
230.9172670841217,245
230.93324875831604,198
230.94829773902893,261
230.963454246521,481
230.9784095287323,513
230.99453210830688,232
231.01004242897034,207
231.02604007720947,263
231.04123258590698,491
231.05623650550842,490
231.07225847244263,213
231.08823490142822,206
231.10429739952087,266
231.11945176124573,507
231.13555598258972,485
231.1508927345276,213
231.166912317276,214
231.18297696113586,275
231.19901823997498,532
231.21455001831055,471
231.2306044101715,212
231.24571228027344,220
231.26145195960999,279
231.2770414352417,539
231.2930407524109,458
231.308589220047,206
231.324120759964,225
231.33937001228333,284
231.35513305664062,544
231.37114143371582,426
231.38716173171997,187
231.40230679512024,219
231.41784977912903,294
231.43388748168945,545
231.4494149684906,408
231.46512603759766,181
231.4811544418335,213
231.49684357643127,296
231.51189494132996,546
231.52793169021606,399
231.54393076896667,188
231.5600073337555,226
231.5759973526001,314
231.59117102622986,558
231.60718727111816,383
231.62237906455994,189
231.6384081840515,230
231.6539340019226,339
231.66986536979675,564
231.68569827079773,374
231.70118618011475,193
231.71661067008972,239
231.73175358772278,351
231.74751257896423,566
231.7628834247589,353
231.77887535095215,188
231.79393196105957,241
231.80978512763977,374
231.82547402381897,552
231.84057188034058,325
231.85578274726868,191
231.871013879776,248
231.8859133720398,395
231.90184140205383,555
231.91676664352417,318
231.9326560497284,197
231.94821882247925,254
231.96428442001343,418
231.98037242889404,553
231.99615168571472,305
232.01219248771667,202
232.02725911140442,262
232.0426664352417,431
232.0576057434082,552
232.07317805290222,289
232.0891683101654,193
232.10524582862854,259
232.1212649345398,441
232.1369547843933,541
232.15286564826965,272
232.1688952445984,200
232.18484544754028,257
232.19997215270996,204
232.21549153327942,211
232.23101425170898,279
232.24671006202698,533
232.26226091384888,443
232.2777464389801,191
232.2929172515869,213
232.30778789520264,281
232.32255125045776,541
232.33776259422302,420
232.35381174087524,183
232.36970591545105,210
232.3848853111267,292
232.40031504631042,553
232.41589188575745,408
232.43172478675842,187
232.44701266288757,218
232.4629876613617,311
232.4787380695343,555
232.49393892288208,394
232.50897407531738,185
232.52440285682678,223
232.53999662399292,323
232.55580735206604,566
232.57131147384644,378
232.58664894104004,179
232.6025152206421,227
232.61781525611877,340
232.63394284248352,565
232.64995312690735,365
232.66603589057922,187
232.68206596374512,236
232.696932554245,361
232.7121307849884,565
232.72768473625183,344
232.7436716556549,185
232.75922513008118,238
232.77439212799072,378
232.7895052433014,553
232.80491638183594,327
232.82085967063904,181
232.83610701560974,240
232.85140442848206,397
232.86744952201843,552
232.88224482536316,308
232.89753365516663,184
232.91335821151733,245
232.92933869361877,415
232.94415640830994,543
232.95963263511658,284
232.97508716583252,188
232.9903633594513,249
233.00557494163513,436
233.0206527709961,540
233.0361144542694,266
233.0516083240509,178
233.06760215759277,244
233.08359956741333,450
233.09913849830627,536
233.11462259292603,248
233.13061356544495,193
233.14590167999268,255
233.16189575195312,469
233.17692279815674,524
233.19192171096802,238
233.20738649368286,192
233.22311234474182,257
233.23915433883667,481
233.2546422481537,518
233.2706925868988,230
233.28613114356995,204
233.30226016044617,268
233.31746459007263,507
233.3334505558014,502
233.34906578063965,224
233.36508440971375,211
233.3810636997223,274
233.39676666259766,521
233.41339421272278,493
233.4284543991089,212
233.4438693523407,210
233.45994472503662,277
233.47547793388367,535
233.49154925346375,472
233.5070765018463,200
233.52268600463867,217
233.5383427143097,285
233.55383157730103,545
233.56964325904846,450
233.58541107177734,199
233.60148286819458,224
233.61735439300537,295
233.63342261314392,558
233.64895629882812,430
233.6650049686432,190
233.68015027046204,224
233.69626116752625,304
233.71157956123352,561
233.72692108154297,411
233.74338102340698,188
233.7585587501526,226
233.77448320388794,318
233.78975081443787,570
233.80490040779114,385
233.82082295417786,182
233.83640885353088,226
233.85243821144104,338
233.86849164962769,572
233.8845489025116,370
233.8999514579773,187
233.91514897346497,237
233.93058848381042,357
233.9463791847229,570
233.96138191223145,362
233.97710919380188,195
233.99310660362244,245
234.00823736190796,388
234.02350163459778,572
234.0387101173401,345
234.0548300743103,200
234.07007336616516,255
234.08507204055786,411
234.100159406662,575
234.11567497253418,335
234.13129591941833,198
234.14638304710388,260
234.16177988052368,424
234.17696475982666,558
234.1928849220276,304
234.20828986167908,181
234.22402262687683,240
234.23965311050415,421
234.25567150115967,542
234.27136659622192,277
234.28628730773926,186
234.30183672904968,252
234.3175253868103,445
234.33278679847717,531
234.3487856388092,259
234.36413502693176,186
234.38009405136108,241
234.39599657058716,464
234.41128754615784,514
234.42661809921265,237
234.44192695617676,189
234.45699501037598,253
234.47245264053345,492
234.48764204978943,505
234.50298380851746,223
234.51837801933289,204
234.5344250202179,267
234.54993557929993,515
234.56532168388367,480
234.5813386440277,208
234.59611296653748,209
234.61222624778748,268
234.62801051139832,528
234.6440622806549,468
234.66003155708313,203
234.67572212219238,209
234.6912806034088,275
234.7065589427948,539
234.72207307815552,451
234.73759078979492,196
234.75281643867493,215
234.7689483165741,285
234.78406071662903,546
234.79927492141724,429
234.81482553482056,192
234.830748796463,220
234.8467321395874,301
234.86205649375916,560
234.87740015983582,418
234.89351391792297,188
234.90953755378723,223
234.92528820037842,320
234.94128584861755,567
234.95676183700562,402
234.97280526161194,187
234.9879355430603,233
235.0034158229828,335
235.0192995071411,573
235.03446698188782,386
235.0499210357666,184
235.06520700454712,233
235.0806839466095,348
235.09590411186218,568
235.11127734184265,363
235.12686800956726,184
235.14285612106323,237
235.15804505348206,377
235.17361998558044,565
235.1893012523651,346
235.20471501350403,180
235.2204442024231,233
235.23653960227966,391
235.25177240371704,561
235.26717972755432,327
235.28320860862732,189
235.29882073402405,247
235.31416726112366,408
235.3302550315857,564
235.3454840183258,311
235.3614547252655,186
235.377179145813,242
235.39323806762695,420
235.40854930877686,550
235.4245753288269,310
235.4406714439392,182
235.45591473579407,238
235.47121167182922,427
235.48722410202026,546
235.5029628276825,291
235.51845908164978,175
235.53362250328064,247
235.54885268211365,452
235.56450366973877,535
235.5797348022461,259
235.59518480300903,185
235.61108708381653,247
235.62701988220215,465
235.643070936203,524
235.65848517417908,237
235.67458724975586,187
235.6898455619812,255
235.70504593849182,479
235.72073769569397,511
235.73604130744934,230
235.7514328956604,194
235.7668812274933,256
235.78288769721985,486
235.79657673835754,500
235.81158542633057,226
235.8271026611328,196
235.84210753440857,258
235.85810947418213,510
235.87326312065125,487
235.8883924484253,216
235.90356516838074,206
235.92013382911682,274
235.93480563163757,532
235.95080471038818,485
235.9668893814087,211
235.98297381401062,210
235.99884343147278,280
236.01490187644958,542
236.03101801872253,476
236.04700374603271,206
236.06252121925354,216
236.07855772972107,281
236.09357619285583,550
236.10959720611572,446
236.1247534751892,191
236.1407880783081,214
236.15655374526978,290
236.1718738079071,556
236.18773579597473,437
236.20284247398376,188
236.21805834770203,216
236.23333525657654,297
236.25017523765564,560
236.2643482685089,401
236.28034496307373,177
236.29576802253723,216
236.3115577697754,312
236.32740950584412,566
236.34255290031433,397
236.35734629631042,179
236.37285113334656,223
236.38800024986267,320
236.40344786643982,567
236.41808152198792,375
236.43340396881104,171
236.44900703430176,226
236.4640703201294,355
236.4791121482849,579
236.49458074569702,371
236.50926995277405,178
236.52527904510498,232
236.54072403907776,361
236.5558032989502,572
236.57129955291748,350
236.58604335784912,179
236.60179901123047,238
236.61701226234436,391
236.63289308547974,577
236.64823985099792,334
236.66425466537476,183
236.68012952804565,250
236.6954357624054,405
236.71058988571167,577
236.72525262832642,329
236.74071669578552,179
236.75674176216125,246
236.77159810066223,415
236.78675365447998,571
236.80277156829834,304
236.81824231147766,182
236.83428597450256,254
236.84912610054016,448
236.86432719230652,575
236.88039135932922,292
236.89585089683533,188
236.91190934181213,261
236.92741584777832,471
236.9426076412201,562
236.95867657661438,255
236.97474575042725,186
236.99078392982483,261
237.00617957115173,489
237.0222132205963,553
237.0376842021942,231
237.0537142753601,193
237.06942868232727,262
237.08444333076477,516
237.10028195381165,537
237.1161060333252,222
237.1313066482544,197
237.14692759513855,268
237.16292905807495,528
237.17893266677856,528
237.1949188709259,218
237.21023392677307,197
237.2258062362671,275
237.24176287651062,547
237.25786519050598,506
237.2729983329773,200
237.2889440059662,202
237.30501222610474,276
237.3210892677307,563
237.33662939071655,488
237.352685213089,184
237.36783409118652,195
237.38308715820312,277
237.3990912437439,568
237.41454672813416,464
237.43009448051453,169
237.44573211669922,183
237.46181392669678,261
237.4770314693451,561
237.4930317401886,422
237.50903272628784,151
237.524840593338,180
237.54028010368347,276
237.55623960494995,569
237.57215666770935,414
237.58760023117065,156
237.60353112220764,197
237.61959958076477,302
237.635178565979,582
237.65092658996582,394
237.66693353652954,162
237.6822214126587,212
237.6978006362915,320
237.7133288383484,586
237.72923970222473,387
237.74623584747314,164
237.76078701019287,224
237.77674388885498,347
237.79274821281433,590
237.80774402618408,375
237.82330918312073,168
237.8388900756836,227
237.85484886169434,362
237.8703215122223,595
237.88504242897034,373
237.9010787010193,180
237.91665410995483,237
237.93237948417664,388
237.94814538955688,603
237.9638843536377,364
237.97915291786194,180
237.99473690986633,239
238.01005339622498,396
238.02562308311462,585
238.04167580604553,338
238.05715584754944,174
238.07261085510254,241
238.08801889419556,419
238.1032133102417,584
238.11893439292908,326
238.13451480865479,186
238.14986515045166,256
238.1654074192047,437
238.1814124584198,577
238.19673824310303,296
238.21192383766174,180
238.2274947166443,255
238.243558883667,457
238.25879907608032,566
238.2748064994812,273
238.29062867164612,184
238.30576944351196,249
238.32137775421143,470
238.33624792099,557
238.35140705108643,263
238.36675596237183,186
238.38194298744202,257
238.39692497253418,486
238.41196727752686,544
238.42753171920776,245
238.44359588623047,188
238.45944356918335,258
238.47450351715088,497
238.4895782470703,525
238.5055627822876,232
238.5208761692047,199
238.53554701805115,273
238.5505828857422,517
238.56656861305237,516
238.58212876319885,222
238.59714365005493,204
238.6131567955017,272
238.62869572639465,528
238.6447057723999,504
238.65967655181885,209
238.6757915019989,209
238.6913628578186,271
238.70746183395386,541
238.7239854335785,478
238.73938083648682,196
238.75504636764526,217
238.77080297470093,283
238.7866132259369,559
238.80203413963318,458
238.8171203136444,189
238.8333613872528,215
238.84757161140442,288
238.86299300193787,558
238.8783302307129,445
238.8939549922943,188
238.90914106369019,219
238.92503547668457,295
238.94080114364624,567
238.95688772201538,432
238.97286581993103,190
238.98894429206848,222
239.00505757331848,309
239.02047729492188,571
239.03630185127258,403
239.0523316860199,179
239.06820154190063,230
239.08332228660583,326
239.09931683540344,579
239.11422514915466,386
239.12933731079102,184
239.14534044265747,235
239.16131138801575,351
239.17660927772522,574
239.19299721717834,361
239.20834708213806,171
239.22436046600342,230
239.23985409736633,364
239.25528860092163,558
239.27053999900818,334
239.28702974319458,172
239.30253171920776,230
239.31821537017822,381
239.3333740234375,567
239.34898567199707,326
239.36499190330505,177
239.38073134422302,237
239.39628386497498,385
239.4121527671814,566
239.4277219772339,323
239.4429531097412,187
239.45867562294006,243
239.4736762046814,406
239.48946166038513,564
239.50495743751526,319
239.52056503295898,186
239.53563737869263,251
239.55170917510986,429
239.56738829612732,554
239.58272457122803,294
239.59795784950256,184
239.61398553848267,249
239.6297149658203,439
239.64580416679382,544
239.66103434562683,263
239.6766459941864,186
239.69295597076416,249
239.70895218849182,465
239.72480034828186,536
239.7405707836151,253
239.75584721565247,193
239.77175402641296,259
239.7866234779358,486
239.80265641212463,520
239.81774401664734,235
239.83310556411743,203
239.84914326667786,271
239.86395692825317,507
239.8792142868042,513
239.8952739238739,218
239.911278963089,211
239.92686295509338,279
239.94242477416992,532
239.95811200141907,497
239.97412061691284,212
239.98936986923218,214
240.00536632537842,282
240.02140355110168,538
240.03731560707092,475
240.05331897735596,203
240.0685076713562,221
240.08451461791992,292
240.10020327568054,555
240.11535477638245,459
240.13143682479858,198
240.14659333229065,222
240.16262865066528,300
240.1785066127777,561
240.19382691383362,424
240.20942401885986,187
240.22546291351318,220
240.24118781089783,307
240.2571985721588,565
240.27332520484924,411
240.28908109664917,185
240.30501055717468,223
240.32038116455078,319
240.335857629776,569
240.3515064716339,396
240.36750483512878,181
240.38353323936462,229
240.39957642555237,329
240.41496753692627,575
240.4306778907776,382
240.44681334495544,191
240.46284937858582,236
240.47870707511902,347
240.49478554725647,570
240.5108380317688,368
240.52754187583923,188
240.5418131351471,235
240.55717658996582,364
240.57218599319458,574
240.58721446990967,356
240.6033022403717,185
240.6186547279358,237
240.6346731185913,380
240.64967393875122,564
240.66475319862366,342
240.6804542541504,182
240.69560933113098,237
240.71125173568726,390
240.7269310951233,555
240.74187326431274,317
240.7570297718048,185
240.77190160751343,242
240.7874059677124,406
240.8030333518982,560
240.8184609413147,306
240.83399891853333,190
240.84940719604492,251
240.86455726623535,423
240.88059401512146,552
240.89572763442993,288
240.9114580154419,193
240.92672324180603,263
240.94243597984314,459
240.95854783058167,544
240.9745671749115,260
240.9897804260254,190
241.0059154033661,259
241.02178478240967,475
241.03685212135315,523
241.05251383781433,239
241.0684564113617,195
241.08342814445496,265
241.09944081306458,490
241.11471486091614,517
241.1302788257599,228
241.14534544944763,199
241.1611568927765,263
241.17683696746826,512
241.19172716140747,504
241.2077512741089,214
241.22292494773865,204
241.2386438846588,267
241.25454878807068,526
241.26984333992004,479
241.28513956069946,204
241.3011326789856,214
241.31716012954712,271
241.33251476287842,541
241.3483829498291,460
241.3643639087677,198
241.38037037849426,215
241.39581108093262,282
241.41180610656738,545
241.42721343040466,448
241.4428153038025,193
241.45800042152405,213
241.47401785850525,288
241.4898431301117,547
241.50467205047607,431
241.5206732749939,190
241.53583788871765,222
241.55187582969666,299
241.56744265556335,557
241.58346128463745,407
241.59955835342407,184
241.6147267818451,216
241.63078260421753,306
241.64610838890076,566
241.66168022155762,396
241.67692732810974,184
241.69254755973816,226
241.708589553833,327
241.72405219078064,564
241.73961234092712,379
241.75500059127808,185
241.77081322669983,228
241.78657269477844,340
241.80157566070557,558
241.81703519821167,357
241.83197736740112,173
241.8479721546173,220
241.86295628547668,359
241.87797260284424,553
241.8933265209198,336
241.90894842147827,187
241.92496037483215,247
241.94106101989746,389
241.95681309700012,562
241.97178745269775,335
241.98759651184082,185
242.00275254249573,244
242.01854372024536,409
242.03407645225525,555
242.0495262145996,303
242.06474232673645,181
242.08059453964233,252
242.09611678123474,434
242.1112937927246,549
242.127347946167,295
242.14256119728088,187
242.15829801559448,244
242.17385721206665,447
242.18911719322205,542
242.20449256896973,276
242.22037744522095,191
242.23606061935425,253
242.2520501613617,467
242.2671835422516,528
242.28257298469543,238
242.29841804504395,184
242.31399703025818,248
242.32928204536438,475
242.34482550621033,508
242.36054921150208,223
242.3764717578888,198
242.39176630973816,257
242.4078209400177,499
242.42386555671692,490
242.43938207626343,209
242.4553587436676,192
242.47094655036926,264
242.48701548576355,515
242.5020294189453,473
242.51765060424805,204
242.53282713890076,203
242.5487506389618,266
242.564786195755,522
242.58005833625793,458
242.59614944458008,197
242.61170625686646,209
242.62772822380066,273
242.64308142662048,536
242.65848779678345,452
242.67451167106628,198
242.68981218338013,214
242.705575466156,280
242.72156691551208,548
242.73700952529907,443
242.75307154655457,196
242.7685899734497,220
242.78395318984985,290
242.79994702339172,557
242.81519293785095,436
242.83095383644104,197
242.84614157676697,222
242.8612699508667,301
242.8763952255249,563
242.8917224407196,417
242.9072346687317,192
242.9229109287262,231
242.93858098983765,311
242.9538323879242,567
242.9690294265747,414
242.98460745811462,192
243.00026297569275,230
243.01541209220886,326
243.03074717521667,571
243.04605221748352,396
243.06143283843994,186
243.07695055007935,233
243.09268045425415,350
243.10774445533752,571
243.1229920387268,369
243.1386649608612,186
243.15465235710144,236
243.16996955871582,373
243.18525886535645,567
243.20095205307007,358
243.2164933681488,193
243.23201155662537,242
243.24735260009766,387
243.26339721679688,563
243.27882289886475,345
243.29417419433594,191
243.31028962135315,245
243.32629895210266,397
243.34181714057922,561
243.35781288146973,326
243.37385606765747,189
243.38907098770142,248
243.40460205078125,428
243.4202160835266,556
243.4353415966034,302
243.45070719718933,193
243.4658486843109,255
243.48100399971008,437
243.49703693389893,551
243.51310682296753,293
243.52916646003723,196
243.54491519927979,259
243.56004428863525,460
243.57596969604492,547
243.59165835380554,262
243.60750722885132,196
243.62250351905823,262
243.63773798942566,475
243.6530089378357,529
243.66832756996155,239
243.68436336517334,202
243.70000910758972,268
243.7153332233429,488
243.73138809204102,514
243.74749946594238,228
243.76321935653687,202
243.77857756614685,267
243.7939910888672,505
243.8094482421875,495
243.82468724250793,216
243.84063267707825,203
243.85663175582886,265
243.87186908721924,515
243.88777565956116,485
243.90308713912964,212
243.91849994659424,214
243.9340717792511,276
243.95010423660278,535
243.96560430526733,465
243.9809913635254,205
243.99642705917358,218
244.01189422607422,287
244.02790093421936,547
244.04341650009155,445
244.05941677093506,200
244.07541608810425,218
244.09056305885315,287
244.10656476020813,554
244.12255477905273,435
244.13776922225952,193
244.15364480018616,218
244.16918087005615,292
244.18469500541687,557
244.20001554489136,412
244.21577882766724,185
244.23090839385986,222
244.24665427207947,310
244.2621567249298,563
244.27806615829468,397
244.29409289360046,187
244.30967116355896,225
244.32567811012268,314
244.34171557426453,552
244.35760068893433,380
244.37223482131958,177
244.3871932029724,221
244.4022376537323,329
244.41828751564026,566
244.43379974365234,373
244.44955325126648,187
244.4654893875122,237
244.48078155517578,357
244.49685740470886,568
244.5123975276947,362
244.5274407863617,186
244.54353308677673,238
244.55908584594727,368
244.57423400878906,563
244.5900866985321,342
244.60622429847717,186
244.6215476989746,245
244.63709783554077,386
244.65307879447937,560
244.66847586631775,328
244.68365240097046,183
244.699622631073,242
244.71428227424622,398
244.72972989082336,555
244.745290517807,311
244.76065754890442,186
244.77598571777344,246
244.79121685028076,410
244.80720949172974,550
244.82225227355957,305
244.83827257156372,186
244.8532750606537,244
244.8683135509491,428
244.88430738449097,542
244.90041732788086,284
244.91564297676086,186
244.93054127693176,249
244.94616198539734,454
244.96149349212646,534
244.97756671905518,251
244.99261903762817,188
245.00774765014648,252
245.0230095386505,466
245.03862643241882,528
245.0538878440857,243
245.06942486763,191
245.0849416255951,255
245.09997415542603,477
245.11513781547546,511
245.13119387626648,227
245.14726185798645,192
245.16326880455017,257
245.17794942855835,489
245.19294929504395,497
245.20885109901428,223
245.22403597831726,200
245.23951959609985,263
245.25551843643188,506
245.2711637020111,491
245.286963224411,210
245.3026945590973,202
245.31874537467957,272
245.33425951004028,526
245.34995698928833,485
245.3650860786438,211
245.38106727600098,210
245.39700603485107,277
245.41302061080933,535
245.42922687530518,465
245.44479894638062,206
245.460777759552,217
245.47634840011597,286
245.49234986305237,550
245.50734996795654,443
245.5228807926178,200
245.53857707977295,219
245.55436944961548,286
245.5702314376831,551
245.58632469177246,434
245.60180687904358,190
245.61783504486084,225
245.63392210006714,300
245.6494734287262,558
245.66466856002808,417
245.68066358566284,188
245.69604659080505,225
245.71209263801575,309
245.7281882762909,560
245.74373054504395,394
245.75871300697327,184
245.77417302131653,225
245.79028415679932,322
245.80533456802368,560
245.82097482681274,379
245.8367202281952,179
245.85277342796326,226
245.86809539794922,347
245.88329648971558,564
245.89883160591125,361
245.91387581825256,183
245.9290065765381,231
245.94489645957947,362
245.96052527427673,562
245.9759726524353,360
245.9915156364441,187
246.0076036453247,239
246.02287077903748,379
246.03836011886597,566
246.0542857646942,350
246.0702452659607,188
246.08586406707764,243
246.10184478759766,394
246.11793661117554,563
246.13410115242004,335
246.1500461101532,188
246.1655387878418,248
246.18058109283447,412
246.19594860076904,561
246.21093654632568,327
246.22616457939148,192
246.2415907382965,248
246.25736689567566,421
246.27335262298584,554
246.28867316246033,294
246.30424857139587,190
246.31926798820496,253
246.33533763885498,449
246.35097336769104,542
246.3661539554596,275
246.38170456886292,203
246.39769458770752,262
246.4128918647766,462
246.42874431610107,547
246.44371008872986,265
246.4590950012207,204
246.4746708869934,265
246.49080848693848,478
246.50685286521912,530
246.5224814414978,243
246.53759670257568,209
246.5536847114563,267
246.5692102909088,494
246.58516120910645,517
246.6008973121643,238
246.61613607406616,208
246.63164448738098,271
246.6477017402649,498
246.66284918785095,504
246.6780822277069,220
246.6942572593689,209
246.70839619636536,268
246.72439670562744,516
246.73952460289001,489
246.7549693584442,211
246.7699694633484,210
246.78497910499573,270
246.8008143901825,519
246.81638264656067,470
246.83187651634216,201
246.84644412994385,204
246.8624722957611,265
246.87740421295166,520
246.8934154510498,442
246.90867972373962,186
246.9241588115692,206
246.94022488594055,281
246.95583176612854,544
246.97108793258667,428
246.9864478111267,192
247.00146055221558,218
247.01746559143066,298
247.0331587791443,554
247.04803204536438,421
247.06324791908264,189
247.07889866828918,226
247.09424018859863,309
247.10947966575623,557
247.1244876384735,400
247.13996529579163,190
247.155193567276,230
247.17037534713745,322
247.18594932556152,565
247.20181035995483,389
247.21772384643555,188
247.2328553199768,234
247.2486469745636,339
247.264390707016,567
247.27971267700195,367
247.29576325416565,196
247.31154704093933,245
247.32760095596313,366
247.34348225593567,574
247.35893726348877,364
247.37456130981445,205
247.39058423042297,246
247.40631794929504,378
247.4223186969757,561
247.43764567375183,338
247.45287346839905,195
247.4688696861267,248
247.4848644733429,396
247.5008988380432,566
247.5160253047943,333
247.5320541858673,196
247.5475776195526,252
247.56358814239502,411
247.57919144630432,564
247.59492301940918,322
247.61086463928223,195
247.6264328956604,256
247.6426968574524,419
247.65802383422852,556
247.674054145813,298
247.68954944610596,186
247.70475816726685,249
247.7208034992218,426
247.73684644699097,548
247.7523410320282,281
247.76738476753235,184
247.7833046913147,244
247.79932308197021,432
247.81435894966125,539
247.82936787605286,261
247.84487342834473,184
247.8600800037384,250
247.87608098983765,444
247.8921811580658,529
247.9073829650879,246
247.92313408851624,186
247.93852376937866,251
247.95385313034058,464
247.96986889839172,515
247.9858512878418,234
248.0018150806427,199
248.01787328720093,262
248.03399467468262,491
248.0500509738922,508
248.06580018997192,227
248.08096718788147,208
248.0969636440277,275
248.1123652458191,510
248.127703666687,496
248.14338970184326,220
248.15949010849,217
248.17489385604858,279
248.1907296180725,526
248.2059042453766,486
248.2212691307068,210
248.23658680915833,214
248.2523422241211,280
248.26837706565857,536
248.28537774085999,463
248.30019211769104,204
248.3156702518463,216
248.331716299057,276
248.34710693359375,536
248.3629651069641,443
248.37887406349182,195
248.39487433433533,216
248.4105145931244,289
248.42657232284546,547
248.44242906570435,412
248.45763683319092,187
248.47328662872314,223
248.48884296417236,309
248.50463581085205,558
248.5197720527649,394
248.53583669662476,183
248.55054759979248,231
248.5658507347107,328
248.58145427703857,562
248.59678959846497,378
248.6121325492859,190
248.62754201889038,239
248.6441330909729,349
248.65964937210083,563
248.67493605613708,366
248.69034123420715,188
248.70580196380615,241
248.7210066318512,357
248.73668265342712,561
248.7514009475708,349
248.7665228843689,175
248.78185749053955,233
248.79743194580078,364
248.81346774101257,556
248.8288013935089,338
248.8443682193756,185
248.8602650165558,240
248.87634563446045,380
248.89178156852722,558
248.90745043754578,326
248.92244410514832,193
248.93820571899414,251
248.9537034034729,406
248.96965837478638,558
248.98443222045898,316
248.9998800754547,197
249.01503252983093,258
249.03052282333374,422
249.0460822582245,557
249.0611171722412,301
249.07581233978271,198
249.0918092727661,264
249.1068239212036,435
249.12286710739136,552
249.1380636692047,290
249.15353083610535,200
249.16965746879578,260
249.18548369407654,450
249.200777053833,548
249.216858625412,265
249.23293280601501,201
249.2480823993683,264
249.26364421844482,471
249.2794189453125,536
249.2951409816742,246
249.3111927509308,205
249.32662391662598,259
249.3426992893219,471
249.35875988006592,527
249.3742139339447,233
249.38979983329773,194
249.4058427810669,253
249.42137575149536,481
249.43748092651367,506
249.45304465293884,228
249.468359708786,185
249.48434591293335,238
249.5003592967987,359
249.51612305641174,568
249.532146692276,361
249.5481915473938,177
249.56390857696533,235
249.5789122581482,362
249.594247341156,568
249.60983753204346,349
249.62511205673218,181
249.64059972763062,234
249.65663194656372,385
249.6724841594696,561
249.68781113624573,321
249.703871011734,180
249.71941661834717,240
249.73468804359436,402
249.74987387657166,560
249.76577496528625,321
249.78080987930298,189
249.79693484306335,253
249.8121418952942,412
249.82753586769104,563
249.84353947639465,316
249.8592610359192,199
249.8752703666687,259
249.89081048965454,427
249.90597295761108,559
249.92117834091187,293
249.9362199306488,190
249.95153069496155,252
249.96687150001526,436
249.98244500160217,544
249.99771976470947,273
250.01351761817932,186
250.02879118919373,246
250.04384303092957,446
250.0598645210266,537
250.07545924186707,249
250.09054827690125,191
250.1065764427185,254
250.12173104286194,475
250.13691902160645,519
250.1520757675171,225
250.16806030273438,185
250.18416118621826,256
250.19981575012207,496
250.21590447425842,512
250.23192143440247,227
250.24797201156616,198
250.26304721832275,269
250.27889561653137,516
250.29490685462952,497
250.31099390983582,215
250.32656931877136,210
250.34159970283508,264
250.35685348510742,519
250.37274408340454,466
250.38886713981628,200
250.4044816493988,206
250.42000555992126,272
250.43604803085327,533
250.45155930519104,462
250.4676342010498,193
250.48331880569458,221
250.49984741210938,287
250.5154628753662,547
250.5305323600769,445
250.54303884506226,182
250.5580804347992,209
250.57323360443115,283
250.58905029296875,552
250.60509157180786,422
250.62112522125244,185
250.63646936416626,222
250.65242338180542,310
250.6676049232483,562
250.68254828453064,410
250.69830060005188,181
250.7135946750641,224
250.72911095619202,320
250.7444338798523,570
250.76002621650696,389
250.77553868293762,194
250.79161143302917,241
250.80694270133972,347
250.82213878631592,580
250.83750748634338,377
250.852858543396,191
250.86883926391602,246
250.88349151611328,377
250.89867877960205,582
250.9145805835724,354
250.9305877685547,192
250.946058511734,247
250.96180272102356,400
250.97701740264893,571
250.99229049682617,333
251.00834918022156,181
251.0238754749298,243
251.0393795967102,401
251.05492305755615,555
251.07040691375732,303
251.08576798439026,180
251.1018829345703,243
251.11792755126953,411
251.13396883010864,543
251.1494960784912,283
251.16445136070251,178
251.18021631240845,241
251.19607019424438,434
251.21082210540771,555
251.22634077072144,275
251.24227237701416,192
251.25796151161194,259
251.2739748954773,463
251.28972697257996,548
251.30485320091248,257
251.320898771286,205
251.33600735664368,264
251.35258889198303,487
251.36789464950562,531
251.38391828536987,239
251.39907598495483,203
251.4151349067688,268
251.43058395385742,496
251.44591403007507,512
251.4611313343048,219
251.47687220573425,198
251.49265718460083,259
251.50836324691772,502
251.52436780929565,494
251.54040932655334,210
251.55595993995667,200
251.57157945632935,265
251.58715152740479,518
251.60251545906067,480
251.61768627166748,199
251.63305282592773,213
251.64843487739563,274
251.6639904975891,547
251.67960906028748,459
251.69485354423523,188
251.71042227745056,215
251.7264108657837,283
251.74245929718018,551
251.75738430023193,441
251.7732274532318,183
251.78926301002502,220
251.80449271202087,296
251.82033133506775,567
251.836252450943,414
251.85170149803162,184
251.86709809303284,223
251.88209652900696,301
251.8967628479004,561
251.9128701686859,393
251.92876148223877,178
251.94395279884338,224
251.95947813987732,325
251.97499465942383,574
251.99098944664001,388
252.00698828697205,185
252.02281975746155,236
252.03830337524414,353
252.0535249710083,581
252.0682680606842,378
252.08428120613098,188
252.1002974510193,237
252.11544108390808,359
252.13112497329712,577
252.147198677063,357
252.1632523536682,184
252.1789150238037,241
252.1943335533142,373
252.20971536636353,571
252.22494339942932,351
252.2407968044281,182
252.2560772895813,244
252.2723069190979,384
252.28790807724,577
252.30392003059387,346
252.31989908218384,185
252.3359079360962,240
252.35094261169434,404
252.36649346351624,571
252.38168001174927,332
252.39747738838196,191
252.4128918647766,255
252.42809414863586,418
252.44415664672852,575
252.45999884605408,324
252.4750416278839,193
252.4906780719757,246
252.50669503211975,420
252.52209067344666,558
252.53733372688293,294
252.5532829761505,187
252.56865882873535,255
252.58472847938538,444
252.59990525245667,551
252.61507868766785,265
252.63087034225464,178
252.64611172676086,246
252.6614065170288,451
252.67683291435242,529
252.69284796714783,240
252.70798444747925,191
252.72357392311096,260
252.73968410491943,490
252.7549831867218,528
252.7704041004181,243
252.78545808792114,203
252.80061745643616,271
252.81619429588318,503
252.8312382698059,516
252.84684371948242,213
252.862140417099,201
252.87741446495056,266
252.89269399642944,516
252.90847158432007,502
252.9240744113922,207
252.93939471244812,201
252.95468401908875,263
252.97071480751038,530
252.98673224449158,473
253.00176310539246,195
253.01689457893372,207
253.0323624610901,274
253.048015832901,547
253.0640790462494,457
253.0787115097046,187
253.09477162361145,215
253.109708070755,287
253.12485599517822,556
253.14080476760864,441
253.15630435943604,196
253.17223024368286,229
253.1882860660553,308
253.2032835483551,576
253.21886134147644,434
253.23416781425476,194
253.24958086013794,233
253.265704870224,313
253.2807412147522,573
253.29676055908203,412
253.31209444999695,182
253.327739238739,224
253.34330320358276,313
253.35903429985046,572
253.37438440322876,386
253.3896186351776,173
253.40511775016785,224
253.4203782081604,335
253.43641471862793,573
253.45164322853088,374
253.4670374393463,179
253.48237562179565,236
253.49804258346558,350
253.5130536556244,583
253.5285313129425,372
253.54387402534485,184
253.55943989753723,241
253.5752990245819,367
253.5914511680603,588
253.60740089416504,365
253.62339901924133,190
253.63868737220764,246
253.6548044681549,381
253.6702423095703,582
253.6862301826477,342
253.7022476196289,179
253.71739745140076,236
253.73276233673096,392
253.7487895488739,565
253.76439571380615,315
253.77937173843384,170
253.7943892478943,243
253.80971884727478,404
253.8250343799591,570
253.84037899971008,307
253.85637021064758,184
253.87161016464233,252
253.88761234283447,434
253.90271639823914,570
253.9182550907135,287
253.93427109718323,190
253.95028114318848,254
253.96524572372437,452
253.98117065429688,556
253.99663090705872,271
254.01184177398682,193
254.02732920646667,265
254.04331517219543,481
254.05898714065552,541
254.0743923187256,243
254.09035205841064,187
254.10630702972412,257
254.12236714363098,490
254.1378893852234,521
254.15330123901367,220
254.16856408119202,190
254.18394088745117,261
254.19964694976807,515
254.21490716934204,502
254.23102378845215,209
254.24606490135193,194
254.26145792007446,267
254.27746176719666,529
254.2930121421814,495
254.3083255290985,199
254.32350206375122,203
254.3385088443756,280
254.35383796691895,548
254.36963033676147,469
254.3848099708557,190
254.3998110294342,207
254.41486263275146,278
254.43057799339294,556
254.44570922851562,454
254.46151041984558,174
254.47679662704468,205
254.49275636672974,284
254.50768947601318,554
254.5229709148407,413
254.53826189041138,169
254.55431699752808,207
254.57002353668213,287
254.58503985404968,578
254.60108852386475,419
254.61639499664307,173
254.63179969787598,217
254.64743041992188,325
254.66298007965088,589
254.67875909805298,399
254.6940574645996,174
254.70929551124573,221
254.7248136997223,336
254.74082279205322,590
254.75626254081726,387
254.77141189575195,172
254.7865068912506,224
254.80133843421936,345
254.8167369365692,587
254.83272767066956,378
254.84879302978516,168
254.8636817932129,223
254.87847447395325,355
254.89382910728455,576
254.90935921669006,353
254.92534232139587,159
254.94063091278076,219
254.95626997947693,371
254.97199392318726,588
254.98728847503662,350
255.00246810913086,170
255.01856541633606,232
255.03562808036804,396
255.05031061172485,587
255.0668225288391,333
255.0818235874176,162
255.0978298187256,227
255.11382627487183,404
255.12982535362244,572
255.14529871940613,322
255.16083431243896,168
255.17590475082397,238
255.19183683395386,427
255.2071361541748,576
255.22319889068604,296
255.23868250846863,166
255.25390720367432,238
255.26993203163147,439
255.28508067131042,565
255.30042266845703,277
255.31663155555725,163
255.33166408538818,246
255.34680080413818,467
255.3619556427002,568
255.37750577926636,266
255.3934290409088,179
255.4088819026947,252
255.42400693893433,492
255.44003129005432,555
255.45607614517212,230
255.47109007835388,168
255.48704528808594,251
255.50313687324524,498
255.51909708976746,539
255.53514099121094,216
255.55122566223145,179
255.56638956069946,257
255.58119344711304,524
255.59642267227173,527
255.61160588264465,210
255.62685918807983,185
255.6429398059845,263
255.6586558818817,545
255.67450594902039,505
255.69053411483765,203
255.70565605163574,205
255.72162508964539,283
255.73704433441162,568
255.75304055213928,492
255.76856350898743,205
255.7837564945221,209
255.79916954040527,289
255.8143208026886,571
255.82935190200806,466
255.84530186653137,181
255.86135578155518,208
255.87687158584595,284
255.8925266265869,577
255.90782761573792,435
255.9230077266693,175
255.93903636932373,207
255.95409870147705,286
255.9692621231079,579
255.98449230194092,422
256.00055742263794,172
256.0164155960083,209
256.031644821167,297
256.0473759174347,581
256.06269574165344,409
256.078759431839,169
256.0939664840698,217
256.10922288894653,327
256.12489581108093,590
256.1401445865631,400
256.1562385559082,178
256.171621799469,225
256.18771481513977,339
256.2034890651703,596
256.2195677757263,384
256.2356746196747,174
256.25100469589233,232
256.26669120788574,363
256.2827157974243,596
256.2979247570038,361
256.3131847381592,171
256.32834100723267,237
256.3439657688141,385
256.3595805168152,586
256.37559628486633,348
256.39044761657715,167
256.40598917007446,233
256.4211962223053,402
256.43619537353516,581
256.4522385597229,329
256.4681534767151,167
256.48399353027344,233
256.49952030181885,400
256.5147087574005,582
256.53073167800903,333
256.5462112426758,179
256.5614151954651,251
256.576979637146,423
256.59298038482666,581
256.6082706451416,313
256.6237518787384,183
256.63964557647705,255
256.65496039390564,446
256.67059206962585,581
256.6856608390808,286
256.7017002105713,187
256.7169976234436,258
256.73254013061523,470
256.74766850471497,565
256.7630522251129,257
256.77812123298645,173
256.79313564300537,250
256.8091199398041,480
256.82515144348145,547
256.84046936035156,231
256.855788230896,176
256.871826171875,260
256.88663506507874,499
256.9021008014679,540
256.9182074069977,219
256.93423199653625,187
256.95027446746826,260
256.96580481529236,518
256.980849981308,519
256.99632000923157,204
257.0117108821869,192
257.0269923210144,262
257.04305028915405,528
257.0589907169342,514
257.0747640132904,199
257.09078431129456,197
257.10646748542786,267
257.1224775314331,545
257.13838505744934,488
257.15379214286804,189
257.16899704933167,199
257.1843087673187,274
257.2002923488617,558
257.21615386009216,466
257.23129200935364,175
257.2474157810211,202
257.26371812820435,280
257.2793686389923,564
257.29482650756836,454
257.310795545578,175
257.3268737792969,205
257.34150552749634,282
257.3573670387268,568
257.3728446960449,426
257.388867855072,167
257.4046459197998,198
257.41968178749084,295
257.4349639415741,571
257.4503629207611,405
257.46623158454895,158
257.48129510879517,206
257.4966902732849,306
257.5118885040283,568
257.52737498283386,377
257.5432255268097,154
257.55846333503723,203
257.57372426986694,321
257.5888693332672,576
257.6049885749817,352
257.62103390693665,150
257.6367325782776,205
257.652774810791,338
257.6685628890991,575
257.6846535205841,351
257.6997592449188,151
257.7150888442993,218
257.73077940940857,367
257.7459864616394,589
257.7621157169342,366
257.77822613716125,180
257.79359245300293,239
257.80924892425537,386
257.82510685920715,589
257.8405885696411,345
257.85670590400696,180
257.87190341949463,240
257.8870575428009,400
257.90306091308594,577
257.9181549549103,326
257.93414759635925,162
257.9492871761322,238
257.9647994041443,415
257.98003911972046,571
257.99576330184937,302
258.01080679893494,156
258.0267188549042,228
258.04282784461975,422
258.0587649345398,556
258.07428216934204,281
258.09016466140747,163
258.10544896125793,236
258.1215651035309,446
258.13759660720825,551
258.15337896347046,258
258.169308423996,170
258.18501472473145,244
258.2009348869324,466
258.21650218963623,550
258.2325031757355,241
258.24845337867737,178
258.2649636268616,250
258.28103613853455,485
258.29649090766907,531
258.3117392063141,223
258.32774782180786,168
258.3429124355316,241
258.35814094543457,486
258.3732981681824,506
258.38880825042725,205
258.40474009513855,176
258.4203441143036,255
258.435435295105,513
258.4505021572113,498
258.46640062332153,203
258.48143124580383,194
258.4971227645874,267
258.51263761520386,536
258.52786779403687,496
258.54288268089294,204
258.55887365341187,202
258.5744438171387,275
258.59055519104004,548
258.6058130264282,489
258.6209557056427,201
258.6369848251343,213
258.6518793106079,283
258.6676003932953,561
258.68237709999084,476
258.697402715683,195
258.7127842903137,212
258.72809982299805,284
258.74370765686035,562
258.7587933540344,447
258.7745065689087,174
258.78964924812317,211
258.80490922927856,282
258.82045221328735,564
258.83547282218933,432
258.85055565834045,171
258.86601734161377,217
258.88141202926636,296
258.8964219093323,575
258.91106820106506,412
258.92643761634827,175
258.94159865379333,217
258.95759677886963,313
258.9729142189026,590
258.9881863594055,404
259.00341868400574,178
259.018657207489,225
259.03391194343567,336
259.0500109195709,595
259.06601667404175,388
259.0817837715149,173
259.09780049324036,220
259.11391592025757,343
259.1299042701721,587
259.1459119319916,371
259.161589384079,165
259.17713737487793,226
259.1927537918091,363
259.2080433368683,587
259.22344040870667,356
259.23863077163696,173
259.25381112098694,241
259.26981234550476,381
259.28585720062256,589
259.3013024330139,353
259.3164803981781,172
259.3319013118744,241
259.34718132019043,394
259.3623914718628,582
259.37831568717957,337
259.394314289093,174
259.41010570526123,241
259.42544960975647,413
259.44094800949097,579
259.45625948905945,299
259.47220611572266,164
259.4877254962921,236
259.50372838974,421
259.519633769989,554
259.53483295440674,271
259.5503873825073,166
259.5660743713379,234
259.58177495002747,443
259.5977396965027,548
259.6136634349823,244
259.6295175552368,174
259.645560503006,247
259.66150283813477,480
259.6770567893982,546
259.69258666038513,234
259.7081413269043,183
259.7241759300232,258
259.7396583557129,501
259.75496101379395,533
259.7703597545624,221
259.7855224609375,194
259.80054569244385,270
259.8165092468262,526
259.8315272331238,524
259.84754037857056,204
259.8632621765137,194
259.87878918647766,262
259.894788980484,532
259.9100561141968,497
259.92538189888,193
259.94132447242737,196
259.956650018692,267
259.9722967147827,544
259.9873368740082,483
260.00263690948486,189
260.01871371269226,197
260.03469800949097,274
260.04993629455566,553
260.065726518631,453
260.08043599128723,182
260.09571719169617,204
260.1118195056915,283
260.12718772888184,565
260.1431477069855,444
260.1585443019867,179
260.17416858673096,213
260.1896138191223,294
260.20493364334106,574
260.2209861278534,423
260.23646545410156,173
260.2524366378784,214
260.2680404186249,303
260.28411054611206,567
260.30001640319824,388
260.31560373306274,158
260.33124327659607,201
260.34624576568604,300
260.360981464386,559
260.3765330314636,373
260.3923714160919,157
260.4080584049225,211
260.42321729660034,322
260.4390878677368,576
260.45440554618835,374
260.4704749584198,172
260.48655462265015,230
260.50178623199463,356
260.5168435573578,583
260.5321011543274,356
260.5472056865692,177
260.5619218349457,236
260.5774562358856,381
260.5926868915558,584
260.60866498947144,354
260.62404203414917,184
260.63907742500305,242
260.65409231185913,400
260.66962814331055,575
260.68493008613586,332
260.70093393325806,179
260.71693205833435,243
260.73198986053467,405
260.74798226356506,564
260.764034986496,311
260.77982115745544,181
260.7946939468384,248
260.81070828437805,427
260.82601022720337,561
260.84179401397705,292
260.85780358314514,187
260.87375688552856,256
260.8893315792084,450
260.90484380722046,548
260.92086577415466,252
260.9360589981079,185
260.9511168003082,253
260.96668553352356,464
260.98260021209717,535
260.99776554107666,240
261.01273560523987,184
261.0282311439514,251
261.0442900657654,476
261.06041979789734,523
261.0751967430115,220
261.0903458595276,184
261.10590386390686,251
261.12146162986755,482
261.13732838630676,504
261.15295338630676,211
261.1680796146393,187
261.18334674835205,261
261.1990156173706,513
261.21447491645813,487
261.22991824150085,199
261.2451593875885,203
261.26041865348816,274
261.2764661312103,535
261.2921485900879,473
261.3081781864166,195
261.3233046531677,217
261.3387289047241,289
261.35482358932495,559
261.3701009750366,446
261.38534355163574,190
261.4015884399414,219
261.4160330295563,297
261.4321391582489,557
261.4476454257965,414
261.4628131389618,179
261.4787287712097,217
261.4947302341461,301
261.51006841659546,562
261.5253677368164,392
261.54066276550293,180
261.55580019950867,220
261.5713458061218,319
261.5866129398346,568
261.6023528575897,387
261.6183319091797,181
261.6338746547699,233
261.64907932281494,346
261.6642372608185,575
261.68026781082153,371
261.69544768333435,180
261.71143436431885,235
261.727534532547,363
261.74357414245605,573
261.75873279571533,360
261.77429008483887,179
261.7898635864258,237
261.80503129959106,378
261.8203251361847,565
261.83625292778015,341
261.85167384147644,177
261.8672959804535,231
261.883202791214,379
261.8985722064972,558
261.91457509994507,324
261.9297740459442,172
261.9457757472992,233
261.9610641002655,396
261.9763979911804,558
261.9924783706665,313
262.0074996948242,179
262.02294421195984,241
262.0381636619568,416
262.05403780937195,555
262.0696156024933,304
262.08485174179077,193
262.0998537540436,262
262.1156749725342,449
262.1306805610657,556
262.1466770172119,291
262.16210079193115,194
262.17782855033875,254
262.1930305957794,455
262.20904564857483,554
262.22503089904785,271
262.2402422428131,193
262.2554988861084,262
262.27068877220154,471
262.28617882728577,529
262.30144214630127,239
262.3169581890106,185
262.3329577445984,246
262.34798192977905,473
262.363972902298,508
262.37885880470276,219
262.3942766189575,187
262.41024804115295,257
262.425244808197,496
262.44045305252075,501
262.45647954940796,219
262.4719922542572,199
262.48798847198486,274
262.50327491760254,524
262.51842617988586,490
262.53383445739746,206
262.54981207847595,209
262.56494069099426,276
262.5799036026001,537
262.59590435028076,474
262.6114435195923,203
262.62692761421204,220
262.6424012184143,284
262.65794229507446,542
262.6735112667084,451
262.68850684165955,197
262.7045204639435,222
262.72051787376404,286
262.7365024089813,548
262.7515251636505,421
262.7675235271454,186
262.7832877635956,217
262.79978108406067,294
262.81477904319763,558
262.8307957649231,416
262.845778465271,188
262.86151218414307,227
262.87704396247864,320
262.8918778896332,571
262.90738916397095,403
262.92287015914917,184
262.93889117240906,229
262.95490193367004,331
262.9709622859955,562
262.98644971847534,377
263.00145387649536,183
263.0164883136749,233
263.03170585632324,342
263.04780435562134,558
263.0638153553009,364
263.07940101623535,181
263.0947382450104,233
263.1107339859009,360
263.1267430782318,562
263.1426854133606,350
263.1583971977234,176
263.17391562461853,240
263.18954634666443,383
263.2048614025116,559
263.22003388404846,349
263.23587918281555,187
263.25169038772583,242
263.26719641685486,387
263.2827663421631,567
263.29790234565735,349
263.31329560279846,188
263.3293254375458,249
263.34530806541443,386
263.36110615730286,564
263.37637400627136,342
263.39139461517334,193
263.4073956012726,247
263.42337942123413,406
263.4393093585968,561
263.4553143978119,311
263.47181725502014,185
263.48783588409424,246
263.5028374195099,417
263.51809096336365,549
263.53409457206726,305
263.55009150505066,187
263.56509375572205,249
263.5811674594879,434
263.597172498703,550
263.61308240890503,301
263.6291072368622,194
263.6445400714874,257
263.65954661369324,437
263.6756670475006,538
263.691682100296,273
263.7070789337158,191
263.722594499588,257
263.7375736236572,459
263.753657579422,516
263.76906871795654,241
263.7845230102539,193
263.79970955848694,268
263.8150522708893,485
263.83036041259766,504
263.84581208229065,212
263.8618996143341,204
263.8773572444916,266
263.8934485912323,501
263.90904450416565,482
263.92457485198975,201
263.93995547294617,198
263.95565819740295,268
263.9722101688385,516
263.98822832107544,468
264.004225730896,200
264.02021884918213,210
264.03621315956116,274
264.05163979530334,531
264.0676534175873,443
264.0831813812256,193
264.0986154079437,214
264.1139109134674,288
264.1300072669983,543
264.1452248096466,434
264.161150932312,191
264.1768410205841,222
264.1921331882477,299
264.20820236206055,556
264.2242021560669,412
264.2401978969574,191
264.2562699317932,224
264.2716157436371,308
264.2871057987213,561
264.3031029701233,395
264.31890869140625,188
264.3343653678894,231
264.35036063194275,320
264.36603140830994,561
264.3819007873535,374
264.39717960357666,183
264.4129822254181,235
264.42869424819946,339
264.4440002441406,566
264.4594695568085,362
264.47548055648804,184
264.49065828323364,239
264.50605630874634,358
264.521844625473,569
264.5370478630066,361
264.55294966697693,192
264.5684537887573,237
264.5840492248535,376
264.5928921699524,564
264.6078402996063,349
264.62389945983887,190
264.63956451416016,246
264.65456533432007,386
264.67007422447205,562
264.6859772205353,329
264.7011408805847,186
264.71621465682983,245
264.73113918304443,397
264.74821877479553,552
264.76293897628784,309
264.7783052921295,185
264.79430389404297,244
264.8104319572449,404
264.82573342323303,548
264.8417468070984,305
264.8573772907257,183
264.87254452705383,249
264.88822531700134,420
264.90421962738037,549
264.9190254211426,292
264.93490171432495,189
264.9509382247925,254
264.9666142463684,442
264.9819450378418,545
264.9979131221771,275
265.013147354126,186
265.0291154384613,258
265.0450189113617,451
265.0610246658325,530
265.07623863220215,255
265.0914828777313,188
265.1067364215851,252
265.12240743637085,472
265.1384906768799,527
265.1544313430786,252
265.16946053504944,201
265.1848335266113,266
265.20045018196106,481
265.21588706970215,518
265.2318699359894,246
265.2480125427246,201
265.2633273601532,265
265.2784671783447,492
265.2945110797882,511
265.3100998401642,223
265.32588934898376,208
265.34157943725586,272
265.3576149940491,517
265.3729043006897,491
265.38878440856934,219
265.40482473373413,212
265.4204683303833,282
265.4358687400818,527
265.45137214660645,472
265.4673738479614,197
265.4826691150665,202
265.4983835220337,267
265.5134823322296,525
265.5288419723511,448
265.54484510421753,195
265.5604226589203,206
265.57639265060425,278
265.5923933982849,543
265.6075904369354,447
265.62295269966125,205
265.6390242576599,223
265.6545321941376,296
265.66928720474243,556
265.68508100509644,437
265.70069003105164,192
265.7162923812866,226
265.7322964668274,306
265.74868965148926,564
265.7640519142151,420
265.78009057044983,191
265.79602575302124,226
265.8120629787445,312
265.8281054496765,562
265.84352946281433,398
265.85898184776306,184
265.87402176856995,226
265.8892638683319,321
265.9045262336731,554
265.92021799087524,384
265.9358687400818,178
265.95141792297363,225
265.9674768447876,333
265.9835350513458,556
265.9993414878845,368
266.0150761604309,184
266.03030467033386,237
266.04545879364014,352
266.06121826171875,559
266.0770194530487,349
266.0919029712677,176
266.1079020500183,230
266.12338852882385,379
266.13895654678345,553
266.1549632549286,337
266.1709837913513,178
266.1868853569031,245
266.20219898223877,392
266.21823954582214,553
266.2342960834503,326
266.24957251548767,175
266.265260219574,237
266.2807791233063,401
266.29668831825256,551
266.31191897392273,297
266.32795095443726,181
266.34315156936646,247
266.35805106163025,430
266.3734784126282,540
266.3891108036041,267
266.4042479991913,189
266.4194977283478,256
266.4352161884308,446
266.4504714012146,531
266.46657633781433,250
266.482186794281,188
266.4982044696808,252
266.51399755477905,465
266.52920961380005,526
266.54476284980774,235
266.56035447120667,201
266.5755805969238,263
266.59119033813477,489
266.60652565956116,513
266.62260723114014,228
266.6384644508362,203
266.6545195579529,268
266.6699483394623,509
266.68521308898926,189
266.70125579833984,251
266.7166771888733,406
266.7325608730316,548
266.7475597858429,302
266.7627160549164,182
266.7786617279053,251
266.7941279411316,422
266.8101599216461,547
266.8254611492157,283
266.84071588516235,189
266.8557333946228,257
266.87113094329834,448
266.8865180015564,544
266.9025056362152,267
266.9182209968567,193
266.93419313430786,255
266.94945526123047,460
266.9648721218109,519
266.98007440567017,253
266.99511981010437,198
267.01116943359375,264
267.026171207428,478
267.04190158843994,516
267.05735993385315,231
267.0727195739746,206
267.0882523059845,270
267.10326623916626,505
267.1192116737366,500
267.1347990036011,222
267.15085673332214,214
267.16636061668396,272
267.18149304389954,518
267.19697666168213,493
267.2130026817322,219
267.2281894683838,218
267.2435405254364,276
267.2592496871948,529
267.27482771873474,477
267.2902958393097,206
267.3058114051819,220
267.32097148895264,280
267.33682560920715,536
267.35255098342896,442
267.3680500984192,190
267.3840231895447,212
267.4000425338745,281
267.4161579608917,537
267.4320864677429,416
267.4477229118347,184
267.4636540412903,218
267.4794554710388,293
267.4948878288269,545
267.51041412353516,399
267.52649569511414,183
267.5418565273285,234
267.5578100681305,318
267.57375717163086,565
267.58909249305725,398
267.6047160625458,190
267.62027168273926,245
267.6362028121948,334
267.65135955810547,572
267.6669964790344,380
267.68237709999084,187
267.698123216629,236
267.7141258716583,341
267.72925567626953,563
267.74439668655396,361
267.760381937027,185
267.775577545166,239
267.7915589809418,362
267.8068561553955,556
267.82273626327515,343
267.8382589817047,184
267.8537313938141,243
267.8697466850281,376
267.8853533267975,548
267.90140295028687,330
267.9170551300049,193
267.9323332309723,252
267.94833111763,397
267.9637653827667,555
267.9795436859131,321
267.99483370780945,193
268.01089882850647,254
268.026328086853,404
268.0414309501648,543
268.0566487312317,301
268.0727038383484,189
268.0885989665985,258
268.10410165786743,431
268.120099067688,539
268.13542580604553,285
268.1511037349701,200
268.1661231517792,254
268.18166732788086,439
268.19697999954224,535
268.21261954307556,263
268.22865557670593,199
268.2447474002838,268
268.2597723007202,469
268.2750127315521,535
268.29104804992676,261
268.3058021068573,208
268.321830034256,263
268.3371775150299,484
268.35234904289246,517
268.3676300048828,243
268.3828136920929,206
268.39752101898193,277
268.41358065605164,494
268.42869234085083,505
268.4447464942932,222
268.46073722839355,208
268.47600769996643,266
268.4913890361786,503
268.5072042942047,484
268.5227906703949,209
268.53882813453674,205
268.5532908439636,262
268.5687439441681,513
268.58431220054626,455
268.6003224849701,196
268.6160771846771,208
268.632061958313,269
268.6471161842346,521
268.6626148223877,461
268.67924785614014,199
268.6949369907379,221
268.71095633506775,283
268.7266571521759,533
268.74210500717163,452
268.757621049881,196
268.77304911613464,218
268.78858280181885,286
268.8045825958252,544
268.82058930397034,429
268.83660554885864,191
268.8525824546814,220
268.8675947189331,295
268.88318371772766,544
268.8979163169861,408
268.9131259918213,180
268.9292502403259,210
268.9452450275421,299
268.9605960845947,538
268.97576785087585,383
268.9911639690399,173
269.006963968277,215
269.0229723453522,319
269.03879857063293,558
269.05387926101685,376
269.06958866119385,187
269.08518266677856,236
269.1004478931427,353
269.1165335178375,558
269.1317093372345,352
269.1476881504059,193
269.16348028182983,246
269.1800911426544,376
269.1959619522095,566
269.2108452320099,342
269.2269380092621,195
269.2429347038269,253
269.25884890556335,389
269.2748589515686,558
269.2909514904022,316
269.3067011833191,188
269.3216986656189,250
269.33778047561646,391
269.35292172431946,548
269.36810517311096,308
269.3836455345154,184
269.3995213508606,240
269.4151620864868,408
269.43037843704224,543
269.4455168247223,291
269.46140336990356,187
269.47669291496277,253
269.4925994873047,436
269.508682012558,548
269.5242602825165,278
269.54030108451843,195
269.55631709098816,263
269.5716018676758,458
269.58674931526184,537
269.60189843177795,256
269.6173186302185,198
269.6327106952667,259
269.6484613418579,467
269.66403698921204,516
269.6805386543274,236
269.69661569595337,200
269.7115545272827,267
269.72716093063354,484
269.7427041530609,502
269.75788712501526,216
269.7736699581146,198
269.78923869132996,263
269.80461406707764,500
269.8196222782135,482
269.8355963230133,209
269.8506124019623,205
269.8666048049927,270
269.8826768398285,517
269.89781880378723,476
269.91295981407166,208
269.9290626049042,220
269.94480180740356,280
269.960768699646,535
269.97687888145447,453
269.9922811985016,193
270.00789737701416,215
270.0238742828369,281
270.03991770744324,535
270.05511379241943,437
270.0711863040924,196
270.0865652561188,218
270.1026449203491,292
270.11799240112305,549
270.1336715221405,415
270.14968037605286,187
270.1656651496887,224
270.18119621276855,305
270.19624733924866,562
270.21125650405884,407
270.22731757164,190
270.2432460784912,221
270.25902700424194,316
270.2750782966614,559
270.2907462120056,387
270.30656266212463,185
270.321959733963,229
270.3369619846344,329
270.3530523777008,561
270.36840438842773,375
270.3839535713196,187
270.3991639614105,237
270.41481947898865,339
270.4298195838928,560
270.44508934020996,358
270.46054244041443,184
270.475958108902,247
270.4920027256012,363
270.507474899292,554
270.5224733352661,346
270.5375642776489,173
270.55303168296814,232
270.5690698623657,365
270.5851535797119,557
270.6004614830017,337
270.61559295654297,177
270.6316192150116,237
270.6470556259155,386
270.6630530357361,551
270.67869329452515,329
270.6943476200104,179
270.70960998535156,247
270.72525215148926,411
270.7406723499298,552
270.7561535835266,307
270.77170872688293,187
270.78698205947876,241
270.80186319351196,417
270.8176100254059,544
270.83335161209106,297
270.8494408130646,187
270.8647561073303,245
270.8807547092438,412
270.89603877067566,538
270.9119291305542,287
270.9272475242615,196
270.94320940971375,254
270.95866346359253,431
270.9742941856384,537
270.99002838134766,265
271.00502943992615,188
271.02078223228455,259
271.03659224510193,462
271.0524525642395,526
271.0674750804901,243
271.0826086997986,201
271.09804010391235,268
271.1140661239624,497
271.1293942928314,517
271.14538741111755,227
271.1609716415405,203
271.1761620044708,266
271.1913547515869,501
271.20660376548767,493
271.22264313697815,216
271.23830103874207,204
271.25406885147095,270
271.2698378562927,517
271.2852599620819,469
271.30054211616516,204
271.31625843048096,212
271.33190298080444,276
271.34753227233887,536
271.3629219532013,450
271.37839460372925,192
271.39373874664307,216
271.40943574905396,283
271.42508006095886,540
271.4406244754791,432
271.4560127258301,193
271.4719343185425,226
271.48708748817444,287
271.5031533241272,550
271.51889991760254,423
271.5347316265106,190
271.55057740211487,227
271.56625843048096,304
271.5812666416168,554
271.5969543457031,410
271.61293840408325,187
271.6289415359497,225
271.64447712898254,310
271.6594774723053,566
271.67548847198486,399
271.6909999847412,187
271.70682430267334,235
271.7228388786316,331
271.7385776042938,566
271.7538070678711,380
271.7698369026184,192
271.7852373123169,246
271.80124282836914,342
271.8172426223755,564
271.83265686035156,360
271.8479268550873,187
271.864529132843,241
271.8787591457367,358
271.89435744285583,569
271.91037368774414,355
271.92637515068054,186
271.94235849380493,234
271.95838475227356,373
271.9740252494812,552
271.98928356170654,333
272.00526762008667,183
272.0212707519531,242
272.0372829437256,385
272.0532693862915,558
272.06929874420166,324
272.0856966972351,185
272.1008493900299,247
272.1168370246887,409
272.1320686340332,552
272.1480655670166,300
272.1640696525574,194
272.1800763607025,258
272.1955919265747,434
272.2119917869568,550
272.2270073890686,284
272.2430067062378,191
272.25899171829224,252
272.2750208377838,436
272.2905910015106,535
272.3057873249054,263
272.3217775821686,183
272.3377721309662,249
272.3527743816376,453
272.3683979511261,522
272.38343262672424,243
272.3985028266907,188
272.4145016670227,258
272.4305245876312,465
272.4465317726135,525
272.46250319480896,239
272.4771547317505,192
272.4926588535309,262
272.5081012248993,476
272.52363181114197,510
272.53965163230896,226
272.55563378334045,204
272.5716464519501,263
272.587299823761,495
272.6033067703247,508
272.61927819252014,213
272.63430166244507,203
272.65029525756836,270
272.66546750068665,512
272.6807107925415,491
272.69648361206055,212
272.71209144592285,213
272.7280969619751,277
272.7433156967163,525
272.75933170318604,475
272.77533435821533,207
272.7905900478363,216
272.80573058128357,279
272.8217089176178,535
272.83770966529846,463
272.8529155254364,201
272.8683211803436,221
272.8832459449768,284
272.8987846374512,536
272.9148316383362,427
272.93081188201904,182
272.94683599472046,221
272.96185302734375,289
272.9774663448334,551
272.9935748577118,424
273.00897789001465,188
273.02418637275696,223
273.0395977497101,300
273.05472111701965,560
273.0707609653473,409
273.08614206314087,191
273.1018168926239,236
273.1168546676636,315
273.1329562664032,563
273.14862871170044,398
273.1637828350067,191
273.1798231601715,229
273.19583892822266,325
273.21148228645325,554
273.22751569747925,369
273.2427303791046,173
273.2581431865692,227
273.2741541862488,339
273.2894489765167,562
273.3054709434509,361
273.3206856250763,187
273.3366906642914,235
273.3518478870392,356
273.3679840564728,562
273.3839867115021,347
273.39949107170105,185
273.4155480861664,247
273.43083906173706,386
273.4465000629425,568
273.46213006973267,343
273.4773180484772,200
273.4925055503845,248
273.5078103542328,401
273.52294397354126,570
273.53901195526123,332
273.554892539978,200
273.5703089237213,261
273.5856282711029,416
273.60108184814453,558
273.6170687675476,300
273.6326699256897,194
273.64814019203186,257
273.6634740829468,439
273.678772687912,548
273.69461464881897,277
273.71063446998596,191
273.7258448600769,257
273.74184370040894,443
273.75793862342834,542
273.77367186546326,260
273.7894501686096,193
273.804719209671,267
273.8203613758087,466
273.83635902404785,543
273.8518590927124,264
273.86742901802063,207
273.8824300765991,267
273.8975884914398,478
273.91259574890137,534
273.9283502101898,245
273.9444909095764,204
273.9603645801544,258
273.97620677948,491
273.9907739162445,518
274.006098985672,231
274.0219295024872,205
274.0369634628296,266
274.05300879478455,498
274.06855869293213,502
274.0836863517761,216
274.0990660190582,207
274.1152024269104,269
274.1310341358185,515
274.1470732688904,485
274.16267228126526,209
274.17807841300964,217
274.1936068534851,274
274.20948004722595,530
274.2251160144806,456
274.24112272262573,187
274.2566707134247,211
274.2720515727997,282
274.28754019737244,539
274.3028814792633,429
274.3185749053955,186
274.3335952758789,222
274.3487982749939,294
274.3639929294586,551
274.3808665275574,415
274.3964891433716,184
274.411484003067,222
274.4274842739105,295
274.4435031414032,558
274.4594991207123,418
274.4750270843506,187
274.49011731147766,225
274.50612235069275,315
274.52213525772095,569
274.53730726242065,404
274.5527505874634,189
274.567834854126,235
274.5831894874573,337
274.5988986492157,574
274.61498951911926,385
274.631000995636,193
274.6463191509247,237
274.6623182296753,347
274.6773738861084,566
274.6934185028076,358
274.70903873443604,177
274.72461700439453,235
274.740273475647,354
274.7562322616577,557
274.7711727619171,344
274.7861976623535,174
274.8017899990082,230
274.81770372390747,362
274.8332395553589,552
274.84882283210754,337
274.86482095718384,173
274.8800437450409,238
274.8950951099396,377
274.91084337234497,555
274.9265365600586,331
274.942670583725,177
274.9586238861084,241
274.97365140914917,392
274.9895417690277,556
275.00498509407043,322
275.02047395706177,180
275.0359950065613,241
275.05171060562134,418
275.0676312446594,558
275.0836730003357,301
275.0996720790863,184
275.1156916618347,250
275.1309278011322,438
275.14672803878784,549
275.162948846817,275
275.1781325340271,188
275.1937849521637,254
275.2092475891113,460
275.2253842353821,548
275.2409269809723,262
275.25643706321716,200
275.27251410484314,263
275.2878439426422,481
275.30300664901733,532
275.31852078437805,244
275.33452320098877,198
275.35057187080383,263
275.3665964603424,499
275.38264060020447,515
275.39864134788513,218
275.41462302207947,198
275.4298915863037,263
275.4451825618744,507
275.4612624645233,499
275.4767301082611,215
275.4920721054077,202
275.5081524848938,262
275.5234372615814,517
275.53897404670715,476
275.55495500564575,199
275.57041001319885,207
275.5858254432678,277
275.6010432243347,535
275.61627435684204,469
275.6318829059601,201
275.6475682258606,212
275.6630711555481,279
275.6784861087799,546
275.6939835548401,452
275.70953845977783,199
275.72541403770447,217
275.7414243221283,299
275.75728273391724,562
275.77215671539307,436
275.78770422935486,189
275.80286979675293,219
275.81768774986267,297
275.83369493484497,560
275.84970688819885,399
275.86492109298706,175
275.8809885978699,220
275.8960864543915,312
275.9114263057709,559
275.9275369644165,387
275.94349122047424,171
275.95932817459106,219
275.9743232727051,330
275.98919224739075,564
276.0044274330139,372
276.01989126205444,172
276.0353100299835,232
276.05143189430237,355
276.066547870636,573
276.0817518234253,361
276.0972743034363,177
276.11248326301575,239
276.12773633003235,370
276.14373254776,563
276.1590700149536,341
276.1741147041321,179
276.1903512477875,236
276.2055015563965,382
276.2215418815613,560
276.23697113990784,330
276.2521753311157,180
276.26760053634644,235
276.2830467224121,393
276.2986886501312,552
276.3140141963959,309
276.32919478416443,181
276.34524154663086,245
276.36093950271606,420
276.3759431838989,549
276.39149379730225,286
276.40754318237305,187
276.42262029647827,257
276.4378640651703,441
276.45386242866516,554
276.4695038795471,290
276.4845082759857,187
276.49986600875854,259
276.5148651599884,455
276.52988386154175,532
276.54588055610657,259
276.5618669986725,188
276.57787132263184,254
276.59339785575867,472
276.60839772224426,532
276.62346363067627,242
276.63948130607605,198
276.6554789543152,268
276.6714813709259,486
276.68749237060547,518
276.7024915218353,227
276.71748757362366,199
276.73299956321716,260
276.7484676837921,507
276.76454401016235,498
276.77957248687744,210
276.79485630989075,208
276.80985927581787,268
276.82634925842285,530
276.84136152267456,485
276.857369184494,205
276.87335443496704,215
276.8889272212982,284
276.90413880348206,545
276.9202136993408,468
276.9352104663849,205
276.9512095451355,228
276.96669721603394,292
276.9822874069214,563
276.99780106544495,444
277.01314783096313,195
277.0288796424866,227
277.0443868637085,301
277.06041955947876,566
277.0756607055664,422
277.0911889076233,189
277.1060869693756,232
277.1211130619049,309
277.13697052001953,562
277.153044462204,410
277.1687614917755,187
277.18479919433594,232
277.20031476020813,311
277.2163174152374,567
277.23183369636536,409
277.2478561401367,185
277.26410365104675,228
277.27972316741943,308
277.2958800792694,566
277.31110763549805,408
277.3264091014862,189
277.3424096107483,239
277.357882976532,333
277.3739333152771,575
277.3897261619568,390
277.405198097229,189
277.42113304138184,237
277.4371974468231,346
277.45302081108093,577
277.46876311302185,377
277.48440885543823,184
277.5004708766937,234
277.5156855583191,352
277.53114128112793,564
277.5464913845062,362
277.5621132850647,183
277.57718896865845,238
277.5926275253296,362
277.60813665390015,565
277.62361550331116,347
277.6390788555145,179
277.6551196575165,236
277.6711654663086,378
277.68721747398376,568
277.70263504981995,346
277.71790862083435,180
277.7339746952057,243
277.74984526634216,387
277.76565766334534,563
277.78065943717957,325
277.79583954811096,187
277.8110616207123,248
277.8261544704437,403
277.84132528305054,560
277.85653018951416,306
277.8725185394287,192
277.88789439201355,262
277.9039809703827,422
277.919109582901,557
277.9344148635864,294
277.9504027366638,184
277.9655911922455,255
277.98104310035706,438
277.9971034526825,551
278.01277565956116,291
278.02818036079407,194
278.0435016155243,259
278.0586943626404,449
278.0741891860962,547
278.0898983478546,267
278.1051833629608,202
278.120564699173,271
278.1359417438507,473
278.1520528793335,534
278.1672959327698,246
278.1833589076996,202
278.19912981987,264
278.2151803970337,481
278.2305359840393,522
278.2464270591736,236
278.26242566108704,201
278.2779619693756,254
278.2933521270752,480
278.3085970878601,499
278.32465052604675,212
278.33979082107544,195
278.35549306869507,262
278.37041783332825,500
278.3857955932617,481
278.40156722068787,202
278.4176332950592,197
278.4334490299225,264
278.44903469085693,518
278.4642629623413,470
278.47942566871643,194
278.49413418769836,210
278.5099790096283,275
278.52599906921387,549
278.5419991016388,468
278.55700612068176,206
278.5727915763855,225
278.58879375457764,291
278.6045527458191,548
278.61958289146423,438
278.6357231140137,196
278.6518096923828,227
278.66767406463623,286
278.6837651729584,550
278.69842553138733,421
278.7135603427887,189
278.7296767234802,226
278.74469232559204,305
278.7595417499542,558
278.77552556991577,407
278.7907531261444,185
278.80606031417847,230
278.8215272426605,319
278.8370852470398,563
278.8521614074707,383
278.8675208091736,188
278.8828191757202,240
278.8989722728729,335
278.9146385192871,574
278.9307210445404,379
278.94585943222046,193
278.96164083480835,246
278.97709488868713,364
278.992639541626,577
279.0081117153168,357
279.023286819458,190
279.0393371582031,249
279.05535078048706,385
279.0710859298706,573
279.08663964271545,354
279.10205721855164,201
279.1170482635498,260
279.1326816082001,402
279.1479299068451,567
279.1639151573181,334
279.1790990829468,189
279.19463205337524,247
279.2106509208679,407
279.2258310317993,560
279.2412211894989,316
279.256231546402,190
279.27166843414307,256
279.28758931159973,418
279.3034300804138,556
279.3192837238312,300
279.3345413208008,189
279.35060477256775,259
279.3667781352997,437
279.38127970695496,547
279.39697670936584,275
279.412234544754,190
279.4280917644501,260
279.44412636756897,460
279.4601860046387,542
279.47567796707153,257
279.49171018600464,199
279.5068438053131,265
279.5229322910309,466
279.53705644607544,526
279.5523478984833,238
279.56830191612244,205
279.584600687027,272
279.5991806983948,492
279.6148421764374,520
279.6300401687622,232
279.64605712890625,208
279.6621687412262,270
279.6775543689728,511
279.6931948661804,491
279.7090816497803,215
279.72476983070374,213
279.74081897735596,278
279.7563269138336,522
279.7718241214752,480
279.7873184680939,205
279.8026509284973,214
279.81820702552795,273
279.8332681655884,529
279.84926295280457,462
279.8652572631836,199
279.88127040863037,208
279.89682483673096,270
279.91282534599304,526
279.9280264377594,451
279.9433345794678,191
279.95972752571106,219
279.9742875099182,280
279.99036407470703,544
280.00590467453003,430
280.0219404697418,194
280.0372929573059,229
280.05266642570496,300
280.0687823295593,558
280.08445739746094,410
280.10020780563354,183
280.11561846733093,228
280.1307592391968,314
280.14605236053467,563
280.1614639759064,397
280.17669677734375,188
280.19248390197754,232
280.2080409526825,319
280.22328186035156,558
280.23939085006714,384
280.2546126842499,181
280.2697842121124,226
280.2853820323944,314
280.30067014694214,560
280.3163011074066,377
280.3315863609314,179
280.34660840034485,230
280.3621037006378,335
280.37785935401917,567
280.393878698349,370
280.40870571136475,187
280.42384219169617,239
280.4384877681732,361
280.4539716243744,567
280.4699866771698,354
280.48498010635376,189
280.500874042511,244
280.51587557792664,376
280.53085374832153,565
280.5464174747467,344
280.56183314323425,185
280.5778477191925,243
280.593802690506,386
280.6089177131653,548
280.6249985694885,308
280.64024806022644,180
280.65548515319824,237
280.6725356578827,398
280.68733263015747,552
280.7022066116333,299
280.7177224159241,183
280.733726978302,249
280.7491366863251,428
280.7651045322418,553
280.7811403274536,292
280.79703426361084,196
280.8123061656952,261
280.82789516448975,454
280.84354043006897,549
280.85877752304077,265
280.87482261657715,196
280.8908140659332,258
280.906466960907,466
280.9224662780762,525
280.9385018348694,236
280.95403242111206,193
280.9695403575897,256
280.9852876663208,475
281.00100469589233,516
281.01702404022217,231
281.0325286388397,196
281.0486671924591,258
281.06450867652893,489
281.07964038848877,504
281.0961434841156,220
281.11149621009827,203
281.1271872520447,265
281.14236545562744,509
281.15847158432007,485
281.17361283302307,211
281.1887924671173,209
281.2045078277588,271
281.22053575515747,532
281.23630833625793,483
281.25239157676697,214
281.267902135849,225
281.28330659866333,279
281.299302816391,533
281.31474685668945,451
281.3307776451111,194
281.3464913368225,220
281.36247968673706,287
281.3780424594879,541
281.3936080932617,427
281.4092605113983,189
281.4248261451721,225
281.4402241706848,299
281.45543384552,558
281.4709942340851,412
281.486257314682,183
281.5020844936371,222
281.51777148246765,310
281.5327377319336,563
281.5488610267639,394
281.5648400783539,186
281.5800771713257,230
281.59576511383057,324
281.61058831214905,569
281.62608671188354,388
281.64220213890076,182
281.6577434539795,232
281.673287153244,350
281.6893448829651,569
281.704487323761,361
281.71986150741577,185
281.7359457015991,243
281.7513315677643,365
281.7671711444855,560
281.7829751968384,337
281.7986013889313,181
281.81430530548096,234
281.8303711414337,375
281.84636902809143,557
281.8613886833191,325
281.876873254776,180
281.89284324645996,238
281.9083824157715,384
281.92363238334656,552
281.93899750709534,315
281.9539785385132,193
281.9690420627594,259
281.9850585460663,416
282.0005440711975,566
282.0162432193756,320
282.03166484832764,196
282.047655582428,262
282.0629839897156,434
282.07859563827515,557
282.09460854530334,294
282.11069560050964,196
282.12586188316345,260
282.1415605545044,450
282.15690326690674,539
282.17294454574585,266
282.1890106201172,189
282.2045454978943,258
282.2205879688263,475
282.2365069389343,531
282.25253677368164,242
282.26796412467957,194
282.28384232521057,258
282.2998366355896,485
282.3151593208313,515
282.33105993270874,236
282.3464753627777,198
282.36202597618103,272
282.3780951499939,510
282.39411902427673,503
282.4097001552582,217
282.42499923706055,204
282.44018602371216,274
282.4562129974365,519
282.47192668914795,481
282.48802423477173,210
282.50320291519165,212
282.51904821395874,280
282.5350868701935,525
282.55009603500366,466
282.5651135444641,197
282.5811095237732,200
282.5970904827118,275
282.61293506622314,533
282.62887263298035,449
282.6449055671692,191
282.6609079837799,211
282.67592573165894,273
282.69191098213196,539
282.7074224948883,436
282.724422454834,188
282.73842215538025,230
282.75404715538025,302
282.7697899341583,558
282.7852566242218,426
282.8008575439453,195
282.81568717956543,229
282.8311378955841,306
282.8471610546112,562
282.86204266548157,403
282.87707138061523,181
282.8929283618927,232
282.90850615501404,327
282.923814535141,568
282.93988370895386,386
282.9551980495453,183
282.97127389907837,229
282.98689436912537,341
283.0024857521057,565
283.0185248851776,361
283.0337507724762,184
283.0495443344116,238
283.0654079914093,361
283.08141112327576,568
283.0969891548157,354
283.1129243373871,187
283.12838435173035,247
283.1444261074066,385
283.1604731082916,561
283.1760878562927,327
283.19163966178894,183
283.2074317932129,246
283.2229218482971,404
283.23874521255493,563
283.2540295124054,323
283.26875138282776,184
283.2847652435303,245
283.30038928985596,413
283.31560587882996,550
283.331378698349,307
283.34739351272583,190
283.3626072406769,251
283.3787269592285,433
283.3939719200134,557
283.4096100330353,295
283.425635099411,194
283.4417140483856,256
283.45736837387085,462
283.4725863933563,541
283.4886486530304,260
283.50402188301086,184
283.51989579200745,251
283.53530740737915,465
283.5505712032318,524
283.56660199165344,241
283.58255648612976,182
283.5985839366913,250
283.6145832538605,472
283.6305856704712,521
283.64672803878784,232
283.6626453399658,184
283.6777768135071,253
283.693407535553,501
283.70922923088074,510
283.72528290748596,222
283.7413229942322,200
283.7565019130707,267
283.7717926502228,508
283.78782510757446,489
283.80288457870483,207
283.81818079948425,204
283.83419489860535,267
283.85023975372314,519
283.8652939796448,490
283.8803005218506,213
283.8957254886627,212
283.91093254089355,279
283.92648339271545,538
283.94246888160706,475
283.95778036117554,551
283.9732735157013,291
283.9892809391022,175
284.0047962665558,240
284.02081060409546,424
284.0360383987427,549
284.0517244338989,276
284.06779408454895,179
284.08375811576843,250
284.09985876083374,440
284.11589455604553,537
284.1319189071655,255
284.1473298072815,187
284.1633229255676,253
284.1790568828583,460
284.1945230960846,531
284.20981073379517,240
284.2258117198944,198
284.24163365364075,265
284.2571611404419,492
284.2727155685425,529
284.28850531578064,228
284.3040597438812,199
284.3200595378876,264
284.3350615501404,501
284.3503475189209,513
284.366348028183,215
284.38236904144287,206
284.3982586860657,274
284.413889169693,522
284.4293987751007,487
284.44478487968445,206
284.4602904319763,210
284.4762921333313,278
284.49128103256226,527
284.50682306289673,470
284.5223219394684,193
284.5383372306824,210
284.5533399581909,271
284.5686209201813,532
284.58466839790344,444
284.60061287879944,189
284.61661314964294,214
284.6326229572296,286
284.6486120223999,553
284.6646132469177,423
284.6806011199951,185
284.69593358039856,222
284.71131706237793,300
284.7273693084717,560
284.7433657646179,402
284.758615732193,177
284.7746117115021,218
284.78962898254395,314
284.80554270744324,564
284.8209307193756,384
284.83635807037354,175
284.8523590564728,222
284.86789536476135,326
284.8834238052368,568
284.8992266654968,371
284.91422486305237,174
284.930207490921,238
284.94574904441833,348
284.96176314353943,573
284.9767506122589,365
284.9927716255188,179
285.00879764556885,233
285.0237982273102,361
285.0409367084503,565
285.05494594573975,353
285.0710244178772,181
285.0860712528229,237
285.101633310318,366
285.1166319847107,559
285.1326196193695,334
285.14777970314026,176
285.1637659072876,238
285.17977929115295,383
285.1952648162842,555
285.210809469223,312
285.2264850139618,180
285.24199962615967,248
285.2579987049103,407
285.27402114868164,551
285.2900080680847,299
285.30608558654785,179
285.3220810890198,246
285.33806443214417,422
285.35411405563354,546
285.3711166381836,273
285.3861315250397,185
285.40221786499023,247
285.41752672195435,444
285.4330372810364,540
285.44903469085693,256
285.46502923965454,183
285.4820330142975,243
285.49704146385193,454
285.51257276535034,528
285.52756786346436,251
285.54358077049255,195
285.55957889556885,259
285.57557582855225,477
285.59157037734985,517
285.6071228981018,227
285.62279057502747,198
285.63880157470703,259
285.65480160713196,497
285.67030930519104,504
285.6857342720032,215
285.7013170719147,204
285.7173128128052,267
285.7326829433441,514
285.7480161190033,490
285.7640805244446,211
285.78004121780396,206
285.79605436325073,271
285.8115837574005,527
285.82758140563965,477
285.84358048439026,201
285.85959911346436,211
285.87460827827454,272
285.89061427116394,535
285.90613293647766,458
285.9213032722473,200
285.93729758262634,222
285.9532997608185,295
285.96912145614624,554
285.9850664138794,440
286.00071573257446,186
286.01660108566284,223
286.03264474868774,300
286.0477740764618,559
286.06360125541687,417
286.0797748565674,182
286.09592747688293,224
286.1112160682678,311
286.12721490859985,558
286.14223313331604,398
286.1575651168823,181
286.1735692024231,227
286.18959975242615,321
286.20512413978577,569
286.22132635116577,382
286.2373492717743,175
286.253338098526,229
286.268860578537,327
286.2838716506958,560
286.2997043132782,369
286.31552624702454,175
286.3305103778839,230
286.34588384628296,341
286.3619055747986,572
286.37789821624756,359
286.39388823509216,183
286.4096214771271,236
286.4251341819763,355
286.4403374195099,562
286.4559955596924,343
286.47202229499817,180
286.4880268573761,237
286.503534078598,364
286.5190460681915,571
286.53454756736755,339
286.54968523979187,172
286.5647485256195,241
286.5807456970215,377
286.5961389541626,550
286.6123914718628,312
286.6279716491699,173
286.6440086364746,240
286.65948247909546,398
286.67474842071533,552
286.69077014923096,304
286.7062654495239,183
286.7218120098114,245
286.7368552684784,415
286.75207114219666,549
286.7681565284729,284
286.78362488746643,182
286.799688577652,251
286.8148295879364,446
286.83078360557556,542
286.8462824821472,274
286.8622531890869,189
286.8782980442047,254
286.8940622806549,459
286.9096314907074,534
286.92508721351624,240
286.940288066864,187
286.9561553001404,258
286.9714734554291,468
286.98648619651794,519
287.002388715744,231
287.0173931121826,181
287.03347992897034,248
287.04948329925537,475
287.06552386283875,506
287.08053064346313,217
287.0965213775635,191
287.11172580718994,259
287.1277406215668,498
287.14372658729553,498
287.15960240364075,218
287.1756055355072,200
287.1911709308624,269
287.206337928772,518
287.22147607803345,486
287.23734855651855,204
287.25286412239075,206
287.26873087882996,273
287.28416323661804,534
287.29936838150024,477
287.3150372505188,201
287.3310000896454,212
287.34693932533264,281
287.36247158050537,537
287.37847328186035,457
287.3945026397705,188
287.4102783203125,213
287.42577624320984,276
287.44180369377136,543
287.45742893218994,439
287.47335410118103,191
287.489244222641,213
287.50512957572937,288
287.52088594436646,549
287.53683948516846,412
287.5528392791748,169
287.5688283443451,218
287.58416652679443,304
287.60040760040283,558
287.61588048934937,396
287.6319966316223,171
287.647234916687,214
287.6631669998169,310
287.679301738739,560
287.6945004463196,391
287.709499835968,176
287.7249631881714,222
287.740966796875,324
287.75672483444214,562
287.77262258529663,364
287.78800916671753,171
287.803334236145,225
287.8187801837921,344
287.8337814807892,568
287.8497791290283,359
287.8649699687958,166
287.88065123558044,229
287.8960030078888,360
287.9115216732025,563
287.92755937576294,344
287.94355821609497,172
287.9594531059265,236
287.9754071235657,374
287.99141788482666,556
288.00710892677307,325
288.0230474472046,180
288.0390636920929,240
288.055052280426,397
288.0709466934204,556
288.08669114112854,306
288.1027135848999,175
288.11846923828125,242
288.1341128349304,411
288.15011286735535,550
288.1655275821686,293
288.1809329986572,174
288.1969561576843,245
288.2125720977783,431
288.2279677391052,544
288.24400782585144,279
288.25945591926575,184
288.2754418849945,253
288.2909770011902,446
288.30696988105774,543
288.32296323776245,263
288.33796095848083,189
288.35313868522644,261
288.3689773082733,472
288.38495659828186,532
288.399706363678,239
288.4152982234955,196
288.4312913417816,263
288.44729256629944,487
288.4632122516632,511
288.4794843196869,225
288.4950382709503,199
288.5112087726593,262
288.52661418914795,510
288.5417182445526,495
288.55702209472656,209
288.5723910331726,198
288.5883753299713,263
288.6049876213074,516
288.6204299926758,474
288.6364381313324,203
288.65201807022095,205
288.66745233535767,273
288.6834433078766,535
288.69945907592773,464
288.714985370636,196
288.7307643890381,211
288.7467589378357,274
288.7621040344238,543
288.777547121048,453
288.7923834323883,190
288.8072175979614,215
288.8224983215332,284
288.8378460407257,549
288.8527157306671,432
288.8685829639435,181
288.8845853805542,211
288.9001750946045,298
288.91571044921875,554
288.9318060874939,411
288.9471731185913,185
288.9627323150635,218
288.9786148071289,298
288.99468445777893,554
289.01020216941833,397
289.0260729789734,176
289.0420734882355,223
289.05719900131226,314
289.0723485946655,563
289.08750009536743,385
289.1028678417206,170
289.118337392807,229
289.134446144104,333
289.1501922607422,571
289.1651964187622,368
289.18119382858276,176
289.19710755348206,224
289.2124478816986,346
289.2281770706177,571
289.24344062805176,364
289.25899267196655,182
289.2740111351013,242
289.290011882782,368
289.3055775165558,569
289.3215899467468,343
289.33674907684326,178
289.3529849052429,242
289.36899733543396,380
289.38421273231506,567
289.40030455589294,325
289.4160542488098,181
289.43170857429504,243
289.44778537750244,411
289.46379256248474,569
289.47981905937195,316
289.4952402114868,185
289.5121395587921,247
289.52604508399963,419
289.5417392253876,553
289.5576295852661,290
289.57296347618103,186
289.58866357803345,255
289.60414481163025,431
289.62004470825195,550
289.63608026504517,274
289.65161418914795,182
289.667188167572,248
289.6829876899719,440
289.698566198349,531
289.7141351699829,240
289.72935032844543,177
289.7453467845917,253
289.76133155822754,466
289.7765038013458,529
289.7922224998474,238
289.80773544311523,185
289.8229787349701,256
289.8390939235687,475
289.85482263565063,517
289.8708255290985,233
289.8865923881531,190
289.9021701812744,265
289.9168155193329,492
289.93289709091187,510
289.9488892555237,222
289.9641623497009,198
289.97980284690857,268
289.99520230293274,512
290.01075649261475,497
290.0267713069916,217
290.0426757335663,206
290.0580413341522,273
290.07317090034485,526
290.0891728401184,482
290.10485196113586,200
290.12022709846497,210
290.13577461242676,283
290.15200567245483,538
290.1672170162201,463
290.1832869052887,199
290.1984362602234,212
290.2142057418823,278
290.22934675216675,542
290.245080947876,442
290.26109313964844,187
290.2769777774811,222
290.2928395271301,299
290.3088324069977,557
290.32453656196594,428
290.3394091129303,183
290.35491824150085,216
290.36963152885437,300
290.3856270313263,560
290.402001619339,415
290.4170525074005,184
290.43218898773193,229
290.4475095272064,314
290.46275544166565,568
290.4785189628601,407
290.49453258514404,188
290.510555267334,240
290.52651166915894,338
290.542516708374,574
290.5577266216278,389
290.5737085342407,181
290.5888388156891,234
290.60464453697205,334
290.6202220916748,573
290.6358184814453,373
290.6511387825012,183
290.666796207428,236
290.68256759643555,356
290.6979835033417,568
290.7132706642151,353
290.72872400283813,182
290.7441761493683,240
290.75961542129517,381
290.7756152153015,565
290.79065108299255,337
290.806134223938,180
290.8216531276703,238
290.8366539478302,391
290.85247826576233,564
290.8681855201721,331
290.8841779232025,176
290.89888978004456,241
290.9145576953888,413
290.9304392337799,558
290.946026802063,304
290.9621226787567,182
290.9777500629425,248
290.99274230003357,425
291.0077962875366,554
291.0233142375946,280
291.0393147468567,189
291.0553152561188,254
291.0713098049164,452
291.0868113040924,536
291.1021020412445,254
291.11762857437134,186
291.13366746902466,258
291.14962911605835,473
291.165664434433,521
291.18099331855774,238
291.19649147987366,188
291.21174144744873,259
291.2274513244629,484
291.24264335632324,512
291.2581613063812,218
291.2733964920044,203
291.28895592689514,271
291.30430340766907,519
291.32034134864807,496
291.3354723453522,203
291.3511164188385,207
291.3666162490845,275
291.38260555267334,535
291.3981351852417,485
291.413916349411,208
291.4298360347748,218
291.44532895088196,281
291.4611973762512,544
291.47689175605774,450
291.4923164844513,188
291.50748801231384,216
291.52354526519775,289
291.5393452644348,553
291.555447101593,439
291.5708358287811,185
291.58693766593933,221
291.60289192199707,293
291.6182749271393,564
291.6335172653198,421
291.6488926410675,178
291.6647183895111,222
291.6803708076477,312
291.69592213630676,568
291.7113769054413,410
291.7269911766052,184
291.74299240112305,234
291.758584022522,324
291.7736496925354,574
291.789669752121,390
291.80571818351746,179
291.82135558128357,229
291.8362271785736,331
291.851224899292,570
291.8665292263031,378
291.8825261592865,182
291.89752864837646,229
291.9127414226532,338
291.9288721084595,568
291.9447901248932,365
291.9606201648712,183
291.97618651390076,234
291.99212169647217,353
292.0073173046112,575
292.02301836013794,358
292.0384666919708,178
292.0542542934418,240
292.0689899921417,378
292.08500480651855,568
292.10020899772644,339
292.11614537239075,180
292.13166427612305,239
292.147607088089,394
292.16343331336975,570
292.1791265010834,329
292.1946506500244,189
292.21034812927246,253
292.2258722782135,409
292.24198269844055,557
292.257771730423,306
292.2730987071991,186
292.28844809532166,256
292.304221868515,423
292.3185625076294,558
292.33415961265564,285
292.34935569763184,178
292.3652424812317,244
292.3812482357025,441
292.39668130874634,539
292.4125747680664,252
292.4285717010498,193
292.44436502456665,268
292.4598741531372,464
292.47487020492554,542
292.49067401885986,253
292.50608229637146,202
292.52173137664795,269
292.5375487804413,487
292.55342745780945,531
292.56842374801636,228
292.5834262371063,195
292.5984308719635,263
292.6139426231384,508
292.629944562912,504
292.64494490623474,217
292.6603944301605,207
292.6754095554352,275
292.6914155483246,528
292.70678520202637,498
292.7220187187195,203
292.73801708221436,204
292.7538414001465,277
292.7692289352417,528
292.7852129936218,465
292.80038619041443,194
292.81607580184937,216
292.83211398124695,279
292.847549200058,549
292.8630003929138,451
292.87899351119995,189
292.8939781188965,213
292.9100253582001,282
292.92447113990784,541
292.93946957588196,434
292.95545649528503,179
292.9704587459564,218
292.985470533371,297
293.00145864486694,560
293.01639914512634,408
293.03195571899414,175
293.04697012901306,217
293.0621438026428,301
293.07728004455566,557
293.0923104286194,402
293.10730600357056,177
293.12340235710144,221
293.1394214630127,313
293.15542554855347,565
293.1714005470276,384
293.1874210834503,179
293.2026860713959,224
293.2184154987335,328
293.2342894077301,565
293.2502725124359,370
293.2652759552002,170
293.2812900543213,230
293.29727363586426,342
293.3134243488312,574
293.3294222354889,355
293.3454661369324,178
293.36096119880676,233
293.37696051597595,360
293.3929705619812,562
293.4089949131012,345
293.42454743385315,171
293.43984055519104,234
293.4558355808258,371
293.471843957901,563
293.4878487586975,331
293.5039494037628,184
293.51953077316284,246
293.5344133377075,407
293.55041122436523,560
293.56641268730164,309
293.5814001560211,186
293.59741377830505,250
293.61377787590027,415
293.6297597885132,556
293.64577984809875,295
293.66176557540894,186
293.6767659187317,256
293.6927812099457,438
293.7078161239624,559
293.7233064174652,281
293.7393989562988,191
293.7553460597992,258
293.77082324028015,456
293.78626012802124,552
293.80146622657776,263
293.8169593811035,188
293.8329689502716,256
293.8489668369293,470
293.86495876312256,541
293.8799617290497,245
293.8953619003296,198
293.91137528419495,261
293.9274764060974,483
293.9434745311737,530
293.9595878124237,235
293.97556352615356,201
293.99164748191833,267
294.00679445266724,494
294.0221004486084,518
294.0380115509033,221
294.05400490760803,203
294.0694715976715,273
294.0854687690735,512
294.10146498680115,496
294.11704564094543,208
294.1330449581146,209
294.1490550041199,276
294.16451930999756,528
294.17951679229736,464
294.19554114341736,189
294.21153378486633,205
294.226984500885,269
294.24200081825256,535
294.257985830307,448
294.2731387615204,183
294.2891128063202,208
294.30515789985657,282
294.32053303718567,554
294.3365547657013,430
294.35180139541626,185
294.367844581604,218
294.3838427066803,293
294.3998486995697,560
294.4146764278412,406
294.4299762248993,172
294.4459729194641,216
294.4620726108551,307
294.4780716896057,562
294.49379658699036,397
294.50913548469543,176
294.52490758895874,223
294.5409080982208,316
294.5569224357605,558
294.57292199134827,387
294.5880229473114,173
294.60302925109863,219
294.61859798431396,335
294.63459491729736,572
294.6505904197693,369
294.6659207344055,175
294.68132519721985,233
294.6963486671448,354
294.7115387916565,566
294.7273328304291,351
294.7433457374573,179
294.759318113327,237
294.77463006973267,374
294.7906746864319,559
294.80678820610046,335
294.8223431110382,178
294.83832359313965,245
294.8538439273834,401
294.8691916465759,564
294.88520216941833,321
294.90081691741943,179
294.9163656234741,243
294.9313633441925,402
294.94736409187317,558
294.9633455276489,313
294.97873520851135,186
294.9937379360199,251
295.0087568759918,420
295.0240273475647,561
295.03925108909607,301
295.0544168949127,185
295.07042050361633,251
295.0855369567871,431
295.1014726161957,552
295.1174030303955,283
295.1323981285095,189
295.1474289894104,257
295.1634256839752,456
295.17931056022644,552
295.19431495666504,273
295.2095310688019,195
295.2253885269165,264
295.2403781414032,475
295.2553651332855,541
295.271386384964,249
295.2868700027466,201
295.3020031452179,266
295.31778955459595,490
295.3330132961273,527
295.3490116596222,235
295.36503863334656,199
295.38103675842285,269
295.39704513549805,510
295.412175655365,512
295.4276602268219,227
295.44320130348206,205
295.4588313102722,263
295.4748101234436,518
295.49031615257263,481
295.50634813308716,201
295.5219027996063,207
295.5379009246826,273
295.55390524864197,532
295.56939005851746,464
295.5846416950226,193
295.6003487110138,206
295.61590909957886,275
295.63192319869995,539
295.6474275588989,441
295.66343927383423,181
295.67997312545776,218
295.6957516670227,292
295.71076226234436,558
295.726628780365,429
295.7430946826935,182
295.75803661346436,214
295.77404046058655,297
295.79004073143005,560
295.80505418777466,418
295.82048177719116,184
295.8354911804199,221
295.85107135772705,313
295.8660547733307,568
295.881472826004,400
295.8974862098694,186
295.91351079940796,229
295.9290852546692,327
295.9440813064575,573
295.9591774940491,383
295.9751772880554,177
295.9911608695984,226
296.0063965320587,339
296.0220787525177,563
296.0371766090393,361
296.05365681648254,178
296.0687828063965,228
296.08476185798645,362
296.10075545310974,569
296.11631774902344,349
296.13231325149536,174
296.1483211517334,235
296.16430044174194,378
296.1794867515564,563
296.19446563720703,334
296.2105085849762,177
296.2260797023773,238
296.2420856952667,385
296.2580840587616,557
296.2730827331543,324
296.28857159614563,177
296.3045845031738,246
296.3209807872772,401
296.3358042240143,552
296.3517916202545,317
296.3668031692505,182
296.3822617530823,246
296.3982605934143,414
296.41427206993103,553
296.4295394420624,300
296.4454309940338,180
296.4606318473816,244
296.47591495513916,426
296.491149187088,548
296.50615096092224,288
296.5220892429352,189
296.53737330436707,253
296.55437111854553,440
296.56849455833435,544
296.5838530063629,268
296.5992622375488,184
296.61680936813354,249
296.6310353279114,458
296.64695954322815,536
296.66245579719543,251
296.67835521698,191
296.69435930252075,260
296.70950651168823,481
296.7247681617737,526
296.7407455444336,237
296.75614380836487,200
296.7721264362335,265
296.7871460914612,493
296.8031601905823,507
296.81877183914185,225
296.83476853370667,200
296.8497688770294,268
296.86504435539246,519
296.88057136535645,487
296.8965730667114,210
296.91259598731995,208
296.9281163215637,276
296.94320273399353,532
296.95921635627747,477
296.9751150608063,208
296.99110174179077,211
297.00612783432007,284
297.02163887023926,546
297.0367684364319,460
297.05210161209106,197
297.0675151348114,217
297.0826168060303,282
297.09806203842163,552
297.11383724212646,450
297.12897181510925,194
297.14497661590576,218
297.1609559059143,291
297.1761407852173,552
297.1921410560608,430
297.20828890800476,189
297.22407579421997,225
297.23981761932373,306
297.2558181285858,562
297.2713186740875,414
297.2873287200928,185
297.30415892601013,226
297.318425655365,320
297.33442211151123,573
297.35040950775146,393
297.3653926849365,179
297.38078784942627,232
297.396320104599,325
297.41149520874023,570
297.42753076553345,376
297.44287300109863,184
297.45787048339844,231
297.47352862358093,340
297.48952317237854,575
297.5056617259979,378
297.52176427841187,189
297.5373125076294,236
297.5525577068329,362
297.56799268722534,573
297.5838797092438,350
297.59988355636597,181
297.61529541015625,227
297.6308858394623,370
297.64688634872437,554
297.66286873817444,333
297.6783838272095,176
297.69439578056335,243
297.7096252441406,392
297.7253050804138,560
297.7413065433502,318
297.7572994232178,184
297.77273988723755,246
297.7888276576996,415
297.8048448562622,554
297.820613861084,299
297.8362526893616,188
297.8521201610565,251
297.8682234287262,440
297.88425755500793,542
297.90024995803833,276
297.9153995513916,179
297.93055963516235,249
297.94554471969604,449
297.9609236717224,545
297.97633266448975,263
297.99151611328125,184
298.0066194534302,254
298.02245020866394,467
298.03761172294617,523
298.05344676971436,236
298.06944608688354,188
298.0854959487915,267
298.10150384902954,485
298.116571187973,507
298.1321032047272,222
298.14809823036194,193
298.1632561683655,266
298.1791002750397,503
298.1950988769531,503
298.2104115486145,217
298.2262473106384,210
298.2422471046448,265
298.25915026664734,509
298.2742612361908,495
298.29009771347046,212
298.3052797317505,206
298.32074761390686,278
298.336140871048,531
298.3526213169098,477
298.36793398857117,198
298.382771730423,213
298.39885997772217,279
298.4150719642639,531
298.4309411048889,461
298.4461624622345,192
298.46142768859863,211
298.47754740715027,277
298.49295020103455,546
298.50818729400635,439
298.5238456726074,187
298.5397276878357,223
298.5552296638489,296
298.5705704689026,560
298.58641815185547,417
298.6018009185791,180
298.6175353527069,224
298.6333475112915,303
298.6490828990936,553
298.6649498939514,392
298.6801552772522,181
298.6961715221405,231
298.71205592155457,321
298.72778391838074,571
298.7428021430969,386
298.75777983665466,185
298.7730839252472,238
298.7890655994415,335
298.8041079044342,569
298.8198039531708,371
298.8347842693329,176
298.8497848510742,233
298.86578726768494,342
298.8812208175659,575
298.89721274375916,361
298.91327118873596,180
298.9290306568146,232
298.94492292404175,341
298.9609274864197,562
298.97615337371826,345
298.9921555519104,179
299.0074348449707,236
299.0229957103729,350
299.03828740119934,566
299.0535092353821,345
299.06950879096985,177
299.0852382183075,229
299.10066628456116,370
299.1166830062866,565
299.1322226524353,338
299.14721035957336,188
299.16320633888245,250
299.17843103408813,392
299.19365882873535,570
299.20973896980286,327
299.2253441810608,189
299.2405729293823,253
299.2557215690613,405
299.2717807292938,565
299.2871894836426,312
299.30321502685547,192
299.3193099498749,256
299.33541655540466,429
299.35143280029297,558
299.3671820163727,289
299.3831276893616,187
299.3981308937073,256
299.41414070129395,444
299.4296636581421,556
299.44566106796265,261
299.4614050388336,189
299.4774000644684,263
299.4933271408081,469
299.509393453598,540
299.52541494369507,237
299.5408744812012,187
299.5569169521332,260
299.57292103767395,469
299.5883274078369,518
299.60332798957825,227
299.61879086494446,189
299.633864402771,259
299.6496238708496,493
299.6648621559143,512
299.68018102645874,217
299.6960520744324,204
299.7111005783081,268
299.7265028953552,514
299.74202013015747,496
299.7577431201935,199
299.7727036476135,207
299.7875773906708,272
299.8028817176819,526
299.8192343711853,491
299.8347096443176,200
299.8503291606903,209
299.8664164543152,274
299.88142013549805,534
299.8974449634552,465
299.9134554862976,193
299.9287369251251,214
299.94403171539307,279
299.9591510295868,548
299.9739854335785,443
299.98942255973816,185
300.0047013759613,225
300.02015805244446,299
300.03611397743225,559
300.05134534835815,418
300.0673859119415,184
300.0829954147339,227
300.0984470844269,298
300.11385583877563,564
300.1295461654663,406
300.1448905467987,179
300.1602408885956,224
300.1757779121399,305
300.1917803287506,566
300.2078855037689,400
300.223699092865,172
300.2395544052124,217
300.25511145591736,311
300.27039790153503,562
300.2856693267822,366
300.3017141819,171
300.3168182373047,231
300.33230090141296,341
300.3480236530304,572
300.36401987075806,359
300.3801209926605,169
300.39534068107605,233
300.41086316108704,345
300.4262640476227,569
300.4417827129364,349
300.45786118507385,181
300.4733364582062,237
300.48863315582275,373
300.504292011261,573
300.5199911594391,344
300.5352988243103,183
300.55094718933105,239
300.5661051273346,375
300.58123302459717,572
300.5968964099884,333
300.61234188079834,179
300.62721848487854,239
300.6432168483734,395
300.6592786312103,562
300.67435574531555,311
300.68995571136475,180
300.7056050300598,245
300.7213490009308,405
300.73734760284424,561
300.75234961509705,302
300.76778411865234,185
300.7832019329071,247
300.7984826564789,412
300.81449723243713,559
300.8297874927521,287
300.84579205513,187
300.861052274704,255
300.8763961791992,439
300.8919813632965,551
300.9080069065094,257
300.9232966899872,186
300.938814163208,251
300.9538176059723,450
300.9699249267578,538
300.9850723743439,242
301.000426530838,186
301.01644563674927,255
301.03199338912964,475
301.047993183136,530
301.0634608268738,225
301.0794532299042,194
301.0957443714142,264
301.11097264289856,503
301.12706208229065,512
301.1430666446686,210
301.1590588092804,197
301.1741943359375,265
301.189484834671,517
301.2054817676544,491
301.22092175483704,203
301.2361125946045,201
301.2521164417267,263
301.2681450843811,517
301.28370690345764,557
301.29977583885193,313
301.31450748443604,173
301.3300440311432,247
301.34533429145813,423
301.36066222190857,552
301.37657022476196,286
301.39257073402405,179
301.40825843811035,243
301.42355728149414,441
301.4393582344055,543
301.4545707702637,269
301.4705584049225,192
301.48632621765137,259
301.50132966041565,458
301.5164361000061,536
301.53163385391235,252
301.5466277599335,191
301.56180691719055,258
301.57713556289673,471
301.5931565761566,521
301.6089503765106,230
301.62447357177734,201
301.64048743247986,264
301.6560137271881,498
301.6720161437988,502
301.6876766681671,215
301.7029230594635,207
301.71826124191284,265
301.73427152633667,515
301.7499945163727,493
301.76529002189636,202
301.78139781951904,209
301.7973086833954,271
301.812618970871,532
301.82849740982056,470
301.84451031684875,193
301.86023783683777,209
301.87537145614624,276
301.89137530326843,533
301.90747356414795,449
301.9231538772583,194
301.93917989730835,221
301.95517778396606,288
301.97120666503906,554
301.98633885383606,439
302.00160932540894,192
302.017600774765,228
302.0331621170044,306
302.04914569854736,567
302.0643928050995,420
302.0803892612457,191
302.0963819026947,240
302.1124064922333,315
302.12756633758545,570
302.1433103084564,394
302.1582272052765,185
302.1742467880249,233
302.1890969276428,330
302.2040982246399,567
302.2201952934265,384
302.2361958026886,176
302.2512333393097,230
302.2672390937805,340
302.283234834671,566
