Time(s),ADC
0.0010061264038085938,186
0.017005205154418945,525
0.03253579139709473,667
0.04772353172302246,228
0.06307625770568848,65
0.07908248901367188,183
0.0950779914855957,546
0.11031126976013184,652
0.12564468383789062,190
0.14163875579833984,72
0.15765810012817383,198
0.17293095588684082,588
0.18898487091064453,640
0.20497894287109375,170
0.22096872329711914,76
0.23697757720947266,195
0.2529785633087158,591
0.2684507369995117,614
0.2835958003997803,115
0.29950404167175293,71
0.31545376777648926,185
0.3314523696899414,613
0.34645819664001465,586
0.3619704246520996,99
0.37801313400268555,86
0.39336657524108887,200
0.4085400104522705,643
0.4247860908508301,569
0.44054627418518066,96
0.45572710037231445,107
0.4711880683898926,232
0.48718857765197754,676
0.5031862258911133,539
0.5191867351531982,89
0.5341856479644775,115
0.5502753257751465,242
0.5662317276000977,679
0.5813503265380859,528
0.5973458290100098,91
0.6123473644256592,131
0.6284263134002686,254
0.6440050601959229,680
0.6594717502593994,489
0.6757998466491699,71
0.691523551940918,129
0.7069616317749023,267
0.721961259841919,679
0.7370665073394775,457
0.7523136138916016,57
0.7678401470184326,127
0.7838902473449707,283
0.799889087677002,679
0.8158724308013916,451
0.831871509552002,67
0.8478386402130127,131
0.8637762069702148,286
0.8797042369842529,679
0.8947043418884277,450
0.9100937843322754,70
0.9250941276550293,147
0.9410967826843262,324
0.9568512439727783,679
0.972759485244751,415
0.9887666702270508,66
1.0047731399536133,143
1.0207247734069824,335
1.0367140769958496,679
1.0517323017120361,389
1.0671863555908203,52
1.0821869373321533,138
1.097348928451538,342
1.1125993728637695,680
1.1279425621032715,376
1.1440482139587402,56
1.1598799228668213,149
1.1760010719299316,373
1.1910009384155273,679
1.2070088386535645,360
1.22281813621521,42
1.2383644580841064,133
1.253507137298584,357
1.269547462463379,679
1.286407470703125,338
1.3017973899841309,41
1.3168048858642578,143
1.3317945003509521,389
1.3478143215179443,680
1.3633313179016113,333
1.3793301582336426,52
1.3946506977081299,159
1.4099442958831787,413
1.4252920150756836,673
1.441307783126831,272
1.4573132991790771,5
1.4728617668151855,130
1.4888463020324707,421
1.5048534870147705,674
1.5199151039123535,252
1.5352582931518555,11
1.5513007640838623,123
1.5668179988861084,443
1.5818150043487549,667
1.5968163013458252,266
1.611861228942871,66
1.6278173923492432,138
1.6438181400299072,437
1.659834861755371,604
1.675849437713623,139
1.6917271614074707,4
1.70688796043396,121
1.721994161605835,528
1.7379560470581055,653
1.7540192604064941,206
1.768705129623413,66
1.7847015857696533,153
1.799955129623413,574
1.8159551620483398,643
1.830596923828125,184
1.8455650806427002,83
1.8611443042755127,215
1.8771774768829346,658
1.8928236961364746,624
1.9089176654815674,180
1.924194097518921,177
1.9397902488708496,313
1.9557952880859375,680
1.9715275764465332,607
1.9864580631256104,143
2.002108335494995,147
2.018108367919922,290
2.0341079235076904,679
2.050206184387207,605
2.0658974647521973,201
2.080857753753662,222
2.0958597660064697,328
2.1119039058685303,679
2.1279892921447754,576
2.1429102420806885,206
2.1589550971984863,261
2.1746866703033447,384
2.1902377605438232,679
2.2060792446136475,536
2.222074031829834,174
2.237658977508545,235
2.2527246475219727,395
2.2683234214782715,679
2.28432297706604,537
2.2996203899383545,223
2.3150076866149902,281
2.3309595584869385,413
2.3469676971435547,679
2.3626511096954346,531
2.3785998821258545,234
2.3947176933288574,306
2.4106431007385254,448
2.4256482124328613,679
2.442559242248535,496
2.457279682159424,233
2.4727683067321777,303
2.4887614250183105,456
2.504819393157959,680
2.5208163261413574,499
2.536761999130249,221
2.5521843433380127,283
2.567796468734741,451
2.5837483406066895,679
2.600087881088257,467
2.6152431964874268,213
2.6312408447265625,288
2.6466293334960938,467
2.662224769592285,679
2.6818127632141113,466
2.6938657760620117,219
2.7098498344421387,289
2.725850820541382,473
2.7408530712127686,679
2.7569000720977783,438
2.772512435913086,220
2.788465976715088,305
2.804532051086426,504
2.8195722103118896,679
2.835507392883301,405
2.851524829864502,184
2.867125988006592,270
2.8832054138183594,508
2.898240089416504,679
2.914216995239258,351
2.930082321166992,171
2.946082592010498,267
2.961517572402954,530
2.9771289825439453,678
2.993126392364502,326
3.0091328620910645,171
3.025672674179077,272
3.040717601776123,543
3.055878162384033,670
3.0713207721710205,289
3.0864486694335938,177
3.1020851135253906,289
3.1172895431518555,557
3.133359670639038,619
3.1483898162841797,236
3.1632473468780518,150
3.1793899536132812,241
3.1946074962615967,532
3.210613489151001,592
3.225992441177368,177
3.241988182067871,124
3.258021116256714,236
3.273510456085205,563
3.2895095348358154,556
3.305509328842163,159
3.320667266845703,140
3.3366692066192627,228
3.3518118858337402,544
3.3675761222839355,527
3.382585048675537,111
3.3984854221343994,93
3.4146273136138916,196
3.430445671081543,565
3.445603370666504,519
3.461700916290283,110
3.4772706031799316,111
3.4932267665863037,199
3.5092670917510986,567
3.525275707244873,499
3.5406899452209473,98
3.556727170944214,98
3.5723373889923096,200
3.5882976055145264,578
3.6040756702423096,477
3.6200716495513916,117
3.635389804840088,129
3.6514058113098145,228
3.666747570037842,590
3.6822495460510254,439
3.697589635848999,95
3.7134807109832764,113
3.728816032409668,234
3.744493246078491,589
3.760545492172241,421
3.776021957397461,101
3.7920711040496826,156
3.8080224990844727,279
3.824022054672241,624
3.8406333923339844,415
3.8543689250946045,112
3.869826555252075,169
3.8858258724212646,300
3.901137351989746,631
3.916738271713257,401
3.932678699493408,115
3.9480855464935303,167
3.9634628295898438,318
3.9791204929351807,635
3.994565725326538,373
4.00998592376709,86
4.025950908660889,149
4.041085243225098,309
4.056841611862183,605
4.072908163070679,341
4.088732004165649,87
4.103869199752808,157
4.119194269180298,324
4.134139060974121,605
4.149184465408325,334
4.164922475814819,101
4.180185317993164,176
4.195702791213989,367
4.211704254150391,627
4.227061748504639,337
4.242626667022705,115
4.258685350418091,188
4.2734692096710205,382
4.288826942443848,630
4.303999662399292,334
4.320008754730225,125
4.3357343673706055,186
4.350924253463745,386
4.366494178771973,621
4.38250470161438,307
4.397502899169922,111
4.41288948059082,199
4.428888320922852,416
4.444893836975098,600
4.460948944091797,268
4.476706027984619,87
4.492497205734253,173
4.508497953414917,407
4.524538516998291,596
4.540534496307373,251
4.555757284164429,106
4.571362733840942,196
4.587359428405762,451
4.602792978286743,601
4.618473052978516,235
4.634515047073364,108
4.6505138874053955,209
4.666626453399658,472
4.682187080383301,593
4.69718599319458,211
4.71245265007019,115
4.727740526199341,200
4.743753433227539,500
4.758968114852905,580
4.774633169174194,185
4.790720462799072,106
4.806586503982544,213
4.82158637046814,543
4.83673882484436,578
4.852605104446411,168
4.868118047714233,103
4.883119106292725,206
4.899118185043335,545
4.915118217468262,542
4.93128776550293,136
4.947167634963989,108
4.9623823165893555,203
4.978285312652588,576
4.99418830871582,517
5.00966477394104,114
5.024801731109619,109
5.040755271911621,210
5.055769920349121,591
5.071283340454102,515
5.086284637451172,116
5.102283716201782,121
5.117656469345093,229
5.133616209030151,629
5.149610757827759,493
5.164623022079468,104
5.1804468631744385,133
5.195458650588989,245
5.211454391479492,637
5.227447271347046,448
5.242552042007446,94
5.257504463195801,150
5.273124694824219,280
5.289127349853516,649
5.305086851119995,407
5.321087121963501,74
5.336584091186523,131
5.353494882583618,286
5.3679986000061035,659
5.383744239807129,393
5.39982008934021,82
5.415905952453613,157
5.431039571762085,324
5.447080135345459,677
5.462275743484497,384
5.478376626968384,79
5.494376182556152,159
5.510378122329712,363
5.526383876800537,677
5.542376756668091,381
5.558392524719238,92
5.574402093887329,180
5.590235233306885,398
5.606290102005005,678
5.621910572052002,373
5.637815713882446,93
5.652967214584351,180
5.668500661849976,410
5.684539079666138,675
5.700541257858276,336
5.716573715209961,90
5.732576847076416,186
5.748575448989868,438
5.76438045501709,676
5.780423641204834,332
5.795413494110107,99
5.811436176300049,201
5.826719045639038,468
5.842813014984131,678
5.857962369918823,326
5.873678922653198,110
5.888972997665405,212
5.904407501220703,486
5.9204277992248535,675
5.935336112976074,301
5.951286792755127,116
5.966492652893066,217
5.982043266296387,520
5.99741792678833,670
6.0125579833984375,258
6.027663946151733,100
6.0436859130859375,205
6.0597124099731445,532
6.075486898422241,645
6.090609073638916,224
6.106123447418213,109
6.121229648590088,217
6.136549472808838,553
6.152551889419556,629
6.1679487228393555,200
6.183531045913696,119
6.198829889297485,224
6.214173078536987,591
6.230225563049316,594
6.246232986450195,176
6.262200117111206,127
6.277717590332031,237
6.293718099594116,620
6.30914044380188,573
6.324381113052368,160
6.3395304679870605,136
6.354576110839844,242
6.370213031768799,642
6.386224985122681,548
6.402222633361816,142
6.417506217956543,134
6.432680130004883,256
6.447719097137451,655
6.462737083435059,518
6.4775989055633545,131
6.492638111114502,150
6.507974624633789,269
6.52397346496582,666
6.540056228637695,492
6.555254697799683,122
6.570831298828125,158
6.586881637573242,275
6.602213144302368,678
6.618211984634399,470
6.634265184402466,113
6.650214672088623,156
6.66622519493103,296
6.6814353466033936,675
6.696905612945557,447
6.71289849281311,113
6.728899240493774,158
6.7448999881744385,315
6.76090669631958,678
6.7758564949035645,425
6.791051626205444,108
6.807053327560425,167
6.82301139831543,349
6.8390092849731445,677
6.855050086975098,386
6.870195388793945,91
6.884990930557251,162
6.900897264480591,370
6.916762590408325,677
6.931756496429443,370
6.947703123092651,89
6.963749170303345,160
6.979223728179932,372
6.995599031448364,671
7.010638236999512,343
7.025749683380127,79
7.041595697402954,158
7.0567193031311035,395
7.072430610656738,666
7.08842921257019,322
7.104428768157959,75
7.120427846908569,163
7.136433839797974,419
7.151582479476929,667
7.167625188827515,301
7.18297004699707,70
7.198964834213257,164
7.214444398880005,435
7.230801820755005,661
7.246148586273193,267
7.26121711730957,72
7.276835680007935,175
7.292835474014282,477
7.308787107467651,640
7.323787212371826,230
7.339787006378174,74
7.355787515640259,182
7.370864391326904,501
7.386553049087524,618
7.402552604675293,188
7.417961120605469,76
7.433998346328735,193
7.449997186660767,544
7.465070009231567,600
7.480517148971558,151
7.496516704559326,85
7.5117480754852295,189
7.52698826789856,576
7.5429847240448,583
7.559077262878418,143
7.5747926235198975,97
7.589828968048096,212
7.6058337688446045,598
7.621795415878296,559
7.637789964675903,129
7.653788328170776,109
7.669801712036133,219
7.684502363204956,617
7.699665307998657,514
7.714504241943359,101
7.730221509933472,107
7.746058940887451,221
7.761341333389282,642
7.776546001434326,490
7.792689561843872,107
7.80868124961853,153
7.8247010707855225,290
7.840652704238892,678
7.856574058532715,514
7.872542142868042,149
7.887255430221558,194
7.9022510051727295,326
7.918214321136475,679
7.933439493179321,502
7.948796510696411,158
7.96447491645813,220
7.980184555053711,374
7.995939493179321,679
8.011894464492798,487
8.026895761489868,159
8.04264783859253,223
8.057666063308716,395
8.073235750198364,679
8.089253902435303,471
8.104442119598389,170
8.119442224502563,244
8.13449239730835,415
8.150529623031616,679
8.16645097732544,440
8.181118488311768,175
8.19705581665039,256
8.212966918945312,472
8.228124380111694,680
8.24386191368103,399
8.259742259979248,161
8.275628328323364,250
8.291738510131836,464
8.307716608047485,678
8.323582172393799,352
8.338736057281494,171
8.354626893997192,261
8.369587421417236,478
8.38521122932434,674
8.401223182678223,350
8.417206764221191,174
8.433202505111694,269
8.449204206466675,508
8.465213775634766,663
8.481266736984253,333
8.49727177619934,192
8.513290166854858,278
8.528608560562134,550
8.544249534606934,671
8.559614419937134,323
8.57527232170105,170
8.590578317642212,243
8.606435298919678,534
8.621617555618286,639
8.637570142745972,260
8.652858972549438,161
8.668731212615967,258
8.684240579605103,578
8.699798107147217,619
8.715837240219116,219
8.731149911880493,144
8.747237920761108,248
8.763153553009033,606
8.77813458442688,610
8.793902158737183,178
8.809902906417847,120
8.825353145599365,232
8.841361284255981,628
8.85655403137207,596
8.871553897857666,142
8.88744854927063,115
8.903449296951294,224
8.919458866119385,643
8.935737133026123,572
8.950603723526001,126
8.967074632644653,115
8.983135223388672,243
8.998842477798462,679
9.014836311340332,561
9.02983832359314,123
9.045914649963379,135
9.06189489364624,266
9.076956510543823,680
9.092195749282837,549
9.107368469238281,135
9.123368263244629,156
9.138802528381348,287
9.154914855957031,680
9.16996169090271,526
9.185347080230713,126
9.200590372085571,182
9.216639041900635,313
9.232626914978027,679
9.248959302902222,488
9.263522863388062,102
9.279173612594604,166
9.295182466506958,309
9.311186075210571,679
9.327179670333862,468
9.34318208694458,100
9.358877658843994,158
9.375461101531982,316
9.390529155731201,679
9.406471729278564,472
9.421469449996948,99
9.436956405639648,158
9.451995372772217,328
9.467046022415161,679
9.482737302780151,464
9.497875690460205,112
9.513736486434937,183
9.528863191604614,358
9.544918298721313,679
9.561050176620483,456
9.577244758605957,105
9.593251943588257,180
9.609171390533447,366
9.625168085098267,679
9.641140699386597,421
9.656270027160645,84
9.672280311584473,175
9.687819480895996,389
9.703863620758057,679
9.719877004623413,424
9.735859394073486,80
9.751859188079834,169
9.767944097518921,413
9.783868551254272,679
9.799871683120728,371
9.815348386764526,62
9.830306768417358,169
9.846284627914429,409
9.862250089645386,680
9.87803316116333,356
9.893437385559082,80
9.908857345581055,165
9.924391269683838,432
9.939924478530884,679
9.955804109573364,314
9.971044778823853,64
9.98684310913086,167
10.002733707427979,456
10.018730640411377,668
10.034773349761963,252
10.050726890563965,51
10.065916299819946,159
10.081836223602295,471
10.09812068939209,676
10.113547801971436,232
10.129814863204956,61
10.144879341125488,159
10.160147190093994,506
10.176192283630371,664
10.19171667098999,222
10.207731246948242,65
10.223732471466064,183
10.238926410675049,539
10.254053592681885,658
10.270063638687134,183
10.285582542419434,47
10.301595687866211,170
10.31770920753479,556
10.333690881729126,633
10.349674701690674,124
10.365800142288208,40
10.381231307983398,166
10.396364450454712,571
10.412338733673096,612
10.427932262420654,107
10.443827867507935,37
10.459965229034424,164
10.475754261016846,600
10.491397619247437,583
10.507269144058228,84
10.522866249084473,57
10.538073539733887,170
10.553568601608276,619
10.569718360900879,566
10.585092544555664,72
10.601308345794678,59
10.617355585098267,156
10.63293981552124,630
10.64902138710022,520
10.664159774780273,56
10.679689884185791,76
10.695005893707275,199
10.710164785385132,662
10.72616457939148,501
10.741167068481445,77
10.756152868270874,120
10.772193431854248,202
10.7877357006073,658
10.803737163543701,468
10.81954574584961,56
10.835145473480225,111
10.85115671157837,255
10.86703872680664,679
10.882842540740967,440
10.898492813110352,75
10.914009094238281,142
10.929609060287476,241
10.945581674575806,679
10.961477041244507,410
10.97672963142395,32
10.992045402526855,106
11.008045196533203,267
11.023176670074463,678
11.039050579071045,392
11.054553508758545,46
11.070563316345215,121
11.08617639541626,300
11.102116823196411,679
11.11708664894104,360
11.132526636123657,34
11.148629426956177,130
11.164954900741577,361
11.18059778213501,679
11.196494102478027,343
11.212473154067993,65
11.228476762771606,151
11.24458122253418,399
11.2606041431427,678
11.275745391845703,348
11.291530132293701,51
11.307528257369995,143
11.322734355926514,398
11.33774733543396,679
11.353111505508423,344
11.368016958236694,75
11.383369207382202,175
11.399385929107666,433
11.414852619171143,679
11.429849863052368,324
11.444868326187134,71
11.460281133651733,162
11.476298093795776,448
11.492077350616455,679
11.508075952529907,276
11.52407956123352,50
11.539489507675171,150
11.554944515228271,440
11.570242643356323,677
11.585968732833862,248
11.601967573165894,40
11.617318868637085,146
11.632749319076538,476
11.648205280303955,674
11.66420602798462,231
11.679704666137695,46
11.695279359817505,169
11.711270570755005,498
11.727235078811646,668
11.743226766586304,204
11.758482456207275,68
11.773704767227173,177
11.789443254470825,534
11.805420875549316,655
11.821454524993896,196
11.837458372116089,84
11.852678060531616,209
11.868721961975098,589
11.883895874023438,641
11.899893522262573,181
11.91504192352295,104
11.930359840393066,214
11.946305751800537,610
11.961819171905518,627
11.977930307388306,177
11.993524312973022,126
12.009532451629639,239
12.02548623085022,629
12.040693759918213,616
12.056816816329956,164
12.07209062576294,138
12.087316513061523,244
12.102453470230103,647
12.11775803565979,598
12.133679389953613,152
12.14969277381897,137
12.165655374526978,248
12.181172847747803,676
12.196739435195923,554
12.212680578231812,131
12.227702379226685,136
12.242969274520874,247
12.258848428726196,673
12.274855375289917,529
12.290419816970825,115
12.305505275726318,144
12.321425437927246,264
12.337429523468018,678
12.353411436080933,511
12.368476867675781,116
12.38408350944519,159
12.399061441421509,284
12.415170192718506,678
12.431165218353271,467
12.44710659980774,110
12.463176250457764,164
12.479268074035645,295
12.494969844818115,678
12.51096796989441,452
12.525981903076172,101
12.541285276412964,160
12.557294130325317,308
12.573344945907593,678
12.58895206451416,429
12.604948043823242,105
12.620954036712646,174
12.635978698730469,351
12.65195631980896,677
12.66800832748413,394
12.68401837348938,101
12.699766874313354,185
12.714770793914795,389
12.730888605117798,677
12.746936082839966,357
12.763006687164307,99
12.778978824615479,185
12.79455304145813,404
12.810549974441528,675
12.826547145843506,317
12.841755867004395,84
12.85775351524353,172
12.873838424682617,417
12.889441728591919,659
12.905442714691162,298
12.921441793441772,86
12.936440229415894,182
12.952399492263794,434
12.968408346176147,670
12.984318256378174,301
12.999316930770874,108
13.015324354171753,201
13.031314611434937,476
13.04644775390625,653
13.062434911727905,239
13.0785551071167,103
13.094106435775757,201
13.110033512115479,506
13.125034093856812,622
13.140565633773804,208
13.156503915786743,110
13.172592163085938,206
13.188197374343872,530
13.204198837280273,621
13.219572067260742,193
13.235570430755615,109
13.251646757125854,219
13.266625165939331,555
13.281896591186523,608
13.297406196594238,203
13.31234622001648,132
13.327694654464722,234
13.34369969367981,582
13.359697103500366,587
13.375721216201782,187
13.391319990158081,148
13.406439304351807,253
13.422318935394287,611
13.437703609466553,564
13.45381498336792,175
13.469243288040161,166
13.484601736068726,263
13.499759912490845,626
13.515652418136597,535
13.531742811203003,161
13.546941757202148,172
13.562827825546265,271
13.578948020935059,633
13.59412169456482,501
13.60953164100647,142
13.624866247177124,173
13.639859914779663,282
13.655766725540161,639
13.670969486236572,466
13.686726808547974,137
13.702608585357666,176
13.718608856201172,287
13.733734607696533,640
13.74961233139038,442
13.765713453292847,128
13.781242847442627,168
13.797030687332153,287
13.812976837158203,619
13.829044580459595,397
13.845031261444092,102
13.860303163528442,159
13.876331329345703,307
13.891889572143555,627
13.907901525497437,398
13.923898696899414,117
13.939887285232544,173
13.955884456634521,324
13.97190260887146,618
13.987425804138184,367
14.003146171569824,115
14.01925015449524,177
14.034440040588379,343
14.049737691879272,619
14.065221309661865,351
14.080430507659912,118
14.096217393875122,187
14.112115621566772,369
14.127233505249023,624
14.143160343170166,347
14.158619403839111,122
14.17463731765747,191
14.190463304519653,385
14.206418752670288,626
14.222415924072266,342
14.238095045089722,127
14.253979921340942,202
14.26999044418335,415
14.285576343536377,626
14.301754713058472,308
14.317228317260742,125
14.33322811126709,207
14.348362922668457,444
14.364322185516357,612
14.379873752593994,263
14.395452976226807,124
14.411586999893188,212
14.427459001541138,470
14.443443536758423,605
14.458885431289673,258
14.474247455596924,130
14.489919424057007,210
14.50579285621643,488
14.521819114685059,593
14.537097930908203,223
14.55305528640747,130
14.569043159484863,223
14.585082769393921,528
14.600704431533813,563
14.61675477027893,189
14.632634401321411,133
14.648630619049072,225
14.664732456207275,550
14.6798734664917,545
14.695337533950806,174
14.711353540420532,138
14.726339340209961,235
14.741477251052856,568
14.757445573806763,526
14.773382663726807,153
14.788951873779297,142
14.804968118667603,238
14.820968627929688,588
14.835968971252441,515
14.851114749908447,155
14.86722993850708,152
14.882613182067871,250
14.898029327392578,599
14.91392207145691,481
14.929919481277466,134
14.945396900177002,149
14.961398124694824,256
14.977402448654175,613
14.992937564849854,462
15.008931398391724,131
15.024917602539062,161
15.040931224822998,277
15.056935787200928,623
15.07219386100769,449
15.087321043014526,132
15.102851867675781,164
15.118853330612183,290
15.13484525680542,631
15.150803804397583,419
15.16685152053833,124
15.182162284851074,181
15.197780132293701,316
15.213136196136475,643
15.229092359542847,409
15.245035886764526,121
15.261023759841919,181
15.277092933654785,338
15.292624473571777,643
15.308753490447998,385
15.324765920639038,127
15.340636730194092,193
15.355755090713501,363
15.370755672454834,636
15.386504411697388,369
15.402235984802246,118
15.418897867202759,187
15.434175491333008,366
15.449480772018433,630
15.46548843383789,363
15.48117470741272,131
15.496317625045776,197
15.511873006820679,390
15.527700185775757,637
15.543053150177002,353
15.559046506881714,127
15.575042963027954,200
15.590281009674072,393
15.60527777671814,622
15.620744705200195,331
15.636507034301758,129
15.651735782623291,204
15.667733430862427,415
15.683738946914673,609
15.699187517166138,282
15.71525764465332,121
15.730772972106934,204
15.746131658554077,445
15.76169753074646,610
15.77690601348877,265
15.792368412017822,127
15.8082435131073,214
15.824257612228394,466
15.840240478515625,614
15.85575556755066,258
15.871654987335205,141
15.887397766113281,236
15.903514385223389,499
15.919519424438477,588
15.93552541732788,232
15.950680494308472,145
15.966481447219849,241
15.982462882995605,516
15.9978506565094,579
16.01328992843628,215
16.027915716171265,149
16.043259143829346,230
16.058446407318115,522
16.073800086975098,560
16.089393377304077,196
16.104923486709595,153
16.120775938034058,243
16.136272430419922,546
16.152129888534546,537
16.167973041534424,182
16.183956146240234,159
16.199512004852295,250
16.21528720855713,567
16.231297492980957,516
16.246498346328735,176
16.26209783554077,166
16.277816772460938,263
16.29310965538025,582
16.308573484420776,490
16.324589014053345,161
16.340585470199585,168
16.35560631752014,269
16.371617078781128,591
16.38714599609375,460
16.403112173080444,148
16.418957233428955,167
16.434961318969727,274
16.45039129257202,597
16.465876817703247,430
16.481326580047607,134
16.497199058532715,172
16.51470184326172,293
16.52867341041565,606
16.54377055168152,405
16.55979585647583,137
16.57482600212097,189
16.59052538871765,324
16.606453895568848,610
16.62174892425537,391
16.637810707092285,144
16.653811931610107,202
16.669809818267822,348
16.685848474502563,617
16.701412200927734,375
16.716811418533325,143
16.732887983322144,200
16.74892497062683,373
16.764039516448975,610
16.77996253967285,359
16.795847177505493,142
16.81021738052368,213
16.826293230056763,399
16.842270851135254,609
16.85826849937439,337
16.873331308364868,139
16.88885736465454,214
16.904868841171265,407
16.920924186706543,605
16.935590505599976,333
16.950910568237305,146
16.96691632270813,232
16.98236894607544,420
16.997889757156372,570
17.012661695480347,277
17.027822494506836,103
17.043439149856567,175
17.058385848999023,376
17.074262619018555,509
17.089784383773804,213
17.105493545532227,59
17.1214861869812,126
17.13623571395874,336
17.151692628860474,455
17.16781187057495,155
17.18383765220642,27
17.199044942855835,107
17.214486837387085,335
17.229949235916138,443
17.244840145111084,138
17.26082134246826,41
17.276429653167725,121
17.292165994644165,365
17.30748438835144,451
17.32347059249878,145
17.339136838912964,69
17.354227304458618,153
17.37017059326172,422
17.385468006134033,477
17.401451587677002,153
17.41755175590515,89
17.43359923362732,181
17.44943594932556,465
17.46442461013794,493
17.480462789535522,171
17.496591329574585,126
17.512415170669556,219
17.52842903137207,519
17.54360556602478,508
17.55958127975464,178
17.574739694595337,156
17.590685844421387,250
17.606727361679077,560
17.622718811035156,499
17.637879371643066,175
17.65312385559082,167
17.668365716934204,269
17.68371081352234,596
17.699536561965942,494
17.71559238433838,173
17.731282234191895,192
17.746575832366943,299
17.763270616531372,617
17.77751398086548,461
17.793627500534058,165
17.809659957885742,201
17.82566213607788,318
17.84152626991272,637
17.85751748085022,440
17.8737735748291,161
17.888799905776978,210
17.904895782470703,341
17.920066833496094,651
17.935490608215332,434
17.950507879257202,157
17.96652388572693,209
17.982293128967285,360
17.998133420944214,655
18.013924598693848,416
18.030041694641113,156
18.046041011810303,214
18.06173086166382,376
18.077748775482178,656
18.09313702583313,392
18.108808517456055,153
18.124835729599,223
18.140586137771606,399
18.157373189926147,647
18.171319484710693,369
18.186604738235474,158
18.202152490615845,228
18.21747374534607,407
18.233458995819092,633
18.24927020072937,354
18.26448941230774,150
18.27986216545105,221
18.29560685157776,422
18.311610460281372,631
18.326896905899048,330
18.3428852558136,157
18.358185291290283,235
18.37351679801941,443
18.389535427093506,627
18.404682397842407,332
18.42000699043274,167
18.43586015701294,246
18.451507091522217,464
18.466527223587036,625
18.482187509536743,319
18.497760772705078,174
18.513744831085205,253
18.529762506484985,481
18.54575777053833,601
18.560875415802002,287
18.576916694641113,173
18.59204602241516,259
18.607048749923706,495
18.622431755065918,595
18.638427019119263,270
18.654447078704834,168
18.670425415039062,257
18.686447858810425,504
18.702152252197266,565
18.717329740524292,250
18.732574939727783,185
18.747737169265747,249
18.763233423233032,499
18.77875256538391,528
18.794211626052856,199
18.810295820236206,137
18.826149702072144,220
18.842169523239136,478
18.85811424255371,493
18.873530387878418,168
18.88870930671692,117
18.90440607070923,210
18.92016887664795,494
18.93511652946472,491
18.950535535812378,167
18.965538263320923,147
18.981534719467163,231
18.997299909591675,524
19.013364791870117,474
19.02916979789734,158
19.044837713241577,147
19.060831308364868,242
19.076447248458862,543
19.092260360717773,461
19.10750961303711,154
19.12331771850586,161
19.13930916786194,266
19.154585599899292,571
19.170010566711426,452
19.185754776000977,158
19.20116114616394,182
19.21619939804077,293
19.23172163963318,589
19.247647523880005,425
19.262783527374268,147
19.278830528259277,180
19.295397996902466,310
19.310407876968384,598
19.326417922973633,409
19.342443466186523,151
19.357839345932007,177
19.373846530914307,306
19.38912868499756,586
19.40451145172119,366
19.4195556640625,128
19.435627937316895,177
19.450517892837524,324
19.466529846191406,571
19.48206639289856,336
19.49753165245056,129
19.51346230506897,184
19.528764247894287,339
19.543912649154663,571
19.559752941131592,346
19.575008153915405,143
19.590174198150635,198
19.605715036392212,362
19.62112259864807,579
19.63644766807556,340
19.651970386505127,145
19.668070793151855,210
19.68413209915161,384
19.699567079544067,588
19.715418577194214,333
19.73121452331543,143
19.746934413909912,210
19.763015270233154,397
19.77837300300598,592
19.793734312057495,330
19.80972385406494,168
19.825734615325928,241
19.841235637664795,439
19.856635093688965,604
19.87222695350647,311
19.887438535690308,158
19.903436183929443,235
19.919480323791504,449
19.93524956703186,591
19.950505018234253,289
19.965517282485962,153
19.980777978897095,238
19.996872186660767,469
20.012428045272827,595
20.02862310409546,273
20.043635606765747,152
20.058725595474243,235
20.074047327041626,493
20.089234352111816,587
20.104787588119507,251
20.120799779891968,161
20.136080741882324,249
20.151422262191772,524
20.16658329963684,574
20.182294368743896,220
20.19787049293518,155
20.21400737762451,248
20.229870319366455,541
20.245521545410156,554
20.261512517929077,190
20.27682662010193,156
20.29196333885193,243
20.307541608810425,557
20.323015213012695,549
20.338224411010742,188
20.353781938552856,158
20.36930513381958,255
20.384666681289673,589
20.400233268737793,525
20.41626000404358,165
20.431854009628296,162
20.447261095046997,259
20.46308469772339,602
20.479106903076172,510
20.494654417037964,145
20.510517358779907,161
20.5259370803833,270
20.541939973831177,622
20.55706787109375,481
20.572853803634644,141
20.58887553215027,169
20.60442614555359,289
20.61996841430664,647
20.635426998138428,465
20.650927782058716,139
20.66650676727295,183
20.681833505630493,311
20.6977641582489,665
20.713557958602905,460
20.729100942611694,137
20.744282007217407,183
20.759262561798096,315
20.775176286697388,661
20.791049480438232,438
20.80657720565796,125
20.821716785430908,173
20.837759256362915,330
20.852845907211304,668
20.86831498146057,407
20.88317894935608,120
20.898365259170532,190
20.913787126541138,377
20.929286241531372,678
20.94475769996643,400
20.960771799087524,111
20.97626805305481,187
20.991736888885498,378
21.007143020629883,677
21.02318000793457,381
21.038566827774048,99
21.054558753967285,171
21.069737434387207,387
21.085259437561035,668
21.100965976715088,341
21.116973638534546,99
21.13219714164734,189
21.147371530532837,426
21.16281795501709,672
21.178097248077393,331
21.194478034973145,117
21.20974588394165,205
21.225486278533936,446
21.240833282470703,665
21.256820917129517,314
21.272938013076782,111
21.288532972335815,206
21.30439066886902,464
21.320040225982666,656
21.335948944091797,280
21.35139799118042,111
21.36663269996643,213
21.382669925689697,493
21.398202180862427,638
21.413547039031982,254
21.42888855934143,114
21.44497537612915,214
21.46072006225586,512
21.47616410255432,626
21.491300582885742,234
21.5068302154541,115
21.52211618423462,214
21.539098978042603,531
21.55409026145935,605
21.569892406463623,207
21.585383653640747,129
21.60147976875305,232
21.617501258850098,571
21.63253140449524,584
21.64830231666565,183
21.664315223693848,135
21.679713010787964,238
21.69560432434082,591
21.711610078811646,553
21.72682785987854,165
21.742246866226196,155
21.757691383361816,258
21.77355980873108,612
21.78955078125,522
21.804924726486206,149
21.820539712905884,151
21.836044788360596,266
21.852031469345093,622
21.86718201637268,493
21.882363319396973,148
21.89802622795105,167
21.914021253585815,279
21.93005108833313,634
21.946125030517578,478
21.96170139312744,139
21.977715492248535,164
21.992740154266357,283
22.008263111114502,625
22.024263620376587,439
22.040398120880127,123
22.056177377700806,165
22.071315050125122,308
22.086673736572266,638
22.102404832839966,416
22.117620944976807,131
22.13278889656067,185
22.148808240890503,333
22.16422176361084,646
22.180135488510132,404
22.195382595062256,139
22.211113214492798,199
22.22631573677063,362
22.241682529449463,645
22.25716471672058,390
22.27271556854248,128
22.287819862365723,194
22.302842140197754,388
22.318526029586792,649
22.33452296257019,374
22.349995613098145,138
22.36550807952881,216
22.381089448928833,417
22.396470069885254,638
22.41247034072876,352
22.428197383880615,142
22.444194316864014,218
22.459365367889404,438
22.47455668449402,638
22.49059224128723,319
22.506198406219482,132
22.521703481674194,213
22.537214040756226,444
22.552688121795654,631
22.568585634231567,303
22.58359932899475,128
22.59898090362549,217
22.61453413963318,488
22.630643606185913,627
22.64667320251465,276
22.66243553161621,147
22.67853879928589,237
22.69438362121582,511
22.709972143173218,623
22.724937200546265,253
22.740235090255737,149
22.756000995635986,239
22.772001266479492,544
22.787918090820312,603
22.803003787994385,229
22.81842303276062,150
22.83344054222107,246
22.848931074142456,558
22.86496329307556,589
22.881056547164917,211
22.896864652633667,158
22.912694215774536,250
22.928683280944824,584
22.94396185874939,552
22.959315299987793,185
22.974798440933228,157
22.990810871124268,257
23.006503343582153,593
23.0223069190979,529
23.03751301765442,159
23.053178787231445,163
23.069168090820312,264
23.084323406219482,614
23.09979009628296,500
23.115496158599854,162
23.13086485862732,165
23.146413564682007,271
23.16181707382202,628
23.177830934524536,482
23.193922996520996,152
23.209944486618042,172
23.225929260253906,276
23.241997480392456,622
23.257349967956543,451
23.273401498794556,142
23.288514852523804,181
23.304036140441895,285
23.320050954818726,628
23.33605194091797,419
23.352038145065308,114
23.368034839630127,159
23.383227348327637,301
23.398223638534546,625
23.413434505462646,385
23.428659677505493,112
23.44465184211731,172
23.460663080215454,323
23.476627349853516,630
23.49250817298889,367
23.50832176208496,127
23.523457765579224,189
23.538443326950073,360
23.55423140525818,640
23.56958031654358,350
23.58564591407776,118
23.60130739212036,191
23.617300271987915,389
23.63337230682373,639
23.648549556732178,342
23.664244174957275,128
23.68025302886963,201
23.696261644363403,407
23.711753606796265,644
23.72773814201355,320
23.743318796157837,132
23.759294986724854,214
23.775134086608887,435
23.791162729263306,648
23.80647325515747,301
23.822171926498413,125
23.838170289993286,211
23.853208780288696,461
23.8692045211792,627
23.884897232055664,277
23.900330543518066,114
23.916338682174683,207
23.931607246398926,473
23.94706678390503,616
23.962533950805664,242
23.97852373123169,120
23.99458909034729,207
24.01059079170227,514
24.026681661605835,600
24.041963577270508,223
24.05795383453369,122
24.072952270507812,228
24.088983297348022,554
24.104496002197266,591
24.11972141265869,200
24.135709762573242,150
24.151829957962036,247
24.167864561080933,580
24.183674335479736,551
24.198835372924805,167
24.214826822280884,145
24.23030948638916,240
24.246280193328857,602
24.262179613113403,527
24.278047561645508,153
24.29414415359497,150
24.309455633163452,254
24.324926137924194,624
24.341152906417847,507
24.358185052871704,132
24.373215436935425,140
24.388224840164185,255
24.404296875,637
24.42015314102173,489
24.436172246932983,123
24.452172994613647,138
24.46754288673401,267
24.483580112457275,649
24.499524116516113,459
24.51550817489624,113
24.531512022018433,160
24.546193599700928,302
24.562246084213257,655
24.57724666595459,422
24.593165397644043,98
24.609203100204468,156
24.623915433883667,301
24.639214992523193,657
24.654982566833496,394
24.67099094390869,73
24.686116695404053,136
24.701586484909058,320
24.717572927474976,657
24.732856035232544,370
24.74801278114319,74
24.764134645462036,140
24.779585599899292,345
24.796149015426636,661
24.811382055282593,339
24.82655906677246,61
24.841684579849243,154
24.857669830322266,385
24.873717546463013,663
24.88915205001831,338
24.904685974121094,88
24.92035484313965,168
24.936189889907837,388
24.95220446586609,648
24.96747374534607,277
24.983206748962402,48
24.998770236968994,153
25.014031410217285,436
25.029930591583252,665
25.0451557636261,262
25.06045651435852,47
25.076486825942993,169
25.092593669891357,499
25.107747316360474,661
25.12357759475708,238
25.138519287109375,59
25.154512882232666,170
25.16984224319458,531
25.18591046333313,655
25.201550483703613,209
25.217575788497925,81
25.233566999435425,205
25.24874186515808,599
25.264156341552734,642
25.279622077941895,194
25.294833660125732,111
25.309988975524902,238
25.32608127593994,679
25.341644525527954,627
25.358678579330444,157
25.37367343902588,78
25.38900661468506,204
25.40424084663391,677
25.419259548187256,620
25.434539079666138,140
25.450560569763184,90
25.466545581817627,229
25.48226284980774,679
25.498486280441284,579
25.51412272453308,95
25.53024172782898,108
25.546324968338013,277
25.56244206428528,677
25.577985286712646,556
25.593988180160522,63
25.609511375427246,88
25.62507438659668,224
25.64024567604065,679
25.655938863754272,543
25.67131733894348,99
25.686804056167603,181
25.702860832214355,335
25.718963384628296,679
25.735004901885986,490
25.75100564956665,11
25.766998052597046,92
25.78241467475891,279
25.797542333602905,680
25.81340193748474,473
25.82906746864319,23
25.845067739486694,118
25.86023712158203,333
25.875651121139526,679
25.891048908233643,426
25.90629816055298,0
25.92233633995056,76
25.938387632369995,304
25.95409917831421,679
25.96999478340149,436
25.98601007461548,8
26.00166344642639,130
26.01739263534546,400
26.03339385986328,679
26.04869532585144,398
26.06469416618347,0
26.08015489578247,91
26.096229076385498,390
26.113030433654785,679
26.127382040023804,378
26.143364429473877,0
26.159380197525024,105
26.17459774017334,422
26.18996787071228,679
26.20549440383911,361
26.220706462860107,0
26.236708164215088,120
26.25189781188965,465
26.26759934425354,679
26.28361487388611,323
26.299554347991943,0
26.314685106277466,113
26.330740451812744,475
26.346036195755005,679
26.361862421035767,301
26.377890586853027,0
26.39370107650757,112
26.408961057662964,519
26.424377918243408,679
26.439706325531006,233
26.455772638320923,0
26.470689058303833,113
26.48601460456848,531
26.502030849456787,679
26.517412424087524,196
26.533528566360474,0
26.54959750175476,102
26.56616711616516,568
26.581180095672607,677
26.596660375595093,111
26.61180281639099,0
26.627763986587524,102
26.643877506256104,617
26.65996241569519,666
26.675140142440796,72
26.691064596176147,3
26.70659899711609,115
26.722267866134644,657
26.73825216293335,641
26.753881692886353,32
26.769524335861206,2
26.785059213638306,115
26.800437450408936,679
26.81599450111389,623
26.831480503082275,0
26.84694504737854,7
26.862313508987427,115
26.87752366065979,679
26.893531322479248,580
26.909125328063965,0
26.92511296272278,0
26.941073179244995,95
26.956718683242798,679
26.972728490829468,555
26.98831081390381,0
27.004790782928467,1
27.020052194595337,94
27.036052227020264,679
27.051034450531006,510
27.0669903755188,0
27.0818133354187,7
27.097879886627197,141
27.113077402114868,679
27.12906527519226,464
27.145159482955933,0
27.160683631896973,13
27.176148414611816,158
27.192159414291382,680
27.207385063171387,485
27.22290849685669,0
27.238269090652466,115
27.253252029418945,357
27.268803358078003,679
27.284326314926147,518
27.29981541633606,68
27.3146812915802,175
27.32988739013672,414
27.345538854599,679
27.360671997070312,456
27.37580442428589,24
27.3918194770813,137
27.4073486328125,388
27.42341947555542,679
27.43864893913269,416
27.454660892486572,27
27.469883680343628,162
27.485896110534668,474
27.50104260444641,678
27.51690411567688,394
27.5322904586792,33
27.548301458358765,192
27.563971042633057,560
27.57965850830078,678
27.59480881690979,389
27.610321044921875,71
27.626415252685547,237
27.64244794845581,653
27.65768814086914,677
27.673556327819824,401
27.689575672149658,118
27.705646514892578,290
27.720809936523438,677
27.736944675445557,678
27.75294280052185,386
27.768100023269653,142
27.783766508102417,312
27.799245834350586,678
27.814930200576782,677
27.830926179885864,327
27.846285581588745,153
27.861623764038086,328
27.876901865005493,678
27.892292737960815,677
27.907880067825317,282
27.923067331314087,144
27.938364505767822,311
27.95399498939514,678
27.969942569732666,677
27.98539423942566,219
28.000637531280518,133
28.016199827194214,293
28.031587600708008,677
28.047070741653442,676
28.062764167785645,180
28.077962160110474,106
28.09397840499878,282
28.109569787979126,677
28.125629901885986,673
28.141672372817993,166
28.157700538635254,117
28.172935009002686,287
28.188938856124878,678
28.204461574554443,652
28.220001459121704,120
28.23522114753723,133
28.250843286514282,309
28.26622176170349,678
28.281502723693848,641
28.297513961791992,111
28.313403129577637,142
28.329044103622437,316
28.3450984954834,678
28.361181020736694,614
28.376383066177368,82
28.392281532287598,147
28.4079008102417,324
28.423354387283325,678
28.4393310546875,581
28.455379724502563,54
28.470926523208618,122
28.486926555633545,340
28.502998113632202,678
28.51903486251831,527
28.53416919708252,22
28.549757719039917,131
28.5665602684021,353
28.581570863723755,678
28.597143173217773,474
28.612892389297485,0
28.628387212753296,114
28.6444194316864,390
28.66009211540222,677
28.676217794418335,445
28.69233989715576,0
28.70767617225647,115
28.72372603416443,414
28.739108324050903,678
28.75424027442932,397
28.770358085632324,0
28.785651206970215,103
28.8009250164032,444
28.816301584243774,678
28.832183361053467,350
28.84828209877014,0
28.86438798904419,115
28.880366563796997,510
28.896286964416504,677
28.912266969680786,280
28.92826771736145,0
28.943771362304688,111
28.95976996421814,544
28.975809812545776,678
28.99118208885193,252
29.006737232208252,0
29.022762775421143,118
29.037951946258545,571
29.053900003433228,678
29.070000171661377,209
29.085757970809937,0
29.10057234764099,120
29.115903854370117,627
29.131549835205078,678
29.147563695907593,147
29.162978410720825,0
29.178166151046753,123
29.194164752960205,669
29.20970606803894,672
29.22570276260376,85
29.240872621536255,0
29.256251335144043,131
29.27200412750244,678
29.287197589874268,660
29.30276846885681,43
29.318299293518066,6
29.3337562084198,142
29.349224090576172,678
29.365670680999756,641
29.380196809768677,23
29.39622664451599,14
29.41176176071167,156
29.427541971206665,678
29.442960739135742,616
29.458964109420776,0
29.47459864616394,20
29.489973306655884,171
29.50567865371704,677
29.521345376968384,572
29.537343978881836,0
29.55334186553955,39
29.56887698173523,202
29.584312677383423,678
29.6001877784729,542
29.61551022529602,0
29.63151741027832,52
29.646514654159546,240
29.66256046295166,678
29.67774772644043,515
29.693779468536377,0
29.709306716918945,62
29.72448468208313,270
29.739975929260254,677
29.75607705116272,490
29.772033214569092,0
29.788013219833374,75
29.804020404815674,314
29.82014036178589,678
29.835460424423218,453
29.85069179534912,0
29.86668872833252,71
29.8821120262146,324
29.898157358169556,678
29.913939237594604,395
29.930062532424927,0
29.94607925415039,45
29.9611554145813,313
29.976439237594604,677
29.991861581802368,356
30.006843328475952,0
30.02198815345764,25
30.037364959716797,311
30.052353620529175,678
30.067686796188354,319
30.08368468284607,0
30.099726915359497,30
30.11532497406006,374
30.130525827407837,678
30.145450115203857,298
30.16045308113098,0
30.17669415473938,51
30.191866159439087,434
30.208306312561035,678
30.223305702209473,286
30.23843550682068,0
30.254307508468628,92
30.2701735496521,499
30.285725355148315,678
30.301737308502197,264
30.317264318466187,0
30.332813262939453,101
30.348849296569824,577
30.36459970474243,678
30.38007378578186,255
30.396116256713867,0
30.41217041015625,138
30.427680492401123,677
30.44346570968628,677
30.458985090255737,198
30.474560976028442,1
30.490459442138672,167
30.506479501724243,678
30.522324323654175,678
30.53752112388611,163
30.553609609603882,14
30.569621324539185,198
30.584805965423584,678
30.5999915599823,676
30.615710973739624,106
30.631144046783447,26
30.647160053253174,223
30.66318392753601,678
30.678815841674805,675
30.6938636302948,100
30.709104537963867,53
30.724957704544067,249
30.740464210510254,678
30.755991220474243,661
30.77141571044922,35
30.786800146102905,53
30.802804470062256,254
30.81832194328308,678
30.83332324028015,634
30.84859013557434,0
30.86446714401245,63
30.880340099334717,261
30.89583945274353,678
30.911239624023438,596
30.926528453826904,0
30.942188262939453,75
30.95778465270996,280
30.973245859146118,678
30.988452672958374,559
31.004477739334106,0
31.019546508789062,87
31.035096883773804,328
31.051077842712402,678
31.0666401386261,515
31.082645654678345,0
31.097936391830444,104
31.113953828811646,369
31.12917184829712,678
31.145192861557007,468
31.160990715026855,0
31.177016258239746,104
31.19215989112854,405
31.207887887954712,679
31.222627878189087,425
31.238618850708008,0
31.253661632537842,118
31.269227027893066,435
31.285279750823975,678
31.300536155700684,396
31.315770626068115,0
31.331178426742554,114
31.346533060073853,474
31.36209511756897,679
31.377267122268677,360
31.392465591430664,0
31.40772247314453,125
31.42371368408203,517
31.440032482147217,679
31.455040216445923,334
31.470537185668945,0
31.486533880233765,135
31.502560138702393,575
31.51844835281372,679
31.53372597694397,286
31.54898476600647,0
31.566031455993652,140
31.581008434295654,620
31.596014499664307,679
31.611079931259155,255
31.626625776290894,0
31.642157316207886,157
31.658130884170532,679
31.67405080795288,679
31.690037488937378,247
31.70609712600708,4
31.721672296524048,182
31.73672318458557,679
31.75203013420105,679
31.76751184463501,207
31.78354024887085,15
31.798603296279907,200
31.81477999687195,680
31.830859184265137,678
31.846600770950317,167
31.8620707988739,24
31.8773295879364,221
31.89339017868042,680
31.908618450164795,678
31.923990488052368,129
31.93923306465149,58
31.95471453666687,258
31.970715045928955,679
31.986475467681885,667
32.00143384933472,113
32.01773405075073,78
32.0322048664093,278
32.04770851135254,679
32.063716173172,661
32.08000993728638,103
32.094552516937256,115
32.10950183868408,298
32.12558317184448,679
32.141597270965576,620
32.15763711929321,48
32.173325300216675,99
32.18867087364197,286
32.20455360412598,679
32.21971845626831,592
32.235713481903076,29
32.25097942352295,103
32.26701211929321,304
32.28301024436951,679
32.29882454872131,573
32.31437969207764,25
32.330122232437134,116
32.34552454948425,334
32.3615357875824,679
32.377236127853394,560
32.3919723033905,22
32.40799903869629,107
32.42358040809631,341
32.43908882141113,680
32.455169677734375,531
32.470763206481934,6
32.48677468299866,127
32.50205850601196,369
32.51759719848633,680
32.53293561935425,495
32.5479257106781,0
32.56397533416748,127
32.580085039138794,401
32.59564924240112,679
32.61267018318176,491
32.62720990180969,4
32.64299559593201,158
32.65819573402405,457
32.67396068572998,680
32.68897867202759,470
32.704134941101074,6
32.72011995315552,170
32.736029386520386,517
32.75211763381958,679
32.76821804046631,418
32.784221172332764,1
32.799367904663086,184
32.814915895462036,584
32.83015775680542,679
32.845314502716064,381
32.86094045639038,6
32.87665414810181,194
32.89275646209717,631
32.90877079963684,679
32.92392706871033,355
32.93894004821777,14
32.954460859298706,225
32.97052717208862,679
32.98753118515015,679
33.00262689590454,337
33.018693923950195,36
33.034560203552246,239
33.04954695701599,680
33.06555914878845,680
33.08088493347168,281
33.09699487686157,26
33.11214327812195,222
33.1272873878479,679
33.142754316329956,680
33.158124685287476,200
33.17325043678284,13
33.18884992599487,198
33.20484161376953,679
33.22054171562195,672
33.23655939102173,67
33.25264525413513,13
33.26788115501404,174
33.28386688232422,679
33.300867319107056,643
33.31509590148926,16
33.33073401451111,19
33.34636831283569,178
33.36235427856445,679
33.37835669517517,628
33.3937041759491,50
33.40939688682556,49
33.4249792098999,218
33.44104218482971,679
33.45666742324829,588
33.47202825546265,15
33.48804497718811,61
33.50324058532715,235
33.51896858215332,680
33.53490924835205,561
33.55005884170532,21
33.56560230255127,79
33.58158874511719,254
33.59759712219238,680
33.61331009864807,528
33.628273487091064,20
33.643450021743774,89
33.65944242477417,274
33.67492604255676,679
33.69097065925598,505
33.70715117454529,40
33.721553802490234,127
33.73755979537964,327
33.752700090408325,679
33.7678496837616,459
33.78298783302307,22
33.798316955566406,137
33.81367516517639,351
33.829225063323975,680
33.84442853927612,434
33.860512256622314,11
33.875967025756836,131
33.89195680618286,386
33.90767240524292,679
33.92313838005066,408
33.93836951255798,19
33.95388054847717,150
33.969881772994995,432
33.986005783081055,679
34.00196647644043,399
34.0177001953125,27
34.03312635421753,172
34.04914832115173,475
34.064374685287476,674
34.07973861694336,356
34.095294713974,7
34.11028003692627,166
34.125808238983154,501
34.141552209854126,679
34.15711951255798,333
34.172956466674805,4
34.18895721435547,171
34.204710960388184,547
34.21999168395996,680
34.235551595687866,317
34.25163745880127,10
34.267616748809814,179
34.28316116333008,569
34.298335552215576,679
34.313745975494385,288
34.32893347740173,13
34.34497141838074,189
34.36044383049011,614
34.37566375732422,679
34.39066410064697,250
34.40665555000305,21
34.42272877693176,209
34.437931537628174,638
34.45490884780884,680
34.468897581100464,223
34.48458194732666,20
34.49981212615967,207
34.51561737060547,678
34.53027296066284,679
34.54627060890198,187
34.562100887298584,38
34.577670097351074,206
34.593528747558594,679
34.60913634300232,672
34.62437462806702,151
34.63962650299072,37
34.65557527542114,218
34.67057275772095,679
34.68615913391113,666
34.702195167541504,126
34.71810555458069,47
34.733790159225464,228
34.74887776374817,679
34.7643039226532,648
34.78030037879944,102
34.79635715484619,48
34.811623334884644,222
34.827173948287964,679
34.842795610427856,621
34.858776569366455,71
34.87452244758606,52
34.890106439590454,227
34.90612506866455,679
34.921494483947754,578
34.93750500679016,32
34.953569412231445,59
34.9694390296936,235
34.98549151420593,679
35.00071716308594,537
35.01647353172302,27
35.03115463256836,83
35.046568155288696,270
35.062642097473145,679
35.07780456542969,523
35.09380626678467,40
35.109416007995605,126
35.124555587768555,329
35.140565395355225,679
35.15586066246033,535
35.17132258415222,70
35.18653726577759,175
35.20243453979492,408
35.21864318847656,682
35.234185457229614,505
35.25024628639221,88
35.26577281951904,210
35.28185415267944,445
35.297887325286865,678
35.31388473510742,477
35.32892346382141,103
35.344350814819336,222
35.36011219024658,467
35.37547278404236,677
35.39143633842468,461
35.407315254211426,101
35.42259120941162,227
35.43758463859558,508
35.45315599441528,676
35.46850252151489,440
35.48449110984802,107
35.499473333358765,241
35.51468896865845,541
35.53064298629761,677
35.547499656677246,403
35.56175255775452,108
35.577762603759766,258
35.59339427947998,564
35.60944986343384,678
35.62531137466431,391
35.64052128791809,116
35.65680742263794,261
35.67272067070007,584
35.689302921295166,678
35.70338010787964,345
35.72033452987671,113
35.734333515167236,261
35.74966883659363,619
35.76553010940552,678
35.780993938446045,325
35.79601168632507,121
35.81116008758545,260
35.826570987701416,637
35.8424813747406,678
35.85846757888794,271
35.873883962631226,76
35.88939619064331,239
35.904691219329834,658
35.91989493370056,673
35.93491220474243,215
35.95050859451294,92
35.9659948348999,259
35.982032775878906,677
35.998159408569336,671
36.01420474052429,209
36.02976107597351,126
36.04473376274109,294
36.06015419960022,678
36.07538557052612,665
36.09077024459839,226
36.1060004234314,155
36.1211678981781,279
36.136224031448364,677
36.152260541915894,639
36.167760133743286,112
36.18374443054199,86
36.199442625045776,219
36.21525859832764,678
36.23047423362732,597
36.24657678604126,57
36.26258659362793,63
36.27771329879761,230
36.29374074935913,678
36.308873653411865,588
36.324371337890625,54
36.340179204940796,74
36.356096267700195,259
36.37126159667969,678
36.38723015785217,571
36.402345180511475,55
36.417943716049194,100
36.433475494384766,337
36.44877791404724,677
36.464160442352295,557
36.48011779785156,51
36.49537944793701,121
36.51053023338318,295
36.525707483291626,677
36.54118633270264,500
36.557196855545044,0
36.5723762512207,84
36.587674379348755,288
36.603652000427246,678
36.619577407836914,485
36.635186433792114,0
36.65038824081421,98
36.666396141052246,304
36.68210792541504,679
36.698091983795166,367
36.713220834732056,0
36.72875738143921,40
36.744094133377075,270
36.760109186172485,678
36.77546548843384,393
36.79097890853882,0
36.80702495574951,76
36.823036909103394,355
36.838948011398315,678
36.85433030128479,408
36.87034749984741,3
36.88643956184387,98
36.902486085891724,391
36.91771197319031,678
36.932870388031006,276
36.94899106025696,0
36.96434736251831,22
36.97967720031738,376
36.9956738948822,678
37.0110650062561,263
37.02713465690613,0
37.043097496032715,108
37.05805969238281,570
37.07413458824158,678
37.08928847312927,300
37.10502099990845,0
37.12109851837158,64
37.13652181625366,441
37.15151119232178,678
37.166743516922,189
37.18242383003235,8
37.19798731803894,161
37.213996171951294,657
37.22937035560608,678
37.244263887405396,163
37.260149002075195,1
37.27621126174927,90
37.29224705696106,613
37.30823349952698,677
37.32338833808899,110
37.33917498588562,0
37.355607986450195,94
37.37063670158386,658
37.385629653930664,677
37.401451587677,93
37.41688656806946,0
37.432647705078125,103
37.44818115234375,660
37.46419072151184,664
37.4802565574646,0
37.495967626571655,0
37.511160135269165,44
37.526530742645264,659
37.54177951812744,666
37.55755019187927,9
37.57374572753906,0
37.58883738517761,76
37.604854345321655,677
37.62069344520569,670
37.63648819923401,0
37.65209698677063,0
37.668097496032715,21
37.68411993980408,678
37.700191259384155,613
37.71578121185303,0
37.73117446899414,0
37.74715757369995,0
37.76276969909668,559
37.777979135513306,335
37.79382634162903,0
37.80981421470642,0
37.82498812675476,0
37.840210914611816,406
37.85618185997009,159
37.871434926986694,0
37.88708758354187,149
37.90245318412781,514
37.91790151596069,678
37.93394374847412,667
37.948981046676636,10
37.96471619606018,0
37.980761766433716,250
37.9966721534729,678
38.012001037597656,677
38.02759289741516,214
38.043155670166016,371
38.058573722839355,678
38.074647426605225,679
38.090261936187744,673
38.105425119400024,209
38.12064838409424,229
38.136208057403564,522
38.151424407958984,678
38.16657567024231,618
38.18176484107971,10
38.19775748252869,144
38.213332176208496,617
38.22915863990784,678
38.24516797065735,678
38.26070857048035,483
38.27604269981384,678
38.290913581848145,679
38.306949853897095,679
38.32293963432312,677
38.33815836906433,279
38.35362529754639,603
38.36964821815491,678
38.385106563568115,679
38.401230812072754,546
38.41648054122925,58
38.43216109275818,221
38.4476854801178,678
38.463521003723145,678
38.479119062423706,356
38.49513268470764,0
38.5111563205719,131
38.52612566947937,678
38.54221320152283,680
38.55817747116089,328
38.573713064193726,0
38.58903908729553,107
38.60458493232727,678
38.62005305290222,679
38.63616967201233,203
38.652283906936646,0
38.66810178756714,35
38.683894634246826,679
38.700329542160034,679
38.7153480052948,55
38.7313506603241,0
38.746543645858765,0
38.76210403442383,679
38.778257846832275,678
38.793859243392944,0
38.80990958213806,0
38.82547664642334,0
38.84146595001221,679
38.85715198516846,678
38.87290024757385,0
38.88795590400696,0
38.90325307846069,42
38.919252157211304,679
38.93423008918762,679
38.95032525062561,0
38.966469526290894,0
38.98151731491089,71
38.99750208854675,680
39.013588190078735,679
39.02894115447998,0
39.044153690338135,0
39.05942726135254,111
39.07542014122009,679
39.09154748916626,658
39.10741066932678,0
39.12320137023926,0
39.13862633705139,103
39.15464210510254,680
39.1698637008667,614
39.185450077056885,0
39.20098567008972,0
39.21698307991028,120
39.23255109786987,680
39.247774600982666,585
39.2637984752655,0
39.27979922294617,0
39.29578876495361,153
39.31078600883484,680
39.326847553253174,545
39.34237551689148,0
39.35795855522156,0
39.37402415275574,131
39.389772176742554,680
39.404802322387695,526
39.42094588279724,0
39.437039852142334,0
39.45304036140442,163
39.46857476234436,679
39.48441410064697,431
39.499738693237305,0
39.51562142372131,0
39.53137946128845,255
39.54678916931152,680
39.562331438064575,447
39.577982664108276,0
39.59326362609863,6
39.60863471031189,355
39.623297929763794,679
39.63861894607544,433
39.654629945755005,0
39.67029929161072,7
39.68639349937439,425
39.702072620391846,680
39.71738576889038,369
39.732933044433594,0
39.748234033584595,24
39.76409196853638,555
39.78014016151428,680
39.796125650405884,373
39.811830043792725,0
39.827335834503174,80
39.84340476989746,664
39.858593225479126,680
39.87393569946289,325
39.88993835449219,0
39.905399560928345,95
39.92077827453613,680
39.93619966506958,680
39.95225930213928,258
39.967639684677124,0
39.98310375213623,60
39.99911904335022,679
40.01427674293518,679
40.03024506568909,59
40.04623317718506,0
40.061235666275024,0
40.077232360839844,680
40.09324884414673,680
40.10857057571411,0
40.12364840507507,0
40.139174461364746,0
40.155287981033325,680
40.17137122154236,680
40.18734788894653,0
40.20298099517822,0
40.217998027801514,15
40.23335886001587,680
40.24853301048279,679
40.26400303840637,0
40.279202699661255,0
40.29524755477905,25
40.310633420944214,681
40.32626485824585,680
40.3414671421051,0
40.3574652671814,36
40.373281478881836,367
40.38927984237671,680
40.40521478652954,680
40.420398473739624,0
40.435959815979004,24
40.45133328437805,308
40.46647095680237,680
40.481831312179565,678
40.49784469604492,0
40.513103008270264,22
40.52892875671387,293
40.54491400718689,680
40.560927391052246,650
40.576926708221436,0
40.59279656410217,0
40.60828685760498,191
40.624056577682495,680
40.639578342437744,594
40.654781341552734,0
40.670878410339355,0
40.68634867668152,263
40.702414989471436,680
40.718085289001465,590
40.73310685157776,0
40.74845623970032,9
40.76386785507202,358
40.779613733291626,680
40.794755935668945,502
40.81016492843628,0
40.825772762298584,0
40.84116220474243,370
40.85708451271057,680
40.873146057128906,480
40.88854503631592,0
40.90402317047119,18
40.91921949386597,536
40.935025453567505,680
40.95019030570984,376
40.965182304382324,0
40.981117486953735,0
40.99674367904663,521
41.01277947425842,680
41.028160095214844,268
41.04366493225098,0
41.0597710609436,8
41.0755672454834,616
41.09157109260559,679
41.10754466056824,288
41.123607873916626,0
41.138744831085205,12
41.153727769851685,680
41.16925811767578,681
41.185242652893066,281
41.200929164886475,0
41.2166428565979,28
41.23313021659851,679
41.24758791923523,680
41.262571811676025,152
41.27759790420532,0
41.29294419288635,15
41.309027910232544,680
41.32443332672119,680
41.340476512908936,93
41.356369972229004,0
41.37236285209656,40
41.388354778289795,680
41.40450191497803,680
41.420140504837036,134
41.43566131591797,0
41.451761960983276,134
41.46676516532898,680
41.4825484752655,680
41.49823546409607,153
41.51419520378113,0
41.52970504760742,213
41.545705795288086,680
41.561279296875,680
41.57668948173523,81
41.59192085266113,0
41.607168197631836,234
41.623194217681885,680
41.6387152671814,679
41.65409827232361,0
41.669535875320435,0
41.68538475036621,220
41.70038318634033,680
41.715641021728516,680
41.7308874130249,0
41.74655795097351,0
41.7625675201416,201
41.77783751487732,680
41.7937273979187,680
41.8096604347229,0
41.82571721076965,0
41.84124970436096,217
41.85638689994812,680
41.87250280380249,680
41.888537645339966,0
41.903648138046265,1
41.91963052749634,229
41.93572974205017,680
41.95099925994873,675
41.966601610183716,0
41.98194932937622,42
41.99794006347656,357
42.01315402984619,680
42.02844834327698,677
42.04403638839722,0
42.0603449344635,87
42.074865102767944,470
42.08992290496826,680
42.105573892593384,621
42.121206760406494,0
42.136704206466675,62
42.15193223953247,500
42.16785407066345,679
42.183008670806885,626
42.19858932495117,0
42.214582443237305,146
42.229652881622314,572
42.245155572891235,680
42.26015901565552,550
42.27627968788147,0
42.291893005371094,58
42.30767869949341,478
42.32354116439819,680
42.3390212059021,465
42.3544819355011,0
42.37016797065735,43
42.38518404960632,524
42.401023626327515,680
42.41606831550598,444
42.431833267211914,0
42.447590351104736,82
42.4628427028656,680
42.47829461097717,679
42.49348998069763,445
42.50837993621826,0
42.523765563964844,144
42.539400577545166,680
42.55421257019043,680
42.56975769996643,395
42.5857892036438,0
42.602779150009155,128
42.61768913269043,679
42.63330364227295,680
42.64878869056702,278
42.664634704589844,0
42.680633306503296,89
42.6959388256073,680
42.71151876449585,680
42.72660279273987,124
42.74175405502319,0
42.75774025917053,48
42.77317142486572,680
42.78833746910095,680
42.80387902259827,66
42.81906247138977,0
42.834572553634644,229
42.8498752117157,679
42.86596488952637,326
42.88206744194031,0
42.898131370544434,142
42.91395926475525,631
42.9299578666687,680
42.9457426071167,272
42.96108794212341,0
42.97671937942505,147
42.99217867851257,679
43.0081901550293,680
43.02350449562073,227
43.038734674453735,0
43.054205894470215,189
43.070175886154175,677
43.085511445999146,678
43.100749492645264,215
43.115989208221436,3
43.13181138038635,213
43.14735746383667,678
43.16278958320618,678
43.178521156311035,150
43.19368362426758,11
43.208861112594604,233
43.22411513328552,678
43.23962736129761,678
43.25499701499939,91
43.27051639556885,18
43.286553621292114,240
43.3025381565094,678
43.31853747367859,677
43.33462476730347,21
43.3499493598938,29
43.3658971786499,254
43.381025314331055,678
43.39702033996582,678
43.41236996650696,0
43.428478717803955,41
43.44456124305725,278
43.45957326889038,678
43.475600719451904,670
43.49101686477661,0
43.50617599487305,52
43.52134704589844,286
43.536840200424194,678
43.551995277404785,664
43.568028688430786,0
43.58344626426697,61
43.59942817687988,293
43.61542749404907,678
43.63093543052673,641
43.646461725234985,0
43.661985635757446,84
43.67738938331604,319
43.693254232406616,678
43.70824384689331,595
43.724329471588135,0
43.73992872238159,108
43.75570273399353,356
43.77171039581299,678
43.78709411621094,573
43.80274701118469,0
43.81834125518799,119
43.833632707595825,390
43.84929966926575,678
43.86465787887573,528
43.88076066970825,0
43.89635896682739,132
43.91236996650696,444
43.92767310142517,678
43.942904233932495,466
43.958158016204834,0
43.973750591278076,138
43.98984241485596,494
44.005836725234985,678
44.021270990371704,438
44.03675413131714,0
44.052685260772705,165
44.06829643249512,593
44.08427596092224,679
44.09949612617493,400
44.115527629852295,0
44.13083291053772,172
44.14695882797241,673
44.162782430648804,678
44.17836141586304,372
44.19336771965027,0
44.209829330444336,183
44.223750591278076,678
44.23937678337097,678
44.25454330444336,313
44.26982378959656,0
44.285019636154175,203
44.301005840301514,678
44.31607937812805,679
44.33132815361023,283
44.34690833091736,1
44.3621928691864,214
44.37818384170532,678
44.3936505317688,678
44.40979504585266,244
44.42522859573364,1
44.440900802612305,205
44.456780433654785,678
44.47230339050293,677
44.48830842971802,155
44.50440955162048,3
44.52018737792969,208
44.53621435165405,678
44.55153799057007,678
44.56744027137756,66
44.582918882369995,8
44.59895157814026,218
44.614670276641846,678
44.63067317008972,678
44.64626145362854,15
44.662182092666626,20
44.677674293518066,245
44.69368863105774,678
44.70922374725342,676
44.72468948364258,0
44.74067163467407,20
44.75667071342468,232
44.77218747138977,678
44.78719353675842,662
44.80258846282959,0
44.81780934333801,33
44.83381247520447,249
44.84993076324463,678
44.864948987960815,647
44.8810076713562,0
44.896700382232666,47
44.912052154541016,265
44.92765164375305,678
44.943442583084106,599
44.958786725997925,0
44.9745888710022,63
44.99015140533447,294
45.00614356994629,678
45.021435022354126,565
45.03698778152466,0
45.0519757270813,77
45.06764841079712,318
45.08310151100159,679
45.09835934638977,528
45.11444544792175,0
45.12970447540283,89
45.1452739238739,352
45.16033697128296,678
45.17599940299988,499
45.19154191017151,0
45.20720195770264,95
45.222455978393555,403
45.23771786689758,678
45.253884077072144,462
45.26968502998352,0
45.28556513786316,106
45.30157136917114,478
45.31728386878967,678
45.33289980888367,418
45.34818148612976,0
45.36462068557739,120
45.37961387634277,540
45.39561367034912,678
45.411625146865845,397
45.42744851112366,0
45.44292163848877,123
45.45791697502136,597
45.47393250465393,679
45.4898362159729,369
45.50589418411255,0
45.52099680900574,146
45.536022663116455,663
45.55156421661377,679
45.567564249038696,327
45.5836706161499,0
45.59886384010315,145
45.61408090591431,678
45.62945032119751,678
45.64467406272888,273
45.65983581542969,0
45.6754207611084,167
45.69140386581421,678
45.70722246170044,678
45.72260284423828,228
45.73816418647766,0
45.75425338745117,175
45.769460916519165,678
45.78529381752014,678
45.80020880699158,136
45.81623959541321,4
45.831387996673584,194
45.846951723098755,677
45.862937688827515,678
45.878422260284424,110
45.89391326904297,4
45.909849405288696,195
45.92561960220337,678
45.941184997558594,678
45.95704960823059,42
45.97256517410278,14
45.98858332633972,215
46.00450325012207,677
46.020512342453,673
46.03632950782776,0
46.05195116996765,29
46.0669641494751,243
46.08221673965454,678
46.098217487335205,665
46.113940477371216,0
46.13000679016113,35
46.145987033843994,246
46.161916732788086,679
46.176910638809204,649
46.192952394485474,0
46.208155393600464,51
46.22314167022705,274
46.239256381988525,678
46.25479793548584,625
46.269838094711304,0
46.28585743904114,59
46.30192470550537,287
46.31716251373291,678
46.33319330215454,582
46.348734617233276,0
46.36445236206055,66
46.37958097457886,320
46.39462375640869,679
46.410635471343994,546
46.4267373085022,0
46.4416720867157,71
46.456915616989136,355
46.47236967086792,678
46.48839592933655,515
46.50433683395386,0
46.52033615112305,72
46.53590941429138,373
46.55104112625122,677
46.56629395484924,492
46.58151054382324,0
46.59712052345276,85
46.61311197280884,444
46.629133224487305,678
46.645206689834595,446
46.660433292388916,0
46.675602436065674,88
46.6909658908844,510
46.7069628238678,678
46.72297549247742,413
46.73800301551819,0
46.75382971763611,99
46.769689083099365,595
46.78484559059143,678
46.800859451293945,360
46.81588530540466,0
46.83129644393921,111
46.847108602523804,678
46.86214208602905,679
46.87766766548157,283
46.89311504364014,0
46.90813684463501,148
46.92343616485596,678
46.93825674057007,677
46.953832149505615,222
46.969401597976685,0
46.984726667404175,149
47.00060200691223,680
47.01660227775574,679
47.03174829483032,187
47.046897888183594,0
47.06172776222229,165
47.077553510665894,679
47.09357571601868,681
47.10899353027344,137
47.12416744232178,0
47.13966512680054,172
47.155638217926025,680
47.17138695716858,679
47.18737602233887,74
47.2033371925354,1
47.219340801239014,196
47.23434066772461,680
47.2498996257782,679
47.26593494415283,0
47.28180956840515,9
47.29731631278992,204
47.31257724761963,680
47.32857322692871,673
47.34409523010254,0
47.35925602912903,19
47.37531614303589,219
47.390992164611816,680
47.406975984573364,657
47.422627687454224,0
47.43817925453186,28
47.45341467857361,241
47.469398498535156,680
47.48442578315735,633
47.49984788894653,0
47.5152850151062,34
47.53079581260681,262
47.54672694206238,680
47.56271815299988,588
47.57876443862915,0
47.5943808555603,46
47.610512018203735,278
47.626280784606934,680
47.64279055595398,563
47.657796144485474,0
47.67322254180908,53
47.68865513801575,305
47.70392918586731,680
47.71964621543884,518
47.73565721511841,0
47.75133538246155,71
47.76664447784424,372
47.782071352005005,679
47.797642946243286,478
47.812925577163696,0
47.82904100418091,88
47.844480752944946,446
47.85998725891113,680
47.875415325164795,406
47.890618562698364,0
47.90574383735657,107
47.92101573944092,507
47.93713355064392,680
47.95227909088135,368
47.96777558326721,0
47.9831862449646,117
47.99919533729553,556
48.01452279090881,680
48.03054070472717,367
48.04651999473572,0
48.06256079673767,125
48.07757353782654,602
48.09280204772949,679
48.107988357543945,342
48.122864961624146,1
48.13789677619934,145
48.1538770198822,662
48.16917181015015,679
48.18536710739136,316
48.201141357421875,0
48.216472148895264,153
48.23248744010925,679
48.248358964920044,679
48.26450061798096,262
48.2805597782135,0
48.295817613601685,175
48.31163001060486,679
48.32765007019043,680
48.3428897857666,249
48.35777759552002,0
48.373759508132935,194
48.38912892341614,680
48.404682636260986,680
48.420785903930664,243
48.4362268447876,0
48.451762199401855,153
48.46785545349121,680
48.48309540748596,679
48.49868631362915,149
48.51446747779846,5
48.529155015945435,207
48.54487681388855,680
48.560981035232544,679
48.5769829750061,60
48.592183351516724,2
48.60737943649292,191
48.62298083305359,680
48.63853311538696,680
48.65368342399597,36
48.67070770263672,13
48.6850848197937,212
48.700371503829956,680
48.71638250350952,678
48.73210597038269,4
48.74808406829834,35
48.76408886909485,244
48.780083417892456,680
48.79612064361572,658
48.81158757209778,0
48.82763743400574,53
48.84364199638367,259
48.85908627510071,680
48.87425971031189,624
48.88948845863342,0
48.90547251701355,46
48.920835971832275,259
48.93597674369812,680
48.951876640319824,581
48.968899726867676,0
48.98397469520569,57
49.00006103515625,278
49.016093015670776,680
49.031341791152954,565
49.04694581031799,0
49.062942028045654,75
49.07811117172241,328
49.09387731552124,680
49.10960388183594,547
49.12521052360535,0
49.1402370929718,78
49.15582013130188,342
49.17125415802002,678
49.18631172180176,503
49.20143938064575,0
49.21826457977295,90
49.23336482048035,395
49.248549461364746,680
49.264533281326294,481
49.2795627117157,0
49.29568529129028,111
49.31125211715698,472
49.32651162147522,679
49.342464447021484,430
49.35803699493408,0
49.373252630233765,131
49.389264822006226,571
49.40456533432007,679
49.42073059082031,373
49.43599462509155,0
49.45140361785889,140
49.46650981903076,629
49.481873512268066,679
49.49791932106018,341
49.513242959976196,0
49.52868366241455,156
49.54421019554138,680
49.559589862823486,679
49.57478404045105,302
49.59029769897461,0
49.60588264465332,152
49.62191939353943,679
49.637144327163696,679
49.65283012390137,232
49.66867184638977,0
49.684720039367676,184
49.700799226760864,679
49.71611571311951,680
49.73147511482239,209
49.74736499786377,6
49.76239323616028,205
49.77755665779114,680
49.79362106323242,680
49.80960440635681,157
49.82462000846863,15
49.8398973941803,218
49.855828523635864,679
49.8709557056427,679
49.8869731426239,101
49.90274167060852,32
49.918158292770386,225
49.93379998207092,679
49.94936656951904,678
49.96465182304382,72
49.980318784713745,57
49.99579167366028,251
50.01189351081848,679
50.027941942214966,675
50.044475078582764,91
50.05975818634033,85
50.07453918457031,277
50.08970308303833,679
50.10551118850708,651
50.12068271636963,43
50.13585638999939,71
50.15100717544556,270
50.16700983047485,680
50.18296957015991,620
50.198951959609985,32
50.215017795562744,90
50.230210065841675,296
50.24645256996155,680
50.26208209991455,596
50.27820348739624,25
50.29400277137756,110
50.30969977378845,295
50.325233459472656,679
50.34126806259155,572
50.3569860458374,12
50.373024463653564,117
50.38855814933777,341
50.40408968925476,680
50.419493198394775,526
50.434776306152344,0
50.4507794380188,122
50.466785192489624,357
50.48286175727844,680
50.49812865257263,517
50.51354646682739,0
50.52950930595398,121
50.54597353935242,383
50.56201386451721,679
50.57800889015198,480
50.59320592880249,0
50.60824513435364,131
50.6242949962616,431
50.64029622077942,680
50.65610980987549,442
50.672158002853394,0
50.68725085258484,136
50.70330619812012,475
50.71881055831909,680
50.73485040664673,394
50.75008249282837,1
50.76606893539429,148
50.781455755233765,533
50.79754614830017,679
50.813496589660645,379
50.82948064804077,0
50.84550905227661,156
50.86152243614197,574
50.87721371650696,678
50.89320158958435,345
50.909212827682495,1
50.92420983314514,168
50.94004988670349,629
50.95608353614807,678
50.97158122062683,314
50.987335443496704,1
51.003331661224365,158
51.01854372024536,637
51.03463554382324,679
51.04983639717102,256
51.06543970108032,2
51.08142828941345,166
51.09750056266785,665
51.113439321517944,677
51.12919068336487,226
51.14519810676575,0
51.16049003601074,156
51.17580008506775,678
51.191877603530884,679
51.20786094665527,199
51.22386074066162,4
51.23903965950012,176
51.25434136390686,676
51.26983690261841,678
51.285287618637085,141
51.301276445388794,14
51.31717586517334,203
51.332438707351685,678
51.34821605682373,677
51.364579916000366,99
51.37937688827515,37
51.39472270011902,231
51.41050839424133,678
51.42565393447876,670
51.44166302680969,65
51.457693099975586,51
51.47360324859619,240
51.48970556259155,678
51.505690813064575,655
51.520894289016724,47
51.53608226776123,65
51.55132985115051,255
51.56665372848511,678
51.582680225372314,633
51.59867477416992,13
51.61396837234497,84
51.629942178726196,281
51.64509391784668,679
51.66041135787964,570
51.67571687698364,0
51.691142320632935,105
51.70651650428772,305
51.722200870513916,678
51.737669944763184,546
51.75310969352722,0
51.76803922653198,111
51.784034967422485,346
51.79918360710144,678
51.81489181518555,503
51.830893754959106,0
51.84637260437012,133
51.86165189743042,396
51.87748837471008,678
51.89247941970825,471
51.908480405807495,8
51.92351007461548,156
51.93945360183716,441
51.95522499084473,678
51.97072386741638,438
51.98679327964783,16
52.0020592212677,169
52.01909327507019,490
52.0340576171875,678
52.049596309661865,405
52.06560134887695,18
52.081634759902954,183
52.09674644470215,557
52.11242747306824,678
52.12849974632263,375
52.14368557929993,15
52.1588773727417,184
52.17403268814087,573
52.19098114967346,678
52.205931425094604,348
52.221927881240845,21
52.23793601989746,201
52.25320315361023,623
52.26940441131592,678
52.28442192077637,306
52.30047965049744,42
52.316123723983765,232
52.3321373462677,672
52.34823775291443,678
52.36381793022156,271
52.37983822822571,43
52.39561486244202,230
52.411617279052734,677
52.42712330818176,678
52.443137884140015,246
52.45859098434448,43
52.474576234817505,234
52.49058794975281,678
52.50604057312012,678
52.52205944061279,199
52.53811860084534,43
52.55340385437012,236
52.56941866874695,678
52.584750175476074,677
52.600093126297,140
52.61561679840088,49
52.63162565231323,242
52.64765906333923,678
52.663575649261475,665
52.6796441078186,88
52.695685148239136,62
52.711055517196655,260
52.72708439826965,678
52.74313521385193,645
52.7590389251709,56
52.7742862701416,77
52.790295362472534,268
52.8059868812561,678
52.82163619995117,617
52.837228775024414,31
52.852906942367554,85
52.86862349510193,280
52.88463473320007,678
52.900628328323364,586
52.91663694381714,22
52.93246626853943,91
52.94746971130371,287
52.96352696418762,678
52.97887873649597,541
52.99492073059082,6
53.010359048843384,107
53.025824308395386,309
53.04118061065674,678
53.056376934051514,517
53.07165050506592,5
53.086976766586304,117
53.102802991867065,342
53.11849904060364,678
53.13383483886719,496
53.149882793426514,1
53.16567540168762,121
53.18167328834534,370
53.196863889694214,678
53.21216678619385,465
53.22754263877869,0
53.243151903152466,141
53.25869798660278,422
53.27473545074463,678
53.29037046432495,429
53.30658936500549,0
53.3219211101532,143
53.338019371032715,454
53.35458016395569,678
53.37066459655762,411
53.38654112815857,0
53.40253281593323,156
53.41831016540527,494
53.43336892127991,678
53.44891667366028,394
53.46413612365723,9
53.4799919128418,160
53.4958176612854,532
53.51098418235779,678
53.52709341049194,378
53.543100357055664,10
53.55860757827759,189
53.5736289024353,560
53.58878207206726,679
53.604238748550415,338
53.620208740234375,12
53.636215686798096,184
53.65135407447815,597
53.66653823852539,678
53.68266153335571,303
53.697917222976685,23
53.71391034126282,207
53.72899794578552,664
53.74414610862732,678
53.75971245765686,274
53.774969816207886,24
53.790203332901,206
53.806244134902954,678
53.821876764297485,679
53.83797812461853,245
53.852999687194824,30
53.86816072463989,215
53.88417196273804,678
53.89983558654785,678
53.9153790473938,194
53.93077349662781,26
53.94676327705383,212
53.962570667266846,678
53.97805094718933,675
53.99334526062012,151
54.00850558280945,33
54.02393627166748,217
54.03999948501587,678
54.055129289627075,669
54.07064366340637,115
54.085967779159546,52
54.10115838050842,231
54.11719822883606,678
54.13310432434082,650
54.14825391769409,86
54.164316177368164,56
54.17947196960449,239
54.19557213783264,679
54.21086549758911,620
54.225992918014526,57
54.24201059341431,68
54.258132457733154,259
54.2741162776947,678
54.289634704589844,591
54.30528235435486,46
54.32049369812012,85
54.335970640182495,279
54.3520622253418,678
54.36726117134094,536
54.38239073753357,18
54.39849281311035,99
54.41383171081543,317
54.42901587486267,679
54.44501066207886,509
54.460689544677734,14
54.476731300354004,117
54.49261236190796,335
54.508625745773315,678
54.52366018295288,497
54.53877854347229,16
54.55478882789612,127
54.57035183906555,366
54.58593940734863,679
54.60093569755554,468
54.61695146560669,14
54.6322705745697,139
54.64771747589111,409
54.66338014602661,678
54.67937731742859,436
54.69539761543274,2
54.711334466934204,129
54.726603984832764,398
54.742528676986694,678
54.75783395767212,420
54.77332830429077,11
54.78938698768616,143
54.80466318130493,447
54.82064366340637,680
54.83659029006958,395
54.85171604156494,14
54.86776256561279,166
54.8831250667572,521
54.89912033081055,679
54.91458702087402,364
54.92975378036499,16
54.94577217102051,173
54.961296796798706,560
54.97736096382141,679
54.9933660030365,319
55.00860047340393,20
55.02449011802673,178
55.040003061294556,601
55.05527877807617,679
55.07061982154846,270
55.0864953994751,25
55.10180306434631,196
55.117733001708984,644
55.13381290435791,679
55.14983940124512,254
55.16503858566284,38
55.18040370941162,206
55.19590711593628,679
55.211822509765625,679
55.227832555770874,196
55.24291253089905,33
55.25833463668823,211
55.27420473098755,679
55.289204120635986,673
55.30520558357239,164
55.32106614112854,33
55.33716154098511,208
55.352380990982056,680
55.36762094497681,656
55.38311195373535,114
55.39915633201599,52
55.4148736000061,229
55.43015170097351,679
55.44520592689514,635
55.46076440811157,78
55.47603678703308,62
55.491907596588135,241
55.50713920593262,679
55.52310490608215,601
55.53857207298279,46
55.55461573600769,88
55.56985139846802,260
55.58500146865845,679
55.60105276107788,567
55.61713147163391,23
55.63227391242981,98
55.647661209106445,278
55.66299223899841,680
55.67835307121277,534
55.694074630737305,14
55.709296464920044,107
55.72529077529907,306
55.74072766304016,680
55.756736278533936,520
55.77218747138977,15
55.787686586380005,117
55.803669452667236,325
55.81937265396118,680
55.834656715393066,488
55.85072946548462,6
55.86615562438965,121
55.882163763046265,355
55.89763522148132,679
55.913142681121826,451
55.92843437194824,0
55.94443416595459,133
55.96045517921448,405
55.97602844238281,679
55.991129875183105,422
56.00683569908142,1
56.022918462753296,148
56.03860259056091,448
56.05459475517273,680
56.06973218917847,398
56.08582091331482,0
56.1018705368042,143
56.117916107177734,477
56.1334445476532,680
56.14948844909668,389
56.164754152297974,1
56.18044877052307,149
56.196449279785156,503
56.21211218833923,680
56.227723836898804,354
56.24368691444397,2
56.26069474220276,150
56.27523159980774,536
56.29053974151611,679
56.3061888217926,321
56.321505308151245,3
56.337422370910645,165
56.3534996509552,582
56.36896300315857,679
56.38420391082764,280
56.39974403381348,7
56.4157772064209,178
56.43137788772583,633
56.44727659225464,679
56.46356678009033,258
56.47788643836975,25
56.494019746780396,200
56.5101044178009,679
56.52577781677246,679
56.54189372062683,189
56.55791878700256,40
56.57397150993347,213
56.590092420578,679
56.606138944625854,668
56.622243881225586,135
56.637763261795044,61
56.65336632728577,230
56.668907165527344,678
56.684980392456055,649
56.70026087760925,110
56.71625375747681,62
56.732301235198975,240
56.74841618537903,679
56.76546621322632,631
56.779772996902466,77
56.7957444190979,74
56.81127047538757,237
56.82660984992981,679
56.84218120574951,607
56.85766816139221,63
56.872841358184814,88
56.888853549957275,259
56.90450859069824,679
56.92012119293213,584
56.93572020530701,47
56.9511501789093,98
56.96683478355408,282
56.98228192329407,679
56.998297929763794,538
57.01344609260559,13
57.02926468849182,97
57.044585943222046,284
57.060176372528076,680
57.07581424713135,510
57.0912082195282,10
57.10722088813782,103
57.12329578399658,309
57.13853049278259,679
57.15397000312805,475
57.169955253601074,0
57.18596291542053,118
57.20166611671448,346
57.21754765510559,680
57.23342800140381,444
57.249571323394775,0
57.26510262489319,133
57.28050971031189,406
57.29644560813904,679
57.31230568885803,417
57.32767033576965,5
57.34365153312683,151
57.358938217163086,461
57.37467098236084,681
57.390748739242554,390
57.40645456314087,6
57.42245078086853,166
57.43845200538635,506
57.454078912734985,680
57.46984243392944,350
57.48575210571289,17
57.50174570083618,178
57.51767683029175,539
57.53390574455261,676
57.54905366897583,299
57.56488585472107,13
57.57990288734436,179
57.59593105316162,575
57.61147379875183,679
57.62756872177124,266
57.64262557029724,38
57.657788038253784,214
57.67320418357849,649
57.68835377693176,679
57.70364809036255,215
57.719114780426025,43
57.734113454818726,223
57.750131607055664,679
57.76564168930054,679
57.78128147125244,161
57.79629039764404,57
57.81174993515015,229
57.82706880569458,682
57.84327721595764,669
57.85873770713806,112
57.87444233894348,63
57.89044380187988,238
57.905747175216675,680
57.921180725097656,644
57.93658757209778,66
57.95150828361511,74
57.967047691345215,242
57.98228168487549,680
57.99767208099365,607
58.013689041137695,39
58.02922534942627,86
58.04520606994629,256
58.061307191848755,677
58.07726693153381,542
58.09259390830994,6
58.107895374298096,96
58.12389945983887,283
58.13989973068237,679
58.15593361854553,516
58.17181611061096,15
58.1878182888031,111
58.20391774177551,312
58.219913721084595,679
58.23456025123596,468
58.25044298171997,5
58.26595735549927,126
58.28153991699219,348
58.29757022857666,680
58.313520431518555,427
58.32950162887573,6
58.344751596450806,136
58.36076641082764,375
58.376694202423096,679
58.39271545410156,414
58.408249616622925,16
58.423675298690796,154
58.4389967918396,437
58.45457053184509,678
58.46983194351196,372
58.48523926734924,23
58.50048518180847,162
58.51646590232849,471
58.5324649810791,680
58.54799509048462,346
58.56383991241455,19
58.57908487319946,166
58.59421968460083,500
58.6096031665802,679
58.62479305267334,315
58.64081144332886,18
58.65616512298584,170
58.67212438583374,547
58.68750810623169,678
58.70270538330078,276
58.7180700302124,19
58.73389029502869,184
58.74911642074585,590
58.76430702209473,677
58.77950167655945,231
58.79480218887329,26
58.810304164886475,196
58.826382637023926,652
58.842387676239014,677
58.85817313194275,187
58.87421536445618,49
58.88930010795593,215
58.904733180999756,678
58.920714139938354,674
58.935842514038086,131
58.9516282081604,49
58.96773099899292,205
58.98356509208679,678
58.99908089637756,660
59.014617919921875,97
59.03080368041992,49
59.0458562374115,215
59.061864614486694,679
59.07737874984741,641
59.09347057342529,67
59.109476804733276,62
59.12558317184448,230
59.14158749580383,681
59.15758204460144,614
59.17310285568237,48
59.189119815826416,79
59.204771757125854,244
59.220871448516846,678
59.23706364631653,583
59.252206325531006,42
59.26806998252869,88
59.28378081321716,244
59.29968047142029,679
59.31554579734802,550
59.331557273864746,29
59.34713578224182,106
59.363205909729004,281
59.37897181510925,678
59.39420557022095,503
59.40935039520264,18
59.42506551742554,117
59.44116711616516,316
59.456294298172,678
59.47190761566162,475
59.48790454864502,22
59.50304102897644,135
59.51905632019043,346
59.53447389602661,678
59.54993748664856,432
59.565227031707764,21
59.581424713134766,148
59.596638917922974,394
59.612549781799316,680
59.628631353378296,405
59.644646883010864,18
59.66035771369934,145
59.67610001564026,424
59.691301107406616,677
59.706456899642944,378
59.72229862213135,22
59.737669467926025,151
59.7535035610199,456
59.76855492591858,678
59.78354620933533,368
59.79869079589844,26
59.81439518928528,170
59.83067274093628,499
59.845805406570435,678
59.86096978187561,348
59.876240730285645,29
59.89146876335144,185
59.907514810562134,549
59.923373222351074,678
59.938535928726196,300
59.95401620864868,40
59.97027921676636,202
59.98495650291443,615
60.00082564353943,678
60.01681184768677,250
60.032100200653076,46
60.04714751243591,210
60.063254594802856,650
60.07838010787964,678
60.093560218811035,206
60.10874676704407,41
60.12406134605408,203
60.13942909240723,678
60.155500173568726,674
60.17035222053528,167
60.185630083084106,48
60.20113158226013,212
60.216479778289795,679
60.232460021972656,668
60.247790813446045,132
60.26388072967529,45
60.27942895889282,214
60.294466733932495,679
60.31046462059021,659
60.32647967338562,101
60.34254765510559,61
60.357890367507935,222
60.37346053123474,678
60.3894419670105,625
60.40644669532776,61
60.42138409614563,68
60.43664002418518,235
60.45211958885193,678
60.468116998672485,591
60.48330283164978,48
60.49867582321167,89
60.513619899749756,260
60.529438495635986,678
60.54483199119568,553
60.560107469558716,26
60.575162172317505,106
60.590364933013916,284
60.60591220855713,678
60.621893882751465,505
60.63704824447632,18
60.652997970581055,120
60.66902995109558,328
60.684770822525024,678
60.69990348815918,461
60.71578526496887,8
60.730931758880615,131
60.747013330459595,369
60.76261878013611,678
60.778162240982056,438
60.793935775756836,10
60.809974670410156,142
60.82511758804321,409
60.84054946899414,678
60.856563329696655,405
60.8721444606781,2
60.887603998184204,147
60.903379678726196,460
60.91919207572937,677
60.93420624732971,367
60.94963836669922,9
60.964903831481934,163
60.98065948486328,515
60.996718883514404,678
61.01221537590027,335
61.02921223640442,21
61.04383707046509,187
61.05887031555176,572
61.074410915374756,678
61.09001588821411,305
61.105984687805176,31
61.12199568748474,191
61.13806128501892,608
61.15388822555542,677
61.169227838516235,268
61.18473505973816,41
61.20010781288147,196
61.215731382369995,637
61.23172855377197,678
61.24759030342102,239
61.26275968551636,37
61.278316259384155,195
61.29452037811279,660
61.30951261520386,677
61.32518458366394,188
61.340909242630005,40
61.35778212547302,213
61.37232542037964,678
61.38831925392151,668
61.403481006622314,139
61.419570207595825,54
61.43476104736328,218
61.45008563995361,678
61.46613335609436,652
61.48175668716431,118
61.497809410095215,59
61.5138943195343,236
61.52999997138977,678
61.54519987106323,628
61.56066107749939,78
61.57581090927124,71
61.591928482055664,243
61.60711908340454,678
61.623185873031616,598
61.63918924331665,56
61.65521860122681,71
61.67033672332764,243
61.68631935119629,677
61.701465368270874,585
61.71660923957825,55
61.73259234428406,93
61.74799680709839,259
61.76404690742493,678
61.779953479766846,556
61.795939683914185,47
61.81193566322327,107
61.82820439338684,283
61.843135595321655,678
61.85921549797058,537
61.87522768974304,23
61.890772104263306,104
61.90676522254944,287
61.922385692596436,679
61.937660932540894,527
61.9536874294281,35
61.969738483428955,123
61.98489546775818,318
62.0002019405365,678
62.01626753807068,481
62.03225016593933,17
62.04862952232361,126
62.06424379348755,355
62.080238580703735,678
62.096240282058716,457
62.11141085624695,21
62.12666964530945,149
62.14242696762085,407
62.15767741203308,677
62.17357063293457,443
62.18956899642944,25
62.20502042770386,168
62.22029781341553,450
62.23580455780029,678
62.25143790245056,406
62.26658391952515,33
62.28252387046814,171
62.2986273765564,480
62.313889026641846,678
62.32997679710388,372
62.34579277038574,27
62.36116123199463,179
62.376224517822266,529
62.391603231430054,677
62.40710806846619,336
62.42276048660278,37
62.43877816200256,193
62.454901933670044,556
62.470619916915894,678
62.486687660217285,333
62.50177025794983,32
62.517780780792236,186
62.53322076797485,565
62.54841065406799,678
62.56472206115723,300
62.57925343513489,35
62.59524917602539,190
62.61110830307007,595
62.62669610977173,679
62.64270830154419,276
62.658655643463135,31
62.67447781562805,192
62.6895067691803,627
62.70508360862732,680
62.720264196395874,221
62.735268115997314,26
62.75132346153259,187
62.7665650844574,661
62.7817325592041,679
62.79740262031555,197
62.81340432167053,37
62.8286292552948,198
62.84464454650879,680
62.86015033721924,675
62.87571477890015,172
62.89112734794617,36
62.90634632110596,209
62.92237138748169,679
62.93834066390991,662
62.95437288284302,131
62.97041463851929,40
62.985924243927,213
63.002134799957275,679
63.017552614212036,652
63.032567501068115,111
63.04783010482788,56
63.06335663795471,224
63.0789794921875,679
63.095025300979614,618
63.11021089553833,67
63.126134157180786,61
63.14138221740723,231
63.15676712989807,679
63.17221975326538,606
63.187724113464355,51
63.203737020492554,71
63.21973657608032,244
63.23573708534241,680
63.250484228134155,581
63.265851736068726,26
63.281391620635986,86
63.29734444618225,255
63.312784910202026,679
63.32885122299194,525
63.34483361244202,10
63.3600959777832,98
63.37572383880615,289
63.39178514480591,680
63.40694451332092,505
63.42293071746826,1
63.438942193984985,107
63.45415544509888,324
63.4700973033905,679
63.48513221740723,464
63.50112795829773,10
63.51653265953064,126
63.53172779083252,364
63.5472457408905,679
63.563339710235596,437
63.57936072349548,8
63.594870805740356,133
63.61006259918213,399
63.6251323223114,680
63.64035201072693,395
63.65555500984192,11
63.67074012756348,144
63.68594312667847,442
63.70080757141113,679
63.71580672264099,369
63.73182821273804,8
63.747814416885376,156
63.76306676864624,464
63.77862238883972,680
63.79420447349548,367
63.80964779853821,13
63.825676679611206,163
63.841734886169434,500
63.857651710510254,680
63.87370276451111,352
63.88960671424866,7
63.90492486953735,157
63.921186447143555,535
63.936689376831055,678
63.95188021659851,318
63.96704077720642,20
63.98265075683594,176
63.99866199493408,580
64.01388430595398,680
64.02971386909485,278
64.04562497138977,24
64.06160259246826,191
64.07722759246826,619
64.09229612350464,679
64.10747694969177,243
64.12263131141663,39
64.13785696029663,204
64.15375208854675,679
64.16888642311096,678
64.18491411209106,198
64.20074653625488,29
64.215984582901,200
64.23183941841125,679
64.24790930747986,672
64.26397371292114,155
64.27978849411011,43
64.29501843452454,213
64.31103777885437,679
64.32705783843994,648
64.34240198135376,102
64.35853266716003,63
64.37379932403564,231
64.38904809951782,679
64.40418863296509,635
64.41966414451599,92
64.43531394004822,72
64.45137333869934,238
64.46738147735596,680
64.48301720619202,616
64.49892997741699,68
64.51493167877197,77
64.53005623817444,251
64.5460422039032,679
64.56231451034546,592
64.57720065116882,47
64.59268546104431,84
64.6086733341217,262
64.62468242645264,680
64.64056181907654,582
64.65668535232544,42
64.67254257202148,93
64.68733215332031,271
64.70248579978943,679
64.71846151351929,542
64.73448371887207,21
64.74948525428772,96
64.76549553871155,292
64.78136825561523,679
64.79705548286438,507
64.81274676322937,15
64.82862997055054,118
64.84453248977661,347
64.86036443710327,680
64.87577247619629,470
64.89144945144653,7
64.90731573104858,129
64.92332339286804,400
64.9393093585968,680
64.95486807823181,430
64.97066378593445,7
64.98676562309265,135
65.00219559669495,425
65.0181930065155,682
65.0335259437561,400
65.04952597618103,1
65.06496906280518,144
65.08042168617249,474
65.09645128250122,680
65.11207985877991,370
65.1273124217987,2
65.14321064949036,153
65.1589846611023,493
65.17447900772095,679
65.19008111953735,338
65.2061676979065,20
65.22193813323975,174
65.23734879493713,551
65.25332260131836,679
65.2686219215393,280
65.284175157547,30
65.299471616745,194
65.31548929214478,599
65.33147478103638,680
65.3479311466217,227
65.36293697357178,36
65.37816858291626,204
65.39389109611511,671
65.40987133979797,678
65.42540431022644,172
65.44082450866699,45
65.45688939094543,203
65.47213244438171,679
65.4877257347107,669
65.50381183624268,153
65.51949620246887,57
65.53543519973755,218
65.55142998695374,679
65.56664490699768,655
65.58212113380432,114
65.59803056716919,65
65.61405658721924,233
65.62933611869812,680
65.64534735679626,629
65.66066145896912,71
65.67667555809021,79
65.69239807128906,251
65.70839381217957,679
65.72438263893127,602
65.74024653434753,50
65.75588202476501,85
65.77291536331177,254
65.7874367237091,679
65.80293917655945,554
65.8183343410492,29
65.83435559272766,102
65.84975028038025,281
65.86551213264465,680
65.88104462623596,528
65.89677953720093,18
65.9122564792633,115
65.9282169342041,310
65.9441270828247,679
65.9591281414032,480
65.97515845298767,12
65.99122071266174,123
66.00724339485168,340
66.02246737480164,678
66.03773260116577,451
66.05290794372559,2
66.0685293674469,128
66.08375120162964,380
66.09967947006226,680
66.1156644821167,422
66.1308434009552,1
66.1469178199768,134
66.16225147247314,394
66.17748761177063,679
66.19308066368103,404
66.20845437049866,14
66.224196434021,160
66.23965334892273,462
66.25544810295105,680
66.27144718170166,382
66.28737807273865,20
66.3025529384613,167
66.31823968887329,496
66.33343768119812,679
66.34943842887878,359
66.36582446098328,20
66.38109421730042,167
66.39661717414856,531
66.41194987297058,679
66.42731809616089,321
66.44338965415955,19
66.45859885215759,178
66.47467827796936,567
66.48993563652039,679
66.50566864013672,256
66.5209698677063,26
66.53655958175659,184
66.55259585380554,620
66.56860423088074,678
66.58397388458252,213
66.59973168373108,37
66.61673879623413,204
66.63173604011536,662
66.64761590957642,677
66.6633152961731,178
66.67903470993042,45
66.69502282142639,210
66.71100497245789,678
66.72701787948608,663
66.74256038665771,129
66.75861859321594,48
66.77439093589783,210
66.7903687953949,679
66.80637001991272,653
66.8216552734375,110
66.83690690994263,70
66.85207390785217,237
66.86808109283447,678
66.88311076164246,629
66.8983986377716,80
66.91435360908508,78
66.92956209182739,243
66.9455463886261,677
66.96153807640076,601
66.97761225700378,50
66.99279046058655,83
67.00853896141052,252
67.02398872375488,678
67.03954124450684,565
67.05470776557922,36
67.07073044776917,88
67.08626389503479,276
67.10202240943909,678
67.11803603172302,536
67.13407826423645,13
67.15037822723389,110
67.16463470458984,299
67.17976641654968,678
67.19509744644165,491
67.21109557151794,4
67.22635626792908,118
67.24173903465271,329
67.2577314376831,677
67.27380156517029,455
67.28921914100647,5
67.30522274971008,133
67.3212342262268,384
67.3372528553009,678
67.35324835777283,424
67.36823892593384,0
67.3841643333435,136
67.39973187446594,419
67.41558003425598,678
67.43105506896973,400
67.44670295715332,7
67.4618489742279,150
67.47796392440796,453
67.4934446811676,677
67.5094382762909,372
67.52458477020264,10
67.54067063331604,156
67.556223154068,493
67.5722107887268,678
67.58826041221619,345
67.60435676574707,21
67.62042903900146,173
67.63642835617065,534
67.65204429626465,678
67.66708660125732,313
67.6825704574585,25
67.6981406211853,187
67.71405243873596,589
67.73007392883301,678
67.7454981803894,270
67.76033329963684,45
67.77640342712402,199
67.792489528656,626
67.8084762096405,677
67.82363772392273,247
67.83946895599365,51
67.85481858253479,208
67.87001180648804,647
67.88658165931702,678
67.90188598632812,206
67.91737413406372,54
67.93264961242676,215
67.94788932800293,678
67.96388649940491,671
67.97940111160278,165
67.99492168426514,63
68.01058387756348,215
68.02657699584961,678
68.0425865650177,661
68.05857944488525,132
68.0739426612854,73
68.08951354026794,221
68.10505604743958,678
68.12104916572571,647
68.13668298721313,111
68.15235018730164,84
68.16833972930908,247
68.18455767631531,677
68.19874548912048,615
68.21486234664917,75
68.23036050796509,93
68.24622535705566,254
68.26222133636475,678
68.27789378166199,578
68.29352188110352,66
68.30954360961914,110
68.32552552223206,273
68.34067249298096,678
68.35680198669434,559
68.37282109260559,57
68.38806509971619,114
68.40405702590942,293
68.41950678825378,677
68.43472981452942,513
68.44993019104004,35
68.46595191955566,124
68.48194360733032,325
68.49768877029419,678
68.51283144950867,486
68.52829837799072,36
68.54434895515442,134
68.55953097343445,366
68.57454085350037,679
68.58977627754211,459
68.60534977912903,22
68.62125253677368,135
68.63700127601624,404
68.65270829200745,678
68.66860675811768,418
68.68390917778015,11
68.6996717453003,144
68.71566390991211,468
68.73126697540283,678
68.74727058410645,370
68.7629873752594,15
68.77854228019714,171
68.79447174072266,525
68.80981683731079,678
68.82481217384338,346
68.84009861946106,23
68.85549902915955,181
68.87091660499573,580
68.8865110874176,678
68.90140175819397,303
68.91663813591003,32
68.93209934234619,198
68.94755291938782,622
68.96335101127625,679
68.9796974658966,268
68.99445343017578,33
69.0104386806488,205
69.02648520469666,675
69.04182243347168,678
69.05852580070496,182
69.07353568077087,50
69.08882689476013,214
69.10416221618652,679
69.11967444419861,672
69.13468623161316,147
69.14984369277954,49
69.16587424278259,217
69.18129801750183,678
69.1966724395752,657
69.2127628326416,119
69.2277717590332,48
69.24332118034363,216
69.25892472267151,678
69.27417826652527,644
69.2902934551239,114
69.30621337890625,74
69.32221722602844,242
69.33810591697693,678
69.35343670845032,616
69.36866593360901,80
69.38465762138367,83
69.40023970603943,249
69.41554713249207,678
69.43069911003113,576
69.44584560394287,62
69.46114206314087,115
69.47711777687073,273
69.49261522293091,679
69.50865364074707,530
69.52471327781677,42
69.54070210456848,100
69.55586457252502,273
69.57089233398438,678
69.58615136146545,500
69.60168147087097,20
69.61769485473633,99
69.63322520256042,282
69.64935159683228,678
69.66456961631775,504
69.67988753318787,15
69.69572710990906,98
69.71171045303345,299
69.72772145271301,678
69.74337816238403,470
69.75897192955017,15
69.77464413642883,116
69.7898678779602,344
69.80555152893066,678
69.82157111167908,439
69.83761787414551,2
69.85356426239014,125
69.86934447288513,400
69.88537645339966,678
69.90093278884888,410
69.91692042350769,5
69.93266129493713,134
69.94813418388367,438
69.96333575248718,678
69.97942876815796,376
69.99494504928589,3
70.01094889640808,150
70.02694487571716,500
70.04296159744263,678
70.05894303321838,335
70.07396340370178,3
70.08951330184937,150
70.10551142692566,532
70.12149739265442,678
70.13751363754272,307
70.1527087688446,7
70.16870880126953,163
70.18389010429382,574
70.19948244094849,677
70.21546363830566,261
70.23146510124207,10
70.24662280082703,176
70.2625892162323,628
70.27778959274292,677
70.29307460784912,239
70.30822420120239,16
70.32423901557922,188
70.34024095535278,678
70.35624027252197,676
70.37225317955017,177
70.38776779174805,36
70.40299129486084,208
70.4181444644928,679
70.43414449691772,668
70.45014333724976,154
70.46616005897522,39
70.48178601264954,216
70.4972894191742,679
70.5129177570343,660
70.52819895744324,129
70.5442750453949,51
70.5595190525055,227
70.57484769821167,679
70.59035444259644,633
70.60635876655579,91
70.6223738193512,70
70.63835597038269,239
70.6540834903717,679
70.66954016685486,603
70.68542003631592,63
70.70110845565796,89
70.71710896492004,263
70.73177719116211,679
70.7478039264679,577
70.76386976242065,56
70.77984738349915,93
70.79516696929932,270
70.81114435195923,679
70.82714867591858,548
70.84320640563965,42
70.85921669006348,108
70.87526845932007,291
70.89106273651123,679
70.90641188621521,512
70.9224100112915,29
70.9377760887146,116
70.95377326011658,323
70.96962380409241,680
70.9846339225769,475
71.0001630783081,24
71.01616215705872,134
71.03215980529785,349
71.04755902290344,679
71.06355285644531,437
71.07955837249756,22
71.09510540962219,148
71.11111950874329,404
71.12653970718384,679
71.14236903190613,406
71.15837025642395,17
71.17449069023132,144
71.18994355201721,440
71.20524382591248,680
71.2204155921936,388
71.23574209213257,13
71.25174021720886,152
71.26774048805237,484
71.28376030921936,680
71.29928970336914,351
71.31527042388916,14
71.33139252662659,164
71.34726595878601,538
71.36327147483826,679
71.37861037254333,302
71.39416027069092,15
71.41015911102295,178
71.42637491226196,581
71.44237565994263,680
71.45839262008667,262
71.47438621520996,25
71.48995685577393,190
71.50533270835876,632
71.52132964134216,678
71.53733110427856,254
71.55232954025269,20
71.56833004951477,187
71.58438563346863,660
71.59987759590149,679
71.61587572097778,222
71.6318747997284,27
71.64787936210632,197
71.66387963294983,680
71.67988610267639,670
71.69541025161743,152
71.71140789985657,36
71.7270929813385,210
71.74310970306396,680
71.75909423828125,663
71.77510285377502,135
71.79106402397156,56
71.80663108825684,225
71.82272243499756,680
71.83789873123169,646
71.85380339622498,109
71.86895489692688,67
71.88537859916687,239
71.90044569969177,680
71.916086435318,612
71.93164110183716,74
71.94744396209717,76
71.96338844299316,249
71.97909140586853,680
71.9942581653595,601
72.00999426841736,72
72.02522349357605,89
72.04048657417297,255
72.05595970153809,680
72.07135939598083,571
72.08708024024963,52
72.10320234298706,98
72.11849808692932,271
72.13409042358398,680
72.15019202232361,541
72.16513347625732,39
72.18033456802368,111
72.19673466682434,280
72.2115387916565,679
72.2275230884552,514
72.24316215515137,28
72.25858545303345,114
72.2741060256958,315
72.28929877281189,679
72.30501699447632,477
72.32049798965454,16
72.33601093292236,122
72.35114407539368,355
72.36629605293274,680
72.38215208053589,433
72.39753770828247,18
72.41266536712646,137
72.42878746986389,391
72.44430947303772,679
72.45953512191772,427
72.47506022453308,17
72.49134922027588,143
72.50792074203491,437
72.52400541305542,679
72.53962111473083,398
72.55517220497131,13
72.5712149143219,150
72.5862021446228,464
72.60198450088501,679
72.61722660064697,381
72.63325834274292,15
72.64891648292542,162
72.6649329662323,502
72.6800925731659,679
72.69595003128052,358
72.71130466461182,11
72.72736406326294,162
72.74308753013611,530
72.75817704200745,679
72.77344465255737,321
72.78887224197388,15
72.80447053909302,174
72.81980323791504,562
72.83533549308777,680
72.85064554214478,292
72.86617493629456,13
72.88200402259827,178
72.89709115028381,613
72.91312885284424,679
72.92832708358765,242
72.94354891777039,25
72.95928454399109,190
72.97568535804749,648
72.99094033241272,679
73.0072033405304,190
73.02293825149536,39
73.03824162483215,209
73.05351495742798,679
73.06875038146973,673
73.08455729484558,134
73.1004159450531,61
73.11608505249023,219
73.13198351860046,679
73.14713907241821,646
73.16322875022888,103
73.17855906486511,70
73.19394612312317,235
73.20938920974731,679
73.22457122802734,627
73.24006175994873,70
73.25619173049927,81
73.27193188667297,243
73.28723287582397,679
73.30314135551453,581
73.31862759590149,46
73.3343358039856,105
73.34950685501099,278
73.3653495311737,680
73.38142824172974,531
73.39727783203125,34
73.41281294822693,117
73.42858052253723,298
73.44466805458069,680
73.46039342880249,501
73.47622394561768,26
73.49213361740112,130
73.50727772712708,335
73.5230221748352,680
73.53876161575317,477
73.55436706542969,26
73.56972074508667,132
73.5857150554657,360
73.60159206390381,680
73.61716604232788,443
73.63318967819214,22
73.64853954315186,140
73.66455507278442,397
73.68057513237,679
73.696608543396,408
73.71217560768127,22
73.7275927066803,164
73.74242210388184,451
73.75777459144592,680
73.77312302589417,392
73.78912043571472,26
73.80516290664673,169
73.820241689682,487
73.835280418396,680
73.85132002830505,346
73.86730241775513,21
73.88304686546326,172
73.89888000488281,521
73.91424679756165,680
73.9301209449768,312
73.94610643386841,24
73.96138596534729,173
73.97749447822571,541
73.9924943447113,680
74.00765371322632,278
74.0232036113739,23
74.03841853141785,189
74.053555727005,582
74.06878972053528,680
74.08482694625854,269
74.10081648826599,23
74.11617350578308,187
74.13216400146484,625
74.14741015434265,680
74.16340351104736,203
74.17867970466614,23
74.19408082962036,201
74.20996141433716,668
74.2256247997284,679
74.24139881134033,175
74.25669074058533,41
74.27266526222229,205
74.28864741325378,679
74.30480170249939,667
74.32085371017456,132
74.33684515953064,40
74.35237979888916,210
74.36806511878967,678
74.38452482223511,647
74.3996512889862,105
74.41488265991211,58
74.4310142993927,221
74.44601368904114,678
74.46099495887756,619
74.47641491889954,60
74.49233841896057,73
74.50772547721863,244
74.52331709861755,677
74.53960371017456,582
74.55463790893555,39
74.57019782066345,83
74.58640432357788,260
74.60219931602478,677
74.61758375167847,530
74.63362693786621,11
74.6490306854248,98
74.66489839553833,282
74.68046689033508,678
74.69603157043457,509
74.71170043945312,9
74.72785806655884,107
74.74263858795166,315
74.75792527198792,678
74.77354502677917,483
74.78843235969543,10
74.804128408432,128
74.819650888443,349
74.83567810058594,677
74.85141348838806,449
74.8673484325409,18
74.88334846496582,126
74.89875102043152,366
74.91469764709473,677
74.93020796775818,420
74.94706106185913,9
74.96143102645874,149
74.97740936279297,432
74.99336886405945,678
75.00903677940369,381
75.02434158325195,7
75.03985452651978,160
75.05591249465942,475
75.07148027420044,678
75.08722925186157,358
75.10262537002563,9
75.11806321144104,158
75.13352751731873,519
75.1483736038208,678
75.16356992721558,332
75.17856001853943,22
75.19355058670044,168
75.2089216709137,548
75.22461080551147,678
75.24014616012573,304
75.25545763969421,18
75.2704427242279,175
75.28643012046814,574
75.30250358581543,677
75.31828737258911,255
75.3341314792633,25
75.35020613670349,199
75.3662338256836,644
75.38221216201782,678
75.39806866645813,211
75.41456747055054,41
75.4295916557312,191
75.44496750831604,661
75.46095204353333,677
75.4765260219574,177
75.49255967140198,39
75.50860142707825,206
75.5236885547638,678
75.53971242904663,672
75.5557918548584,159
75.57078003883362,41
75.58678102493286,205
75.60278344154358,678
75.6179268360138,662
75.63396763801575,113
75.64935874938965,49
75.6645655632019,233
75.67988419532776,678
75.6950032711029,627
75.71018743515015,68
75.72598934173584,75
75.74200320243835,256
75.75775098800659,678
75.77277517318726,611
75.78873443603516,43
75.8034896850586,68
75.81899976730347,238
75.83503699302673,678
75.85055565834045,588
75.86600470542908,25
75.88129234313965,81
75.89646792411804,267
75.9115560054779,678
75.92738914489746,544
75.94346785545349,18
75.95946049690247,97
75.97545075416565,294
75.99057745933533,677
76.00663232803345,535
76.02267479896545,31
76.03840136528015,144
76.05450439453125,324
76.06969928741455,678
76.08490228652954,499
76.10060119628906,4
76.11595702171326,111
76.13165783882141,330
76.14766383171082,678
76.16371893882751,458
76.17912673950195,0
76.1943211555481,118
76.21040415763855,372
76.22593259811401,678
76.24136590957642,453
76.25745987892151,1
76.2732264995575,134
76.28926229476929,428
76.30455780029297,678
76.31980037689209,420
76.3357424736023,19
76.35173654556274,164
76.36679863929749,471
76.38281393051147,678
76.39828562736511,381
76.41352677345276,37
76.42935967445374,173
76.44471311569214,499
76.45996141433716,678
76.47552227973938,341
76.49073052406311,21
76.50681972503662,174
76.52252650260925,533
76.53805804252625,678
76.5533139705658,314
76.57173657417297,30
76.58472871780396,188
76.60079455375671,602
76.61659932136536,678
76.63229966163635,238
76.64829087257385,40
76.66391849517822,198
76.67929029464722,628
76.69541335105896,678
76.7111086845398,246
76.72663521766663,44
76.74253678321838,209
76.75854396820068,668
76.77453947067261,678
76.79004073143005,235
76.80606889724731,44
76.82172846794128,209
76.83722400665283,677
76.85242509841919,672
76.86840915679932,205
76.88402128219604,54
76.90001058578491,220
76.9150025844574,678
76.93051266670227,671
76.9465844631195,172
76.96217632293701,50
76.97784900665283,227
76.99277257919312,678
77.00779294967651,659
77.02382850646973,146
77.03963136672974,65
77.05515027046204,223
77.07035112380981,678
77.08618831634521,643
77.10219287872314,105
77.1180956363678,77
77.13348174095154,238
77.14951872825623,678
77.16496682167053,621
77.18095517158508,85
77.1965069770813,78
77.21262550354004,236
77.22822451591492,678
77.24421119689941,595
77.2601888179779,53
77.27559900283813,92
77.29154753684998,257
77.30712532997131,678
77.32267546653748,562
77.33802199363708,42
77.3533833026886,101
77.36836838722229,253
77.38338255882263,678
77.39858841896057,541
77.4146089553833,30
77.43072509765625,100
77.44678711891174,282
77.46276760101318,678
77.47878432273865,509
77.49426317214966,16
77.50948691368103,113
77.52514815330505,322
77.5407440662384,678
77.5561671257019,457
77.57158279418945,7
77.586585521698,126
77.60217547416687,356
77.61787962913513,678
77.63250923156738,427
77.64850926399231,10
77.66452431678772,138
77.68034100532532,426
77.69583129882812,679
77.71165919303894,369
77.72690224647522,9
77.74249196052551,155
77.7574896812439,467
77.7733781337738,678
77.7887556552887,358
77.8048632144928,11
77.82048153877258,160
77.83587384223938,506
77.85191321372986,678
77.86791372299194,338
77.88321590423584,11
77.89852833747864,160
77.91401672363281,539
77.9299213886261,679
77.9455029964447,325
77.96160960197449,15
77.97687339782715,175
77.99287676811218,565
78.0088722705841,678
78.0240867137909,292
78.03954100608826,20
78.05490922927856,196
78.07046866416931,623
78.08651971817017,678
78.10206508636475,255
78.1186101436615,27
78.13413834571838,195
78.14971899986267,653
78.16552805900574,678
78.18166851997375,208
78.19657349586487,27
78.21180319786072,196
78.2277479171753,678
78.2437527179718,672
78.25885796546936,163
78.27485632896423,40
78.29034113883972,205
78.30554604530334,680
78.32056641578674,663
78.33597612380981,112
78.35132551193237,60
78.36705660820007,227
78.38305687904358,679
78.39905595779419,631
78.41512656211853,73
78.43067693710327,77
78.44680047035217,243
78.46235704421997,679
78.47834396362305,594
78.49422025680542,55
78.50985169410706,84
78.52459383010864,259
78.53978729248047,680
78.55578589439392,565
78.57185006141663,41
78.58704495429993,97
78.60245704650879,263
78.61850357055664,680
78.63328433036804,537
78.64883208274841,32
78.66420984268188,99
78.67948794364929,286
78.69530844688416,679
78.7106945514679,487
78.72676801681519,23
78.7423026561737,123
78.75815320014954,326
78.77510166168213,679
78.79014110565186,459
78.80620503425598,27
78.82129859924316,137
78.83737540245056,361
78.8528823852539,680
78.86839938163757,424
78.8844244480133,28
78.89968419075012,149
78.9150550365448,417
78.93058180809021,680
78.94607591629028,391
78.9615831375122,20
78.97846055030823,160
78.99344682693481,455
79.00947189331055,679
79.02467203140259,364
79.04037046432495,21
79.0564317703247,167
79.07175850868225,503
79.08702158927917,680
79.10304284095764,324
79.11837792396545,27
79.13402605056763,172
79.14961075782776,535
79.16482996940613,679
79.18037295341492,291
79.19572377204895,34
79.2109363079071,196
79.22619152069092,599
79.24225425720215,680
79.25725054740906,276
79.27324199676514,29
79.28923892974854,196
79.30500531196594,638
79.32099843025208,679
79.33705830574036,239
79.35211181640625,32
79.36811017990112,203
79.38409757614136,680
79.3994071483612,676
79.41425919532776,176
79.42964386940002,40
79.44445419311523,213
79.46044373512268,680
79.47609639167786,668
79.49136710166931,133
79.50683999061584,55
79.52268481254578,226
79.53866934776306,679
79.55467820167542,652
79.57056546211243,105
79.58638048171997,66
79.6014940738678,233
79.6165201663971,680
79.63132286071777,629
79.64710879325867,76
79.66325616836548,78
79.67857813835144,245
79.69356489181519,680
79.70961022377014,593
79.72514748573303,57
79.74128842353821,93
79.75575113296509,272
79.77092003822327,679
79.78691291809082,544
79.80230784416199,36
79.81776237487793,105
79.83285856246948,294
79.84884524345398,680
79.86496090888977,511
79.88107681274414,26
79.89607977867126,116
79.91159343719482,318
79.92682003974915,680
79.94281363487244,497
79.95798325538635,25
79.9740674495697,120
79.98934721946716,327
80.0053277015686,680
80.02047753334045,472
80.03603100776672,27
80.05157685279846,139
80.0665271282196,367
80.0820300579071,679
80.09805035591125,455
80.11359643936157,24
80.12901568412781,142
80.1438217163086,406
80.15905809402466,680
80.17512059211731,433
80.19094657897949,30
80.2069411277771,158
80.22294998168945,435
80.23827600479126,680
80.2543396949768,406
80.26966619491577,22
80.28566265106201,155
80.30114197731018,469
80.31654763221741,679
80.3321225643158,299
80.34763240814209,30
80.3637170791626,191
80.37913012504578,609
80.39508128166199,680
80.41054487228394,250
80.42650198936462,39
80.44249701499939,199
80.4582793712616,652
80.4740731716156,678
80.48984885215759,229
80.50521230697632,47
80.52041840553284,203
80.53632664680481,680
80.55183553695679,675
80.56776857376099,184
80.58374118804932,47
80.59841966629028,214
80.61343002319336,679
80.62893629074097,654
80.64414811134338,115
80.66114211082458,70
80.67525458335876,231
80.69141006469727,680
80.70687127113342,641
80.72285628318787,86
80.73811674118042,87
80.75411486625671,244
80.77022171020508,680
80.78626656532288,615
80.80184555053711,61
80.81674408912659,85
80.83227133750916,252
80.84770822525024,679
80.86353397369385,580
80.8786563873291,46
80.8938889503479,94
80.90908908843994,274
80.92464971542358,679
80.94009327888489,546
80.95616221427917,34
80.97165846824646,112
80.98766136169434,295
81.00344252586365,680
81.01945972442627,506
81.03476428985596,25
81.05021286010742,120
81.06621766090393,311
81.08203029632568,680
81.0975284576416,482
81.11358261108398,27
81.12909984588623,135
81.14479994773865,354
81.16081714630127,680
81.17639803886414,443
81.19206690788269,22
81.20777678489685,149
81.22319221496582,394
81.23832321166992,680
81.25431990623474,409
81.26948738098145,24
81.284747838974,163
81.30082678794861,444
81.31687068939209,680
81.33262515068054,397
81.34820938110352,33
81.3642361164093,168
81.37937903404236,471
81.39491558074951,679
81.41094279289246,374
81.42648458480835,31
81.44247388839722,169
81.45815443992615,495
81.47358393669128,679
81.4895989894867,339
81.50538659095764,32
81.52092456817627,177
81.53641819953918,519
81.55181407928467,679
81.56680989265442,310
81.58256840705872,38
81.59784770011902,187
81.6135106086731,570
81.62867522239685,679
81.64444851875305,275
81.66006755828857,43
81.67593097686768,204
81.69166994094849,623
81.70769095420837,679
81.72315049171448,225
81.73879075050354,43
81.75456833839417,205
81.77058243751526,679
81.78657341003418,676
81.80263471603394,163
81.81782245635986,52
81.83365416526794,211
81.84975981712341,679
81.86522316932678,666
81.88100218772888,123
81.8965175151825,66
81.91184377670288,226
81.92734813690186,679
81.9425208568573,648
81.9585349559784,96
81.97458815574646,69
81.98985052108765,227
82.00588202476501,680
82.0218870639801,630
82.03808927536011,73
82.05348205566406,65
82.06918573379517,236
82.08446407318115,680
82.10045552253723,620
82.11559724807739,71
82.13118314743042,76
82.14618110656738,247
82.16203379631042,677
82.17802548408508,586
82.19366359710693,43
82.20970797538757,90
82.22597670555115,264
82.24200820922852,678
82.25798869132996,549
82.27369952201843,33
82.28903079032898,103
82.30463290214539,287
82.32067108154297,678
82.33672595024109,513
82.35188889503479,19
82.36796259880066,110
82.38429856300354,300
82.39931654930115,677
82.41430497169495,481
82.43016910552979,18
82.44573378562927,125
82.46151471138,330
82.47750163078308,678
82.49287152290344,455
82.50821161270142,20
82.52411794662476,143
82.53971147537231,380
82.55570602416992,678
82.57071733474731,412
82.58618140220642,19
82.60224604606628,153
82.61761403083801,436
82.63316321372986,678
82.64863538742065,380
82.66466045379639,31
82.68065214157104,167
82.69664335250854,483
82.71255779266357,678
82.72810053825378,342
82.74358201026917,33
82.75947856903076,173
82.7750895023346,512
82.79109525680542,678
82.8067638874054,327
82.82199048995972,35
82.83667922019958,182
82.85183501243591,529
82.86725306510925,678
82.88302445411682,308
82.89781284332275,35
82.91313004493713,184
82.92862486839294,565
82.94401693344116,678
82.96006393432617,270
82.97608232498169,40
82.99131321907043,196
83.00698590278625,599
83.0222487449646,681
83.03779149055481,265
83.05355334281921,35
83.06965756416321,193
83.08564472198486,612
83.10080647468567,678
83.1159918308258,212
83.13191175460815,37
83.14705657958984,203
83.16310930252075,655
83.17804288864136,678
83.1938898563385,167
83.20917320251465,49
83.22431874275208,216
83.23983120918274,678
83.2554099559784,666
83.2702214717865,131
83.28542375564575,67
83.30047106742859,226
83.31587743759155,678
83.33181548118591,662
83.34787344932556,96
83.36390805244446,75
83.37990760803223,240
83.39592242240906,678
83.41123747825623,625
83.42716670036316,78
83.44307208061218,74
83.45908260345459,231
83.47509932518005,678
83.490483045578,606
83.50623822212219,59
83.52097392082214,89
83.53638339042664,248
83.5524275302887,678
83.56842827796936,574
83.584401845932,44
83.60038542747498,102
83.61640453338623,267
83.63167095184326,678
83.64768719673157,537
83.66304874420166,28
83.67915368080139,109
83.694744348526,286
83.71071696281433,678
83.72589039802551,516
83.74141240119934,26
83.75661492347717,121
83.7727062702179,299
83.78828978538513,678
83.80363368988037,487
83.81971406936646,18
83.83484840393066,127
83.85085844993591,339
83.86684727668762,677
83.88276433944702,435
83.89802265167236,14
83.91302537918091,137
83.9288158416748,372
83.94410872459412,677
83.9601001739502,406
83.97556114196777,8
83.9907009601593,139
84.00584959983826,410
84.0212254524231,677
84.03675556182861,407
84.05231714248657,21
84.06809878349304,155
84.08408188819885,443
84.09953761100769,678
84.11490058898926,371
84.13077640533447,23
84.14621996879578,168
84.16184139251709,482
84.17739081382751,678
84.19269704818726,353
84.20792198181152,18
84.2239305973053,164
84.24047923088074,515
84.2553722858429,678
84.2706093788147,329
84.28660535812378,17
84.30220103263855,179
84.31793427467346,561
84.33396339416504,677
84.34996008872986,282
84.36568546295166,27
84.38118267059326,189
84.39664030075073,600
84.41231942176819,677
84.42833876609802,250
84.44395565986633,27
84.45922636985779,195
84.47482776641846,652
84.49081492424011,678
84.50618934631348,207
84.52226614952087,35
84.53780317306519,202
84.55327939987183,677
84.57027554512024,673
84.58476185798645,153
84.59979629516602,45
84.61550998687744,219
84.63103008270264,678
84.64704179763794,664
84.66316843032837,129
84.67852973937988,53
84.69463324546814,221
84.71062684059143,678
84.72663164138794,636
84.74216723442078,76
84.75763821601868,59
84.77343726158142,232
84.7894377708435,678
84.80471348762512,608
84.82076144218445,62
84.83642339706421,89
84.8517713546753,250
84.86778807640076,678
84.88389754295349,580
84.8987865447998,44
84.91485738754272,98
84.93001365661621,269
84.94550061225891,678
84.96105861663818,544
84.97706937789917,33
84.99281334877014,99
85.00879001617432,292
85.02440476417542,677
85.03983283042908,517
85.05572485923767,27
85.0711817741394,121
85.08639645576477,328
85.10178709030151,678
85.1173357963562,472
85.13316345214844,21
85.14916205406189,130
85.16447639465332,354
85.17971611022949,678
85.19558882713318,458
85.21157431602478,15
85.22701907157898,146
85.24290323257446,401
85.25854778289795,678
85.274578332901,427
85.290030002594,9
85.30601859092712,148
85.32148170471191,429
85.33679008483887,677
85.35213088989258,409
85.36735987663269,9
85.38340067863464,153
85.3987045288086,465
85.41468930244446,678
85.43069839477539,362
85.44669818878174,12
85.46204590797424,148
85.4777193069458,465
85.493727684021,678
85.50932693481445,336
85.52544713020325,7
85.54101324081421,158
85.55702066421509,481
85.57228755950928,678
85.58818936347961,341
85.60385346412659,17
85.61973023414612,169
85.6356143951416,529
85.65115690231323,678
85.66634154319763,273
85.68151235580444,37
85.69724297523499,188
85.71236944198608,580
85.72741866111755,678
85.74283242225647,287
85.75888347625732,22
85.77411460876465,207
85.79010438919067,632
85.8062584400177,677
85.82251811027527,236
85.83671617507935,30
85.85230827331543,192
85.8683340549469,643
85.88430976867676,678
85.9003074169159,201
85.91535639762878,47
85.93095374107361,217
85.94696998596191,678
85.96241760253906,677
85.97756004333496,180
85.99274253845215,61
86.00774049758911,227
86.02772951126099,678
86.03943133354187,669
86.0554313659668,135
86.0709240436554,69
86.08698463439941,237
86.10283279418945,679
86.11884117126465,658
86.1342523097992,113
86.14955568313599,79
86.16474986076355,240
86.17983102798462,679
86.19500422477722,619
86.21039056777954,76
86.22552275657654,93
86.24118757247925,253
86.25622224807739,679
86.27137637138367,593
86.28650832176208,42
86.30204701423645,98
86.31718039512634,263
86.33298397064209,680
86.3481125831604,545
86.3637068271637,22
86.37978553771973,112
86.39530634880066,289
86.41131687164307,679
86.42662477493286,511
86.44214081764221,28
86.45816898345947,110
86.47337055206299,313
86.48931169509888,680
86.50532341003418,480
86.52048969268799,10
86.53572654724121,135
86.55115485191345,343
86.56716299057007,679
86.58222556114197,451
86.59823942184448,17
86.61441016197205,145
86.6285674571991,382
86.6440942287445,677
86.66004252433777,431
86.6751697063446,12
86.69125819206238,160
86.70624160766602,430
86.7219488620758,679
86.73763489723206,398
86.75342440605164,21
86.76947164535522,164
86.78583931922913,475
86.80152130126953,679
86.81752681732178,371
86.83333611488342,16
86.84855842590332,166
86.8645761013031,504
86.8800892829895,680
86.896160364151,343
86.91203832626343,24
86.92812657356262,168
86.94403147697449,552
86.95929479598999,680
86.97529625892639,297
86.9912223815918,27
87.00667715072632,192
87.02266573905945,600
87.03771901130676,680
87.0532763004303,249
87.06859946250916,40
87.0842661857605,208
87.10032510757446,664
87.11642694473267,680
87.13168907165527,201
87.14765620231628,52
87.16371846199036,216
87.17893528938293,679
87.19489216804504,674
87.21036624908447,170
87.2259509563446,58
87.24118494987488,213
87.25656533241272,679
87.27151250839233,659
87.28751230239868,120
87.30306434631348,62
87.31827664375305,230
87.33429956436157,679
87.34970736503601,650
87.3648567199707,98
87.38076901435852,88
87.39594602584839,257
87.41205501556396,679
87.42750692367554,613
87.44351577758789,65
87.45933437347412,106
87.47459840774536,268
87.49065375328064,680
87.50627374649048,566
87.52143287658691,52
87.53688263893127,118
87.55261301994324,282
87.56780481338501,679
87.58299255371094,532
87.59856986999512,31
87.61444139480591,115
87.6298565864563,297
87.645920753479,680
87.66183805465698,499
87.67724180221558,24
87.69322729110718,129
87.70872521400452,344
87.72398209571838,679
87.74006247520447,455
87.75549602508545,12
87.7707633972168,133
87.78653955459595,369
87.80153250694275,679
87.8175437450409,421
87.83297848701477,5
87.84856247901917,154
87.8640501499176,426
87.88004803657532,680
87.89515209197998,381
87.9112069606781,3
87.92648935317993,146
87.94200682640076,454
87.95802211761475,679
87.97408127784729,350
87.9892189502716,5
88.00472092628479,156
88.01986002922058,498
88.03540587425232,680
88.05143523216248,313
88.06624436378479,7
88.08177590370178,164
88.09694266319275,534
88.11249589920044,680
88.12845540046692,298
88.14392495155334,14
88.15999054908752,172
88.17543816566467,594
88.1906373500824,679
88.20644783973694,238
88.22243595123291,18
88.23769545555115,187
88.25310611724854,647
88.26909947395325,680
88.2847797870636,204
88.30029153823853,25
88.3153817653656,199
88.33128118515015,679
88.34700012207031,672
88.36288976669312,135
88.37808060646057,35
88.39407682418823,218
88.40965151786804,679
88.42565751075745,654
88.44112420082092,86
88.45675206184387,54
88.47236156463623,223
88.48842430114746,679
88.50415873527527,651
88.51957535743713,91
88.53714609146118,69
88.55213475227356,223
88.56760454177856,679
88.58259677886963,626
88.59778666496277,47
88.61376309394836,76
88.62979936599731,236
88.64521813392639,679
88.66068935394287,588
88.67664122581482,44
88.69263672828674,105
88.70793771743774,277
88.72311234474182,680
88.73876667022705,563
88.75422167778015,39
88.7696692943573,109
88.78512859344482,285
88.80061769485474,679
88.8162488937378,520
88.83425879478455,34
88.84781551361084,136
88.86386466026306,316
88.87910962104797,679
88.8946042060852,475
88.9105167388916,22
88.92582774162292,138
88.94101572036743,353
88.95622682571411,680
88.9711844921112,434
88.98715996742249,12
89.00252771377563,146
89.01806235313416,402
89.03324794769287,680
89.04842138290405,388
89.06389307975769,23
89.07934737205505,161
89.09494709968567,466
89.11025428771973,680
89.12726521492004,350
89.14230751991272,20
89.15746784210205,174
89.17344903945923,507
89.18938279151917,679
89.20485258102417,327
89.22045564651489,25
89.23700428009033,187
89.25229716300964,547
89.26833486557007,678
89.28432750701904,296
89.29952359199524,35
89.31550812721252,192
89.33129644393921,585
89.34659433364868,679
89.36259484291077,255
89.37840056419373,39
89.3932855129242,200
89.40930962562561,639
89.42485022544861,679
89.4403932094574,210
89.45642423629761,40
89.47247123718262,212
89.48761487007141,675
89.50277996063232,679
89.51888680458069,184
89.53492760658264,51
89.55094480514526,219
89.56689095497131,679
89.58205676078796,676
89.59804058074951,141
89.61333394050598,56
89.62878060340881,222
89.64390158653259,680
89.65896654129028,662
89.67466497421265,117
89.6896653175354,66
89.70576405525208,242
89.72101521492004,680
89.73625302314758,650
89.75178074836731,96
89.76779341697693,70
89.7832441329956,233
89.79905009269714,679
89.81478786468506,635
89.83068084716797,74
89.84582114219666,87
89.86169195175171,248
89.87771701812744,680
89.89294600486755,598
89.90837240219116,47
89.92429542541504,90
89.93982815742493,261
89.95579075813293,678
89.97125458717346,569
89.98639631271362,31
90.00238060951233,98
90.01797294616699,267
90.03366875648499,678
90.04885339736938,557
90.0648512840271,39
90.08030033111572,110
90.09603691101074,293
90.11120462417603,678
90.12664031982422,507
90.14259028434753,16
90.15868830680847,120
90.17410969734192,329
90.18995380401611,678
90.20595192909241,451
90.22156620025635,16
90.23756861686707,138
90.25307774543762,371
90.26908707618713,678
90.2841169834137,435
90.29976320266724,10
90.31559586524963,142
90.33135104179382,400
90.34711170196533,680
90.36314702033997,400
90.37832951545715,17
90.39432764053345,158
90.41007256507874,457
90.42555475234985,678
90.4411268234253,354
90.45702338218689,22
90.47228956222534,171
90.48778986930847,497
90.50330233573914,678
90.51868796348572,344
90.53475856781006,28
90.55029320716858,179
90.56632661819458,534
90.58239817619324,678
90.59802460670471,319
90.61355710029602,24
90.62959957122803,191
90.64528512954712,581
90.66118025779724,678
90.67637872695923,274
90.69244456291199,35
90.70754265785217,197
90.72364211082458,614
90.7392327785492,679
90.75498032569885,235
90.76999878883362,36
90.78511571884155,199
90.80075979232788,649
90.81651735305786,677
90.83171010017395,206
90.84727072715759,36
90.8624005317688,216
90.87837839126587,678
90.89386343955994,671
90.90972566604614,133
90.92575454711914,60
90.94124603271484,222
90.9572365283966,678
90.97330570220947,657
90.98929738998413,107
91.00531816482544,69
91.020747423172,240
91.03681635856628,678
91.05232501029968,634
91.06842589378357,84
91.08449959754944,85
91.099689245224,252
91.11504459381104,678
91.13106107711792,612
91.14656257629395,59
91.16226720809937,96
91.17745661735535,262
91.19306373596191,678
91.20916271209717,582
91.22520780563354,51
91.24145889282227,110
91.2574896812439,273
91.27307438850403,678
91.28848838806152,553
91.30386567115784,32
91.32089877128601,116
91.33557176589966,286
91.35110211372375,678
91.36666011810303,523
91.38258337974548,29
91.39824366569519,128
91.4142496585846,307
91.42985606193542,678
91.44557404518127,481
91.46168422698975,20
91.47715091705322,129
91.4928023815155,344
91.50819849967957,678
91.52423596382141,459
91.54029440879822,17
91.5556890964508,134
91.57168102264404,368
91.58782982826233,678
91.60285449028015,419
91.61880493164062,16
91.6342945098877,142
91.64985728263855,411
91.66585063934326,678
91.6814374923706,400
91.69682383537292,17
91.71230888366699,154
91.72828316688538,447
91.74380731582642,678
91.75913071632385,381
91.77462148666382,11
91.79033780097961,160
91.80628252029419,493
91.82143497467041,679
91.83657193183899,345
91.85254240036011,23
91.86803150177002,174
91.88398170471191,528
91.89943528175354,678
91.91553521156311,320
91.93054986000061,30
91.94636464118958,196
91.96169710159302,578
91.97770500183105,678
91.99300527572632,296
92.00820326805115,29
92.02420091629028,201
92.04129981994629,630
92.05581760406494,678
92.07183456420898,220
92.08782148361206,54
92.10323429107666,221
92.11942458152771,678
92.13462424278259,672
92.1500415802002,162
92.16611528396606,57
92.18203592300415,231
92.19805073738098,678
92.21325612068176,646
92.22917103767395,102
92.24487829208374,81
92.26081037521362,251
92.27687859535217,678
92.29287219047546,611
92.30792737007141,58
92.32388615608215,104
92.33959531784058,269
92.3551094532013,679
92.37111759185791,565
92.38698768615723,52
92.40259885787964,104
92.41870903968811,279
92.43394780158997,678
92.44946312904358,532
92.46534252166748,36
92.48061347007751,114
92.49576926231384,307
92.5113046169281,677
92.52666592597961,488
92.54183030128479,28
92.55769610404968,139
92.57379078865051,346
92.58902311325073,679
92.60436487197876,461
92.6203465461731,30
92.63638496398926,148
92.65192556381226,377
92.66793036460876,678
92.68392372131348,444
92.6991696357727,21
92.71518325805664,146
92.73048543930054,410
92.74606609344482,678
92.76197052001953,392
92.77758026123047,23
92.79297757148743,161
92.80843377113342,456
92.82366633415222,678
92.83901333808899,368
92.85455703735352,17
92.8698136806488,158
92.88497972488403,478
92.90018200874329,678
92.91622853279114,357
92.93166303634644,6
92.94721412658691,152
92.96263551712036,517
92.97891139984131,678
92.99389171600342,338
93.00906491279602,12
93.02506399154663,174
93.04099678993225,556
93.05658531188965,678
93.0726215839386,270
93.0885558128357,29
93.10456848144531,197
93.12061071395874,600
93.1359052658081,678
93.15148258209229,238
93.16691255569458,40
93.18288969993591,204
93.1989016532898,643
93.21466970443726,679
93.2303991317749,212
93.24650382995605,36
93.26237106323242,201
93.27836990356445,660
93.29360938072205,676
93.30899739265442,172
93.32482028007507,42
93.34084248542786,213
93.35638570785522,678
93.37167572975159,664
93.38769221305847,148
93.40308427810669,40
93.41908407211304,213
93.43413209915161,678
93.44973969459534,646
93.46525573730469,91
93.48106122016907,58
93.49715971946716,230
93.5128846168518,677
93.52887725830078,617
93.54460167884827,70
93.55979061126709,76
93.57579588890076,239
93.59097480773926,676
93.60632991790771,593
93.62170004844666,55
93.63774704933167,68
93.65340614318848,253
93.66859889030457,678
93.68425130844116,561
93.70007133483887,33
93.71569490432739,100
93.73097538948059,271
93.7465307712555,678
93.76182055473328,527
93.77783846855164,27
93.79345226287842,110
93.80897498130798,291
93.82495713233948,677
93.84022188186646,519
93.8559057712555,28
93.8711678981781,111
93.88717269897461,299
93.90317177772522,678
93.91911363601685,516
93.9344687461853,23
93.94961071014404,118
93.96562027931213,315
93.98060417175293,679
93.996413230896,457
94.0115385055542,19
94.02657556533813,141
94.04222846031189,357
94.05776643753052,679
94.07330441474915,429
94.08940362930298,17
94.1051721572876,144
94.12114787101746,384
94.13717699050903,680
94.15232419967651,436
94.16836047172546,14
94.18394494056702,143
94.20006036758423,425
94.21604657173157,679
94.23138189315796,408
94.24689531326294,15
94.2624888420105,152
94.27857398986816,466
94.29455900192261,680
94.30970525741577,368
94.32570338249207,14
94.34084820747375,157
94.35692739486694,514
94.37290859222412,680
94.388906955719,341
94.4042375087738,15
94.41944622993469,180
94.43465924263,555
94.4503800868988,679
94.46571326255798,288
94.48202800750732,24
94.49767804145813,191
94.51280617713928,590
94.52883768081665,679
94.54471373558044,259
94.55993342399597,24
94.57561326026917,197
94.59061598777771,626
94.60563659667969,680
94.6216242313385,255
94.63667345046997,26
94.65195441246033,205
94.6675615310669,667
94.68319988250732,680
94.69918489456177,199
94.71431255340576,46
94.73035168647766,215
94.74604272842407,680
94.76133942604065,677
94.7765748500824,169
94.79256820678711,50
94.80855536460876,226
94.82425332069397,680
94.83968949317932,662
94.85521960258484,119
94.87096571922302,56
94.88673973083496,228
94.9018874168396,680
94.91801071166992,641
94.93379735946655,93
94.94932341575623,61
94.9654107093811,252
94.98092317581177,680
94.99688673019409,616
95.01231336593628,73
95.02831864356995,71
95.04381132125854,240
95.05938458442688,680
95.07573246955872,580
95.0906434059143,29
95.10662746429443,81
95.12263679504395,263
95.13821148872375,680
95.1542637348175,539
95.16950869560242,24
95.18484807014465,104
95.20085430145264,296
95.21648621559143,679
95.23252582550049,503
95.24831223487854,18
95.26429963111877,114
95.28034710884094,323
95.29563856124878,680
95.31132411956787,491
95.32663869857788,19
95.34263920783997,122
95.35808038711548,363
95.37330651283264,679
95.38931322097778,436
95.40457725524902,15
95.42055869102478,155
95.4355890750885,413
95.45113730430603,680
95.46718740463257,404
95.48357677459717,23
95.4985682964325,169
95.51423978805542,456
95.53014373779297,679
95.54618620872498,386
95.56294512748718,23
95.57710981369019,170
95.59421825408936,498
95.6092300415039,680
95.6252281665802,349
95.64076256752014,27
95.65626192092896,181
95.67141270637512,542
95.68654727935791,679
95.70243120193481,282
95.71850299835205,39
95.73408007621765,206
95.74925208091736,587
95.76479864120483,679
95.77996444702148,264
95.79601216316223,41
95.81172609329224,215
95.82750248908997,641
95.84357047080994,679
95.85931396484375,230
95.87482690811157,32
95.89090657234192,211
95.90696668624878,657
95.92218089103699,678
95.93682742118835,183
95.95244455337524,41
95.96856546401978,213
95.98381924629211,679
95.99929666519165,671
96.01528787612915,156
96.03056120872498,43
96.04664158821106,217
96.06215786933899,679
96.07789492607117,657
96.09356260299683,112
96.10956645011902,67
96.12471652030945,238
96.13996124267578,680
96.15575361251831,634
96.17131495475769,79
96.18607687950134,87
96.20208382606506,245
96.21776556968689,680
96.23266744613647,612
96.2487063407898,59
96.2639045715332,89
96.27891778945923,257
96.29431223869324,679
96.30973100662231,569
96.32531833648682,41
96.34096813201904,84
96.35678195953369,265
96.37254762649536,680
96.38779807090759,546
96.40286612510681,14
96.41885113716125,105
96.43466663360596,277
96.44994139671326,679
96.46558713912964,535
96.48131394386292,27
96.49632096290588,103
96.51181483268738,283
96.52756714820862,680
96.54319739341736,518
96.5587728023529,16
96.57429099082947,102
96.59017133712769,286
96.60606074333191,680
96.62206673622131,479
96.63761639595032,6
96.65345668792725,129
96.66867423057556,327
96.68466329574585,680
96.69988965988159,469
96.71589159965515,12
96.73090410232544,132
96.74643635749817,356
96.7617871761322,680
96.77782845497131,439
96.79327726364136,0
96.80852174758911,129
96.82416462898254,391
96.83959412574768,680
96.85512351989746,420
96.87062215805054,6
96.88622879981995,148
96.9012451171875,427
96.91667604446411,680
96.93256378173828,377
96.94791316986084,12
96.96394324302673,154
96.97913002967834,463
96.99511241912842,680
97.01111459732056,352
97.02712917327881,9
97.04278349876404,159
97.05811190605164,491
97.07318568229675,679
97.08841753005981,329
97.10368323326111,6
97.11939024925232,177
97.13442897796631,518
97.1495931148529,680
97.16516065597534,305
97.18115782737732,15
97.19632911682129,179
97.21177649497986,543
97.22784757614136,680
97.24321508407593,292
97.25925421714783,18
97.27502298355103,192
97.29018473625183,596
97.30620646476746,681
97.32151675224304,272
97.33728647232056,29
97.35267233848572,204
97.36820340156555,645
97.38388633728027,679
97.39927840232849,202
97.41453719139099,46
97.42989540100098,214
97.44581890106201,679
97.46097230911255,671
97.47640132904053,144
97.49240303039551,57
97.50805950164795,228
97.5236234664917,680
97.53940391540527,660
97.5556972026825,115
97.57110810279846,72
97.58670210838318,235
97.60260939598083,680
97.61841797828674,635
97.63444566726685,82
97.650554895401,85
97.66546750068665,260
97.68062257766724,683
97.69660973548889,594
97.71223521232605,50
97.72786450386047,105
97.74360966682434,268
97.75903010368347,680
97.77477049827576,564
97.78977847099304,30
97.80525588989258,101
97.82129907608032,275
97.83705711364746,678
97.85310816764832,530
97.86847710609436,26
97.88451671600342,111
97.90056419372559,297
97.91609382629395,678
97.93200159072876,486
97.94701623916626,19
97.96255826950073,124
97.9783890247345,327
97.99375581741333,678
98.0089373588562,453
98.02415895462036,12
98.0401656627655,139
98.05601191520691,356
98.07104444503784,678
98.08592820167542,431
98.10194778442383,8
98.11712431907654,143
98.13258862495422,405
98.14822268486023,678
98.16429209709167,389
98.17955756187439,16
98.19533228874207,159
98.21077632904053,433
98.22675609588623,678
98.24205160140991,381
98.25725889205933,27
98.27324342727661,168
98.28850555419922,473
98.30428051948547,678
98.31960606575012,364
98.3356568813324,23
98.35067987442017,173
98.36622095108032,491
98.38229489326477,678
98.39841914176941,319
98.41369795799255,22
98.42942547798157,178
98.44521117210388,523
98.46074295043945,678
98.47673726081848,283
98.4919502735138,34
98.5072283744812,190
98.5224404335022,560
98.53843140602112,678
98.5544695854187,282
98.57026672363281,20
98.58594679832458,195
98.60143399238586,591
98.617436170578,678
98.632817029953,225
98.64828848838806,41
98.66296243667603,210
98.67896151542664,616
98.69418048858643,678
98.71007299423218,203
98.72538542747498,50
98.74146819114685,222
98.75727963447571,674
98.7720308303833,678
98.78778767585754,186
98.80380201339722,52
98.8189377784729,224
98.83493852615356,678
98.85095953941345,659
98.86612129211426,135
98.88152265548706,67
98.89701914787292,234
98.91242480278015,678
98.92842602729797,638
98.94442772865295,90
98.96023750305176,81
98.9754683971405,247
98.99148845672607,678
99.00750613212585,611
99.02349185943604,63
99.03868460655212,104
99.0539140701294,267
99.06931591033936,678
99.0844841003418,580
99.09992289543152,50
99.11534714698792,106
99.13132548332214,271
99.14703345298767,677
99.16242289543152,545
99.17842769622803,43
99.19431042671204,114
99.20930862426758,288
99.22457098960876,678
99.24058318138123,501
99.2565848827362,29
99.27267575263977,133
99.2878897190094,318
99.3036425113678,677
99.31878805160522,461
99.33386301994324,28
99.3493869304657,143
99.36454200744629,361
99.37970972061157,678
99.39491844177246,430
99.4101972579956,23
99.42618703842163,153
99.44166111946106,405
99.45734477043152,678
99.4726824760437,384
99.48864722251892,32
99.50448870658875,171
99.51966500282288,463
99.5356650352478,678
99.55173397064209,365
99.5673758983612,32
99.58316612243652,178
99.59842681884766,497
99.61356806755066,677
99.62875843048096,312
99.64428448677063,30
99.66045355796814,192
99.67657923698425,553
99.69206213951111,678
99.70806241035461,292
99.72405934333801,32
99.73968005180359,189
99.75570273399353,593
99.77072930335999,679
99.78670763969421,247
99.80271410942078,42
99.81871032714844,207
99.83439445495605,639
99.8499186038971,678
99.86548447608948,213
99.88147306442261,44
99.89650559425354,212
99.91180682182312,673
99.9278712272644,676
99.94375586509705,154
99.96085953712463,63
99.97599220275879,219
99.99153542518616,678
100.0068564414978,664
100.0226321220398,122
100.03864550590515,64
100.05463528633118,228
100.06981229782104,678
100.0858199596405,641
100.10165238380432,92
100.11778283119202,76
100.13320851325989,234
100.14889597892761,678
100.1649420261383,621
100.18094611167908,62
100.19692945480347,90
100.21281218528748,255
100.22890186309814,678
100.24411177635193,584
100.2601420879364,51
100.27568817138672,110
100.29176568984985,271
100.30775189399719,678
100.32275772094727,552
100.33874559402466,44
100.35411071777344,117
100.3692569732666,285
100.38525366783142,677
100.40062427520752,534
100.41661524772644,39
100.43261480331421,129
100.44785594940186,305
100.46337342262268,678
100.47906374931335,499
100.49552941322327,36
100.51120781898499,137
100.52675080299377,328
100.54215288162231,678
100.55827736854553,471
100.57362055778503,30
100.5896155834198,132
100.6049554347992,336
100.62095999717712,678
100.63643980026245,443
100.65247917175293,29
100.66855216026306,154
100.68411159515381,396
100.69953083992004,679
100.71475076675415,417
100.7307608127594,24
100.74684286117554,160
100.7623701095581,446
100.77844214439392,679
100.79338192939758,382
100.80868124961853,21
100.82423758506775,166
100.84026145935059,485
100.85615086555481,678
100.8717873096466,316
100.88779067993164,23
100.90330100059509,176
100.91895651817322,509
100.93502378463745,678
100.95089793205261,316
100.96642804145813,21
100.98246622085571,175
100.9984712600708,524
101.01405072212219,679
101.03043842315674,312
101.04543399810791,17
101.06129288673401,174
101.07739520072937,559
101.09256291389465,677
101.10862302780151,232
101.12461686134338,33
101.14061450958252,193
101.1566231250763,618
101.17233157157898,677
101.18756675720215,232
101.20355272293091,38
101.21944642066956,203
101.23443388938904,647
101.25049066543579,676
101.266672372818,196
101.28093075752258,44
101.29707336425781,202
101.31284618377686,678
101.32825136184692,667
101.34346151351929,138
101.35953259468079,66
101.37482786178589,231
101.39081335067749,678
101.40681266784668,649
101.42225861549377,108
101.4374852180481,77
101.45299172401428,239
101.46850371360779,682
101.48451566696167,629
101.49983310699463,103
101.51587152481079,81
101.53165984153748,251
101.54766392707825,678
101.56285500526428,612
101.57840013504028,74
101.59325575828552,113
101.60855150222778,271
101.62455582618713,678
101.64060521125793,572
101.65635323524475,50
101.67177438735962,113
101.68756055831909,279
101.70363759994507,680
101.7196843624115,545
101.73544120788574,49
101.75060677528381,120
101.76661705970764,296
101.78161478042603,679
101.79739594459534,496
101.81343841552734,26
101.82954287528992,131
101.84505534172058,333
101.86105990409851,680
101.87640166282654,457
101.89158391952515,21
101.9069516658783,135
101.92247104644775,361
101.93847227096558,679
101.95334315299988,440
101.96869397163391,17
101.98438286781311,146
102.0002133846283,412
102.01620101928711,679
102.03149127960205,387
102.04751324653625,23
102.06303691864014,160
102.07860660552979,447
102.09457039833069,679
102.11059403419495,363
102.12664079666138,24
102.14237523078918,171
102.15774917602539,489
102.17350506782532,680
102.18875670433044,362
102.20389795303345,17
102.21945548057556,162
102.23488593101501,510
102.25095343589783,680
102.2666265964508,312
102.28249287605286,37
102.29770350456238,193
102.31311631202698,552
102.32889175415039,680
102.34492564201355,288
102.36094665527344,31
102.37650322914124,192
102.39250659942627,594
102.40815758705139,680
102.4234573841095,238
102.43944311141968,38
102.45445251464844,204
102.47054123878479,649
102.48654437065125,679
102.50215315818787,176
102.51763916015625,51
102.53363847732544,213
102.54896259307861,679
102.56439757347107,671
102.57976412773132,167
102.5957555770874,60
102.61177015304565,219
102.62775897979736,679
102.6435821056366,654
102.6596097946167,125
102.67511796951294,73
102.69050860404968,240
102.70630073547363,679
102.72156596183777,632
102.73756670951843,96
102.75277423858643,95
102.76858949661255,248
102.78380465507507,679
102.79982614517212,606
102.81586360931396,85
102.8318543434143,110
102.84786105155945,264
102.86325716972351,680
102.87924838066101,591
102.8953058719635,69
102.91130518913269,110
102.927316904068,271
102.94318842887878,679
102.95836162567139,546
102.97318863868713,47
102.98918914794922,120
103.00437498092651,287
103.02025580406189,680
103.03616499900818,522
103.0514075756073,45
103.06667160987854,121
103.08190560340881,314
103.09788060188293,680
103.11322045326233,501
103.12857556343079,37
103.14376902580261,128
103.15896725654602,321
103.17479872703552,680
103.19007062911987,456
103.20597624778748,26
103.22116923332214,145
103.23632287979126,372
103.25206470489502,680
103.26796913146973,419
103.28396320343018,16
103.29909801483154,146
103.31493639945984,415
103.33074140548706,679
103.346759557724,384
103.36279273033142,17
103.3784008026123,159
103.39447736740112,479
103.41048288345337,679
103.42622447013855,300
103.44224643707275,26
103.45728516578674,173
103.47283411026001,513
103.4885356426239,679
103.50457406044006,303
103.52056431770325,31
103.53643488883972,178
103.5523509979248,543
103.56821775436401,679
103.58372855186462,299
103.59903955459595,28
103.61441564559937,193
103.6300277709961,580
103.64608812332153,680
103.66156387329102,263
103.67769742012024,31
103.69299578666687,193
103.7079963684082,640
103.72378158569336,678
103.73985743522644,162
103.75586032867432,49
103.77141952514648,214
103.78747963905334,678
103.80287480354309,663
103.81837916374207,123
103.83436322212219,68
103.85042953491211,226
103.86637783050537,680
103.88131070137024,641
103.89830803871155,103
103.91329312324524,78
103.92839527130127,233
103.9436092376709,680
103.95958089828491,614
103.97565150260925,58
103.99165439605713,83
104.00708651542664,247
104.0226640701294,679
104.03818464279175,586
104.05344462394714,62
104.06901693344116,108
104.08503007888794,269
104.10105681419373,679
104.11806416511536,548
104.13242411613464,45
104.1484100818634,117
104.1637556552887,293
104.17968893051147,680
104.19541907310486,538
104.21102786064148,52
104.22702670097351,129
104.242746591568,311
104.25879955291748,680
104.27399611473083,492
104.28921627998352,46
104.30475568771362,154
104.3197374343872,348
104.33503580093384,678
104.35072112083435,457
104.36604404449463,26
104.38300442695618,143
104.3974974155426,356
104.41355037689209,679
104.42956256866455,421
104.444979429245,17
104.4610013961792,146
104.47593474388123,374
104.49148893356323,679
104.50681471824646,398
104.52211999893188,19
104.53794646263123,146
104.55382490158081,412
104.56972312927246,680
104.58506655693054,360
104.60093593597412,14
104.61693787574768,157
104.63222932815552,479
104.6482298374176,679
104.66422295570374,309
104.68008828163147,10
104.69589304924011,164
104.7110207080841,527
104.72616481781006,679
104.74156665802002,251
104.75759291648865,24
104.77343487739563,183
104.7886049747467,555
104.80419158935547,679
104.81993317604065,258
104.83599209785461,23
104.85156607627869,180
104.8676028251648,595
104.883549451828,679
104.8991003036499,235
104.91515564918518,24
104.93094778060913,183
104.94609570503235,632
104.96123719215393,679
104.97677803039551,183
104.99208283424377,44
105.00808835029602,202
105.02415084838867,667
105.04012608528137,675
105.05618047714233,156
105.07088828086853,46
105.08618116378784,209
105.10195398330688,680
105.11705613136292,655
105.13256859779358,125
105.14855551719666,63
105.16432666778564,229
105.1798677444458,680
105.19504880905151,634
105.21104454994202,87
105.22655725479126,78
105.24195384979248,239
105.25801920890808,680
105.27328276634216,605
105.28826975822449,63
105.30402565002441,92
105.32007884979248,257
105.33543610572815,680
105.3507308959961,565
105.3667299747467,47
105.38224363327026,100
105.39754104614258,268
105.41334414482117,679
105.4296224117279,533
105.44463896751404,38
105.45967030525208,111
105.47494888305664,289
105.4904568195343,679
105.50579690933228,503
105.52094531059265,25
105.53693294525146,125
105.55225276947021,330
105.56830549240112,680
105.58404326438904,461
105.60003089904785,22
105.6160180568695,137
105.63143277168274,365
105.64676928520203,679
105.6627585887909,417
105.67823076248169,18
105.69337964057922,144
105.70940041542053,419
105.72453188896179,678
105.7397072315216,390
105.75503945350647,22
105.77028512954712,162
105.78541898727417,452
105.80058240890503,678
105.81660151481628,379
105.83270502090454,17
105.84811902046204,172
105.86385130882263,507
105.87906861305237,677
105.89505672454834,325
105.91131663322449,27
105.9270646572113,190
105.9422459602356,553
105.957848072052,678
105.97336721420288,292
105.98935437202454,37
106.00455093383789,186
106.01972794532776,584
106.03499150276184,680
106.0509877204895,252
106.06702613830566,30
106.08216309547424,199
106.09783959388733,629
106.11393928527832,677
106.1299421787262,191
106.14543008804321,42
106.16057419776917,206
106.17624020576477,676
106.19221115112305,673
106.20823502540588,179
106.22347521781921,44
106.23947477340698,216
106.25461435317993,678
106.26979947090149,664
106.28536009788513,149
106.30076599121094,48
106.31577897071838,208
106.331866979599,678
106.34701251983643,629
106.36302638053894,57
106.37856078147888,73
106.39393067359924,236
106.40951466560364,678
106.42477035522461,614
106.44086599349976,55
106.45687532424927,91
106.47239422798157,256
106.48791098594666,678
106.50292730331421,585
106.51818680763245,61
106.53424501419067,93
106.55029559135437,268
106.56557011604309,677
106.58095359802246,533
106.59695219993591,38
106.61182594299316,107
106.62786769866943,279
106.64352869987488,677
106.65958213806152,497
106.67507123947144,19
106.69105744361877,106
106.70641613006592,316
106.7224018573761,678
106.73840236663818,481
106.75372219085693,25
106.76938819885254,139
106.78536534309387,339
106.80078840255737,677
106.81664299964905,446
106.83264970779419,26
106.8486750125885,151
106.86473512649536,360
106.8804452419281,677
106.8953013420105,419
106.91131567955017,35
106.9273829460144,160
106.94350004196167,418
106.95888686180115,678
106.97531151771545,393
106.99033784866333,31
107.00548577308655,173
107.02131676673889,440
107.03649973869324,677
107.05252122879028,388
107.06809759140015,30
107.08328294754028,172
107.09851837158203,481
107.1145658493042,678
107.13057327270508,339
107.14633369445801,37
107.16234540939331,180
107.17825984954834,519
107.19447493553162,678
107.20947074890137,320
107.22470355033875,37
107.24007940292358,184
107.25543522834778,545
107.27098941802979,678
107.28652620315552,315
107.30180358886719,30
107.31798338890076,189
107.33331513404846,595
107.34869122505188,678
107.36426544189453,237
107.37999033927917,45
107.39598965644836,214
107.41154170036316,656
107.42757225036621,676
107.44356322288513,168
107.45913696289062,60
107.4760673046112,229
107.49115419387817,678
107.50715374946594,660
107.52241826057434,121
107.53796625137329,65
107.5531837940216,228
107.56842851638794,677
107.58396029472351,633
107.59997296333313,83
107.61523485183716,74
107.63095712661743,234
107.64702367782593,677
107.66301417350769,590
107.67825937271118,45
107.69406127929688,95
107.71002340316772,253
107.72530603408813,678
107.74118661880493,549
107.75713229179382,30
107.77240514755249,103
107.78764748573303,274
107.80364394187927,678
107.8196394443512,526
107.83480954170227,19
107.85086989402771,105
107.86669659614563,294
107.88280320167542,678
107.8984591960907,459
107.9136278629303,14
107.92892980575562,133
107.94500637054443,340
107.9606716632843,678
107.9766960144043,424
107.9926929473877,13
108.0078957080841,139
108.02367353439331,366
108.0396842956543,678
108.05569005012512,416
108.07119083404541,0
108.08674621582031,131
108.10279679298401,421
108.11852717399597,678
108.13388204574585,375
108.14938688278198,5
108.1645655632019,155
108.18004822731018,464
108.19507169723511,679
108.2106990814209,327
108.2258563041687,5
108.24098515510559,159
108.25613498687744,481
108.27175331115723,680
108.28697037696838,328
108.30298113822937,12
108.31858158111572,168
108.33439540863037,538
108.35011839866638,677
108.36578106880188,271
108.38132739067078,26
108.39660692214966,183
108.41268062591553,590
108.427983045578,677
108.44398188591003,219
108.46005940437317,35
108.47530341148376,192
108.49115061759949,615
108.50672340393066,677
108.52260112762451,210
108.53861451148987,36
108.55461025238037,203
108.57062554359436,650
108.58649921417236,675
108.6014997959137,174
108.61749768257141,48
108.63281512260437,205
108.64864373207092,678
108.6646945476532,663
108.68036985397339,138
108.69635772705078,53
108.71129488945007,228
108.72698855400085,679
108.74270248413086,652
108.75927591323853,108
108.77428197860718,84
108.78950691223145,239
108.80504751205444,678
108.82071280479431,628
108.83593964576721,103
108.85192656517029,87
108.86802339553833,246
108.88379049301147,678
108.89949178695679,615
108.91552066802979,77
108.93133926391602,99
108.94663619995117,260
108.96248388290405,678
108.9785144329071,588
108.99422788619995,67
109.00990295410156,113
109.0254225730896,265
109.04090285301208,678
109.05603909492493,565
109.07206535339355,57
109.08761143684387,106
109.10367369651794,271
109.1190071105957,678
109.13411283493042,543
109.15015292167664,43
109.16620135307312,123
109.18171620368958,301
109.19783639907837,678
109.21335434913635,493
109.22936820983887,37
109.24496507644653,134
109.25970101356506,328
109.27496552467346,678
109.29060196876526,467
109.30695962905884,21
109.32196140289307,130
109.33735799789429,352
109.35242462158203,678
109.36801815032959,421
109.38352799415588,24
109.39953231811523,143
109.41556191444397,390
109.43123364448547,677
109.44728207588196,388
109.46286082267761,11
109.47888708114624,137
109.49434208869934,408
109.5101146697998,679
109.52589297294617,408
109.54122352600098,12
109.55659675598145,147
109.57266926765442,447
109.58875584602356,680
109.60407853126526,387
109.62006402015686,12
109.63607430458069,153
109.65157294273376,479
109.66765666007996,679
109.68372201919556,329
109.6997766494751,16
109.71476984024048,163
109.73047685623169,525
109.74646162986755,679
109.76181530952454,294
109.77697920799255,33
109.79254603385925,190
109.80780506134033,571
109.82316327095032,679
109.8391637802124,275
109.8543586730957,38
109.86984539031982,199
109.8850781917572,626
109.90094256401062,679
109.91649508476257,197
109.93178009986877,48
109.94778680801392,211
109.96380233764648,679
109.9798526763916,674
109.99529027938843,179
110.01049828529358,57
110.02574133872986,221
110.04100251197815,679
110.05668926239014,664
110.0721275806427,163
110.08785581588745,58
110.1038544178009,216
110.11889457702637,679
110.13436365127563,654
110.14997673034668,139
110.16524839401245,61
110.18072199821472,227
110.19625306129456,679
110.21151876449585,636
110.22701168060303,87
110.24229025840759,79
110.25829100608826,237
110.27362775802612,679
110.28946089744568,611
110.30535221099854,79
110.32140278816223,93
110.33715915679932,258
110.35279965400696,680
110.36881136894226,580
110.38486003875732,68
110.40043115615845,110
110.41605353355408,272
110.43213438987732,680
110.4481418132782,563
110.46413064002991,56
110.47939920425415,105
110.49491143226624,278
110.51071906089783,679
110.52670454978943,539
110.54169750213623,51
110.55768704414368,119
110.57244873046875,305
110.58807039260864,680
110.603435754776,504
110.61943340301514,33
110.63473057746887,120
110.65166592597961,325
110.66569924354553,679
110.68173813819885,459
110.69721508026123,21
110.7123601436615,131
110.727703332901,353
110.74274921417236,680
110.75873947143555,445
110.77481007575989,27
110.79052972793579,141
110.805908203125,386
110.82112383842468,679
110.8372220993042,409
110.85179615020752,20
110.86759400367737,153
110.88311553001404,452
110.89893460273743,679
110.91492319107056,364
110.93019461631775,6
110.94620037078857,153
110.96121287345886,480
110.97647094726562,679
110.99200010299683,352
111.00777578353882,22
111.02336239814758,166
111.0389974117279,531
111.05479502677917,679
111.07081937789917,333
111.08609175682068,15
111.1014997959137,173
111.11671042442322,570
111.13232517242432,680
111.14843845367432,270
111.16358876228333,28
111.17930269241333,191
111.19532895088196,602
111.21066808700562,680
111.22669506072998,231
111.24210739135742,52
111.25809168815613,211
111.27363991737366,653
111.28920435905457,679
111.30518889427185,220
111.3212583065033,50
111.33647298812866,208
111.35259675979614,680
111.36793351173401,672
111.38444900512695,151
111.40053582191467,58
111.41637349128723,214
111.43138122558594,679
111.44658899307251,656
111.46258664131165,110
111.47841882705688,65
111.49414324760437,231
111.50983166694641,679
111.52499437332153,637
111.54020309448242,111
111.55567908287048,80
111.57131791114807,237
111.58687233924866,679
111.60242795944214,622
111.61799168586731,97
111.63326978683472,80
111.64841961860657,254
111.6637499332428,679
111.67970657348633,577
111.69526195526123,69
111.71078562736511,103
111.72647213935852,265
111.74203443527222,680
111.75805234909058,551
111.77436923980713,54
111.7889473438263,121
111.80408787727356,285
111.81959533691406,680
111.83547258377075,534
111.85087275505066,49
111.86690282821655,114
111.88246464729309,290
111.89765167236328,680
111.91371464729309,503
111.92974472045898,44
111.94573259353638,130
111.96171951293945,335
111.97774481773376,679
111.99353265762329,431
112.00895357131958,25
112.02410984039307,147
112.03950643539429,370
112.05549335479736,680
112.07096314430237,427
112.08642601966858,24
112.10241985321045,145
112.11843204498291,383
112.1340582370758,678
112.14950299263,417
112.16516613960266,16
112.18118095397949,148
112.19671177864075,431
112.21273374557495,680
112.22833824157715,349
112.24353861808777,37
112.25957107543945,175
112.27559208869934,487
112.29116225242615,679
112.30675649642944,326
112.32194781303406,37
112.33778524398804,185
112.35377836227417,517
112.3698341846466,680
112.38597345352173,337
112.40132570266724,30
112.41656589508057,180
112.43254947662354,544
112.44829201698303,679
112.46362590789795,304
112.4789354801178,29
112.49428009986877,185
112.5094804763794,598
112.52520108222961,679
112.54033493995667,258
112.55549168586731,27
112.57164525985718,193
112.58619689941406,654
112.60164618492126,675
112.61748385429382,170
112.63274669647217,36
112.64838671684265,206
112.6641321182251,679
112.68016028404236,660
112.69571828842163,137
112.71152853965759,56
112.72752213478088,221
112.74353003501892,680
112.75959420204163,644
112.77506852149963,108
112.79058194160461,55
112.80616354942322,224
112.8221480846405,679
112.83816242218018,616
112.85364365577698,76
112.86974668502808,72
112.8850462436676,238
112.9002411365509,679
112.91612648963928,600
112.9321608543396,59
112.94793701171875,95
112.96393084526062,251
112.9795823097229,680
112.99555683135986,571
113.01149821281433,49
113.02751803398132,96
113.04293584823608,264
113.05815386772156,680
113.07335066795349,544
113.0886218547821,43
113.10446619987488,109
113.11967635154724,279
113.13567614555359,678
113.15089583396912,516
113.16677927970886,32
113.18195629119873,116
113.19793128967285,306
113.2140440940857,679
113.23004055023193,487
113.24607610702515,31
113.26218700408936,130
113.27767443656921,334
113.29336142539978,679
113.30935549736023,459
113.32474851608276,17
113.33999466896057,124
113.35639524459839,351
113.37129235267639,679
113.38730144500732,425
113.40279173851013,26
113.41793990135193,150
113.43393850326538,407
113.44899892807007,678
113.46497917175293,383
113.48098468780518,31
113.49640035629272,159
113.51216149330139,441
113.52767276763916,678
113.54366254806519,368
113.55967402458191,31
113.57508111000061,171
113.5911180973053,500
113.6066460609436,678
113.622239112854,341
113.63822746276855,31
113.65392684936523,181
113.6692476272583,533
113.68447542190552,678
113.70005702972412,300
113.71604943275452,34
113.73158955574036,187
113.74709129333496,554
113.76283359527588,678
113.77822375297546,294
113.79356360435486,35
113.80861306190491,195
113.82380056381226,601
113.8390531539917,678
113.85492444038391,241
113.87027668952942,41
113.88637852668762,200
113.90170979499817,651
113.91696429252625,676
113.93306136131287,194
113.94907760620117,47
113.96460723876953,212
113.97993731498718,678
113.99594688415527,672
114.01276898384094,181
114.0277783870697,49
114.04384684562683,213
114.05979681015015,678
114.07530045509338,667
114.090895652771,162
114.10706734657288,51
114.12209486961365,218
114.13811755180359,678
114.15408277511597,647
114.16960310935974,105
114.18526315689087,65
114.20121812820435,226
114.21721148490906,678
114.23280048370361,617
114.24808192253113,59
114.26371383666992,68
114.27975797653198,224
114.29533553123474,678
114.31099820137024,582
114.32668042182922,34
114.34187650680542,77
114.3578748703003,233
114.37387037277222,678
114.38963055610657,545
114.4052243232727,22
114.42057275772095,92
114.43644762039185,261
114.45244026184082,677
114.46756386756897,503
114.48328733444214,21
114.49880361557007,109
114.51394200325012,292
114.52993154525757,679
114.54518628120422,478
114.56069421768188,23
114.57580232620239,123
114.59258437156677,334
114.607577085495,678
114.62320923805237,444
114.63928627967834,23
114.65492987632751,141
114.6706612110138,361
114.68668103218079,678
114.70268511772156,392
114.71878218650818,21
114.7347846031189,150
114.75077319145203,417
114.76677632331848,678
114.78199982643127,390
114.79756498336792,28
114.81292271614075,160
114.82813787460327,449
114.84414792060852,678
114.86015319824219,384
114.87628173828125,30
114.89224600791931,169
114.90791440010071,509
114.92389845848083,678
114.93992400169373,326
114.95499157905579,36
114.97205996513367,186
114.98676323890686,548
115.00231719017029,678
115.01786518096924,276
115.03374648094177,47
115.04932260513306,199
115.06460118293762,603
115.07975912094116,678
115.09530115127563,263
115.11065912246704,43
115.12645626068115,207
115.14160060882568,643
115.15759706497192,677
115.17334222793579,208
115.18869519233704,46
115.20444631576538,205
115.22073650360107,676
115.23574161529541,669
115.25097942352295,146
115.26696133613586,55
115.28273940086365,220
115.29812383651733,678
115.31411910057068,652
115.3298397064209,118
115.34585690498352,68
115.36116075515747,221
115.37660074234009,677
115.39215445518494,634
115.40816473960876,99
115.42416000366211,70
115.439932346344,231
115.45593643188477,678
115.47143173217773,611
115.48725938796997,60
115.50253367424011,85
115.51836061477661,246
115.53304529190063,678
115.55049633979797,576
115.56450963020325,42
115.58047938346863,98
115.59646034240723,274
115.61187887191772,678
115.62705326080322,537
115.64305400848389,39
115.65907335281372,103
115.67497134208679,272
115.69064521789551,678
115.70667624473572,513
115.72219371795654,22
115.73820948600769,106
115.75364851951599,300
115.76918721199036,678
115.785165309906,479
115.80071997642517,32
115.81633234024048,144
115.83174991607666,351
115.847736120224,677
115.86301779747009,462
115.87855410575867,35
115.89408922195435,143
115.90993332862854,374
115.92592453956604,678
115.94137167930603,421
115.9565200805664,34
115.9725296497345,157
115.98855686187744,418
116.0033917427063,678
116.01864433288574,396
116.03469204902649,38
116.04998350143433,167
116.06540894508362,460
116.08083891868591,677
116.09598779678345,383
116.11162400245667,34
116.1275908946991,174
116.14312672615051,488
116.15835332870483,678
116.17429757118225,355
116.18952751159668,27
116.20506453514099,180
116.22118163108826,533
116.23677945137024,679
116.25264811515808,301
116.26818466186523,39
116.28419733047485,200
116.29932975769043,580
116.31456995010376,678
116.32991194725037,221
116.34596037864685,50
116.36097049713135,212
116.37655377388,643
116.39205431938171,678
116.4081220626831,208
116.4231469631195,52
116.43881511688232,206
116.45493006706238,678
116.47101330757141,667
116.48700881004333,154
116.50255846977234,58
116.51819801330566,216
116.53348660469055,678
116.54958891868591,644
116.56486082077026,93
116.5798089504242,62
116.59451723098755,217
116.6105124950409,678
116.6265115737915,610
116.64259505271912,49
116.65827536582947,48
116.67350912094116,194
116.68853378295898,678
116.70410418510437,577
116.71924829483032,12
116.7342483997345,44
116.75082302093506,182
116.7658212184906,678
116.78184366226196,543
116.79739475250244,0
116.81238985061646,47
116.82844281196594,196
116.84406757354736,678
116.86006951332092,491
116.8760507106781,0
116.89190173149109,53
116.90749549865723,224
116.92268824577332,677
116.93768739700317,471
116.95379424095154,0
116.9691801071167,72
116.98458671569824,263
117.00067257881165,678
117.0166916847229,443
117.03281712532043,0
117.04807186126709,107
117.06376957893372,327
117.07977414131165,678
117.09529328346252,406
117.11010599136353,0
117.1256775856018,128
117.14116144180298,375
117.1571888923645,678
117.1727614402771,404
117.18877077102661,4
117.20439219474792,135
117.22040367126465,410
117.23579835891724,678
117.2517819404602,391
117.2677993774414,4
117.28358292579651,148
117.30036473274231,457
117.31537008285522,678
117.33137202262878,345
117.3474006652832,23
117.36344599723816,173
117.37868046760559,503
117.39385056495667,679
117.40984725952148,333
117.42517518997192,30
117.44093036651611,182
117.45608329772949,534
117.47199249267578,680
117.48703837394714,329
117.50239634513855,30
117.51769852638245,186
117.53333330154419,562
117.54849028587341,679
117.56361937522888,286
117.57875323295593,41
117.594322681427,204
117.60939240455627,600
117.62476968765259,680
117.64077472686768,247
117.65678811073303,49
117.67254328727722,209
117.68842053413391,637
117.70360350608826,678
117.71840000152588,214
117.73439908027649,64
117.74985861778259,231
117.76503992080688,678
117.78076958656311,675
117.79627227783203,160
117.81209540367126,71
117.82821345329285,238
117.84366202354431,679
117.85919785499573,664
117.87519693374634,126
117.89124965667725,82
117.90647745132446,244
117.92348957061768,680
117.93789529800415,643
117.95388793945312,94
117.96966314315796,94
117.98517441749573,256
118.0008556842804,679
118.01675820350647,622
118.0327684879303,78
118.04804635047913,101
118.06351661682129,259
118.0793285369873,679
118.09518456459045,601
118.11130428314209,58
118.12682008743286,95
118.14208221435547,264
118.15737819671631,679
118.17257404327393,572
118.18858742713928,33
118.20415043830872,119
118.22015357017517,295
118.23623847961426,679
118.25223708152771,519
118.26824474334717,39
118.2843668460846,143
118.29973340034485,329
118.31538915634155,680
118.33075404167175,499
118.34672355651855,42
118.36275339126587,143
118.37816429138184,349
118.39338088035583,679
118.40907740592957,479
118.42506957054138,28
118.44013381004333,140
118.45575833320618,386
118.47138595581055,680
118.48664379119873,422
118.50242257118225,26
118.51743340492249,157
118.53352761268616,448
118.54953789710999,679
118.56525731086731,383
118.58086824417114,28
118.59675526618958,166
118.61317801475525,476
118.6276593208313,679
118.64372849464417,370
118.65901398658752,30
118.6742992401123,174
118.68971180915833,518
118.70496273040771,679
118.7210578918457,322
118.73705768585205,26
118.75305342674255,170
118.76836252212524,532
118.78373622894287,679
118.79928493499756,275
118.81533145904541,4
118.83133149147034,154
118.84732818603516,512
118.86333107948303,679
118.87943506240845,233
118.89515662193298,0
118.91049885749817,102
118.92648649215698,493
118.9420998096466,680
118.95814394950867,153
118.97386693954468,0
118.98988962173462,70
119.00543069839478,504
119.0206732749939,670
119.03584337234497,68
119.05170726776123,0
119.0668432712555,73
119.08278918266296,529
119.09818577766418,658
119.1142725944519,28
119.1296935081482,1
119.14487528800964,77
119.15987515449524,575
119.17587757110596,639
119.1918432712555,10
119.20703434944153,0
119.22305798530579,94
119.2378602027893,626
119.25387525558472,607
119.2693407535553,1
119.28449153900146,4
119.29970669746399,108
119.31561064720154,675
119.33159327507019,583
119.34728193283081,0
119.36247277259827,16
119.37774872779846,145
119.39244031906128,679
119.40800547599792,567
119.4234836101532,0
119.4385290145874,31
119.4541585445404,177
119.46960926055908,680
119.48558187484741,547
119.50113868713379,0
119.51710319519043,45
119.53277277946472,211
119.54884886741638,679
119.56421113014221,533
119.57950973510742,4
119.5954339504242,73
119.61080980300903,259
119.62688732147217,679
119.64221453666687,504
119.6573703289032,14
119.67267298698425,113
119.68812298774719,318
119.70374989509583,678
119.71974158287048,508
119.73513221740723,29
119.75053548812866,126
119.76628541946411,360
119.78228974342346,679
119.79767227172852,462
119.81292462348938,36
119.82807636260986,162
119.844074010849,413
119.85919976234436,680
119.87489438056946,432
119.88992476463318,53
119.90500593185425,191
119.92108345031738,477
119.93684911727905,679
119.95181322097778,421
119.9672908782959,59
119.98248386383057,201
119.9980411529541,530
120.01329898834229,679
120.02928328514099,404
120.04498243331909,56
120.06035542488098,211
120.07575726509094,568
120.09112429618835,679
120.10588264465332,358
120.12088632583618,78
120.13643908500671,228
120.15164852142334,599
120.16700410842896,679
120.18308782577515,335
120.1982889175415,89
120.21344947814941,249
120.22861576080322,664
120.24363160133362,679
120.25937819480896,310
120.2752685546875,87
120.29109001159668,251
120.30661487579346,680
120.32202458381653,679
120.33798217773438,232
120.35300254821777,99
120.36822247505188,269
120.38400053977966,680
120.39933204650879,678
120.41457271575928,187
120.42981219291687,93
120.44581627845764,262
120.46178936958313,679
120.47726821899414,674
120.49243187904358,179
120.50849843025208,85
120.52431058883667,255
120.53993964195251,680
120.55595707893372,666
120.57111668586731,142
120.58717060089111,88
120.6027581691742,265
120.61874198913574,680
120.63479971885681,660
120.6501955986023,119
120.6652946472168,124
120.68129396438599,290
120.6964602470398,679
120.71251177787781,635
120.72807931900024,103
120.74413132667542,119
120.75978088378906,282
120.77502536773682,679
120.79060673713684,600
120.80611371994019,72
120.82195830345154,126
120.83793759346008,297
120.85328412055969,679
120.86932420730591,586
120.88462233543396,67
120.90019917488098,130
120.91619658470154,311
120.93217968940735,680
120.94788694381714,569
120.96391892433167,62
120.97995400428772,129
120.9952507019043,319
121.01077580451965,679
121.02681875228882,549
121.04202103614807,49
121.05742764472961,133
121.07226824760437,342
121.08752202987671,679
121.10274863243103,503
121.117919921875,34
121.13310980796814,152
121.1494414806366,383
121.1644504070282,680
121.17986273765564,456
121.19587016105652,32
121.21176671981812,165
121.22728681564331,439
121.24329495429993,677
121.25829124450684,435
121.27359676361084,19
121.28877091407776,161
121.30432033538818,476
121.32131934165955,678
121.33581948280334,416
121.35149693489075,10
121.3675947189331,166
121.38361072540283,515
121.39971327781677,678
121.4149329662323,358
121.43020629882812,22
121.44627737998962,178
121.46202373504639,537
121.47750806808472,679
121.49358582496643,368
121.50880527496338,6
121.52412462234497,175
121.53984117507935,552
121.5548963546753,678
121.57289242744446,364
121.58604669570923,16
121.60210371017456,188
121.61815166473389,607
121.63340997695923,677
121.64919590950012,282
121.66448998451233,20
121.68031072616577,197
121.69571256637573,651
121.7112500667572,678
121.72639226913452,243
121.74189019203186,11
121.75798988342285,204
121.77373266220093,678
121.78973460197449,678
121.80532193183899,228
121.82135772705078,26
121.83655548095703,209
121.85363817214966,678
121.86868476867676,678
121.88415312767029,142
121.90016198158264,36
121.915598154068,222
121.93096899986267,678
121.94665932655334,674
121.96182417869568,116
121.97731351852417,44
121.99286317825317,222
122.00850224494934,678
122.02435946464539,663
122.0395233631134,95
122.05551719665527,51
122.0713038444519,241
122.08720231056213,678
122.10320663452148,637
122.11927080154419,59
122.13506960868835,75
122.15033173561096,257
122.16508388519287,678
122.18108224868774,609
122.19710206985474,30
122.212726354599,91
122.22873306274414,282
122.24462652206421,679
122.25996661186218,570
122.27595615386963,19
122.29128861427307,102
122.30735492706299,299
122.32207894325256,678
122.33765983581543,523
122.3528299331665,7
122.36798238754272,122
122.3840057849884,352
122.39904451370239,678
122.41517853736877,468
122.43117547035217,2
122.44662690162659,136
122.46264576911926,381
122.47814464569092,678
122.49354887008667,433
122.50918340682983,0
122.52453279495239,145
122.53968238830566,428
122.55493378639221,678
122.5705235004425,399
122.58593678474426,0
122.60081696510315,139
122.61635065078735,478
122.63241863250732,678
122.64767980575562,367
122.66370511054993,1
122.67917680740356,161
122.69478034973145,536
122.71033930778503,678
122.72632360458374,303
122.74204993247986,5
122.75706839561462,172
122.77289009094238,578
122.78824496269226,678
122.8036036491394,288
122.81958866119385,10
122.83556532859802,186
122.85157990455627,623
122.86688876152039,678
122.88215732574463,263
122.89914751052856,3
122.91365718841553,177
122.92966961860657,668
122.94495558738708,679
122.96097469329834,196
122.9763593673706,20
122.99236583709717,199
123.00839304924011,678
123.02447438240051,677
123.0399649143219,129
123.05597019195557,33
123.07130837440491,210
123.08729386329651,678
123.10303902626038,674
123.11848044395447,146
123.13446640968323,33
123.14970350265503,219
123.1649694442749,679
123.1808979511261,664
123.19815969467163,109
123.21249222755432,46
123.22808074951172,230
123.24406433105469,678
123.2595374584198,649
123.27553725242615,49
123.29099893569946,73
123.30640316009521,249
123.32205486297607,678
123.33905458450317,623
123.35345268249512,45
123.3684630393982,87
123.38427805900574,267
123.39969229698181,677
123.41556119918823,593
123.43070864677429,38
123.44672846794128,89
123.4615912437439,271
123.47769594192505,678
123.49307036399841,539
123.50876021385193,0
123.52475333213806,68
123.54065799713135,254
123.5566463470459,678
123.57226014137268,491
123.5882658958435,0
123.6036274433136,85
123.61966156959534,300
123.63572716712952,679
123.651531457901,464
123.66686773300171,0
123.68208646774292,135
123.69815587997437,369
123.71375608444214,678
123.72974681854248,439
123.74574780464172,0
123.76187515258789,129
123.77718830108643,401
123.79299283027649,678
123.80867743492126,419
123.82422161102295,0
123.84032964706421,138
123.8563642501831,453
123.87246632575989,678
123.88852667808533,401
123.90404891967773,7
123.91941857337952,162
123.93437695503235,499
123.9496762752533,678
123.96559977531433,353
123.98158311843872,18
123.99722075462341,190
124.01265931129456,554
124.02864456176758,678
124.04439783096313,337
124.05974459648132,15
124.07582759857178,183
124.09186220169067,582
124.1065833568573,676
124.1225278377533,315
124.13852739334106,11
124.1538314819336,186
124.1692636013031,619
124.18532228469849,678
124.20079159736633,236
124.21654343605042,22
124.23255610466003,203
124.24817276000977,654
124.26420497894287,679
124.27973079681396,226
124.29575395584106,21
124.31088161468506,203
124.32606482505798,678
124.34149432182312,678
124.35723829269409,196
124.37324714660645,26
124.38878440856934,210
124.4043436050415,677
124.41960000991821,677
124.43511009216309,172
124.45103716850281,33
124.46702122688293,215
124.48237586021423,678
124.49841737747192,665
124.51372766494751,92
124.52893328666687,60
124.54491925239563,231
124.56012105941772,678
124.5756504535675,646
124.59115529060364,69
124.60672879219055,67
124.62247848510742,239
124.63849353790283,678
124.65443348884583,623
124.6702766418457,65
124.68570947647095,78
124.70173263549805,245
124.7175350189209,678
124.73356604576111,604
124.74966740608215,52
124.76469469070435,96
124.77985405921936,260
124.79534792900085,678
124.8113169670105,570
124.82697892189026,22
124.8430163860321,101
124.85902118682861,281
124.8746280670166,678
124.8906455039978,529
124.90625643730164,25
124.9213981628418,113
124.9367733001709,311
124.95220899581909,678
124.96771025657654,504
124.9830994606018,19
124.99865579605103,122
125.01444554328918,352
125.02964043617249,677
125.04566049575806,451
125.0608139038086,19
125.07601571083069,145
125.0914478302002,393
125.10699152946472,678
125.12298774719238,411
125.13854217529297,4
125.15442109107971,141
125.17041611671448,441
125.1864275932312,680
125.20207190513611,387
125.21730947494507,8
125.23236584663391,157
125.24837231636047,491
125.26406168937683,679
125.2795979976654,375
125.2948625087738,18
125.31046724319458,176
125.32563734054565,550
125.34160852432251,679
125.35764837265015,299
125.37299871444702,23
125.38819766044617,194
125.4032256603241,592
125.41854977607727,679
125.4345395565033,283
125.45043611526489,17
125.46623086929321,189
125.48171305656433,645
125.49721550941467,679
125.5123782157898,255
125.52836561203003,22
125.54407596588135,200
125.55967617034912,680
125.57516813278198,679
125.59093117713928,192
125.60702157020569,32
125.62275552749634,214
125.63975858688354,680
125.65475678443909,678
125.67075610160828,141
125.68660187721252,49
125.70188617706299,226
125.71750736236572,679
125.73324394226074,666
125.74925661087036,105
125.76441478729248,57
125.77967882156372,235
125.79555225372314,679
125.81098985671997,645
125.8260293006897,79
125.84148478507996,61
125.85718703269958,234
125.87256908416748,679
125.8885715007782,634
125.90436625480652,48
125.92031049728394,81
125.93620371818542,256
125.95146417617798,679
125.96659898757935,591
125.98257040977478,34
125.99783658981323,92
126.01345181465149,265
126.02944707870483,679
126.04547071456909,555
126.06065392494202,22
126.0760133266449,93
126.09143900871277,279
126.1069107055664,679
126.12178254127502,515
126.13761281967163,3
126.15359282493591,114
126.16959238052368,314
126.18558835983276,679
126.20088648796082,493
126.21610236167908,14
126.2314658164978,128
126.24692964553833,351
126.26246452331543,680
126.27805590629578,473
126.29349040985107,6
126.30919623374939,129
126.32519960403442,374
126.34118175506592,680
126.35674166679382,430
126.37269997596741,0
126.38793802261353,136
126.4039556980133,431
126.4191563129425,680
126.43415188789368,373
126.44927978515625,8
126.46536016464233,164
126.48082304000854,485
126.4968626499176,681
126.51220560073853,372
126.52768659591675,11
126.54356002807617,169
126.55876588821411,516
126.57476687431335,679
126.59049367904663,360
126.60647416114807,5
126.62190580368042,172
126.63789892196655,541
126.65389847755432,685
126.66924548149109,271
126.68464708328247,20
126.70039391517639,200
126.71591258049011,615
126.73200464248657,678
126.74803376197815,230
126.76387739181519,23
126.77996039390564,199
126.79511046409607,651
126.81026554107666,678
126.82582020759583,183
126.84195685386658,30
126.85807633399963,209
126.87409448623657,679
126.89010763168335,680
126.90551733970642,126
126.92106986045837,37
126.93704295158386,217
126.95302677154541,680
126.9679913520813,665
126.98402142524719,63
126.99968719482422,54
127.0156557559967,230
127.03165340423584,680
127.0466673374176,649
127.06263756752014,69
127.0788254737854,57
127.09377408027649,230
127.10932493209839,680
127.12531185150146,629
127.14076685905457,42
127.15605878829956,68
127.17146182060242,243
127.18746495246887,679
127.20372271537781,580
127.21826887130737,11
127.23392534255981,89
127.24920630455017,267
127.26508736610413,679
127.28108549118042,546
127.29720330238342,8
127.3123300075531,107
127.32778239250183,287
127.34349155426025,679
127.36054062843323,519
127.37561583518982,11
127.39124083518982,117
127.40728712081909,304
127.42244911193848,680
127.43829607963562,478
127.45428085327148,4
127.47096753120422,124
127.48526167869568,344
127.50126481056213,679
127.51665806770325,434
127.53171372413635,15
127.54712653160095,149
127.5620641708374,388
127.57753133773804,680
127.59358406066895,405
127.60905647277832,18
127.62491297721863,165
127.64085364341736,434
127.65657830238342,680
127.67190980911255,389
127.68792676925659,25
127.70336532592773,177
127.7193500995636,486
127.73440361022949,680
127.7501916885376,351
127.76625347137451,21
127.78166484832764,180
127.79770255088806,528
127.81364846229553,679
127.82978320121765,303
127.84576630592346,27
127.86100316047668,198
127.87577843666077,587
127.89138603210449,679
127.90657806396484,271
127.9225242137909,27
127.93852472305298,204
127.95450973510742,621
127.97052049636841,679
127.98588275909424,261
128.00187253952026,23
128.0176341533661,196
128.0330729484558,646
128.04846596717834,679
128.06445407867432,233
128.07970333099365,18
128.0944561958313,200
128.11038446426392,671
128.12636542320251,679
128.14203906059265,155
128.1573235988617,31
128.17248558998108,206
128.1878969669342,680
128.20332026481628,673
128.21852469444275,98
128.23405599594116,50
128.2490746974945,227
128.26450514793396,680
128.280503988266,669
128.29549193382263,117
128.31099581718445,49
128.3262059688568,227
128.34163069725037,680
128.35743188858032,664
128.3728265762329,114
128.3881676197052,46
128.40417170524597,225
128.41976284980774,679
128.43496346473694,647
128.45096397399902,60
128.4662470817566,56
128.48159837722778,224
128.4967474937439,680
128.51281785964966,642
128.52881455421448,50
128.54480123519897,59
128.55980253219604,221
128.5749180316925,680
128.59091353416443,611
128.60596585273743,36
128.62190866470337,59
128.63789987564087,222
128.65335988998413,680
128.66876935958862,576
128.684100151062,13
128.699316740036,63
128.71405243873596,233
128.73010063171387,680
128.746107339859,548
128.7621021270752,0
128.77754473686218,97
128.79353833198547,270
128.80906414985657,680
128.82507801055908,518
128.84081482887268,8
128.8561041355133,112
128.8711941242218,292
128.88669729232788,680
128.90197896957397,506
128.9179515838623,5
128.93363761901855,116
128.94923782348633,309
128.96536135673523,680
128.98050570487976,471
128.99644541740417,0
129.0124773979187,119
129.02763986587524,334
129.042964220047,677
129.05817413330078,454
129.07363605499268,0
129.08934378623962,133
129.1053581237793,361
129.1203694343567,678
129.1363742351532,428
129.1523609161377,8
129.16737008094788,152
129.18335795402527,399
129.19856071472168,678
129.21408414840698,424
129.2295696735382,0
129.2455575466156,143
129.26121425628662,417
129.2773253917694,678
129.2926468849182,393
129.30786323547363,2
129.32305598258972,157
129.3387725353241,475
129.35477781295776,677
129.37014818191528,336
129.38515496253967,23
129.40115094184875,185
129.4168882369995,519
129.43291068077087,678
129.44846653938293,340
129.46427297592163,12
129.48071193695068,178
129.49533128738403,535
129.51081466674805,678
129.52688694000244,323
129.54187488555908,19
129.55790829658508,192
129.57353448867798,586
129.58941006660461,678
129.60494351387024,278
129.62030863761902,22
129.63575530052185,197
129.65149903297424,606
129.66757225990295,678
129.68359851837158,236
129.69969415664673,39
129.71462678909302,221
129.7304654121399,678
129.74781608581543,678
129.76081538200378,196
129.7768325805664,52
129.79176712036133,230
129.80732107162476,678
129.82264256477356,677
129.83782482147217,193
129.8533227443695,49
129.8688657283783,229
129.8845977783203,678
129.89988589286804,667
129.91478967666626,137
129.92955422401428,61
129.94555068016052,236
129.96043133735657,678
129.97595500946045,650
129.99127554893494,96
130.00648093223572,73
130.0221881866455,246
130.03918957710266,677
130.05381417274475,638
130.06982612609863,88
130.08496928215027,82
130.10029792785645,253
130.11638259887695,678
130.13249921798706,614
130.14749789237976,63
130.16353750228882,90
130.1782932281494,257
130.19434332847595,678
130.20991683006287,590
130.22535395622253,41
130.24054265022278,88
130.25574779510498,255
130.27075695991516,678
130.2858874797821,569
130.30141806602478,25
130.31657648086548,103
130.3325743675232,279
130.34857273101807,678
130.3640775680542,535
130.37927746772766,15
130.39490842819214,113
130.4114453792572,305
130.42704224586487,677
130.4423143863678,496
130.45810294151306,1
130.47326588630676,124
130.48936820030212,335
130.50443863868713,678
130.5195813179016,469
130.53507781028748,2
130.5511384010315,141
130.56626868247986,371
130.58157587051392,678
130.59722256660461,445
130.61278915405273,6
130.62877535820007,146
130.64477944374084,404
130.65994906425476,679
130.6751091480255,433
130.69099521636963,4
130.7069947719574,153
130.72240090370178,427
130.73821210861206,678
130.75343084335327,407
130.76871037483215,10
130.78466320037842,165
130.80072855949402,462
130.81626081466675,678
130.83131384849548,368
130.84664011001587,10
130.86227011680603,177
130.8776638507843,509
130.89337158203125,679
130.9094409942627,358
130.924955368042,6
130.94091153144836,166
130.95557284355164,549
130.97141981124878,678
130.9864318370819,328
131.0021677017212,8
131.0176911354065,173
131.03300833702087,578
131.04803133010864,678
131.06395292282104,261
131.0794563293457,20
131.09544157981873,192
131.11076521873474,635
131.1267056465149,678
131.14218282699585,242
131.15741395950317,25
131.17271542549133,213
131.1886236667633,678
131.2046365737915,678
131.21984100341797,200
131.23584914207458,24
131.251855134964,203
131.26773357391357,678
131.28259253501892,674
131.29774379730225,123
131.31365656852722,33
131.32964062690735,214
131.3450746536255,678
131.36034965515137,659
131.37573719024658,71
131.3911771774292,57
131.40627026557922,231
131.42156434059143,677
131.43690967559814,635
131.45206117630005,63
131.46706581115723,75
131.48229217529297,252
131.49829125404358,678
131.5135269165039,617
131.52953839302063,69
131.5447177886963,92
131.56025409698486,264
131.57563829421997,678
131.59067678451538,597
131.60597133636475,44
131.62125062942505,100
131.6359601020813,275
131.65238070487976,677
131.668851852417,555
131.68464970588684,31
131.69974994659424,121
131.71496486663818,297
131.73018503189087,678
131.74530839920044,534
131.760826587677,31
131.77605628967285,131
131.79211235046387,311
131.8075635433197,678
131.82313132286072,507
131.83863830566406,18
131.85422801971436,123
131.8693232536316,342
131.8852379322052,680
131.90060472488403,468
131.91615319252014,15
131.93171000480652,151
131.94782996177673,403
131.96248960494995,678
131.97769594192505,398
131.9926974773407,18
132.00797271728516,170
132.0235071182251,457
132.03957629203796,678
132.05471897125244,401
132.07066798210144,16
132.0866720676422,165
132.10268640518188,525
132.11850929260254,678
132.13454580307007,362
132.15050339698792,11
132.16649317741394,173
132.18216967582703,556
132.19814562797546,678
132.2136092185974,293
132.22972178459167,21
132.24571204185486,198
132.26177287101746,605
132.27721071243286,678
132.29263353347778,267
132.3078351020813,26
132.32339882850647,205
132.33932065963745,647
132.35480880737305,678
132.37079620361328,244
132.38681077957153,27
132.4023802280426,213
132.41791820526123,678
132.4339954853058,678
132.4491786956787,209
132.46434569358826,32
132.47965621948242,212
132.49567222595215,678
132.51175117492676,672
132.52658820152283,123
132.54263305664062,59
132.55806064605713,231
132.57371592521667,678
132.5889492034912,656
132.60413217544556,96
132.62006330490112,61
132.6356635093689,233
132.65164804458618,678
132.66770553588867,630
132.68360447883606,64
132.69962859153748,70
132.7154700756073,243
132.73142313957214,678
132.74743556976318,603
132.7632827758789,36
132.7790653705597,72
132.79463911056519,243
132.80968046188354,678
132.8254702091217,567
132.84111189842224,15
132.85648322105408,101
132.87254691123962,282
132.88792967796326,678
132.9030466079712,528
132.9185824394226,13
132.9344403743744,113
132.94992589950562,311
132.96591472625732,679
132.98175692558289,487
132.9967908859253,0
133.0125753879547,127
133.02868604660034,366
133.044682264328,677
133.06003952026367,424
133.0760419368744,0
133.0921287536621,140
133.1075119972229,402
133.12292098999023,678
133.1384973526001,359
133.15385007858276,8
133.16937613487244,179
133.1853587627411,480
133.20091652870178,679
133.21644139289856,364
133.2317934036255,9
133.24778723716736,172
133.26310300827026,506
133.2790961265564,679
133.29508924484253,370
133.31011700630188,9
133.32567739486694,174
133.34106373786926,535
133.35644221305847,680
133.3724341392517,342
133.3884310722351,9
133.40447092056274,179
133.4200394153595,579
133.43560147285461,680
133.4516725540161,301
133.4672634601593,18
133.48339748382568,190
133.49885439872742,619
133.51538681983948,680
133.53039407730103,220
133.5453977584839,30
133.56054139137268,205
133.57607626914978,680
133.59098982810974,681
133.60620045661926,193
133.62205290794373,42
133.6379463672638,222
133.65463638305664,679
133.6696252822876,674
133.68493556976318,170
133.70098304748535,50
133.71651792526245,228
133.73276686668396,680
133.74820470809937,657
133.76405215263367,106
133.77945804595947,70
133.79547142982483,244
133.81069946289062,680
133.8262174129486,642
133.84156250953674,75
133.85726690292358,89
133.8722984790802,261
133.88832116127014,680
133.90411686897278,620
133.91962361335754,76
133.93495559692383,103
133.9510850906372,268
133.96690487861633,680
133.98241329193115,599
133.99847793579102,50
134.01454758644104,98
134.030104637146,277
134.04611158370972,679
134.06156206130981,561
134.07680821418762,28
134.09206986427307,115
134.108069896698,283
134.1235785484314,680
134.1387276649475,520
134.15498876571655,5
134.16994643211365,112
134.18597316741943,309
134.20168089866638,680
134.2171275615692,497
134.23248863220215,9
134.24757027626038,127
134.2634539604187,340
134.27878594398499,680
134.29418563842773,437
134.30995106697083,7
134.32547044754028,146
134.34119033813477,394
134.35685777664185,679
134.3728587627411,419
134.38884139060974,9
134.4048855304718,150
134.42065405845642,449
134.43592762947083,679
134.45118069648743,387
134.46677160263062,1
134.48177218437195,155
134.4974114894867,495
134.51238989830017,679
134.52794003486633,352
134.54315495491028,7
134.55923700332642,172
134.5749475955963,530
134.59032678604126,680
134.60634851455688,293
134.62189888954163,26
134.6377148628235,189
134.65372705459595,569
134.66899967193604,679
134.68500065803528,305
134.70099210739136,16
134.71724843978882,184
134.73255372047424,600
134.74797654151917,679
134.76338839530945,285
134.77939581871033,23
134.7948031425476,197
134.81023383140564,635
134.82525897026062,680
134.84075021743774,201
134.85675168037415,33
134.87196350097656,209
134.88716793060303,679
134.90250158309937,677
134.91872239112854,139
134.93468832969666,39
134.9496922492981,211
134.96689677238464,679
134.98143696784973,666
134.99674129486084,130
135.01243662834167,48
135.02826833724976,225
135.0443079471588,679
135.05970406532288,645
135.07484126091003,97
135.08993005752563,51
135.10600805282593,230
135.12180018424988,680
135.13779950141907,630
135.15335631370544,70
135.16935396194458,63
135.1847505569458,234
135.2004997730255,679
135.21601176261902,603
135.23151445388794,39
135.24700832366943,87
135.2620129585266,252
135.27802515029907,679
135.2938814163208,563
135.3099067211151,25
135.32524013519287,99
135.34123516082764,274
135.3562216758728,679
135.37224125862122,534
135.38792896270752,22
135.40394139289856,109
135.4201135635376,288
135.4361708164215,680
135.45133662223816,496
135.4673101902008,14
135.4826157093048,129
135.4984893798828,313
135.51448321342468,679
135.5305507183075,474
135.54752588272095,12
135.56186079978943,138
135.57785773277283,354
135.59323000907898,680
135.6082100868225,442
135.62367630004883,12
135.63968682289124,148
135.65529322624207,413
135.67138934135437,680
135.6875126361847,408
135.7032675743103,21
135.71926021575928,168
135.73404622077942,472
135.74979996681213,679
135.76510190963745,348
135.78070187568665,21
135.79570055007935,175
135.81103539466858,507
135.82645559310913,679
135.8391718864441,359
135.85218787193298,20
135.86739253997803,174
135.8833944797516,511
135.8993833065033,680
135.9150047302246,326
135.93057870864868,23
135.9461851119995,186
135.96219110488892,574
135.97781348228455,680
135.99380087852478,280
136.0090045928955,44
136.0243363380432,212
136.04034638404846,622
136.0563724040985,679
136.07162833213806,260
136.0875129699707,39
136.10335087776184,215
136.11991095542908,679
136.13592910766602,679
136.15193009376526,229
136.1675946712494,36
136.1836292743683,221
136.19864439964294,679
136.21416020393372,676
136.22976231575012,175
136.24528169631958,52
136.26072931289673,224
136.27639150619507,679
136.29187846183777,672
136.30730867385864,140
136.3234224319458,65
136.33944296836853,231
136.3549201488495,679
136.37032914161682,653
136.3857126235962,109
136.40154790878296,68
136.41738271713257,243
136.4329924583435,679
136.44899129867554,626
136.46437644958496,69
136.48037815093994,80
136.49624586105347,240
136.51151204109192,679
136.5271234512329,604
136.54285717010498,40
136.55827260017395,87
136.57431650161743,252
136.58967351913452,679
136.60606503486633,581
136.62031030654907,43
136.63636112213135,98
136.65231227874756,273
136.66787910461426,680
136.68357014656067,542
136.69959330558777,29
136.71526670455933,112
136.7325620651245,302
136.746915102005,672
136.7623314857483,476
136.77776336669922,6
136.79388093948364,131
136.80988311767578,339
136.82537698745728,679
136.84148478507996,436
136.85729479789734,7
136.87335586547852,145
136.88853406906128,388
136.90435338020325,678
136.92018151283264,420
136.9357452392578,0
136.95178413391113,140
136.96741676330566,436
136.98271489143372,678
136.9979748725891,364
137.0140118598938,4
137.02923560142517,161
137.045236825943,487
137.06084656715393,678
137.07673144340515,346
137.0919644832611,5
137.10695576667786,167
137.12239050865173,514
137.13836288452148,678
137.15353631973267,339
137.16958045959473,8
137.18520855903625,170
137.20116519927979,546
137.21646094322205,677
137.2318150997162,294
137.24756813049316,18
137.2631380558014,187
137.27948141098022,580
137.29549312591553,678
137.31083917617798,272
137.32655882835388,20
137.34255170822144,192
137.35755109786987,623
137.37343978881836,677
137.3888702392578,250
137.40462517738342,27
137.42071914672852,202
137.43656039237976,678
137.45221519470215,678
137.46803426742554,174
137.4840350151062,44
137.5000355243683,216
137.5155210494995,678
137.53130197525024,666
137.5472755432129,137
137.5623381137848,57
137.57786345481873,233
137.59365344047546,678
137.60892868041992,651
137.624831199646,103
137.64003205299377,67
137.6560263633728,241
137.67156958580017,678
137.68755459785461,615
137.70285367965698,64
137.71892094612122,70
137.73470211029053,243
137.74993348121643,678
137.76498198509216,590
137.78075647354126,27
137.7968349456787,103
137.8129060268402,265
137.82844042778015,678
137.84417819976807,537
137.85996747016907,11
137.87499499320984,118
137.8901970386505,296
137.9053750038147,679
137.92135286331177,509
137.93671560287476,4
137.95187139511108,117
137.96712684631348,316
137.9821195602417,678
137.99718832969666,483
138.01222467422485,2
138.02784371376038,121
138.04321360588074,346
138.0587501525879,677
138.07486081123352,442
138.09010553359985,3
138.1051058769226,141
138.12036085128784,381
138.13595747947693,678
138.15179657936096,411
138.1674039363861,0
138.18297123908997,140
138.1982386112213,416
138.2139549255371,678
138.22953271865845,390
138.2446711063385,2
138.2607593536377,161
138.27644062042236,495
138.29243803024292,677
138.30845260620117,332
138.32349562644958,19
138.33869433403015,189
138.35462021827698,563
138.36989402770996,678
138.38508009910583,308
138.40085768699646,26
138.41614198684692,203
138.43204259872437,613
138.44723105430603,678
138.46301794052124,297
138.47861218452454,29
138.49460768699646,207
138.51061034202576,631
138.52612829208374,678
138.54208898544312,246
138.5582835674286,36
138.57413363456726,213
138.58944606781006,678
138.6054606437683,678
138.62119960784912,196
138.6367154121399,47
138.6522934436798,228
138.66831135749817,677
138.68400931358337,678
138.69924187660217,197
138.71525144577026,40
138.73104667663574,223
138.74658107757568,679
138.7615578174591,675
138.77710247039795,166
138.7930874824524,43
138.80809712409973,218
138.8236768245697,678
138.83889961242676,656
138.85500502586365,82
138.87107872962952,68
138.88607716560364,240
138.90233063697815,679
138.918372631073,627
138.93394255638123,57
138.9491651058197,81
138.9642038345337,249
138.98026061058044,677
138.99614787101746,586
139.01164436340332,29
139.02697920799255,83
139.04269552230835,253
139.057710647583,679
139.07335805892944,537
139.0887472629547,13
139.10407543182373,110
139.12035536766052,288
139.1355037689209,678
139.15031027793884,514
139.16632390022278,10
139.18213176727295,117
139.19788432121277,302
139.21399426460266,678
139.22944450378418,488
139.24563217163086,11
139.2615931034088,124
139.27702569961548,338
139.29267978668213,678
139.30837988853455,460
139.3241536617279,2
139.34044003486633,130
139.3558783531189,360
139.37089014053345,678
139.3868706226349,410
139.40211844444275,12
139.41762447357178,164
139.43346738815308,422
139.4495005607605,678
139.46554923057556,406
139.48180294036865,11
139.4978210926056,164
139.51386308670044,456
139.5295193195343,678
139.54551219940186,378
139.56153464317322,14
139.5771288871765,172
139.5931282043457,501
139.60842561721802,678
139.62454342842102,347
139.64008235931396,20
139.65508365631104,191
139.67007851600647,554
139.68507862091064,678
139.7010395526886,335
139.71600770950317,25
139.7313129901886,196
139.74634957313538,595
139.76179265975952,678
139.77782034873962,273
139.79353380203247,36
139.8096740245819,211
139.824933052063,629
139.8402500152588,678
139.85604739189148,251
139.87206482887268,36
139.88766860961914,214
139.9034299850464,668
139.9185721874237,678
139.9337558746338,235
139.94876623153687,38
139.96485018730164,220
139.9800364971161,678
139.99603009223938,673
140.01079893112183,163
140.02601408958435,46
140.0415744781494,220
140.05761647224426,678
140.0726363658905,653
140.0877537727356,75
140.10363006591797,74
140.11971521377563,246
140.13529706001282,678
140.1505162715912,624
140.16652989387512,63
140.1819567680359,80
140.1979522705078,248
140.21403622627258,678
140.22947120666504,599
140.24460244178772,43
140.26007556915283,90
140.27526903152466,263
140.29101657867432,678
140.30699563026428,560
140.32298946380615,28
140.33856964111328,102
140.35454964637756,277
140.36996626853943,678
140.38531637191772,513
140.40052127838135,17
140.41653561592102,122
140.4323263168335,317
140.44815969467163,678
140.46420979499817,485
140.47988533973694,6
140.49589109420776,126
140.51186156272888,342
140.52732610702515,678
140.54332756996155,457
140.55933666229248,2
140.57517457008362,134
140.59020352363586,389
140.60614132881165,678
140.62144923210144,402
140.63675689697266,6
140.6521496772766,162
140.66815829277039,443
140.68365216255188,678
140.6993613243103,374
140.71514344215393,7
140.73100519180298,168
140.747154712677,473
140.76194143295288,679
140.77698254585266,371
140.7924153804779,8
140.80773782730103,169
140.82373666763306,507
140.83903217315674,686
140.85508036613464,354
140.87034368515015,9
140.8858060836792,182
140.9009554386139,553
140.91638159751892,679
140.93221068382263,290
140.94770979881287,28
140.96361327171326,199
140.97967958450317,589
140.9957354068756,680
141.01097559928894,283
141.02651476860046,23
141.04180479049683,201
141.05699563026428,630
141.07264590263367,680
141.08786296844482,231
141.10383796691895,30
141.1189684867859,207
141.13449549674988,679
141.15015411376953,679
141.16556692123413,162
141.18137574195862,46
141.1973476409912,220
141.21218585968018,680
141.22771334648132,675
141.24361538887024,140
141.25923252105713,45
141.27464318275452,228
141.2905068397522,679
141.3062720298767,653
141.32153725624084,103
141.3363537788391,55
141.35245537757874,236
141.36760234832764,680
141.38288521766663,622
141.39888334274292,62
141.41491150856018,78
141.43043875694275,248
141.44591355323792,679
141.461083650589,596
141.47636222839355,38
141.49194622039795,94
141.50795102119446,260
141.52324724197388,680
141.53857159614563,587
141.55459022521973,35
141.56956362724304,102
141.5849826335907,279
141.60099148750305,680
141.6170299053192,546
141.63268661499023,20
141.64785385131836,110
141.6634030342102,293
141.67840456962585,679
141.69341468811035,513
141.70941281318665,9
141.72440433502197,111
141.7402126789093,299
141.7555854320526,680
141.7708342075348,478
141.78569650650024,0
141.8017294406891,119
141.81693840026855,341
141.83295559883118,683
141.84825372695923,469
141.8640058040619,0
141.8789837360382,124
141.8950057029724,341
141.91036009788513,680
141.92637848854065,444
141.9419264793396,0
141.95799374580383,143
141.97398686408997,389
141.98998069763184,680
142.00511002540588,405
142.0204758644104,2
142.03653216362,156
142.05251049995422,433
142.06765794754028,679
142.0837218761444,397
142.0997395515442,0
142.11573600769043,157
142.13098049163818,468
142.14664697647095,679
142.16169691085815,353
142.1771957874298,8
142.19330859184265,171
142.20861911773682,493
142.22412824630737,679
142.23969197273254,338
142.25586128234863,14
142.2718689441681,186
142.28812789916992,541
142.30318927764893,680
142.31853413581848,327
142.33396339416504,13
142.34970545768738,183
142.3651988506317,560
142.38036727905273,679
142.39645504951477,310
142.41183137893677,19
142.4270327091217,190
142.4427683353424,594
142.45877647399902,680
142.47428178787231,284
142.4894564151764,18
142.50542736053467,200
142.52099514007568,619
142.53657388687134,679
142.55260610580444,193
142.56868386268616,52
142.58470606803894,229
142.60017585754395,679
142.61588048934937,679
142.6314172744751,186
142.64670538902283,49
142.6624698638916,229
142.67852902412415,679
142.6936960220337,675
142.70886969566345,177
142.72535371780396,47
142.74104261398315,234
142.75617790222168,680
142.77220344543457,660
142.78726649284363,112
142.80263018608093,67
142.8176658153534,241
142.83318400382996,680
142.8487434387207,634
142.86387372016907,70
142.87955021858215,83
142.8947455883026,251
142.9097819328308,680
142.92553734779358,598
142.9406876564026,45
142.95661544799805,96
142.9719581604004,271
142.98801565170288,679
143.0041162967682,556
143.01965713500977,26
143.0352873802185,106
143.05084466934204,280
143.06664371490479,679
143.08249592781067,513
143.0985767841339,15
143.11457777023315,121
143.13012790679932,306
143.1462435722351,679
143.16163229942322,485
143.17731738090515,9
143.19367265701294,133
143.20915341377258,331
143.22521257400513,679
143.24125266075134,464
143.25668096542358,5
143.27255392074585,135
143.28797149658203,349
143.303391456604,679
143.31884241104126,418
143.33465576171875,0
143.34999132156372,147
143.36599779129028,405
143.38183736801147,679
143.3965504169464,385
143.41360425949097,1
143.42819046974182,151
143.44333481788635,439
143.45885467529297,679
143.474365234375,376
143.49036049842834,4
143.50637531280518,161
143.52193450927734,481
143.5373752117157,679
143.55280470848083,336
143.5683240890503,10
143.58435106277466,176
143.60001635551453,553
143.6160752773285,680
143.6321017742157,276
143.64775919914246,22
143.66376042366028,200
143.67903637886047,598
143.69501304626465,679
143.7111988067627,259
143.72723174095154,28
143.74352025985718,206
143.75868153572083,642
143.77469539642334,680
143.7906358242035,238
143.8066577911377,29
143.82256746292114,209
143.83810472488403,680
143.85413575172424,679
143.86986637115479,175
143.88502049446106,44
143.9000744819641,223
143.91549968719482,679
143.930828332901,671
143.94659423828125,121
143.96250939369202,54
143.97848916053772,228
143.99432110786438,679
144.0095705986023,659
144.02558255195618,107
144.04031443595886,57
144.0558934211731,233
144.07109928131104,680
144.08677291870117,642
144.101975440979,95
144.11802053451538,71
144.13331866264343,243
144.14934611320496,679
144.16543316841125,612
144.18129205703735,45
144.19644689559937,96
144.21209263801575,264
144.22710275650024,679
144.2424612045288,581
144.2583668231964,39
144.27440547943115,106
144.29037523269653,279
144.3063690662384,680
144.32190132141113,551
144.33730697631836,23
144.353285074234,112
144.36829781532288,285
144.3840115070343,679
144.39925980567932,510
144.4149730205536,5
144.43052315711975,123
144.446298122406,317
144.46228456497192,680
144.47800493240356,475
144.49322748184204,9
144.50840425491333,142
144.52403044700623,346
144.54014587402344,680
144.55533814430237,459
144.57128477096558,11
144.58659958839417,146
144.60259079933167,381
144.6186285018921,679
144.6344392299652,437
144.64995336532593,3
144.66492104530334,150
144.6809377670288,402
144.6979420185089,678
144.71280598640442,387
144.7279350757599,3
144.7437665462494,167
144.75926089286804,460
144.774489402771,678
144.78968477249146,340
144.80494618415833,14
144.82040572166443,175
144.83519077301025,509
144.85067653656006,679
144.86600470542908,336
144.8820242881775,13
144.89760541915894,183
144.91361927986145,544
144.9294774532318,678
144.94478487968445,315
144.96014952659607,22
144.97617030143738,194
144.9922444820404,572
145.0082778930664,678
145.02421855926514,274
145.04002857208252,23
145.0556285381317,205
145.07095456123352,630
145.08694005012512,678
145.10222482681274,245
145.1182873249054,26
145.13365530967712,209
145.14921879768372,678
145.1652114391327,677
145.18035078048706,159
145.19631624221802,50
145.21223425865173,224
145.22752451896667,677
145.2428514957428,666
145.2588493824005,103
145.27377772331238,68
145.2888686656952,247
145.30485129356384,678
145.32032442092896,641
145.3357048034668,66
145.35097932815552,75
145.366792678833,243
145.3829219341278,678
145.39891409873962,613
145.41469597816467,39
145.42971396446228,98
145.4457278251648,261
145.46177339553833,678
145.47679495811462,575
145.49210715293884,17
145.50741982460022,107
145.52271437644958,275
145.53811812400818,678
145.55336213111877,525
145.56889462471008,14
145.58493208885193,123
145.60094499588013,311
145.6169879436493,677
145.63268733024597,482
145.64814519882202,4
145.6639847755432,134
145.67963004112244,333
145.69523763656616,678
145.71227598190308,434
145.72541069984436,0
145.7409553527832,148
145.7565357685089,367
145.77167558670044,678
145.78769707679749,421
145.8037624359131,3
145.81895446777344,150
145.83506155014038,414
145.85095191001892,678
145.8669650554657,412
145.88291382789612,5
145.89891290664673,161
145.91436100006104,444
145.93009209632874,678
145.94557166099548,361
145.96007800102234,14
145.9756634235382,182
145.9907295703888,492
146.00570678710938,678
146.0217432975769,344
146.0372724533081,16
146.0529282093048,180
146.06808400154114,513
146.08412528038025,678
146.09965658187866,332
146.11569619178772,15
146.1314299106598,191
146.1474494934082,548
146.16315412521362,678
146.17850017547607,317
146.19452571868896,12
146.21052622795105,189
146.2258276939392,603
146.24119472503662,678
146.2571771144867,251
146.27254629135132,27
146.28851222991943,206
146.30449771881104,634
146.32050561904907,678
146.33565402030945,227
146.35103917121887,38
146.36644530296326,213
146.3821997642517,678
146.39772510528564,674
146.41375708580017,202
146.42945861816406,37
146.44461846351624,218
146.46005582809448,678
146.47479963302612,667
146.49084091186523,133
146.5058717727661,50
146.52187943458557,220
146.53746914863586,678
146.5527913570404,652
146.56882071495056,83
146.58483028411865,64
146.60011887550354,240
146.6159873008728,679
146.6317229270935,643
146.6479527950287,90
146.66311526298523,61
146.67841339111328,233
146.69421410560608,678
146.71005201339722,627
146.72539114952087,67
146.74096655845642,70
146.7570779323578,240
146.7727746963501,678
146.78780674934387,594
146.80378794670105,30
146.81977820396423,88
146.83523726463318,251
146.85123777389526,679
146.8666124343872,569
146.88196563720703,26
146.8978192806244,94
146.91381859779358,261
146.92976427078247,678
146.9449520111084,535
146.96014738082886,10
146.97572422027588,119
146.99103593826294,300
147.00609016418457,678
147.02211546897888,496
147.0376091003418,10
147.05299258232117,126
147.06850385665894,323
147.08376121520996,678
147.09983563423157,461
147.11482191085815,0
147.1313328742981,126
147.14635300636292,350
147.16241097450256,678
147.17853665351868,442
147.19392204284668,3
147.2099072933197,150
147.22533750534058,398
147.24089121818542,679
147.25644755363464,379
147.27213215827942,17
147.28761863708496,171
147.30282163619995,446
147.31858086585999,678
147.33389592170715,350
147.34888124465942,26
147.36389708518982,184
147.37950897216797,493
147.39482069015503,678
147.4118390083313,335
147.42608761787415,19
147.44155955314636,182
147.45706510543823,536
147.47284197807312,678
147.48795104026794,327
147.50367045402527,23
147.51872539520264,193
147.5342824459076,584
147.55011510849,678
147.56573152542114,248
147.58121156692505,37
147.59700465202332,209
147.61224055290222,635
147.62833833694458,677
147.64359211921692,222
147.6597239971161,38
147.6751697063446,212
147.6901776790619,673
147.70617747306824,678
147.72223901748657,180
147.73765301704407,38
147.75326132774353,213
147.76925826072693,678
147.78525948524475,674
147.80043053627014,146
147.81639623641968,41
147.83228969573975,220
147.84840154647827,678
147.86434292793274,663
147.87919187545776,94
147.89456009864807,64
147.91055750846863,232
147.9261507987976,677
147.9420018196106,640
147.9579894542694,83
147.97355484962463,75
147.98899745941162,246
148.00420999526978,678
148.02022433280945,627
148.03574633598328,77
148.05106139183044,89
148.06707620620728,262
148.08234238624573,678
148.0982506275177,586
148.1139097213745,31
148.1296010017395,121
148.14528727531433,287
148.16124033927917,678
148.17663741111755,554
148.19182229042053,20
148.20780396461487,117
148.223162651062,289
148.2381830215454,679
148.2538034915924,484
148.26913332939148,0
148.2848289012909,95
148.300119638443,281
148.31551456451416,678
148.33179545402527,443
148.34739995002747,0
148.36337614059448,80
148.378803730011,287
148.3938331604004,678
148.4099314212799,398
148.42604970932007,0
148.44166445732117,103
148.4576940536499,339
148.47307515144348,677
148.48857736587524,367
148.50377488136292,0
148.51902151107788,131
148.5341444015503,393
148.54935812950134,679
148.56536054611206,354
148.58059406280518,3
148.59658765792847,161
148.61259412765503,478
148.6286084651947,679
148.64456295967102,334
148.65969729423523,7
148.67571139335632,170
148.69135642051697,516
148.70709705352783,679
148.7230818271637,284
148.7383542060852,15
148.75337505340576,185
148.76899337768555,548
148.78404307365417,680
148.7990825176239,270
148.81395149230957,11
148.82967329025269,173
148.8452501296997,567
148.86045575141907,679
148.87643337249756,194
148.8925940990448,6
148.9079782962799,153
148.92404079437256,580
148.93938612937927,678
148.95540380477905,95
148.97030782699585,0
148.98632287979126,116
149.0014615058899,591
149.01694250106812,660
149.0324363708496,19
149.04798412322998,0
149.06393194198608,108
149.07918572425842,608
149.09492325782776,637
149.1109778881073,1
149.12702012062073,3
149.14283919334412,114
149.15782809257507,660
149.17297339439392,614
149.189124584198,0
149.2043333053589,16
149.22006583213806,155
149.2356059551239,679
149.2510290145874,590
149.26676154136658,0
149.28211498260498,47
149.29746198654175,195
149.313542842865,679
149.32898783683777,579
149.34510207176208,0
149.36031222343445,65
149.3766610622406,223
149.3927080631256,679
149.40770959854126,568
149.4237117767334,2
149.43887591362,89
149.45538687705994,253
149.46996116638184,680
149.48595643043518,545
149.50202202796936,21
149.51771354675293,122
149.53272223472595,293
149.54860067367554,679
149.5640242099762,529
149.57902145385742,29
149.59430313110352,140
149.6100037097931,313
149.62508749961853,679
149.64059209823608,495
149.655907869339,21
149.6709337234497,118
149.68692898750305,310
149.7029309272766,680
149.7180769443512,469
149.7334578037262,0
149.7487964630127,100
149.76478385925293,293
149.77978658676147,674
149.79581332206726,378
149.81178331375122,0
149.8270707130432,85
149.84264659881592,310
149.8586447238922,679
149.87463927268982,356
149.88948702812195,0
149.90468764305115,96
149.92028522491455,354
149.93634724617004,679
149.95233273506165,370
149.96827006340027,0
149.98373174667358,143
149.9997673034668,426
150.01578330993652,679
150.0309464931488,367
150.04643440246582,4
150.06145095825195,173
150.07760286331177,504
150.092759847641,680
150.10827231407166,341
150.12349820137024,36
150.13881826400757,201
150.1547429561615,540
150.170312166214,680
150.18571138381958,341
150.2009470462799,63
150.21696186065674,232
150.232750415802,588
150.24850797653198,677
150.2634983062744,344
150.27966260910034,77
150.2953326702118,249
150.31088995933533,637
150.3268437385559,680
150.33692288398743,293
150.3520200252533,90
150.36732411384583,270
150.38288021087646,679
150.39847803115845,680
150.41399145126343,280
150.4297251701355,97
150.44543409347534,275
150.46043348312378,679
150.47587394714355,680
150.49127173423767,251
150.50661659240723,94
150.52255487442017,274
150.53833770751953,680
150.5540816783905,678
150.5692434310913,206
150.5846405029297,109
150.60065340995789,283
150.61665678024292,679
150.63222479820251,667
150.6477038860321,151
150.6636986732483,115
150.6798017024994,287
150.69781517982483,680
150.71115517616272,655
150.7261905670166,110
150.74209642410278,134
150.75763821601868,300
150.77286458015442,679
150.78857254981995,628
150.80403208732605,102
150.820086479187,129
150.83513832092285,298
150.85094046592712,680
150.86595249176025,605
150.88121819496155,76
150.8964991569519,132
150.91149353981018,308
150.92751049995422,680
150.94306182861328,568
150.95841693878174,61
150.974426984787,164
150.99045515060425,337
151.0058193206787,679
151.021888256073,521
151.03795051574707,44
151.0531530380249,165
151.0684154033661,357
151.08360123634338,679
151.09924149513245,494
151.1148316860199,38
151.12996912002563,166
151.14523243904114,386
151.16066765785217,679
151.17656230926514,460
151.1926453113556,36
151.2086637020111,176
151.22402906417847,429
151.23926734924316,679
151.25494813919067,419
151.2706639766693,37
151.28636145591736,192
151.30236053466797,480
151.31818795204163,679
151.33429408073425,361
151.34978652000427,39
151.36529278755188,201
151.38089990615845,530
151.3967306613922,680
151.41274762153625,361
151.4287359714508,33
151.44433498382568,199
151.4599633216858,570
151.47578024864197,679
151.49092078208923,323
151.50691628456116,38
151.52241921424866,211
151.53798627853394,611
151.55330729484558,679
151.56931328773499,246
151.5847475528717,47
151.60075783729553,227
151.61580157279968,658
151.63140845298767,679
151.64657020568848,235
151.66221380233765,43
151.67775297164917,218
151.69310998916626,679
151.7083613872528,678
151.72316312789917,184
151.73870730400085,43
151.7539346218109,219
151.76991629600525,683
151.78592610359192,666
151.8019893169403,123
151.81708025932312,56
151.83300733566284,234
151.84792566299438,679
151.86391377449036,650
151.88000535964966,78
151.89554643630981,76
151.91094064712524,241
151.92609572410583,679
151.94166111946106,625
151.95770025253296,66
151.97370100021362,81
151.98957896232605,253
152.00477075576782,679
152.01949286460876,602
152.03529834747314,56
152.05042052268982,99
152.06642174720764,268
152.08243203163147,680
152.09775614738464,557
152.11343359947205,38
152.12893509864807,121
152.14457869529724,283
152.1599338054657,679
152.1752631664276,538
152.19069719314575,25
152.20612573623657,133
152.22197031974792,309
152.23750352859497,679
152.25289678573608,511
152.2682740688324,27
152.2838807106018,132
152.29940176010132,321
152.31544661521912,679
152.3314332962036,473
152.3466238975525,14
152.36147284507751,145
152.37741255760193,377
152.3927080631256,679
152.40867066383362,427
152.42419815063477,2
152.4400098323822,152
152.4553804397583,425
152.4701645374298,678
152.48616218566895,354
152.50195145606995,13
152.51741743087769,183
152.5324625968933,474
152.54809737205505,678
152.56313395500183,362
152.57902479171753,27
152.594224691391,183
152.61021661758423,526
152.62622785568237,678
152.64152908325195,339
152.65731191635132,19
152.67329239845276,186
152.68855571746826,552
152.70468306541443,678
152.71983647346497,291
152.73535656929016,42
152.75084853172302,220
152.7669017314911,607
152.78200507164001,678
152.79757690429688,246
152.81342887878418,50
152.8290092945099,229
152.84381365776062,645
152.8589642047882,677
152.87495303153992,230
152.89042401313782,47
152.90566992759705,224
152.92166709899902,678
152.93567657470703,677
152.95086431503296,204
152.96584963798523,53
152.981853723526,228
152.99733018875122,677
153.01332473754883,673
153.02853798866272,148
153.04381108283997,62
153.05992794036865,240
153.07549953460693,678
153.09067392349243,656
153.10606837272644,107
153.12123465538025,81
153.13729667663574,251
153.1524374485016,678
153.16759252548218,636
153.18361520767212,84
153.19909071922302,83
153.2151861190796,251
153.23059844970703,677
153.24610328674316,606
153.2618408203125,53
153.27792024612427,98
153.2929253578186,262
153.30876898765564,679
153.32421946525574,584
153.33968448638916,36
153.3543848991394,119
153.36953234672546,278
153.38518738746643,678
153.40019154548645,566
153.41533279418945,35
153.43079352378845,121
153.4460141658783,296
153.46114039421082,678
153.4761679172516,517
153.4921464920044,23
153.50713777542114,132
153.5231578350067,325
153.53885769844055,678
153.5543737411499,466
153.56916117668152,9
153.58431386947632,146
153.59983158111572,359
153.6146581172943,678
153.62977027893066,426
153.64584970474243,6
153.6614260673523,148
153.67752861976624,389
153.69289445877075,679
153.70893049240112,417
153.72497749328613,1
153.74024271965027,151
153.75605487823486,419
153.7730405330658,677
153.78803896903992,396
153.80404353141785,1
153.82010412216187,155
153.83610367774963,454
153.85080790519714,678
153.86678528785706,343
153.8823001384735,10
153.89748573303223,170
153.913250207901,485
153.9293076992035,678
153.9456627368927,327
153.95972895622253,11
153.97522568702698,182
153.99022316932678,533
154.0060658454895,678
154.02132630348206,315
154.03641271591187,17
154.05171251296997,191
154.0671408176422,581
154.08314561843872,673
154.09894800186157,275
154.11430764198303,20
154.12952256202698,193
154.1448905467987,620
154.16004943847656,677
154.1758999824524,207
154.1917905807495,29
154.20784306526184,209
154.22390818595886,650
154.23951649665833,678
154.2549831867218,175
154.27027106285095,40
154.28605890274048,220
154.3010697364807,678
154.31704139709473,670
154.3329713344574,159
154.34850764274597,39
154.36449646949768,217
154.38019585609436,678
154.39620423316956,649
154.41224837303162,77
154.42777729034424,60
154.44269800186157,234
154.45974397659302,678
154.4740288257599,624
154.49014925956726,63
154.50616669654846,75
154.5215961933136,247
154.5376091003418,678
154.55351519584656,623
154.56867003440857,64
154.5845079421997,76
154.59990286827087,248
154.6156747341156,678
154.6309723854065,587
154.64643096923828,39
154.662424325943,91
154.67783737182617,259
154.693443775177,678
154.70858597755432,556
154.72336411476135,19
154.7388951778412,121
154.75451850891113,290
154.77040004730225,677
154.78543186187744,511
154.80143356323242,13
154.81608295440674,132
154.83194088935852,312
154.8474268913269,678
154.8634898662567,457
154.87880325317383,0
154.89480137825012,137
154.9108850955963,348
154.92615032196045,679
154.94134187698364,441
154.95683240890503,5
154.97262048721313,151
154.98777770996094,390
155.0036497116089,678
155.01926016807556,394
155.03426814079285,15
155.04977750778198,173
155.0653223991394,451
155.08067655563354,678
155.09640860557556,371
155.1115860939026,24
155.12737917900085,185
155.1427137851715,504
155.15799260139465,678
155.17354249954224,351
155.18956327438354,22
155.2048900127411,190
155.22100043296814,550
155.23677158355713,678
155.2523217201233,308
155.26835918426514,31
155.28440380096436,207
155.29956126213074,592
155.31556248664856,678
155.3317048549652,264
155.34877038002014,43
155.36260414123535,213
155.37773966789246,634
155.39383745193481,678
155.40958380699158,259
155.42508792877197,44
155.44087886810303,224
155.4570233821869,672
155.47304821014404,678
155.48834919929504,229
155.50337290763855,48
155.51935458183289,225
155.53436017036438,678
155.54988741874695,670
155.5656123161316,135
155.58075737953186,59
155.59630370140076,233
155.61128282546997,677
155.62658405303955,656
155.642085313797,95
155.6575608253479,70
155.67310643196106,241
155.68910551071167,678
155.70384001731873,648
155.71948099136353,89
155.73465156555176,72
155.74978303909302,248
155.76492404937744,678
155.7809181213379,616
155.7959680557251,75
155.81124091148376,76
155.82671856880188,251
155.84177494049072,678
155.8576455116272,587
155.87334203720093,40
155.88848185539246,92
155.90452075004578,264
155.92053771018982,677
155.93656826019287,561
155.95211458206177,20
155.96820378303528,112
155.9836597442627,277
155.9986870288849,677
156.0143163204193,537
156.03031969070435,17
156.04641962051392,122
156.06220483779907,293
156.0777416229248,678
156.09373879432678,500
156.10973978042603,15
156.12539196014404,129
156.1413857936859,331
156.15739750862122,678
156.17346858978271,461
156.18863248825073,6
156.2036166191101,146
156.2189118862152,365
156.23496270179749,679
156.25051617622375,422
156.26656460762024,6
156.28202056884766,154
156.29805636405945,413
156.31289052963257,677
156.328040599823,401
156.3434920310974,7
156.3592917919159,159
156.37538385391235,458
156.39138007164001,680
156.40737795829773,372
156.42318606376648,14
156.43906688690186,168
156.45448756217957,490
156.46986889839172,680
156.48535561561584,329
156.50041699409485,21
156.51645517349243,194
156.5317087173462,539
156.54724836349487,680
156.56324815750122,317
156.57834768295288,22
156.59439301490784,192
156.60936284065247,565
156.62480425834656,680
156.64142537117004,305
156.65665578842163,22
156.67206048965454,198
156.6872103214264,619
156.70320796966553,680
156.7192256450653,204
156.73423266410828,36
156.74959182739258,214
156.76508784294128,672
156.78025579452515,679
156.7956838607788,187
156.81129908561707,44
156.82701230049133,222
156.84310460090637,679
156.85917711257935,674
156.87380695343018,180
156.8890404701233,46
156.90504145622253,221
156.9209418296814,680
156.93694233894348,658
156.9525065422058,124
156.96850848197937,53
156.9843909740448,228
157.00009298324585,679
157.0160915851593,632
157.0313696861267,71
157.0471019744873,73
157.06315970420837,242
157.0779163837433,679
157.0934760570526,599
157.1102933883667,45
157.12484502792358,98
157.14097118377686,260
157.1564552783966,680
157.17163228988647,565
157.18762946128845,29
157.20355463027954,94
157.2190637588501,260
157.23477602005005,679
157.2505922317505,542
157.26665878295898,17
157.28232598304749,90
157.29833006858826,270
157.3133900165558,679
157.3294394016266,500
157.34483337402344,7
157.36001896858215,129
157.37600374221802,307
157.39150500297546,680
157.4068124294281,475
157.42290997505188,15
157.43900561332703,137
157.45503211021423,342
157.47110295295715,680
157.48629641532898,464
157.50226092338562,8
157.51825642585754,136
157.53330969810486,375
157.54905319213867,679
157.56516194343567,435
157.58037638664246,4
157.59637784957886,145
157.61167550086975,423
157.62665820121765,680
157.64318943023682,402
157.65835642814636,9
157.67435145378113,160
157.69035649299622,465
157.7056052684784,679
157.72160863876343,332
157.73706245422363,17
157.75221920013428,176
157.76766180992126,518
157.7827911376953,679
157.79839324951172,331
157.8140835762024,23
157.82924699783325,183
157.84439420700073,557
157.8599569797516,679
157.8759524822235,316
157.89168691635132,20
157.90670537948608,192
157.9216923713684,599
157.9377326965332,679
157.95333981513977,278
157.96894192695618,30
157.98450255393982,207
158.00054907798767,656
158.01658153533936,680
158.03259801864624,184
158.04811644554138,56
158.06288146972656,230
158.07887887954712,680
158.09486365318298,672
158.11088061332703,154
158.12707543373108,53
158.1428725719452,230
158.15862846374512,680
158.1746325492859,655
158.18987464904785,114
158.2052834033966,59
158.2210738658905,235
158.2369294166565,679
158.25218391418457,625
158.26738286018372,61
158.28338813781738,89
158.2985701560974,249
158.31396889686584,680
158.329434633255,602
158.34499835968018,47
158.36036324501038,93
158.37566661834717,259
158.3916826248169,678
158.4072093963623,571
158.42223048210144,29
158.43755745887756,91
158.45291090011597,261
158.46800327301025,680
158.4840407371521,533
158.49965715408325,20
158.51574110984802,105
158.5310435295105,289
158.547110080719,680
158.56321549415588,491
158.57922339439392,12
158.59519219398499,121
158.61122035980225,323
158.62723565101624,680
158.642480134964,460
158.65800833702087,5
158.67301511764526,145
158.68878889083862,367
158.70433449745178,680
158.72033262252808,437
158.73536348342896,4
158.75094890594482,146
158.7667109966278,405
158.78171515464783,679
158.796710729599,425
158.81222534179688,7
158.82774901390076,156
158.84430956840515,424
158.85969161987305,679
158.8748073577881,372
158.89074325561523,3
158.90632271766663,164
158.9218521118164,481
158.93685960769653,680
158.9523799419403,348
158.96827626228333,8
158.984290599823,171
158.9999873638153,515
159.014990568161,681
159.0307228565216,339
159.04586744308472,10
159.06140780448914,179
159.07736039161682,553
159.0926330089569,680
159.10825777053833,279
159.12373113632202,20
159.1397020816803,199
159.15508484840393,613
159.17109489440918,679
159.18713474273682,237
159.20226645469666,26
159.2182800769806,203
159.23375821113586,647
159.2498869895935,679
159.26490187644958,231
159.27989983558655,32
159.29506587982178,215
159.31064915657043,680
159.32675623893738,676
159.34267735481262,158
159.35835599899292,37
159.37447214126587,217
159.38918948173523,679
159.4051375389099,663
159.42117834091187,121
159.43640160560608,51
159.4522716999054,230
159.46770644187927,680
159.4827537536621,651
159.49775075912476,103
159.51354551315308,59
159.53001976013184,231
159.54467105865479,680
159.56074833869934,625
159.57668948173523,65
159.59168410301208,63
159.60686564445496,230
159.62298464775085,680
159.63844561576843,583
159.65378713607788,19
159.66895961761475,81
159.68496775627136,253
159.70070672035217,680
159.7157347202301,549
159.73180770874023,20
159.7478666305542,108
159.763906955719,288
159.77965021133423,680
159.79534935951233,520
159.8111925125122,17
159.827730178833,121
159.84174418449402,318
159.8572793006897,680
159.87291073799133,479
159.888925075531,5
159.90474128723145,135
159.91996955871582,350
159.93603324890137,680
159.95160102844238,424
159.96690797805786,0
159.98257064819336,139
159.9985692501068,381
160.01387929916382,680
160.02913641929626,413
160.0443775653839,0
160.05992341041565,144
160.0752739906311,428
160.09082436561584,680
160.10661840438843,393
160.12189936637878,1
160.13792371749878,152
160.15347123146057,466
160.16871070861816,680
160.18410325050354,378
160.19984912872314,4
160.214861869812,160
160.2307243347168,484
160.24725794792175,678
160.26253628730774,339
160.2785243988037,15
160.29422616958618,181
160.3095052242279,542
160.32459497451782,678
160.34070563316345,325
160.35649919509888,19
160.37164425849915,189
160.3870725631714,584
160.40305948257446,678
160.41905665397644,299
160.43426775932312,16
160.45078110694885,194
160.46578288078308,621
160.48164534568787,678
160.49709105491638,215
160.51188206672668,35
160.52766036987305,214
160.54285860061646,679
160.55841279029846,677
160.57430267333984,161
160.58929467201233,47
160.6044979095459,223
160.62054228782654,678
160.6365749835968,674
160.6517562866211,151
160.66728162765503,47
160.68329691886902,225
160.70032405853271,678
160.71431851387024,654
160.73044657707214,123
160.74651098251343,49
160.76243829727173,231
160.77772617340088,678
160.79332304000854,643
160.80944776535034,77
160.82539868354797,64
160.84055590629578,236
160.85584926605225,677
160.87166619300842,604
160.88768649101257,39
160.90301418304443,92
160.91904640197754,260
160.93422985076904,678
160.94989895820618,571
160.96592116355896,31
160.98193311691284,97
160.99771690368652,269
161.0129406452179,678
161.0284731388092,546
161.04418992996216,26
161.05952286720276,103
161.07558727264404,280
161.09168410301208,678
161.10690426826477,514
161.12240743637085,16
161.13762283325195,126
161.15311074256897,323
161.16904401779175,678
161.1850082874298,480
161.20080399513245,10
161.21655821800232,136
161.2316906452179,358
161.24770259857178,678
161.2635281085968,457
161.27958750724792,7
161.29502654075623,143
161.31038093566895,393
161.32601475715637,678
161.34204840660095,430
161.35774660110474,3
161.37323832511902,150
161.3880786895752,436
161.40331411361694,678
161.4183177947998,381
161.43408632278442,13
161.44992566108704,169
161.46567225456238,487
161.4816665649414,678
161.49668669700623,366
161.51143646240234,17
161.52744364738464,177
161.5434501171112,523
161.55948781967163,678
161.57506275177002,356
161.59112286567688,18
161.60662961006165,190
161.62164187431335,569
161.63763856887817,677
161.65331077575684,343
161.66844773292542,21
161.68376421928406,194
161.69916892051697,589
161.71519565582275,678
161.73053359985352,283
161.74595403671265,29
161.76114964485168,203
161.7771511077881,618
161.79271745681763,678
161.80785369873047,274
161.8232867717743,30
161.83830904960632,211
161.85396599769592,650
161.869478225708,677
161.88533782958984,243
161.90074920654297,38
161.91675114631653,217
161.93138456344604,678
161.94734930992126,675
161.96229457855225,154
161.9779634475708,44
161.99354600906372,214
162.00952887535095,678
162.02515053749084,661
162.04119610786438,113
162.05706310272217,48
162.07281970977783,228
162.08862900733948,678
162.10461950302124,648
162.12064051628113,100
162.13606452941895,66
162.15191221237183,241
162.16712546348572,678
162.18243074417114,632
162.19842791557312,78
162.21441960334778,72
162.2304162979126,248
162.24653363227844,679
162.26181769371033,599
162.27770590782166,40
162.29273104667664,102
162.30813336372375,267
162.32325887680054,679
162.33936405181885,559
162.354882478714,28
162.37039279937744,105
162.38540625572205,280
162.40089082717896,678
162.4160761833191,523
162.43169379234314,17
162.44656372070312,115
162.4619333744049,307
162.47712922096252,678
162.49314141273499,484
162.5088186264038,6
162.52383255958557,127
162.53926801681519,340
162.55449557304382,678
162.57004165649414,420
162.5861566066742,6
162.6015226840973,150
162.61768555641174,380
162.63285660743713,678
162.64813494682312,395
162.66366529464722,2
162.6792917251587,149
162.6945984363556,421
162.7106146812439,678
162.72660112380981,400
162.74224209785461,0
162.75782084465027,143
162.77303552627563,460
162.7884545326233,678
162.803209066391,376
162.81924533843994,0
162.83425378799438,148
162.8508758544922,496
162.866858959198,678
162.88242149353027,335
162.89842462539673,0
162.91441774368286,136
162.9298267364502,500
162.94487237930298,678
162.96039271354675,245
162.9764049053192,0
162.99236750602722,138
163.00837016105652,527
163.02442836761475,678
163.04050517082214,208
163.056499004364,0
163.07173562049866,130
163.08773064613342,535
163.10325026512146,678
163.11872053146362,226
163.1342761516571,4
163.1494255065918,156
163.16520738601685,607
163.1808362007141,678
163.19621968269348,210
163.21199917793274,11
163.22752285003662,182
163.24255180358887,677
163.25795531272888,671
163.27314114570618,124
163.2890636920929,38
163.30511045455933,205
163.32123565673828,677
163.3371570110321,662
163.35267543792725,108
163.36866736412048,48
163.38454723358154,225
163.40003728866577,678
163.41602611541748,655
163.43146419525146,111
163.44649004936218,57
163.46301198005676,231
163.47701406478882,677
163.4924886226654,633
163.50764155387878,83
163.5231580734253,72
163.538170337677,244
163.55404543876648,678
163.5690836906433,600
163.58464646339417,54
163.6005506515503,103
163.61642956733704,269
163.6333909034729,678
163.64780259132385,564
163.66346406936646,42
163.6787302494049,122
163.69476413726807,291
163.71018934249878,678
163.7260148525238,546
163.738023519516,39
163.75382208824158,130
163.76884007453918,308
163.78447103500366,678
163.79955124855042,514
163.81503129005432,26
163.83014631271362,142
163.84615683555603,336
163.86190938949585,678
163.87747859954834,487
163.8921856880188,39
163.90820026397705,161
163.9242446422577,374
163.9394929409027,679
163.9541473388672,475
163.96934700012207,34
163.98533749580383,163
164.00132489204407,392
164.01686549186707,678
164.03337502479553,437
164.04787969589233,27
164.06346583366394,161
164.07940888404846,443
164.0943958759308,678
164.1093668937683,381
164.12534856796265,35
164.14056706428528,184
164.15601468086243,489
164.17114067077637,679
164.18659019470215,371
164.2026925086975,38
164.21786904335022,191
164.23347568511963,513
164.24949860572815,680
164.26501178741455,339
164.28099632263184,32
164.29630088806152,188
164.3117470741272,538
164.3271369934082,680
164.342426776886,302
164.3580813407898,38
164.37311267852783,198
164.38914251327515,590
164.4050064086914,679
164.4210000038147,231
164.43648052215576,65
164.45129346847534,223
164.4666724205017,655
164.4826626777649,678
164.4984872341156,210
164.51452612876892,65
164.5305700302124,229
164.54597568511963,680
164.56206059455872,669
164.57808470726013,184
164.59319162368774,72
164.60917615890503,235
164.62445735931396,680
164.64042329788208,646
164.65651559829712,135
164.67295122146606,88
164.68846130371094,246
164.70445251464844,679
164.72009801864624,626
164.7361011505127,104
164.75162363052368,96
164.7672164440155,248
164.78258609771729,680
164.79848217964172,616
164.8140251636505,86
164.82901453971863,95
164.84502124786377,244
164.8604917526245,679
164.87596321105957,588
164.89168858528137,75
164.90686535835266,102
164.92172169685364,252
164.93782210350037,679
164.95361638069153,562
164.96896648406982,61
164.98481464385986,117
164.9999988079071,277
165.01557087898254,679
165.03034925460815,527
165.0463740825653,54
165.0617814064026,134
165.07683300971985,300
165.09290146827698,683
165.10895085334778,490
165.12502932548523,48
165.1401674747467,136
165.15577721595764,307
165.17083549499512,680
165.1861641407013,455
165.20214939117432,16
165.21756792068481,122
165.2334680557251,314
165.24951672554016,680
165.26514720916748,415
165.28115487098694,10
165.2959418296814,121
165.31107020378113,325
165.32615160942078,679
165.3414409160614,414
165.35726404190063,16
165.37278199195862,133
165.38856077194214,365
165.40358448028564,679
165.41856241226196,408
165.43391728401184,24
165.44911074638367,160
165.46482849121094,426
165.48083066940308,680
165.49661660194397,375
165.51209259033203,49
165.52807664871216,188
165.54300212860107,482
165.5588617324829,680
165.57387971878052,338
165.59000730514526,56
165.60576391220093,204
165.62114000320435,525
165.63714003562927,680
165.65325021743774,349
165.66856360435486,67
165.6836121082306,210
165.69878268241882,555
165.71434569358826,679
165.7296187877655,327
165.74689054489136,72
165.76095128059387,228
165.77596616744995,595
165.79168152809143,679
165.80707478523254,268
165.8230390548706,85
165.83825826644897,238
165.8535008430481,642
165.86908316612244,679
165.8844313621521,221
165.89929938316345,103
165.91477346420288,251
165.93028593063354,680
165.94572830200195,658
165.96071004867554,173
165.97631406784058,91
165.99188995361328,244
166.00718140602112,679
166.02217864990234,638
166.0372006893158,129
166.05279564857483,108
166.0682168006897,246
166.08374452590942,680
166.09922456741333,615
166.1149775981903,109
166.13098526000977,126
166.1461627483368,268
166.16221022605896,680
166.1774160861969,597
166.1926417350769,102
166.2077934741974,132
166.22378778457642,273
166.23983478546143,679
166.2563750743866,561
166.27159094810486,90
166.28687691688538,144
166.30237555503845,295
166.31759333610535,679
166.3336102962494,521
166.34875345230103,71
166.3640513420105,145
166.37934947013855,300
166.39480543136597,679
166.41066718101501,478
166.4267086982727,65
166.44211077690125,162
166.4583122730255,339
166.4741997718811,680
166.48942136764526,450
166.50512409210205,53
166.52045512199402,160
166.53646206855774,358
166.55220866203308,680
166.5677170753479,428
166.58346319198608,46
166.59866452217102,157
166.6146731376648,394
166.6299364566803,679
166.64524507522583,354
166.6605086326599,42
166.67598152160645,174
166.69199895858765,430
166.70750617980957,680
166.72285676002502,343
166.7381637096405,51
166.7539505958557,177
166.76994252204895,476
166.78530144691467,679
166.80076217651367,314
166.81677770614624,45
166.83268427848816,184
166.8479242324829,498
166.86401653289795,678
166.88011741638184,284
166.8954393863678,46
166.9106080532074,187
166.9259078502655,525
166.94201922416687,680
166.95755577087402,252
166.97365307807922,48
166.98832941055298,189
167.0033073425293,563
167.01850724220276,679
167.03405690193176,240
167.04931735992432,52
167.0652139186859,197
167.080664396286,591
167.09590411186218,676
167.11124849319458,212
167.12722086906433,63
167.14278721809387,213
167.1589481830597,641
167.17425155639648,661
167.18934726715088,151
167.20534920692444,78
167.22149777412415,225
167.23664689064026,675
167.25217652320862,634
167.26754689216614,110
167.28291177749634,87
167.29836702346802,235
167.31372475624084,679
167.32976818084717,592
167.34501814842224,90
167.36106872558594,99
167.37636637687683,239
167.39157032966614,680
167.4069812297821,562
167.42275285720825,64
167.4379596710205,103
167.45340394973755,252
167.46922659873962,679
167.4852418899536,512
167.50112342834473,49
167.51640439033508,130
167.53240489959717,270
167.54825520515442,679
167.56320595741272,480
167.57920479774475,47
167.59450221061707,144
167.61002397537231,298
167.62627267837524,679
167.6404333114624,479
167.65654397010803,51
167.67189717292786,145
167.68790888786316,326
167.70296573638916,679
167.71899604797363,450
167.73504209518433,37
167.75019431114197,149
167.76624131202698,364
167.78180718421936,679
167.79788041114807,396
167.81289958953857,45
167.82829546928406,166
167.84432196617126,406
167.85946106910706,680
167.8749485015869,388
167.89093852043152,37
167.9065878391266,168
167.92187809944153,446
167.93795490264893,680
167.9536693096161,354
167.96863412857056,32
167.98464918136597,167
168.00018692016602,462
168.01532340049744,677
168.02997756004333,323
168.04498147964478,38
168.06067204475403,174
168.07568454742432,484
168.09171533584595,678
168.1074721813202,300
168.12347602844238,43
168.13954949378967,183
168.15504121780396,526
168.17059564590454,685
168.18548321723938,270
168.20127367973328,43
168.21650958061218,187
168.23253297805786,547
168.2480788230896,678
168.2641100883484,237
168.2793891429901,59
168.29537796974182,210
168.31139874458313,597
168.32663321495056,676
168.34223318099976,208
168.35767531394958,71
168.37288808822632,219
168.38889861106873,630
168.40432405471802,665
168.42028045654297,178
168.43515372276306,63
168.45086359977722,212
168.4659321308136,656
168.4815649986267,650
168.49762606620789,150
168.513165473938,67
168.52830266952515,221
168.54409623146057,678
168.55986976623535,627
168.57515358924866,105
168.59040713310242,85
168.6064064502716,228
168.62188076972961,678
168.63787460327148,600
168.65387892723083,85
168.66941618919373,104
168.6849808692932,253
168.70079255104065,678
168.71600127220154,552
168.7312092781067,68
168.7471263408661,124
168.76235032081604,272
168.77845239639282,678
168.79392838478088,528
168.80994749069214,55
168.82462167739868,132
168.8406138420105,281
168.8561408519745,677
168.87145137786865,478
168.88733577728271,36
168.9034023284912,129
168.9184193611145,295
168.9336929321289,678
168.94970512390137,451
168.96553134918213,47
168.98093509674072,150
168.99718832969666,332
169.01290726661682,678
169.02790546417236,432
169.0435163974762,35
169.05921936035156,155
169.07496809959412,371
169.0907952785492,678
169.10648560523987,391
169.12224698066711,44
169.13767457008362,168
169.1529824733734,432
169.1685507297516,678
169.18404960632324,339
169.2000322341919,53
169.21603894233704,185
169.23134875297546,467
169.2473337650299,678
169.26309847831726,328
169.2790331840515,44
169.29495191574097,184
169.30960726737976,498
169.32477498054504,678
169.34055876731873,304
169.35602974891663,37
169.37154698371887,185
169.38672137260437,529
169.4027554988861,678
169.41845297813416,253
169.43373489379883,57
169.44879984855652,205
169.46412205696106,575
169.4796667098999,678
169.49496126174927,211
169.51059246063232,53
169.52649092674255,204
169.54150891304016,609
169.5571460723877,671
169.57301568984985,169
169.5890336036682,59
169.60507774353027,210
169.6202220916748,645
169.63523745536804,655
169.6509108543396,122
169.6675410270691,73
169.68168902397156,221
169.69731950759888,678
169.71269941329956,640
169.7282214164734,106
169.74470686912537,82
169.76051878929138,224
169.7760353088379,678
169.79204058647156,620
169.80810499191284,78
169.82310819625854,92
169.83819365501404,231
169.85307049751282,678
169.86785078048706,602
169.88306379318237,78
169.89821672439575,113
169.9135980606079,248
169.92889165878296,678
169.94489359855652,562
169.96008157730103,53
169.97568774223328,115
169.99116611480713,254
170.00718474388123,678
170.02341079711914,534
170.03944659233093,48
170.05551290512085,125
170.07150292396545,270
170.08751726150513,678
170.10375595092773,494
170.1189250946045,36
170.13490653038025,126
170.15103554725647,293
170.1665723323822,678
170.18198084831238,459
170.1974217891693,42
170.21281814575195,146
170.2288248538971,336
170.2435793876648,678
170.25878190994263,395
170.27487659454346,36
170.29047393798828,157
170.30657052993774,375
170.3223533630371,678
170.33835697174072,377
170.3542468547821,46
170.36984658241272,173
170.3858413696289,413
170.40152859687805,678
170.41754460334778,357
170.4335458278656,44
170.4485490322113,173
170.46384167671204,459
170.47955965995789,677
170.49442839622498,307
170.50973296165466,54
170.52504110336304,186
170.54098653793335,499
170.55698609352112,678
170.5723524093628,300
170.58790969848633,61
170.60393738746643,199
170.6199014186859,521
170.6355812549591,677
170.6505663394928,294
170.66609120368958,63
170.68135118484497,212
170.697420835495,561
170.7129123210907,678
170.72890710830688,259
170.74492526054382,61
170.76044487953186,211
170.77645921707153,603
170.7924451828003,674
170.80783486366272,182
170.8234841823578,88
170.83911895751953,232
170.8543701171875,651
170.87003421783447,668
170.885559797287,172
170.90090894699097,89
170.9164264202118,235
170.93142938613892,678
170.94656014442444,651
170.96170234680176,137
170.97701501846313,92
170.99299883842468,235
171.00900387763977,678
171.02413773536682,625
171.03980946540833,98
171.05581641197205,114
171.07101106643677,250
171.08705925941467,677
171.10290026664734,595
171.1180877685547,85
171.13339185714722,124
171.1488287448883,260
171.1642942428589,678
171.1798312664032,566
171.1955316066742,65
171.21151328086853,116
171.22751450538635,258
171.24344205856323,677
171.25847792625427,524
171.273761510849,49
171.28848361968994,126
171.30375862121582,281
171.3195836544037,678
171.33504366874695,495
171.35055804252625,50
171.3662464618683,151
171.38190388679504,312
171.39791083335876,678
171.41331100463867,455
171.4287989139557,43
171.44473242759705,148
171.46075010299683,341
171.47596168518066,678
171.49207139015198,431
171.5071680545807,39
171.52271938323975,153
171.5387043952942,356
171.55395126342773,676
171.5691533088684,395
171.58436560630798,48
171.60034441947937,169
171.61539006233215,389
171.63103103637695,678
171.64705157279968,368
171.66207146644592,47
171.67716598510742,175
171.69321417808533,426
171.70836853981018,678
171.7245533466339,354
171.73988819122314,42
171.75514101982117,183
171.77033853530884,466
171.786048412323,677
171.80203771591187,327
171.81751894950867,45
171.83350276947021,178
171.84856748580933,486
171.8645462989807,677
171.87999820709229,291
171.8952181339264,51
171.9102053642273,194
171.92655968666077,528
171.9419264793396,679
171.9573655128479,263
171.9733965396881,55
171.98849201202393,204
172.00350832939148,572
172.01952648162842,679
172.03491926193237,244
172.05093121528625,61
172.06662511825562,206
172.08184242248535,609
172.09783458709717,673
172.1138470172882,182
172.12921857833862,75
172.14508390426636,227
172.1605155467987,665
172.1760745048523,648
172.1912841796875,127
172.20649313926697,85
172.22213768959045,229
172.2375524044037,680
172.25363945960999,633
172.26876521110535,118
172.28432536125183,86
172.2996563911438,232
172.31577825546265,679
172.33114218711853,612
172.34648871421814,104
172.36238312721252,100
172.37800860404968,244
172.39402842521667,680
172.40939617156982,585
172.42478108406067,70
172.44048237800598,112
172.45549988746643,250
172.47183299064636,679
172.48782896995544,558
172.5038115978241,61
172.51935148239136,128
172.53466415405273,278
172.54996752738953,680
172.56524348258972,517
172.5809953212738,55
172.59605956077576,131
172.6120960712433,286
172.62780618667603,680
172.64361429214478,491
172.6596555709839,44
172.67530608177185,129
172.6906349658966,302
172.70763683319092,680
172.72127175331116,458
172.73729705810547,33
172.75242829322815,135
172.76798057556152,333
172.78331756591797,679
172.79855847358704,425
172.8146562576294,31
172.83065843582153,145
172.84648823738098,366
172.8619441986084,680
172.87723350524902,378
172.89246368408203,32
172.90854787826538,156
172.9245309829712,399
172.94040775299072,680
172.95591926574707,361
172.97109699249268,37
172.98658919334412,158
173.0021562576294,447
173.01810336112976,680
173.03321409225464,347
173.04840421676636,49
173.0644347667694,193
173.0796661376953,510
173.09524178504944,679
173.1104714870453,307
173.125967502594,70
173.14161348342896,215
173.15769386291504,547
173.17382526397705,678
173.18920040130615,305
173.20477318763733,79
173.22023725509644,232
173.2362415790558,591
173.25137209892273,680
173.2674436569214,311
173.28227734565735,97
173.2976803779602,247
173.31371307373047,630
173.32963013648987,679
173.34476685523987,243
173.36057424545288,95
173.3756136894226,252
173.39089679718018,665
173.40595984458923,675
173.4219696521759,204
173.4378001689911,113
173.45390820503235,259
173.46918773651123,679
173.4849591255188,655
173.50131177902222,157
173.51650977134705,112
173.53150486946106,268
173.54750609397888,679
173.56295228004456,626
173.57863068580627,108
173.5946843624115,114
173.61025476455688,261
173.6251232624054,679
173.64054036140442,595
173.65591025352478,92
173.67091917991638,138
173.686625957489,287
173.7020604610443,680
173.7180037498474,570
173.73408937454224,75
173.74939465522766,135
173.7663869857788,291
173.78095245361328,679
173.79691910743713,556
173.81244134902954,79
173.8284137248993,145
173.84376668930054,297
173.8600947856903,679
173.87617945671082,502
173.89157009124756,52
173.90709853172302,152
173.92300510406494,325
173.93839716911316,679
173.95402026176453,476
173.96951174736023,58
173.98556637763977,167
174.00062370300293,345
174.01615452766418,680
174.0322301387787,443
174.04792189598083,47
174.06383633613586,168
174.079407453537,379
174.09449648857117,679
174.11007452011108,417
174.1259000301361,51
174.1411008834839,179
174.15685105323792,424
174.17286443710327,679
174.18831706047058,372
174.20386481285095,68
174.21914958953857,190
174.23440265655518,453
174.24993634223938,679
174.265722990036,328
174.28163981437683,41
174.29764914512634,183
174.3136739730835,471
174.32930946350098,679
174.34497785568237,337
174.360985994339,48
174.37650203704834,190
174.39245104789734,511
174.40772485733032,679
174.42312145233154,313
174.43910551071167,54
174.4548144340515,201
174.47079515457153,541
174.48615312576294,679
174.50123262405396,265
174.51612257957458,66
174.53110599517822,216
174.54610657691956,594
174.562077999115,679
174.57733416557312,224
174.59335684776306,74
174.60862231254578,225
174.62422108650208,620
174.64020442962646,677
174.65621781349182,210
174.67174410820007,75
174.68760776519775,232
174.70260214805603,669
174.71782612800598,663
174.7338948249817,167
174.74941778182983,89
174.7651011943817,240
174.78080081939697,679
174.79666924476624,637
174.81239485740662,114
174.8275625705719,109
174.84256052970886,255
174.85812258720398,680
174.8738672733307,621
174.88967323303223,103
174.9049289226532,106
174.9204707145691,254
174.9359152317047,680
174.95191860198975,585
174.96786856651306,81
174.9839220046997,110
174.9992754459381,255
175.0145299434662,679
175.03060793876648,557
175.04607224464417,63
175.0621120929718,117
175.07789731025696,277
175.09370017051697,679
175.10976099967957,510
175.12478065490723,51
175.13996958732605,146
175.1559557914734,303
175.1711208820343,679
175.187096118927,480
175.20251417160034,42
175.2181041240692,149
175.2333788871765,337
175.2493975162506,679
175.26474142074585,443
175.28029441833496,39
175.29623556137085,152
175.31181383132935,376
175.32746052742004,679
175.34295201301575,409
175.35809803009033,35
175.37323760986328,161
175.38880062103271,412
175.4038290977478,679
175.4191131591797,354
175.43504452705383,42
175.45044612884521,175
175.46584630012512,458
175.48137044906616,679
175.4965283870697,333
175.51190280914307,43
175.52789330482483,184
175.5437171459198,500
175.55905413627625,680
175.5751600265503,334
175.59099912643433,40
175.6059980392456,185
175.62088060379028,511
175.6366090774536,679
175.65261268615723,298
175.66791105270386,38
175.6838719844818,186
175.6995599269867,543
175.7150056362152,679
175.73037457466125,239
175.74648594856262,50
175.76167511940002,208
175.77750515937805,589
175.7931034564972,678
175.80812168121338,220
175.82347989082336,60
175.83868789672852,212
175.8544147014618,625
175.87032675743103,673
175.88582229614258,211
175.90097856521606,78
175.91663646697998,220
175.93257761001587,661
175.94858860969543,651
175.96460056304932,115
175.97983694076538,71
175.99542760849,216
176.01088738441467,678
176.02635526657104,617
176.04235577583313,79
176.05736827850342,76
176.07344222068787,234
176.0890827178955,678
176.10424160957336,592
176.11942100524902,86
176.13444232940674,113
176.1501178741455,257
176.16613054275513,677
176.18126893043518,563
176.19726729393005,69
176.21327137947083,110
176.22856068611145,260
176.24434280395508,678
176.2604160308838,559
176.27646327018738,53
176.29184889793396,123
176.30784821510315,272
176.3232822418213,678
176.33881402015686,518
176.35471558570862,52
176.37043356895447,138
176.38572525978088,302
176.40131378173828,678
176.4165756702423,488
176.43255352973938,54
176.44859671592712,149
176.46446776390076,325
176.4791715145111,678
176.49518370628357,450
176.5106737613678,44
176.526682138443,154
176.5428068637848,342
176.55832695960999,677
176.57372188568115,400
176.5896773338318,33
176.60568523406982,157
176.6216962337494,372
176.63783502578735,678
176.6528675556183,398
176.66866374015808,29
176.68380880355835,155
176.69949531555176,404
176.71567583084106,677
176.73149824142456,378
176.74705934524536,33
176.76226592063904,171
176.77775764465332,447
176.79268622398376,678
176.8087317943573,319
176.82410264015198,14
176.83981108665466,140
176.85496854782104,449
176.87064266204834,678
176.88618111610413,231
176.9021782875061,2
176.9173595905304,117
176.9333691596985,457
176.94893550872803,675
176.9640028476715,195
176.979398727417,0
176.99544668197632,111
177.01073455810547,489
177.0256142616272,663
177.04147219657898,164
177.05673336982727,3
177.07244110107422,128
177.08774518966675,558
177.10380506515503,648
177.11909437179565,104
177.13408589363098,17
177.1497402191162,159
177.16576075553894,618
177.18149590492249,630
177.19754195213318,79
177.213636636734,42
177.2290587425232,191
177.245055437088,679
177.25997686386108,605
177.27552032470703,71
177.2908387184143,56
177.30634927749634,208
177.32245445251465,677
177.33799386024475,556
177.3539912700653,44
177.37007904052734,78
177.3850405216217,233
177.40105962753296,678
177.41677451133728,544
177.43218851089478,33
177.44719052314758,111
177.46253108978271,254
177.47797346115112,678
177.49397230148315,496
177.50999093055725,26
177.5254716873169,119
177.5414752960205,274
177.55712938308716,678
177.57312941551208,468
177.58910083770752,7
177.60429978370667,105
177.61970782279968,282
177.63558173179626,678
177.65157437324524,445
177.6676619052887,6
177.68355321884155,109
177.69948840141296,300
177.714772939682,678
177.73084616661072,399
177.74646520614624,11
177.76245021820068,135
177.77745580673218,363
177.79321098327637,677
177.8093183040619,371
177.82514190673828,37
177.84048986434937,162
177.8555030822754,421
177.87106132507324,678
177.88684368133545,359
177.9021933078766,36
177.91724801063538,172
177.93316054344177,455
177.9481542110443,678
177.96419310569763,352
177.97961926460266,30
177.99496030807495,173
178.0109555721283,493
178.02597212791443,679
178.04160332679749,281
178.05760669708252,37
178.07363295555115,189
178.0891671180725,533
178.1050021648407,678
178.12081909179688,263
178.13681173324585,45
178.15284729003906,194
178.16887092590332,561
178.18490862846375,677
178.20032715797424,261
178.2154951095581,46
178.2308325767517,205
178.24583101272583,606
178.26138710975647,677
178.2766628265381,229
178.29277873039246,60
178.30855059623718,214
178.32403087615967,637
178.33938145637512,670
178.35537886619568,180
178.37055325508118,75
178.38565969467163,229
178.40123200416565,678
178.41673398017883,653
178.43262815475464,151
178.44872736930847,82
178.46470427513123,232
178.4803204536438,677
178.4953691959381,627
178.51142144203186,103
178.52746081352234,81
178.54289412498474,232
178.55806827545166,678
178.57410311698914,600
178.58883476257324,90
178.60416078567505,119
178.6196949481964,259
178.63569474220276,678
178.65098810195923,565
178.66649317741394,74
178.6816246509552,121
178.6973171234131,267
178.7129261493683,678
178.72851848602295,539
178.74393701553345,55
178.75896000862122,119
178.77435111999512,283
178.78982043266296,678
178.80523705482483,500
178.8206822872162,55
178.8366756439209,144
178.85200119018555,306
178.86800479888916,678
178.8836178779602,466
178.89960265159607,40
178.91461753845215,155
178.93032717704773,344
178.9455280303955,678
178.96081948280334,449
178.97613406181335,40
178.9917860031128,155
179.00782251358032,365
179.02388906478882,676
179.03914523124695,414
179.05449056625366,33
179.0705749988556,167
179.08636856079102,410
179.10227513313293,677
179.1182668209076,351
179.1337606906891,41
179.14895129203796,179
179.16506695747375,447
179.1817169189453,677
179.19773936271667,356
179.21379017829895,38
179.22944855690002,180
179.24544596672058,479
179.26048350334167,678
179.27649974822998,348
179.29164791107178,36
179.30763339996338,178
179.32281112670898,506
179.3383138179779,677
179.3536365032196,321
179.36924242973328,39
179.38415122032166,193
179.39949703216553,549
179.41475296020508,677
179.4308693408966,253
179.44673085212708,60
179.46271300315857,215
179.47822546958923,612
179.49375104904175,677
179.50982904434204,225
179.52582597732544,66
179.5414023399353,224
179.557519197464,631
179.57218074798584,671
179.58801078796387,206
179.6040279865265,67
179.61948466300964,231
179.63494038581848,669
179.65026903152466,653
179.66545796394348,152
179.6805384159088,75
179.69608879089355,233
179.71128344535828,680
179.72734308242798,631
179.7443811893463,103
179.7591757774353,86
179.77481961250305,239
179.79036617279053,679
179.8062560558319,604
179.82200121879578,90
179.83688712120056,97
179.85234451293945,253
179.86747002601624,679
179.8830442428589,579
179.89907503128052,71
179.91515827178955,109
179.93028712272644,260
179.94628858566284,679
179.96128177642822,534
179.97740268707275,53
179.99351167678833,125
180.00877261161804,281
180.0246148109436,679
180.03961730003357,493
180.05559706687927,41
180.07074666023254,127
180.08587384223938,298
180.10119080543518,678
180.11645817756653,462
180.13233041763306,34
180.14783024787903,145
180.16319584846497,332
180.1792438030243,679
180.194402217865,418
180.20941495895386,25
180.2254741191864,151
180.2407042980194,385
180.25618600845337,680
180.27130651474,395
180.2873251438141,27
180.30257296562195,154
180.31780099868774,412
180.3337984085083,679
180.34980654716492,375
180.36546230316162,29
180.38063073158264,162
180.3966805934906,452
180.41278839111328,679
180.4280068874359,342
180.44367837905884,37
180.45904111862183,181
180.47449040412903,482
180.4901053905487,680
180.50586414337158,317
180.5219371318817,49
180.53743362426758,188
180.55343675613403,525
180.56943225860596,680
180.58518409729004,299
180.60045433044434,38
180.61609506607056,189
180.63208746910095,562
180.64808225631714,679
180.66364431381226,263
180.67972826957703,56
180.6955361366272,211
180.71062922477722,583
180.7256166934967,676
180.74061608314514,172
180.75671577453613,49
180.77271628379822,202
180.78832745552063,601
180.80353593826294,666
180.81952381134033,145
180.8343665599823,38
180.84952425956726,190
180.8648657798767,623
180.88007807731628,646
180.8956549167633,126
180.91167974472046,37
180.92767429351807,189
180.94295048713684,663
180.95827174186707,622
180.97390174865723,87
180.9892120361328,29
181.00445675849915,175
181.02049160003662,680
181.03616642951965,589
181.0521650314331,46
181.06767416000366,57
181.08371210098267,203
181.09938621520996,679
181.1145257949829,573
181.13064074516296,55
181.1466634273529,85
181.16207718849182,234
181.17809534072876,679
181.19353246688843,548
181.20951652526855,48
181.22551441192627,94
181.24167704582214,249
181.256933927536,680
181.27194809913635,508
181.28758144378662,28
181.30331802368164,103
181.31846261024475,278
181.33448958396912,680
181.35062742233276,469
181.36607265472412,19
181.38122153282166,119
181.39670944213867,299
181.41261839866638,679
181.4272859096527,444
181.44235038757324,26
181.459463596344,135
181.47433805465698,341
181.48981475830078,679
181.50484156608582,418
181.52088952064514,27
181.53607439994812,147
181.55205726623535,377
181.56689143180847,680
181.58262062072754,407
181.59816575050354,30
181.61403393745422,153
181.6300778388977,400
181.6453137397766,679
181.6609296798706,365
181.67635250091553,48
181.69200086593628,181
181.7073106765747,436
181.7232964038849,680
181.7382528781891,373
181.75385189056396,41
181.7698724269867,179
181.7858784198761,475
181.80133295059204,679
181.81686115264893,357
181.8328583240509,43
181.84833812713623,185
181.86443734169006,505
181.87972688674927,679
181.89540553092957,299
181.91065645217896,48
181.92585039138794,196
181.94084811210632,533
181.95628547668457,679
181.97194409370422,292
181.98763155937195,51
182.00302958488464,200
182.01807069778442,557
182.03409910202026,680
182.04975247383118,266
182.06567883491516,47
182.08102464675903,203
182.0965440273285,608
182.11207365989685,676
182.12827849388123,184
182.14327478408813,73
182.15855073928833,228
182.17415952682495,663
182.18975257873535,660
182.20576691627502,125
182.22102856636047,89
182.23665499687195,237
182.25188207626343,679
182.26730751991272,630
182.28249859809875,108
182.29857110977173,93
182.31456303596497,243
182.33058166503906,679
182.34607338905334,591
182.3621425628662,77
182.378169298172,89
182.39368891716003,246
182.40968298912048,679
182.42512392997742,552
182.4413833618164,56
182.45640063285828,86
182.4718315601349,237
182.48715806007385,679
182.50295329093933,538
182.5180048942566,41
182.53324842453003,105
182.54846477508545,268
182.5638678073883,679
182.57906556129456,518
182.59517550468445,56
182.61120915412903,140
182.62705731391907,307
182.64264965057373,680
182.6577606201172,494
182.67324900627136,64
182.68874788284302,169
182.70475149154663,357
182.7204978466034,679
182.73653483390808,463
182.75201869010925,78
182.76793503761292,195
182.78394079208374,410
182.79953622817993,678
182.81556010246277,441
182.8306918144226,81
182.84571051597595,201
182.86096620559692,434
182.87704801559448,679
182.89284658432007,410
182.90889191627502,68
182.9244794845581,197
182.94041347503662,462
182.95562982559204,679
182.97074961662292,400
182.98679566383362,69
183.00232315063477,204
183.0177743434906,483
183.03280377388,679
183.0487940311432,381
183.0639989376068,69
183.07940101623535,204
183.09549188613892,506
183.1106264591217,680
183.12665486335754,344
183.1423738002777,80
183.15778017044067,227
183.17294025421143,544
183.18808221817017,679
183.20399570465088,337
183.21978378295898,76
183.23577332496643,218
183.2511866092682,554
183.2664670944214,680
183.28189659118652,301
183.29742693901062,69
183.31342434883118,217
183.3286063671112,589
183.3441517353058,680
183.35953783988953,241
183.3755943775177,87
183.3908851146698,233
183.4061563014984,621
183.42225289344788,678
183.43768405914307,212
183.45322608947754,88
183.46923661231995,236
183.48503398895264,656
183.5005795955658,663
183.51620292663574,181
183.53222227096558,73
183.54776763916016,225
183.56517219543457,678
183.58001732826233,637
183.59552240371704,139
183.61057877540588,77
183.62655758857727,238
183.64257335662842,677
183.65761995315552,627
183.67262816429138,110
183.68763637542725,119
183.70323204994202,266
183.7179877758026,678
183.73325085639954,593
183.74850344657898,91
183.76372504234314,126
183.77886986732483,273
183.79391384124756,678
183.80986952781677,570
183.82530450820923,83
183.84135913848877,133
183.85657024383545,284
183.87168741226196,678
183.88769578933716,534
183.90288734436035,68
183.9188859462738,143
183.9339497089386,298
183.95002126693726,678
183.9662787914276,474
183.98204469680786,51
183.99817371368408,152
184.013827085495,327
184.02981400489807,678
184.04552030563354,442
184.06065797805786,42
184.07679176330566,156
184.09243607521057,351
184.10750102996826,678
184.12251138687134,425
184.1379039287567,41
184.15395164489746,161
184.1701090335846,385
184.1860475540161,678
184.20160365104675,397
184.2172486782074,48
184.2329866886139,169
184.248300075531,419
184.26326322555542,678
184.27864909172058,343
184.29429411888123,58
184.30947184562683,195
184.32470726966858,483
184.34003281593323,678
184.355539560318,340
184.37060141563416,54
184.38617539405823,193
184.40159940719604,502
184.41761302947998,678
184.433598279953,331
184.44960975646973,49
184.4656970500946,194
184.48137760162354,534
184.49726557731628,678
184.51248502731323,274
184.52747440338135,59
184.5430452823639,205
184.5590329170227,570
184.57450199127197,677
184.59055995941162,235
184.60632467269897,66
184.62179279327393,212
184.63793444633484,601
184.65375757217407,670
184.66900539398193,201
184.68417620658875,57
184.69950890541077,204
184.71503567695618,614
184.73084259033203,639
184.74684691429138,122
184.7628631591797,22
184.7779140472412,154
184.79269194602966,608
184.80771136283875,588
184.82369208335876,23
184.8397078514099,29
184.8551046848297,149
184.87087559700012,638
184.88598942756653,551
184.90165543556213,0
184.91768527030945,27
184.9328315258026,160
184.94813084602356,678
184.96380853652954,499
184.97896528244019,0
184.9940962791443,46
185.00937700271606,183
185.02489233016968,677
185.0409495830536,476
185.0572485923767,0
185.07226657867432,62
185.08761167526245,217
185.1025664806366,677
185.11855268478394,454
185.1338381767273,1
185.1497118473053,95
185.16570568084717,261
185.18115067481995,678
185.19723463058472,434
185.21279764175415,13
185.22886490821838,115
185.24502992630005,298
185.26003050804138,678
185.27703738212585,433
185.29204416275024,26
185.30756378173828,136
185.32234573364258,349
185.33716344833374,678
185.35306882858276,400
185.36841702461243,34
185.38356685638428,167
185.3986165523529,396
185.41466641426086,678
185.43013834953308,374
185.4457905292511,46
185.46080994606018,180
185.47622966766357,437
185.4920003414154,678
185.50759744644165,364
185.5236415863037,56
185.53864216804504,191
185.553729057312,481
185.57076501846313,678
185.5841989517212,341
185.5996057987213,49
185.61430168151855,192
185.62948346138,508
185.6446521282196,677
185.6598765850067,302
185.6749610900879,58
185.69015312194824,208
185.70527386665344,549
185.72130131721497,678
185.73731803894043,289
185.75242352485657,60
185.76847863197327,206
185.7845184803009,544
185.7997646331787,678
185.81578731536865,286
185.83107614517212,60
185.847097158432,209
185.8631055355072,574
185.87911295890808,677
185.89439487457275,233
185.90951299667358,70
185.92549586296082,219
185.9405837059021,615
185.95637774467468,668
185.9713954925537,182
185.98745489120483,85
186.0029113292694,233
186.0179443359375,664
186.03401231765747,654
186.04960346221924,162
186.0652105808258,88
186.0806918144226,240
186.09588766098022,678
186.11192083358765,624
186.1271948814392,126
186.14266109466553,94
186.15869331359863,245
186.17390060424805,677
186.18902730941772,589
186.20473670959473,90
186.22039318084717,117
186.2363350391388,262
186.2515516281128,678
186.26703453063965,560
186.2826976776123,72
186.29844331741333,127
186.31439542770386,262
186.32992672920227,678
186.34544968605042,515
186.36144709587097,53
186.37745213508606,124
186.39347338676453,284
186.40907287597656,678
186.42437481880188,496
186.4397690296173,58
186.45575332641602,146
186.47143459320068,322
186.48753666877747,678
186.5032172203064,454
186.51857900619507,55
186.53409361839294,171
186.5496609210968,359
186.56519865989685,678
186.5811264514923,438
186.5963990688324,53
186.61190557479858,169
186.62791681289673,367
186.64336824417114,678
186.6593542098999,423
186.67583537101746,55
186.69146013259888,176
186.7070701122284,414
186.72254157066345,678
186.73855233192444,402
186.75454664230347,55
186.76976466178894,186
186.78509092330933,457
186.80104565620422,678
186.81704258918762,351
186.83260822296143,62
186.84809136390686,200
186.86361384391785,492
186.87904858589172,679
186.8955934047699,338
186.9116189479828,53
186.92722296714783,192
186.94291400909424,505
186.95820236206055,678
186.97417521476746,319
186.9901967048645,58
187.00571846961975,202
187.02171349525452,536
187.0375382900238,678
187.05280947685242,289
187.068510055542,64
187.0834972858429,214
187.0988917350769,582
187.1148509979248,677
187.13051581382751,201
187.14653420448303,79
187.1617558002472,220
187.17699670791626,632
187.19257378578186,666
187.20850706100464,156
187.2240068912506,76
187.2401041984558,225
187.2561616897583,666
187.27149772644043,645
187.28851199150085,152
187.3030834197998,90
187.3190941810608,238
187.33416366577148,678
187.35015678405762,621
187.36521196365356,121
187.38079071044922,98
187.39648962020874,249
187.41250658035278,678
187.42764163017273,590
187.4428310394287,84
187.4581651687622,127
187.47404408454895,259
187.4896159172058,678
187.50476741790771,551
187.52077722549438,63
187.53676652908325,126
187.5525598526001,265
187.5682623386383,679
187.58326959609985,526
187.59796476364136,53
187.61395716667175,119
187.62945866584778,271
187.64530277252197,680
187.66064405441284,481
187.67599487304688,42
187.69159483909607,136
187.70706844329834,314
187.7225694656372,679
187.7379810810089,441
187.75351548194885,40
187.76955819129944,150
187.78460383415222,339
187.79996848106384,679
187.81539797782898,410
187.83126854896545,39
187.84702134132385,158
187.86173844337463,396
187.87701153755188,679
187.89301419258118,384
187.9086000919342,32
187.9238510131836,170
187.939222574234,440
187.9550323486328,680
187.97003436088562,361
187.98558592796326,47
188.00107169151306,183
188.01672530174255,483
188.03247165679932,679
188.04766082763672,312
188.06290793418884,56
188.07891702651978,199
188.09459590911865,519
188.11020159721375,678
188.12620091438293,307
188.14139819145203,58
188.15659189224243,213
188.1725800037384,557
188.18858551979065,680
188.20411944389343,280
188.21998286247253,65
188.23556351661682,219
188.2512445449829,601
188.26652908325195,678
188.28175520896912,211
188.297691822052,78
188.31334495544434,226
188.3285367488861,641
188.34404063224792,668
188.35974764823914,181
188.375,78
188.3906168937683,228
188.4064211845398,667
188.4216113090515,658
188.43667268753052,183
188.45266032218933,76
188.46805357933044,230
188.48473572731018,678
188.4989092350006,646
188.51472735404968,141
188.53047728538513,84
188.54647731781006,240
188.5616488456726,679
188.57702660560608,618
188.59203934669495,103
188.60761904716492,102
188.62303256988525,245
188.63901591300964,680
188.65430545806885,599
188.67030215263367,94
188.68569040298462,103
188.70161747932434,253
188.71772265434265,679
188.7336401939392,568
188.74895906448364,68
188.7641580104828,114
188.78015851974487,268
188.79521083831787,680
188.8102126121521,518
188.82605981826782,54
188.84162735939026,132
188.8576467037201,281
188.87356281280518,679
188.8887495994568,490
188.9045159816742,46
188.91993403434753,139
188.93605422973633,311
188.95205354690552,679
188.96757435798645,470
188.98271656036377,40
188.9985990524292,141
189.01346349716187,331
189.02915334701538,678
189.04515290260315,448
189.06067848205566,45
189.0756995677948,152
189.0909984111786,344
189.10706114768982,680
189.12297344207764,407
189.13802528381348,45
189.1537389755249,167
189.1693570613861,387
189.18574213981628,679
189.2006013393402,397
189.21601152420044,30
189.23121452331543,154
189.24653005599976,400
189.26181197166443,679
189.277250289917,370
189.29360628128052,40
189.30795884132385,170
189.32397508621216,460
189.33928680419922,679
189.35527348518372,311
189.37128591537476,51
189.38647723197937,193
189.40199971199036,500
189.41800045967102,679
189.43366646766663,294
189.44882655143738,54
189.4642813205719,195
189.47988319396973,524
189.4953453540802,679
189.5103681087494,300
189.52638268470764,54
189.54237341880798,206
189.5577917098999,566
189.5733597278595,679
189.58926367759705,252
189.6059103012085,51
189.6213493347168,212
189.63656902313232,617
189.6518533229828,667
189.66755080223083,168
189.68355560302734,77
189.6984076499939,231
189.71403098106384,659
189.72901225090027,654
189.7445092201233,141
189.75969004631042,78
189.77568006515503,229
189.79085397720337,680
189.80625867843628,631
189.82227516174316,117
189.83706378936768,80
189.8529007434845,228
189.86816906929016,680
189.88351273536682,599
189.89937567710876,78
189.91533756256104,93
189.93076992034912,241
189.94610166549683,680
189.96103382110596,579
189.97707271575928,70
189.99310851097107,101
190.00897407531738,243
190.02510619163513,679
190.04096961021423,552
190.05631971359253,65
190.0716061592102,113
190.08722639083862,264
190.1024260520935,679
190.11757683753967,523
190.13358759880066,58
190.14909386634827,124
190.1644847393036,275
190.17995238304138,679
190.1959981918335,476
190.21173191070557,37
190.22694325447083,137
190.24216413497925,306
190.2575867176056,680
190.27360129356384,447
190.28959846496582,35
190.30473446846008,146
190.32016682624817,332
190.33610153198242,679
190.3514530658722,426
190.3669707775116,30
190.38300323486328,143
190.39859557151794,358
190.4137213230133,679
190.4297318458557,397
190.44506549835205,18
190.46023797988892,152
190.47544598579407,385
190.49149775505066,679
190.50710678100586,352
190.52262592315674,28
190.53835797309875,164
190.55337929725647,439
190.56841683387756,680
190.58456993103027,353
190.59964776039124,38
190.615651845932,183
190.63161373138428,489
190.64736580848694,680
190.66274857521057,348
190.67831754684448,59
190.69351387023926,205
190.709077835083,524
190.72423434257507,679
190.7400894165039,333
190.7557532787323,679
190.77174162864685,48
190.78690099716187,26
190.80240511894226,222
190.81840705871582,681
190.8336021900177,661
190.84881949424744,0
190.86400365829468,53
190.87999606132507,251
190.89520621299744,681
190.91076016426086,633
190.92630052566528,0
190.94165444374084,58
190.95771956443787,252
190.97300267219543,680
190.98859548568726,588
191.00415754318237,0
191.01946711540222,73
191.0344593524933,276
191.04986476898193,680
191.0658676624298,553
191.08101201057434,0
191.0969204902649,90
191.11268734931946,308
191.1282787322998,680
191.14346528053284,495
191.1594398021698,0
191.17548513412476,120
191.19064021110535,376
191.2057740688324,680
191.22132086753845,453
191.23660516738892,0
191.25179052352905,124
191.26705861091614,445
191.28234100341797,680
191.29734659194946,429
191.31284189224243,0
191.3284797668457,142
191.34424018859863,523
191.35876274108887,680
191.374694108963,364
191.3905930519104,0
191.40560245513916,159
191.42030692100525,586
191.43622088432312,679
191.45168590545654,341
191.46674847602844,1
191.48237681388855,173
191.49755883216858,631
191.51320624351501,679
191.52819848060608,345
191.54375576972961,0
191.5593183040619,176
191.57450938224792,680
191.58985471725464,679
191.6048300266266,310
191.6205997467041,1
191.63659715652466,189
191.65129137039185,678
191.6669681072235,679
191.68221521377563,227
191.69760632514954,9
191.71298933029175,208
191.72946977615356,679
191.74500036239624,679
191.76011681556702,203
191.77557373046875,15
191.7909550666809,215
191.8066234588623,678
191.82234001159668,679
191.83832097053528,157
191.85383796691895,12
191.86993432044983,209
191.88553619384766,679
191.90103912353516,678
191.9162950515747,100
191.93164205551147,27
191.94763731956482,228
191.9624743461609,679
191.97764539718628,677
191.9930739402771,10
192.00915598869324,48
192.02431917190552,251
192.03957343101501,679
192.0561068058014,664
192.07164430618286,6
192.08767652511597,55
192.10399222373962,253
192.11911988258362,679
192.13410449028015,640
192.1498966217041,0
192.165424823761,67
192.1805968284607,264
192.1965320110321,679
192.2120406627655,599
192.22804307937622,0
192.24324011802673,86
192.25855469703674,285
192.27455353736877,679
192.2898964881897,564
192.30528259277344,0
192.32115030288696,106
192.33680510520935,319
192.35270881652832,679
192.36869549751282,528
192.38467526435852,0
192.4007430076599,110
192.4164319038391,345
192.43148851394653,678
192.44650411605835,492
192.46354222297668,0
192.4785656929016,123
192.49458384513855,406
192.51011538505554,679
192.5261197090149,394
192.54218769073486,0
192.55747747421265,160
192.57260251045227,481
192.5885887145996,678
192.6038224697113,419
192.61993312835693,0
192.63569450378418,160
192.65066003799438,527
192.6659529209137,678
192.68195247650146,413
192.6970055103302,1
192.71235609054565,165
192.7277069091797,601
192.7432370185852,679
192.75858569145203,380
192.7744836807251,0
192.78968048095703,173
192.80505967140198,678
192.82071614265442,679
192.83572244644165,316
192.8510127067566,1
192.86619424819946,188
192.8820276260376,679
192.89704823493958,679
192.91272735595703,229
192.92771196365356,13
192.94330716133118,214
192.95830631256104,679
192.97336173057556,678
192.98916244506836,201
193.00423455238342,7
193.01976013183594,189
193.03565669059753,678
193.0505404472351,679
193.06654000282288,132
193.08252906799316,6
193.09877467155457,190
193.11399507522583,679
193.1291606426239,679
193.14486646652222,27
193.16113328933716,20
193.17615222930908,211
193.19084215164185,678
193.20598793029785,670
193.2211949825287,0
193.23736548423767,38
193.25262236595154,226
193.26842594146729,678
193.28444027900696,646
193.3005313873291,0
193.3151969909668,48
193.33084797859192,240
193.34688782691956,678
193.36262893676758,612
193.3787624835968,0
193.39467358589172,69
193.41055703163147,257
193.42588019371033,679
193.44087886810303,586
193.45695996284485,0
193.4719054698944,89
193.48793196678162,294
193.50316619873047,680
193.51876521110535,536
193.5347604751587,0
193.55068492889404,96
193.5656819343567,330
193.58103275299072,678
193.596177816391,487
193.61192297935486,0
193.62739539146423,108
193.6425495147705,372
193.65793681144714,679
193.67394280433655,446
193.68900299072266,0
193.7050404548645,123
193.72027730941772,430
193.73564672470093,679
193.75160717964172,411
193.7666232585907,0
193.7820327281952,137
193.7975208759308,493
193.81285548210144,679
193.82784485816956,389
193.84299874305725,0
193.85840964317322,146
193.87430500984192,596
193.8903613090515,679
193.90622234344482,334
193.9223186969757,0
193.93761944770813,164
193.9526174068451,641
193.9686517715454,679
193.9844241142273,303
193.99973583221436,0
194.01526403427124,184
194.03127646446228,679
194.0472583770752,679
194.06245923042297,285
194.07840156555176,2
194.09444737434387,194
194.1102557182312,679
194.1253936290741,679
194.14074420928955,206
194.15625953674316,6
194.17226147651672,192
194.1883189678192,678
194.20345449447632,679
194.21858739852905,121
194.2335991859436,11
194.2495894432068,209
194.2647762298584,678
194.28032398223877,676
194.29638671875,76
194.31158876419067,21
194.32713890075684,217
194.34250688552856,679
194.35852217674255,673
194.37429428100586,36
194.38948965072632,35
194.4046173095703,229
194.42066979408264,679
194.4362232685089,655
194.4519956111908,0
194.46715116500854,51
194.48249006271362,239
194.49855208396912,679
194.5142056941986,632
194.53019213676453,0
194.54559659957886,66
194.56162858009338,263
194.57769083976746,673
194.593496799469,586
194.60925960540771,0
194.6245312690735,74
194.64060974121094,278
194.6561348438263,678
194.67215633392334,565
194.68814301490784,0
194.70414113998413,83
194.71970748901367,299
194.7353527545929,678
194.7511501312256,534
194.76712083816528,0
194.78313302993774,117
194.7985498905182,345
194.81352424621582,678
194.8290238380432,493
194.84502696990967,0
194.86016488075256,129
194.87535905838013,406
194.8908817768097,678
194.905935049057,471
194.92098927497864,0
194.93698048591614,141
194.95230531692505,461
194.9678590297699,679
194.98301029205322,454
194.99860787391663,0
195.0140745639801,145
195.03011512756348,522
195.04477620124817,678
195.06003713607788,378
195.07524156570435,0
195.09063911437988,172
195.10634803771973,594
195.12150764465332,679
195.13749623298645,355
195.15349531173706,1
195.16906332969666,179
195.1843605041504,662
195.20037150382996,679
195.21638798713684,339
195.23184061050415,1
195.24729824066162,183
195.26276683807373,679
195.2783646583557,680
195.29360556602478,321
195.30879402160645,4
195.32446217536926,196
195.34007048606873,681
195.35539150238037,681
195.37007784843445,243
195.38595271110535,9
195.40197563171387,210
195.41752362251282,681
195.43312859535217,681
195.4487223625183,229
195.4639823436737,11
195.47928428649902,222
195.4948272705078,680
195.51038265228271,680
195.52639985084534,171
195.5421712398529,17
195.55784964561462,221
195.57329320907593,680
195.58870840072632,680
195.60479021072388,87
195.62072348594666,30
195.63656544685364,231
195.65259218215942,680
195.66733574867249,676
195.68430733680725,24
195.69861888885498,44
195.71388792991638,247
195.72987294197083,681
195.74566555023193,666
195.76084351539612,4
195.7764551639557,52
195.7923765182495,249
195.80767941474915,681
195.8236882686615,648
195.83943247795105,0
195.85454392433167,65
195.86990332603455,265
195.8853988647461,681
195.90127062797546,615
195.91686034202576,0
195.932119846344,87
195.94695138931274,278
195.9625108242035,680
195.97951984405518,589
195.99456453323364,0
196.0103521347046,93
196.0262577533722,294
196.04124236106873,681
196.05638027191162,567
196.0715343952179,2
196.0873680114746,91
196.1026725769043,317
196.11837005615234,681
196.13439631462097,522
196.14993333816528,0
196.1657748222351,109
196.18112468719482,378
196.19658422470093,680
196.21191453933716,446
196.22799491882324,0
196.24378848075867,135
196.2597987651825,446
196.2757863998413,680
196.29154801368713,417
196.30721640586853,0
196.32293272018433,142
196.3384120464325,512
196.35343647003174,680
196.36894273757935,399
196.38473510742188,0
196.40005707740784,153
196.4154884815216,587
196.4306344985962,680
196.4466552734375,371
196.46198344230652,0
196.4773120880127,167
196.49247646331787,662
196.50766277313232,680
196.52342438697815,288
196.53895258903503,2
196.55502653121948,184
196.57206439971924,680
196.5864794254303,680
196.60162663459778,298
196.61734676361084,1
196.63234639167786,180
196.647558927536,681
196.66363048553467,680
196.67828369140625,258
196.6935739517212,4
196.70970702171326,198
196.72499299049377,680
196.7398009300232,681
196.75533962249756,175
196.77005457878113,10
196.78571248054504,212
196.80044269561768,680
196.81623482704163,680
196.8320574760437,102
196.84805703163147,22
196.8643364906311,222
196.88019680976868,680
196.89560866355896,678
196.91132712364197,55
196.92657017707825,30
196.9417850971222,226
196.95683312416077,681
196.97220063209534,669
196.9871962070465,21
197.0027153491974,39
197.01822018623352,232
197.03426456451416,680
197.0494523048401,651
197.06472373008728,0
197.08051300048828,57
197.09589409828186,256
197.11191606521606,680
197.12790393829346,616
197.14315247535706,0
197.15914273262024,78
197.17443895339966,275
197.19043946266174,681
197.20559239387512,569
197.22103118896484,0
197.23703813552856,86
197.25240993499756,298
197.26821613311768,680
197.284241437912,533
197.29990458488464,0
197.31595635414124,98
197.33100175857544,329
197.34684586524963,680
197.36264443397522,485
197.37805271148682,0
197.39341616630554,123
197.40893530845642,393
197.42394280433655,680
197.4400315284729,467
197.45519256591797,0
197.47084975242615,128
197.4860327243805,412
197.50154829025269,681
197.5173647403717,451
197.5333709716797,0
197.54852604866028,134
197.56398105621338,478
197.57918238639832,681
197.59522247314453,390
197.6103584766388,0
197.62558770179749,155
197.64163184165955,560
197.6573042869568,681
197.67431092262268,302
197.68802428245544,2
197.70333123207092,184
197.71841645240784,624
197.7342073917389,680
197.75026512145996,338
197.76627922058105,0
197.782301902771,170
197.79677748680115,652
197.81211829185486,680
197.82788228988647,343
197.84302282333374,0
197.85834503173828,169
197.8744716644287,680
197.88993740081787,680
197.90536904335022,271
197.92053127288818,1
197.93633389472961,183
197.95232701301575,681
197.96844124794006,680
197.984454870224,202
198.0004541873932,6
198.01618814468384,199
198.03168153762817,681
198.04769039154053,681
198.0629665851593,158
198.07898688316345,13
198.09418153762817,213
198.10935139656067,681
198.1250262260437,680
198.14043307304382,101
198.15644574165344,19
198.17187643051147,214
198.18725037574768,681
198.20199251174927,680
198.21756219863892,34
198.23321914672852,31
198.24858236312866,230
198.26461720466614,681
198.280207157135,673
198.29581475257874,28
198.3109836578369,36
198.32648277282715,232
198.34183549880981,680
198.3574357032776,657
198.37322425842285,0
198.3892114162445,44
198.404865026474,239
198.42076921463013,680
198.4359757900238,629
198.45167636871338,0
198.46693658828735,66
198.4824140071869,258
198.49842047691345,681
198.51450538635254,601
198.53008127212524,0
198.54707765579224,82
198.56208419799805,278
198.577086687088,681
198.5931088924408,550
198.6091344356537,0
198.62498688697815,93
198.64122986793518,311
198.6564075946808,680
198.6719229221344,513
198.68758392333984,0
198.70357489585876,101
198.71924829483032,354
198.7341709136963,680
198.7493019104004,465
198.7641887664795,0
198.77930569648743,128
198.79505681991577,389
198.81109380722046,680
198.82660913467407,427
198.84168148040771,0
198.85781455039978,139
198.87298130989075,447
198.88847732543945,681
198.90383553504944,409
198.9193036556244,0
198.93430423736572,138
198.95010638237,492
198.96615386009216,680
198.98192763328552,352
198.99718713760376,0
199.01308822631836,152
199.02849006652832,572
199.04452109336853,680
199.06031560897827,303
199.07621121406555,1
199.09137892723083,171
199.1074059009552,650
199.1229214668274,681
199.13824605941772,307
199.15355563163757,0
199.16924929618835,172
199.18441367149353,678
199.20053625106812,678
199.21661829948425,245
199.23200917243958,0
199.2480115890503,157
199.2640197277069,679
199.27923965454102,679
199.2951536178589,150
199.31118941307068,0
199.32642126083374,163
199.34173250198364,679
199.3567500114441,678
199.3727376461029,117
199.38785338401794,2
199.40315747261047,169
199.41876745224,679
199.43405389785767,679
199.44994568824768,57
199.46492838859558,8
199.48064994812012,187
199.49610686302185,679
199.51222252845764,666
199.5270881652832,2
199.54217743873596,30
199.55792999267578,210
199.5731225013733,678
199.5890576839447,650
199.60490036010742,0
199.62050938606262,45
199.6358962059021,229
199.6518943309784,679
199.66713070869446,623
199.68303608894348,0
199.6980812549591,50
199.71361684799194,239
199.72914147377014,679
199.7446916103363,588
199.7604067325592,0
199.77643060684204,64
199.79239511489868,265
199.8080039024353,678
199.82333040237427,531
199.83870816230774,0
199.85455584526062,84
199.86975932121277,297
199.88581538200378,679
199.9013683795929,500
199.91647672653198,0
199.9338297843933,90
199.94786024093628,327
199.96387100219727,680
199.97991299629211,481
199.99571061134338,0
200.01128005981445,98
200.02730083465576,379
200.0425796508789,682
200.05858182907104,418
200.0743579864502,0
200.08950996398926,125
200.10527992248535,482
200.12080764770508,679
200.13688445091248,357
200.15215134620667,0
200.1681365966797,151
200.18418097496033,560
200.19961500167847,678
200.21491122245789,367
200.23016119003296,0
200.24616122245789,157
200.2614872455597,628
200.27693724632263,678
200.29213547706604,345
200.30826926231384,0
200.3235239982605,172
200.33867239952087,679
200.3547763824463,679
200.36991238594055,258
200.38546204566956,4
200.4012749195099,185
200.41780138015747,679
200.43324375152588,679
200.4484224319458,234
200.4644386768341,3
200.4805510044098,190
200.49559330940247,679
200.51153230667114,678
200.52704524993896,219
200.5434181690216,4
200.5586290359497,189
200.57365226745605,679
200.58910846710205,679
200.60465812683105,118
200.61969637870789,13
200.63567638397217,208
200.65086030960083,679
200.66612672805786,679
200.68216228485107,76
200.69790172576904,22
200.71320104599,216
200.72881889343262,679
200.7440218925476,672
200.7596755027771,34
200.7757067680359,24
200.79170632362366,217
200.80705952644348,679
200.82276391983032,661
200.83774375915527,0
200.85251426696777,46
200.8677077293396,235
200.8830327987671,679
200.8986837863922,654
200.914719581604,0
200.93038773536682,67
200.94647932052612,248
200.96171951293945,678
200.97687482833862,622
200.99267506599426,0
201.0081443786621,70
201.02362537384033,260
201.03972458839417,678
201.05531907081604,582
201.07133722305298,0
201.08652114868164,80
201.10249137878418,282
201.1178183555603,679
201.1332652568817,562
201.1493217945099,0
201.1650424003601,97
201.18106341362,311
201.19632840156555,679
201.21177196502686,505
201.22711992263794,0
201.24259543418884,116
201.258558511734,356
201.27442121505737,678
201.28984999656677,490
201.30590176582336,0
201.321857213974,125
201.33740973472595,387
201.35310316085815,679
201.36826372146606,464
201.3842797279358,0
201.40026664733887,127
201.4152708053589,442
201.4307897090912,678
201.4458785057068,371
201.4614086151123,0
201.47663259506226,159
201.4918200969696,541
201.50746035575867,678
201.52306079864502,338
201.53860139846802,1
201.55424094200134,178
201.5698366165161,619
201.58512687683105,679
201.60030961036682,346
201.61525201797485,0
201.6307671070099,174
201.64624190330505,673
201.6616268157959,678
201.67697310447693,328
201.6939618587494,3
201.70897889137268,187
201.7244873046875,679
201.74027705192566,678
201.7563259601593,263
201.77230644226074,9
201.78805947303772,200
201.80374813079834,679
201.818950176239,679
201.83480191230774,227
201.84966278076172,11
201.86568522453308,207
201.88165855407715,678
201.89666080474854,679
201.91268396377563,190
201.92821192741394,18
201.9442138671875,216
201.95958638191223,679
201.97539258003235,679
201.9914014339447,155
202.00676822662354,16
202.02228116989136,210
202.0382993221283,679
202.05359435081482,679
202.06959676742554,45
202.0855963230133,28
202.10173392295837,225
202.11776280403137,679
202.13310074806213,676
202.14910054206848,5
202.16510033607483,45
202.1810975074768,238
202.19700980186462,679
202.2130262851715,667
202.22871160507202,0
202.2447316646576,50
202.26045775413513,245
202.27545976638794,679
202.2914435863495,640
202.30664801597595,0
202.32220935821533,74
202.3374264240265,269
202.3529007434845,678
202.36898756027222,602
202.38498663902283,0
202.40099143981934,98
202.41678261756897,301
202.43200206756592,679
202.44720005989075,553
202.46242332458496,0
202.4775848388672,107
202.49366760253906,320
202.50942420959473,679
202.5248680114746,508
202.54091453552246,0
202.556165933609,120
202.5713849067688,377
202.5873897075653,679
202.6026792526245,428
202.61797547340393,0
202.6335961818695,137
202.64903497695923,430
202.66424369812012,678
202.67943572998047,374
202.69541907310486,0
202.7107036113739,160
202.7264494895935,524
202.74234819412231,678
202.75829601287842,325
202.77323937416077,0
202.78854608535767,170
202.80458235740662,593
202.81969141960144,679
202.83463549613953,326
202.850106716156,0
202.8661036491394,168
202.88223242759705,639
202.89767622947693,679
202.91367387771606,311
202.92935800552368,0
202.94541788101196,176
202.9612205028534,679
202.97646975517273,679
202.99171376228333,235
203.00771403312683,4
203.02383613586426,198
203.039892911911,679
203.05559182167053,677
203.07061076164246,154
203.08623433113098,12
203.1014621257782,210
203.11748886108398,681
203.13342928886414,681
203.14957976341248,120
203.16462063789368,19
203.18023467063904,220
203.19561052322388,680
203.21078753471375,681
203.2262556552887,85
203.24199414253235,23
203.25827550888062,220
203.27355933189392,680
203.2886164188385,677
203.3038763999939,3
203.31942486763,41
203.33412909507751,230
203.34985494613647,680
203.36585116386414,667
203.38116121292114,0
203.39640402793884,55
203.41213202476501,246
203.4281349182129,680
203.44411182403564,647
203.45972752571106,0
203.4750509262085,63
203.49045634269714,256
203.50646567344666,680
203.52162551879883,608
203.53717470169067,0
203.55280232429504,84
203.56876492500305,285
203.5837516784668,680
203.5997495651245,546
203.61449193954468,1
203.63003206253052,113
203.64508891105652,330
203.6602771282196,681
203.67611718177795,500
203.69132041931152,0
203.70735454559326,122
203.72390365600586,369
203.73891067504883,680
203.75490975379944,461
203.77029418945312,0
203.78629779815674,132
203.801349401474,412
203.81648969650269,681
203.8317756652832,438
203.84785294532776,0
203.86349391937256,130
203.87862586975098,453
203.89466643333435,680
203.91025614738464,366
203.92503476142883,0
203.94086837768555,140
203.95628309249878,511
203.97262167930603,681
203.9870204925537,378
204.003080368042,1
204.01814532279968,153
204.03342938423157,567
204.04930996894836,680
204.06530332565308,359
204.08132886886597,0
204.09610557556152,161
204.1114478111267,645
204.12704610824585,681
204.14267349243164,271
204.15794944763184,2
204.17376708984375,182
204.18935918807983,681
204.20449304580688,681
204.2196397781372,254
204.23564076423645,5
204.2511167526245,196
204.2666459083557,680
204.28231930732727,680
204.29764485359192,235
204.31300354003906,8
204.32857942581177,213
204.34499883651733,680
204.36107563972473,680
204.3763554096222,183
204.39224886894226,11
204.40767788887024,212
204.42347598075867,680
204.43862962722778,680
204.45382285118103,109
204.46901845932007,25
204.48470377922058,222
204.50076961517334,681
204.51650381088257,680
204.53167080879211,17
204.54775500297546,36
204.5638747215271,241
204.57910203933716,680
204.59459352493286,663
204.6104576587677,0
204.62651419639587,51
204.6425166130066,251
204.65864086151123,681
204.67396068572998,640
204.68989062309265,0
204.70540738105774,71
204.7211356163025,268
204.7365198135376,680
204.75251936912537,605
204.76772046089172,0
204.78329396247864,98
204.798987865448,302
204.81497359275818,680
204.8301546573639,555
204.84602093696594,0
204.86207461357117,104
204.877605676651,324
204.89277744293213,683
204.90796422958374,513
204.92309188842773,0
204.93861150741577,110
204.9541952610016,372
204.96954989433289,681
204.9855408668518,470
205.0008795261383,0
205.0159089565277,126
205.03179693222046,418
205.04705095291138,680
205.06230211257935,422
205.07830548286438,0
205.09410190582275,137
205.1093671321869,459
205.12455415725708,681
205.1396939754486,418
205.15475225448608,0
205.169917345047,142
205.18586897850037,523
205.20166516304016,680
205.21767830848694,398
205.2331998348236,0
205.24868988990784,158
205.26472210884094,599
205.28006529808044,680
205.29501080513,322
205.31089043617249,1
205.3258023262024,167
205.3410484790802,651
205.3570637702942,680
205.37290573120117,293
205.3883240222931,1
205.40441465377808,176
205.41938996315002,681
205.434907913208,681
205.45089101791382,290
205.4666244983673,0
205.4824035167694,180
205.49765300750732,680
205.5136535167694,680
205.52920484542847,258
205.5452582836151,3
205.56093382835388,193
205.5770239830017,680
205.59302043914795,680
205.60798144340515,134
205.62337684631348,17
205.63942074775696,207
205.654687166214,681
205.67072582244873,680
205.68674969673157,100
205.70213961601257,21
205.71758770942688,217
205.73318576812744,680
205.74841284751892,680
205.76391649246216,52
205.7800374031067,25
205.79563331604004,222
205.81107807159424,680
205.8267469406128,671
205.8426170349121,4
205.85851526260376,38
205.87443923950195,229
205.8902552127838,681
205.9061324596405,668
205.9221909046173,0
205.9371190071106,53
205.95230150222778,243
205.96746945381165,681
205.9830105304718,642
205.99855780601501,0
206.0138647556305,61
206.02907490730286,256
206.044251203537,681
206.06032514572144,618
206.07552790641785,0
206.0915002822876,75
206.10751461982727,276
206.12269520759583,681
206.1382818222046,592
206.15311741828918,0
206.16904377937317,90
206.18474698066711,296
206.2006480693817,680
206.2166838645935,556
206.23225951194763,0
206.24743247032166,107
206.26261806488037,319
206.27823543548584,680
206.29386711120605,541
206.30939650535583,0
206.32486128807068,107
206.34006142616272,341
206.35549306869507,681
206.3706512451172,506
206.3868055343628,0
206.40253901481628,105
206.4185438156128,364
206.43409252166748,681
206.45037126541138,462
206.46533584594727,0
206.4813494682312,119
206.49650144577026,418
206.512469291687,681
206.52764749526978,403
206.54281067848206,0
206.55805158615112,142
206.5736107826233,504
206.58962559700012,681
206.60548090934753,374
206.62098789215088,0
206.63691639900208,155
206.65291476249695,608
206.66891431808472,680
206.68430423736572,362
206.70001792907715,0
206.715313911438,164
206.730877161026,672
206.74650502204895,680
206.76249313354492,306
206.77751111984253,1
206.7929811477661,188
206.80813694000244,680
206.8242437839508,677
206.84038305282593,245
206.8563792705536,9
206.8724443912506,211
206.8885293006897,681
206.9045376777649,680
206.9199731349945,228
206.93561244010925,10
206.9513988494873,213
206.9667489528656,679
206.98272585868835,678
206.99789428710938,190
207.01314282417297,12
207.02867603302002,212
207.0436713695526,679
207.05965423583984,679
207.07522916793823,95
207.0908899307251,28
207.10692834854126,226
207.12302088737488,679
207.13854932785034,678
207.15396237373352,42
207.16928029060364,41
207.18462491035461,247
207.2007131576538,679
207.2167525291443,668
207.2324502468109,17
207.24846625328064,45
207.2642104625702,248
207.28033065795898,679
207.29558753967285,660
207.31115889549255,0
207.3271725177765,62
207.34250855445862,269
207.35752725601196,679
207.37358379364014,616
207.38935351371765,0
207.40503072738647,88
207.42017245292664,284
207.43600296974182,679
207.45117688179016,580
207.4669280052185,0
207.4829421043396,101
207.49849700927734,315
207.5141565799713,679
207.5291621685028,535
207.5451784133911,0
207.56134390830994,112
207.57672762870789,365
207.5927209854126,679
207.60776591300964,495
207.62364220619202,0
207.6392970085144,122
207.65537285804749,408
207.6706166267395,679
207.68584322929382,458
207.70061588287354,0
207.71593046188354,132
207.73203897476196,447
207.74746823310852,679
207.76311874389648,398
207.77845287322998,0
207.79392910003662,140
207.8089292049408,509
207.82500433921814,678
207.84066796302795,398
207.85666704177856,0
207.87215399742126,157
207.88747239112854,595
207.90346765518188,678
207.9195418357849,364
207.93479990959167,0
207.95086693763733,161
207.96630239486694,655
207.9812352657318,679
207.9965808391571,293
208.01185011863708,2
208.02739095687866,183
208.04297161102295,679
208.05876302719116,679
208.07376170158386,216
208.08894395828247,7
208.1049575805664,195
208.12106728553772,679
208.1360845565796,679
208.15139412879944,240
208.1667296886444,6
208.18186283111572,204
208.1979410648346,678
208.21396017074585,679
208.22917699813843,176
208.24459505081177,10
208.26034355163574,206
208.2763636112213,679
208.29213404655457,679
208.30795001983643,65
208.323974609375,22
208.33954453468323,218
208.35523438453674,679
208.371235370636,676
208.38824081420898,38
208.40308356285095,25
208.41909885406494,219
208.43433809280396,679
208.44973611831665,666
208.46500897407532,12
208.48109579086304,30
208.49608731269836,222
208.51179146766663,679
208.52771282196045,662
208.54341626167297,0
208.5589475631714,45
208.57486844062805,238
208.59013986587524,679
208.6059775352478,642
208.6222062110901,0
208.63749885559082,68
208.6528742313385,260
208.66814661026,679
208.68426752090454,603
208.70154762268066,0
208.71502017974854,86
208.73057532310486,285
208.74533104896545,679
208.76039838790894,567
208.77621173858643,0
208.79197716712952,78
208.8080198764801,280
208.8230276107788,679
208.83905935287476,550
208.85490894317627,0
208.87006187438965,85
208.88606190681458,310
208.9021167755127,679
208.9181203842163,473
208.93380975723267,0
208.94979310035706,105
208.9647982120514,364
208.98070621490479,679
208.99584412574768,458
209.01077723503113,0
209.02700114250183,120
209.04229831695557,424
209.0583667755127,678
209.07373666763306,436
209.08875393867493,0
209.10388016700745,130
209.11993956565857,480
209.1357216835022,679
209.1517310142517,403
209.16771984100342,0
209.1837170124054,154
209.19965243339539,584
209.2146439552307,676
209.2301902770996,348
209.24535584449768,0
209.26096272468567,156
209.27624225616455,628
209.29196333885193,679
209.30699920654297,300
209.32300567626953,0
209.33854961395264,154
209.3544511795044,668
209.36944842338562,679
209.38519477844238,296
209.40115880966187,0
209.41719484329224,157
209.43329286575317,679
209.449462890625,678
209.4647798538208,286
209.48074078559875,0
209.49673795700073,172
209.51184105873108,678
209.52776455879211,679
209.54523062705994,185
209.55929136276245,5
209.57449674606323,192
209.59050345420837,679
209.60549759864807,679
209.62154579162598,152
209.63705134391785,11
209.65211582183838,201
209.6672441959381,679
209.68224334716797,679
209.69751906394958,99
209.7131645679474,16
209.72860884666443,213
209.74412488937378,679
209.75916004180908,672
209.77450370788574,10
209.79001569747925,30
209.80503177642822,219
209.81969046592712,679
209.83520364761353,661
209.8502161502838,0
209.86621856689453,51
209.8821883201599,237
209.89804673194885,679
209.91408801078796,633
209.92956161499023,0
209.9450807571411,59
209.9605700969696,251
209.97545313835144,678
209.99105167388916,599
210.00707507133484,0
210.02232599258423,68
210.0383608341217,263
210.05447030067444,679
210.07054471969604,573
210.08577156066895,0
210.10177659988403,90
210.11777710914612,299
210.13328742980957,678
210.1490080356598,535
210.16426753997803,0
210.1805682182312,99
210.19587087631226,331
210.21108627319336,679
210.22632122039795,513
210.24176716804504,0
210.2572193145752,95
210.27241158485413,339
210.2875587940216,679
210.30356454849243,489
210.3198220729828,0
210.33537101745605,107
210.35054326057434,399
210.3657488822937,679
210.3809151649475,425
210.3969748020172,0
210.41225504875183,131
210.42728185653687,478
210.44279432296753,679
210.45839309692383,402
210.47443962097168,0
210.4900825023651,139
210.50548577308655,504
210.52098608016968,679
210.53630590438843,409
210.55190348625183,0
210.56797790527344,138
210.583589553833,559
210.59917163848877,679
210.61453795433044,382
210.62987065315247,0
210.6454107761383,153
210.66142916679382,622
210.6774778366089,679
210.692955493927,298
210.70825004577637,1
210.72429871559143,177
210.74034714698792,679
210.7561948299408,679
210.77205801010132,274
210.78681993484497,1
210.80284214019775,186
210.81848978996277,679
210.83330702781677,678
210.84883427619934,259
210.86445808410645,3
210.87961792945862,196
210.8957269191742,681
210.9109160900116,681
210.92696022987366,196
210.9423656463623,6
210.95836067199707,197
210.97337126731873,681
210.98843836784363,681
211.0044322013855,101
211.0198917388916,17
211.0354835987091,208
211.05072450637817,681
211.06601858139038,676
211.08192133903503,1
211.09792375564575,43
211.113525390625,235
211.1286702156067,680
211.14387702941895,663
211.15988445281982,0
211.17504024505615,55
211.1901776790619,249
211.20532155036926,680
211.22135066986084,649
211.23679542541504,0
211.25257635116577,61
211.26817083358765,251
211.28337001800537,681
211.2985966205597,616
211.31359720230103,0
211.32859873771667,86
211.34412121772766,283
211.35928559303284,680
211.37446093559265,577
211.39045763015747,0
211.40600514411926,90
211.42151522636414,305
211.4374213218689,680
211.45263266563416,539
211.4681749343872,0
211.48426222801208,91
211.49927687644958,330
211.5149326324463,680
211.53020691871643,478
211.54563188552856,0
211.56176161766052,113
211.5777461528778,395
211.59374499320984,681
211.60875988006592,448
211.62477087974548,0
211.64032983779907,128
211.65528559684753,463
211.6703224182129,680
211.68634128570557,428
211.70140266418457,0
211.7175099849701,138
211.7336287498474,546
211.7494969367981,680
211.76454091072083,364
211.7805516719818,0
211.7958743572235,159
211.81171131134033,585
211.8271656036377,681
211.84199166297913,346
211.85700798034668,0
211.8729965686798,162
211.88900136947632,641
211.90500664710999,680
211.92013812065125,347
211.93589329719543,0
211.951895236969,175
211.96728610992432,681
211.9827082157135,676
211.99789595603943,310
212.01311922073364,1
212.02911019325256,178
212.04497981071472,680
212.060542345047,680
212.07626390457153,257
212.0915379524231,5
212.10752534866333,195
212.1226987838745,681
212.13841080665588,681
212.15420985221863,136
212.17020058631897,15
212.18620347976685,209
212.2017719745636,681
212.21745467185974,680
212.23249101638794,84
212.24827313423157,25
212.26350903511047,221
212.27951836585999,681
212.29467034339905,670
212.3099250793457,41
212.32557725906372,32
212.34097862243652,226
212.35642218589783,680
212.3721513748169,658
212.38823771476746,0
212.4033055305481,51
212.41865491867065,245
212.4345121383667,680
212.44975233078003,644
212.46578288078308,0
212.48176956176758,64
212.49744653701782,256
212.5129313468933,681
212.528178691864,616
212.54432106018066,0
212.55992317199707,69
212.57590222358704,261
212.59100246429443,680
212.60698771476746,594
212.62247109413147,0
212.63807439804077,85
212.65412211418152,295
212.66997623443604,681
212.68561434745789,538
212.70094060897827,0
212.71620798110962,99
212.73169350624084,331
212.74809312820435,681
212.76288509368896,522
212.7778935432434,0
212.79386019706726,110
212.8097357749939,374
212.82533431053162,681
212.8413679599762,493
212.85690927505493,0
212.8724865913391,120
212.88847088813782,415
212.903954744339,680
212.91907620429993,463
212.93410897254944,0
212.94965028762817,134
212.9647765159607,426
212.9801959991455,680
212.99575209617615,453
213.0117747783661,0
213.02781653404236,139
213.0433487892151,484
213.05936002731323,681
213.07527899742126,443
213.09077525138855,0
213.10633730888367,142
213.12237763404846,514
213.13752269744873,680
213.1529130935669,398
213.1681489944458,0
213.18421483039856,152
213.2004041671753,571
213.21543097496033,679
213.23070001602173,355
213.24635863304138,0
213.262104511261,154
213.2771897315979,628
213.2928454875946,680
213.30767250061035,348
213.32328009605408,0
213.33880853652954,176
213.35433864593506,681
213.3703556060791,680
213.3859097957611,312
213.40190196037292,1
213.41702127456665,180
213.43202662467957,681
213.44720935821533,681
213.46251773834229,181
213.47844409942627,18
213.49367213249207,217
213.50916814804077,681
213.52479815483093,681
213.5403115749359,169
213.55562019348145,22
213.5707721710205,216
213.58650374412537,681
213.6025049686432,680
213.6178936958313,168
213.6330726146698,17
213.648588180542,220
213.66358304023743,680
213.67921900749207,680
213.6944124698639,131
213.71048069000244,22
213.726548910141,218
213.74206829071045,681
213.75746202468872,674
213.77352046966553,62
213.7886528968811,29
213.80413460731506,222
213.81961226463318,680
213.83570075035095,669
213.85094380378723,0
213.8664047718048,54
213.88250494003296,244
213.8976502418518,681
213.9126513004303,655
213.93020462989807,0
213.9441316127777,59
213.96012711524963,248
213.97548985481262,681
213.99124908447266,630
214.00728797912598,0
214.02230072021484,62
214.03813290596008,254
214.0536060333252,680
214.0692594051361,597
214.08528208732605,0
214.10139846801758,72
214.1169331073761,268
214.13304543495178,681
214.14914631843567,559
214.1648874282837,0
214.1807153224945,97
214.19624590873718,322
214.2120201587677,680
214.22903442382812,519
214.24373817443848,0
214.25888633728027,101
214.27462434768677,354
214.29066562652588,681
214.3068027496338,494
214.32225108146667,0
214.33757710456848,118
214.35288405418396,409
214.3680100440979,681
214.38388323783875,440
214.39915490150452,0
214.41484832763672,123
214.43086290359497,438
214.44668793678284,680
214.46194434165955,418
214.47718620300293,0
214.4928925037384,143
214.5081295967102,513
214.5241458415985,680
214.53995943069458,407
214.55565643310547,0
214.5709846019745,143
214.58600783348083,580
214.60202884674072,680
214.61800146102905,365
214.63406538963318,0
214.65011477470398,153
214.66526126861572,630
214.68115234375,681
214.69820261001587,309
214.7130687236786,1
214.72810053825378,176
214.74334359169006,680
214.75962471961975,678
214.77478861808777,291
214.78993201255798,1
214.80596351623535,180
214.8219814300537,679
214.83763194084167,680
214.85362267494202,231
214.86958813667297,4
214.88517689704895,186
214.90082550048828,680
214.91681432724,679
214.93234419822693,144
214.94754672050476,10
214.96334218978882,200
214.9794042110443,679
214.99546837806702,679
215.01077485084534,105
215.02584624290466,16
215.0416178703308,202
215.05744671821594,680
215.0730128288269,679
215.0881633758545,89
215.1038236618042,19
215.11970496177673,210
215.13473105430603,679
215.1504888534546,673
215.1665060520172,23
215.1816749572754,28
215.19767117500305,216
215.21365571022034,679
215.2297043800354,660
215.2451777458191,0
215.26059412956238,50
215.27660703659058,245
215.29223775863647,680
215.307275056839,632
215.32209038734436,0
215.33733296394348,67
215.3537163734436,266
215.3677134513855,679
215.38283729553223,601
215.39792108535767,0
215.4132640361786,74
215.42863416671753,280
215.44466352462769,679
215.46067786216736,564
215.47588872909546,0
215.49116563796997,88
215.5070562362671,298
215.52217030525208,679
215.5368583202362,522
215.55188822746277,0
215.56726717948914,107
215.58219838142395,345
215.59780311584473,679
215.61321759223938,486
215.62870121002197,0
215.6443169116974,121
215.66040706634521,411
215.67615604400635,679
215.69082045555115,457
215.70646214485168,0
215.72119116783142,133
215.73673152923584,501
215.75229620933533,679
215.7676968574524,397
215.78367471694946,0
215.79887700080872,154
215.81410336494446,588
215.8293273448944,679
215.8446855545044,319
215.86009120941162,1
215.8754584789276,167
215.89047598838806,635
215.90654230117798,679
215.92170000076294,331
215.93686628341675,0
215.95257091522217,172
215.9676113128662,679
215.98246097564697,679
215.99767684936523,345
216.01357436180115,0
216.0285928249359,176
216.04327368736267,679
216.05854868888855,679
216.07370781898499,291
216.08921933174133,2
216.10496282577515,185
216.1203579902649,677
216.1358380317688,679
216.15132451057434,173
216.1667845249176,16
216.18277978897095,211
216.1987819671631,679
216.21436381340027,679
216.2294943332672,105
216.2450385093689,24
216.2610445022583,224
216.27702736854553,679
216.29282355308533,680
216.30858159065247,72
216.32436990737915,23
216.3404107093811,226
216.3560438156128,679
216.37119841575623,674
216.38677835464478,0
216.40195870399475,49
216.41789627075195,234
216.43351364135742,679
216.4496078491211,660
216.46536660194397,0
216.4811189174652,57
216.49621200561523,246
216.51148891448975,679
216.5269591808319,639
216.54352045059204,0
216.5585560798645,66
216.5740578174591,261
216.59002542495728,679
216.60604214668274,598
216.62140941619873,0
216.63664507865906,70
216.65271067619324,266
216.6680028438568,680
216.68374133110046,564
216.69972944259644,0
216.71488690376282,83
216.73038291931152,292
216.7456648349762,679
216.7612636089325,529
216.7771351337433,0
216.79218125343323,106
216.8074083328247,326
216.8230447769165,679
216.83904147148132,500
216.85511827468872,0
216.87052392959595,115
216.88652157783508,380
216.90128922462463,679
216.91672801971436,477
216.93228554725647,0
216.9478132724762,118
216.96382594108582,429
216.97902250289917,679
216.99503707885742,414
217.01035594940186,0
217.02594590187073,136
217.04198122024536,487
217.05768656730652,678
217.0738823413849,377
217.08917450904846,0
217.10453724861145,145
217.12057447433472,501
217.13665914535522,679
217.15209913253784,402
217.16751050949097,0
217.1830394268036,152
217.1984429359436,583
217.21441173553467,678
217.22949934005737,383
217.2452871799469,0
217.26138973236084,174
217.277081489563,663
217.29314756393433,679
217.30854535102844,312
217.32384753227234,0
217.33985376358032,176
217.3553729057312,679
217.3704173564911,679
217.38520860671997,272
217.4009313583374,3
217.41676115989685,187
217.4326446056366,679
217.44791054725647,679
217.46333384513855,296
217.47868084907532,1
217.494220495224,185
217.5094575881958,679
217.52545809745789,672
217.54062032699585,260
217.55593466758728,1
217.5719611644745,190
217.58739352226257,678
217.60344219207764,679
217.61944890022278,185
217.63504123687744,7
217.65025234222412,203
217.665385723114,679
217.68085980415344,679
217.69585466384888,80
217.7109179496765,19
217.72593712806702,214
217.74134135246277,678
217.75706243515015,678
217.77310395240784,77
217.78914046287537,26
217.8046383857727,224
217.8202531337738,679
217.83623909950256,669
217.8523609638214,20
217.86736226081848,33
217.88300585746765,228
217.89898419380188,679
217.91496658325195,648
217.93011260032654,0
217.94562935829163,51
217.96167969703674,244
217.97763681411743,679
217.99262070655823,607
218.00858759880066,0
218.0242805480957,83
218.03928136825562,279
218.05463290214539,679
218.06992840766907,586
218.08595752716064,0
218.10129499435425,93
218.11687445640564,300
218.13289093971252,680
218.14843845367432,548
218.16361927986145,0
218.17882895469666,100
218.19411611557007,337
218.2101149559021,680
218.22513484954834,502
218.24090194702148,0
218.25644969940186,116
218.27261543273926,349
218.2872428894043,679
218.30250692367554,477
218.31780409812927,0
218.33304119110107,136
218.34860348701477,407
218.36452341079712,679
218.38043880462646,467
218.39641213417053,0
218.41180324554443,136
218.42782831192017,451
218.44332647323608,679
218.4585838317871,447
218.47424578666687,0
218.49024963378906,137
218.50555515289307,491
218.52089953422546,679
218.5362424850464,384
218.55173683166504,0
218.56774830818176,159
218.5834767818451,550
218.59899640083313,679
218.6143536567688,311
218.62956929206848,3
218.64559078216553,190
218.66101455688477,624
218.6764042377472,680
218.69172739982605,343
218.70737504959106,2
218.72262144088745,177
218.73802781105042,652
218.75338578224182,680
218.76903080940247,342
218.78504133224487,0
218.80109333992004,178
218.81654906272888,680
218.83253931999207,681
218.8481740951538,248
218.86319708824158,9
218.87798047065735,198
218.89323472976685,680
218.9089457988739,681
218.92421555519104,227
218.93974685668945,10
218.95581889152527,203
218.97106099128723,681
218.98662686347961,681
219.00181531906128,197
219.0169780254364,14
219.03225708007812,207
219.0474555492401,681
219.06303715705872,680
219.07902908325195,147
219.0943238735199,18
219.10961508750916,227
219.12559390068054,680
219.141295671463,680
219.15647220611572,58
219.17175197601318,35
219.18697452545166,234
219.2025306224823,680
219.21831107139587,678
219.2336666584015,18
219.2494432926178,48
219.2650396823883,250
219.2805299758911,680
219.29659461975098,658
219.31183052062988,0
219.32777190208435,49
219.34327244758606,239
219.35879158973694,681
219.3741705417633,625
219.38917636871338,0
219.40502738952637,79
219.42089462280273,277
219.43606328964233,681
219.45145750045776,571
219.46703791618347,0
219.48312520980835,112
219.4988830089569,324
219.51394033432007,680
219.52927017211914,516
219.54470252990723,0
219.5604543685913,121
219.57581877708435,363
219.59140515327454,680
219.6063163280487,493
219.62175011634827,0
219.63732314109802,129
219.65262079238892,396
219.66762137413025,680
219.68365788459778,448
219.69956016540527,0
219.71558165550232,142
219.73140621185303,465
219.74650359153748,680
219.76141929626465,376
219.77675104141235,0
219.79203939437866,162
219.80811142921448,529
219.8233139514923,680
219.8385922908783,366
219.85359239578247,0
219.86859488487244,173
219.88395857810974,581
219.89996981620789,681
219.91597723960876,372
219.9313600063324,1
219.94705724716187,175
219.96206378936768,634
219.9780662059784,679
219.99280548095703,292
220.00793766975403,5
220.02384209632874,189
220.03940296173096,680
220.05456280708313,680
220.07015371322632,257
220.08533763885498,5
220.10084319114685,197
220.11654353141785,680
220.13190150260925,680
220.14755630493164,243
220.1635501384735,5
220.17912912368774,204
220.1944773197174,681
220.21051812171936,681
220.2262167930603,156
220.2421998977661,14
220.25772714614868,211
220.2737865447998,681
220.2897527217865,681
220.3057644367218,68
220.32126379013062,32
220.33663892745972,229
220.35189056396484,680
220.36788892745972,679
220.383207321167,44
220.39843797683716,38
220.41373085975647,240
220.42909955978394,680
220.4449167251587,673
220.46060943603516,11
220.47670006752014,51
220.49209547042847,251
220.50708484649658,681
220.52264380455017,649
220.53805255889893,0
220.55360412597656,77
220.56919503211975,268
220.58531975746155,680
220.6016936302185,613
220.6175184249878,0
220.63329696655273,88
220.6487157344818,282
220.6641275882721,679
220.67947006225586,591
220.6950809955597,0
220.71049332618713,86
220.72624111175537,292
220.7418773174286,679
220.75760579109192,546
220.7731487751007,0
220.78867888450623,100
220.80423951148987,322
220.81964349746704,680
220.83572936058044,502
220.85119581222534,0
220.86684155464172,118
220.88243556022644,366
220.89770126342773,680
220.91312432289124,464
220.9290235042572,0
220.94482231140137,139
220.95998907089233,419
220.97517085075378,680
220.9907579421997,440
221.00676155090332,0
221.0227062702179,143
221.0385115146637,481
221.05433630943298,680
221.07034492492676,385
221.08640503883362,0
221.10156512260437,156
221.1175708770752,544
221.133855342865,680
221.14872097969055,325
221.16443848609924,2
221.18065977096558,180
221.19615077972412,624
221.2113037109375,680
221.22732400894165,305
221.2425558567047,3
221.25810861587524,192
221.27420711517334,680
221.2902398109436,680
221.3059253692627,290
221.32098603248596,5
221.3367521762848,200
221.35192036628723,681
221.36787462234497,681
221.38387656211853,229
221.39887952804565,10
221.41489243507385,212
221.43017387390137,680
221.44621586799622,680
221.4616436958313,156
221.47663235664368,21
221.49170756340027,227
221.50774908065796,680
221.52275013923645,681
221.5377860069275,153
221.55286407470703,17
221.56837511062622,217
221.58358669281006,680
221.59877014160156,680
221.61485242843628,123
221.63010263442993,22
221.64652061462402,226
221.66168785095215,680
221.67781805992126,680
221.69280457496643,58
221.70780229568481,30
221.72280836105347,229
221.738872051239,681
221.75388288497925,670
221.76925802230835,0
221.7843210697174,60
221.79955530166626,259
221.814227104187,680
221.8294699192047,649
221.84498500823975,0
221.86007142066956,73
221.87544798851013,263
221.89115285873413,680
221.90713238716125,630
221.92336511611938,0
221.93909645080566,82
221.95443987846375,278
221.96944189071655,680
221.98543334007263,590
222.00044512748718,0
222.0164315700531,101
222.03195118904114,302
222.04763889312744,681
222.06321120262146,549
222.0784466266632,0
222.09439277648926,100
222.10977911949158,323
222.1251618862152,680
222.14049911499023,507
222.15651321411133,0
222.17221927642822,119
222.1880145072937,382
222.20408034324646,680
222.22015810012817,462
222.23544239997864,0
222.25064301490784,127
222.26594376564026,426
222.2817668914795,680
222.29776167869568,398
222.31290888786316,0
222.3281855583191,150
222.34324765205383,519
222.3585114479065,680
222.37443256378174,382
222.3898651599884,0
222.40516304969788,157
222.42120909690857,565
222.43724846839905,680
222.45287346839905,363
222.46805667877197,0
222.48406958580017,174
222.49971508979797,645
222.51526856422424,680
222.53078985214233,276
222.54685616493225,5
222.56274676322937,196
222.5779218673706,679
222.5930678844452,679
222.6084942817688,268
222.62400269508362,5
222.63955163955688,197
222.6553750038147,679
222.6713583469391,678
222.68655467033386,243
222.7017388343811,6
222.71765089035034,200
222.73305916786194,679
222.7483127117157,679
222.7635407447815,123
222.77877473831177,20
222.79419708251953,221
222.80945825576782,679
222.82482028007507,678
222.83985424041748,55
222.85538911819458,33
222.8703875541687,229
222.88598704338074,679
222.90233707427979,674
222.91760993003845,22
222.93332386016846,38
222.94835329055786,240
222.9638388156891,679
222.97902250289917,658
222.99431443214417,0
223.00954747200012,50
223.0256130695343,247
223.0417549610138,679
223.05725479125977,630
223.0725486278534,0
223.08805203437805,69
223.10404062271118,260
223.11965227127075,678
223.1356656551361,606
223.15100169181824,0
223.1661765575409,86
223.18147563934326,285
223.19766902923584,679
223.21333289146423,574
223.22882723808289,1
223.24409747123718,89
223.25952315330505,302
223.2752616405487,679
223.29123640060425,536
223.3065960407257,1
223.32170915603638,97
223.33773255348206,322
223.35377264022827,679
223.3693459033966,471
223.38445258140564,0
223.39942264556885,115
223.41455912590027,374
223.43056511878967,678
223.4456901550293,454
223.46104764938354,0
223.47704219818115,125
223.49273347854614,422
223.50790214538574,679
223.52326679229736,429
223.53877305984497,0
223.5548870563507,133
223.57037258148193,492
223.5854048728943,679
223.60141277313232,389
223.61742091178894,0
223.63273668289185,144
223.6482903957367,578
223.66401648521423,678
223.68039321899414,299
223.69505095481873,0
223.71101880073547,165
223.72614526748657,645
223.74216175079346,679
223.7580325603485,251
223.7740936279297,6
223.78960132598877,194
223.80481457710266,679
223.82081604003906,679
223.8368809223175,261
223.85273098945618,2
223.86769580841064,196
223.88361024856567,678
223.8989086151123,679
223.91496348381042,216
223.93016147613525,8
223.94560146331787,204
223.96130633354187,679
223.97731614112854,679
223.99263882637024,114
224.00960493087769,24
224.02392411231995,224
224.03993964195251,679
224.05549931526184,678
224.07063722610474,91
224.08646440505981,32
224.102454662323,237
224.11816787719727,680
224.13354754447937,676
224.1488058567047,54
224.16433930397034,38
224.1803274154663,239
224.19637799263,678
224.21231889724731,663
224.2284004688263,0
224.24424409866333,53
224.2598056793213,248
224.2750654220581,679
224.29106998443604,631
224.30652475357056,0
224.32251858711243,74
224.3382430076599,264
224.35414171218872,679
224.36974596977234,607
224.38574600219727,0
224.40087962150574,85
224.4160475730896,290
224.43206071853638,679
224.44812870025635,561
224.4638147354126,0
224.47922945022583,95
224.49533796310425,313
224.5104947090149,679
224.5265085697174,516
224.54171514511108,0
224.55728387832642,107
224.57299327850342,334
224.58814644813538,679
224.60416269302368,460
224.62015104293823,0
224.63547801971436,120
224.65073251724243,362
224.66663455963135,679
224.6818118095398,482
224.69883751869202,0
224.7138705253601,117
224.72998929023743,387
224.74512481689453,679
224.75998163223267,449
224.77597975730896,0
224.79172587394714,111
224.80730819702148,430
224.82285499572754,679
224.83818888664246,408
224.85333800315857,0
224.86925077438354,136
224.88531517982483,518
224.90129971504211,679
224.9166579246521,321
224.93272304534912,0
224.94802284240723,160
224.96371054649353,597
224.97899985313416,678
224.9949653148651,320
225.0105001926422,0
225.02519392967224,167
225.04049944877625,640
225.05603957176208,678
225.07135939598083,326
225.0866391658783,1
225.10260391235352,174
225.1187162399292,679
225.13473987579346,679
225.1507604122162,284
225.16593551635742,1
225.18198585510254,183
225.1980586051941,678
225.2137806415558,679
225.22986268997192,205
225.2448923587799,6
225.26047682762146,197
225.27622723579407,679
225.2914800643921,679
225.30661702156067,174
225.32193326950073,10
225.33803391456604,203
225.35340356826782,678
225.36895632743835,679
225.385071516037,133
225.40031695365906,13
225.41636967658997,210
225.43198108673096,680
225.44702434539795,678
225.46291089057922,56
225.4789206981659,23
225.49490427970886,217
225.50989723205566,679
225.52571201324463,675
225.54171919822693,8
225.55696749687195,35
225.57300972938538,225
225.58853602409363,678
225.6041750907898,665
225.62018394470215,0
225.63582515716553,38
225.65183997154236,232
225.66752910614014,679
225.68347930908203,647
225.69861483573914,0
225.71395683288574,51
225.72910928726196,240
225.74499249458313,679
225.76052355766296,624
225.77652025222778,0
225.79252433776855,63
225.80863118171692,265
225.8246545791626,679
225.8397045135498,562
225.85486555099487,0
225.87055230140686,103
225.88664031028748,311
225.90286231040955,679
225.91820549964905,519
225.9333462715149,0
225.94862008094788,101
225.9636549949646,347
225.9791784286499,679
225.99561309814453,499
226.01049661636353,0
226.02553820610046,113
226.04101586341858,384
226.05675411224365,679
226.07276701927185,468
226.08877873420715,0
226.10477304458618,129
226.12081336975098,442
226.13606095314026,678
226.15197086334229,391
226.16746592521667,0
226.18323969841003,147
226.1988217830658,495
226.21383810043335,679
226.2297089099884,365
226.2450487613678,0
226.2605743408203,164
226.27635216712952,580
226.29172110557556,679
226.30772352218628,366
226.32336044311523,0
226.33937239646912,162
226.35495567321777,615
226.3706977367401,678
226.3857777118683,332
226.4018828868866,1
226.41810488700867,172
226.43314576148987,659
226.44908714294434,681
226.46421837806702,294
226.47961378097534,1
226.495680809021,187
226.5111174583435,680
226.52628588676453,680
226.54234194755554,295
226.55820727348328,3
226.57350850105286,191
226.58957362174988,680
226.60494375228882,680
226.6199653148651,244
226.6359875202179,4
226.65099477767944,202
226.66652131080627,680
226.68226861953735,681
226.69730257987976,200
226.71301984786987,13
226.72854018211365,209
226.74432730674744,681
226.75935864448547,680
226.77468371391296,105
226.79068112373352,22
226.80654382705688,221
226.82184410095215,680
226.83685898780823,680
226.85289931297302,64
226.86813712120056,24
226.88402199745178,221
226.89921927452087,681
226.91442608833313,676
226.92962050437927,26
226.9456491470337,30
226.96095204353333,229
226.97699093818665,681
226.99235653877258,658
227.00857615470886,0
227.02380514144897,59
227.03961992263794,242
227.05572032928467,680
227.07140588760376,636
227.08673930168152,0
227.1019675731659,63
227.1172845363617,265
227.13303422927856,681
227.14858627319336,592
227.16372561454773,0
227.17873644828796,80
227.19437432289124,292
227.21000480651855,680
227.226003408432,546
227.24065780639648,0
227.25721311569214,100
227.27233576774597,354
227.28735303878784,680
227.30318427085876,492
227.31848454475403,0
227.33322954177856,111
227.34863996505737,394
227.36418890953064,681
227.38023447990417,431
227.3956687450409,0
227.41088938713074,131
227.42600917816162,435
227.44141292572021,681
227.4574453830719,420
227.47305727005005,0
227.48798775672913,139
227.50398874282837,517
227.51997208595276,681
227.53524231910706,415
227.55027079582214,0
227.56555342674255,149
227.5815408229828,579
227.5962257385254,680
227.61108779907227,369
227.6271092891693,0
227.64312267303467,166
227.65842580795288,635
227.67442917823792,680
227.68924641609192,297
227.70502996444702,3
227.72073221206665,184
227.73656105995178,681
227.75264763832092,681
227.7685844898224,291
227.7836356163025,1
227.79963636398315,188
227.81563425064087,680
227.83114624023438,680
227.84714484214783,266
227.86322665214539,4
227.87849712371826,195
227.89454078674316,681
227.90991044044495,681
227.92510175704956,220
227.94011640548706,11
227.95526099205017,210
227.97060656547546,681
227.9859220981598,680
228.00176453590393,98
228.01677417755127,27
228.032794713974,228
228.0488338470459,681
228.06479501724243,679
228.0800507068634,42
228.09567546844482,38
228.11107325553894,241
228.12624764442444,681
228.14226126670837,670
228.1578085422516,16
228.17330932617188,47
228.18915128707886,249
228.2045156955719,680
228.22058844566345,641
228.23628950119019,0
228.2516679763794,61
228.2672462463379,253
228.2827606201172,680
228.29780292510986,620
228.31350588798523,0
228.3291471004486,72
228.34521341323853,268
228.36072778701782,681
228.37673902511597,575
228.39250659942627,0
228.40770888328552,87
228.42389225959778,299
228.4399950504303,680
228.45560717582703,532
228.47057461738586,0
228.48665499687195,89
228.5024917125702,316
228.51815032958984,680
228.5334665775299,509
228.54899334907532,0
228.56441712379456,105
228.58041310310364,377
228.59644293785095,679
228.61246252059937,439
228.62761044502258,0
228.64362478256226,126
228.65935707092285,430
228.67486429214478,681
228.6908974647522,426
228.70687747001648,0
228.72239589691162,138
228.73794269561768,475
228.75396823883057,680
228.76952123641968,421
228.78563141822815,0
228.80097770690918,136
228.81669807434082,516
228.83254289627075,681
228.84776711463928,381
228.8636929988861,0
228.8792598247528,151
228.89473700523376,625
228.90974521636963,680
228.92475008964539,309
228.94061541557312,0
228.95630621910095,167
228.9720163345337,666
228.98756980895996,681
229.00282287597656,314
229.01812291145325,0
229.0342242717743,177
229.04948115348816,681
229.06462383270264,681
229.0801203250885,286
229.0958435535431,1
229.11137580871582,185
229.12743067741394,680
229.1426818370819,680
229.15874600410461,151
229.17432832717896,15
229.1896002292633,207
229.20469880104065,680
229.22045803070068,680
229.235609292984,162
229.2515959739685,16
229.2666642665863,214
229.2826371192932,681
229.29844164848328,681
229.31430435180664,161
229.32934308052063,11
229.34536957740784,208
229.36073875427246,680
229.37684226036072,680
229.39291858673096,116
229.4081883430481,22
229.42397499084473,220
229.43951964378357,681
229.4565122127533,671
229.47109603881836,36
229.48704409599304,37
229.50304055213928,234
229.5182399749756,680
229.53427505493164,666
229.54987812042236,0
229.56545686721802,63
229.58094215393066,258
229.59608960151672,681
229.6114308834076,634
229.62660789489746,0
229.6427195072174,75
229.658753156662,278
229.67457628250122,683
229.68997359275818,600
229.70528173446655,0
229.7212791442871,85
229.73662495613098,295
229.7536346912384,680
229.76825499534607,555
229.78316259384155,0
229.79852652549744,94
229.8146071434021,331
229.83025217056274,681
229.84625267982483,511
229.86098384857178,0
229.8765904903412,107
229.8921504020691,352
229.9075722694397,681
229.92339777946472,467
229.93858814239502,0
229.95434617996216,127
229.9701955318451,423
229.98611974716187,680
230.0021207332611,444
230.0168421268463,0
230.03226470947266,126
230.04825592041016,473
230.0638165473938,680
230.07962727546692,424
230.09475684165955,0
230.11049795150757,135
230.12640595436096,512
230.14149022102356,681
230.15661907196045,392
230.1718783378601,0
230.18729066848755,150
230.20326852798462,560
230.21928644180298,680
230.23429155349731,320
230.25024509429932,0
230.26630187034607,169
230.28232502937317,640
230.2983090877533,680
230.31429052352905,331
230.32923984527588,0
230.34522795677185,174
230.36124515533447,674
230.37700486183167,679
230.3926558494568,319
230.40863966941833,0
230.42410373687744,178
230.43947052955627,679
230.45459866523743,678
230.47061729431152,251
230.48663234710693,2
230.5022304058075,190
230.51748657226562,679
230.5334813594818,679
230.5488302707672,129
230.56485533714294,18
230.58096408843994,211
230.59626007080078,678
230.61189651489258,678
230.62709879875183,99
230.6426112651825,19
230.65832567214966,230
230.6740062236786,679
230.6891803741455,676
230.7048363685608,68
230.72011947631836,34
230.73536944389343,227
230.75060176849365,679
230.7662069797516,662
230.7816731929779,9
230.7976589202881,49
230.81334710121155,245
230.8291630744934,678
230.8448612689972,645
230.85999703407288,0
230.87554335594177,59
230.89121270179749,256
230.90664148330688,678
230.9223656654358,611
230.93786239624023,0
230.95331835746765,81
230.96870040893555,284
230.984313249588,678
230.9999840259552,565
231.01547741889954,0
231.03072118759155,93
231.04672050476074,320
231.06228613853455,679
231.07783460617065,515
231.09386944770813,0
231.10906457901,107
231.12422347068787,340
231.13905382156372,679
231.15480160713196,488
231.17003631591797,0
231.18535137176514,112
231.20141911506653,397
231.21691513061523,679
231.23291897773743,455
231.24812936782837,0
231.26361179351807,125
231.27923107147217,468
231.2944474220276,679
231.30998420715332,412
231.32549238204956,0
231.3410289287567,135
231.35705471038818,537
231.3724489212036,679
231.38850450515747,339
231.40361213684082,0
231.41877031326294,161
231.43443202972412,620
231.44988322257996,679
231.46546483039856,333
231.48078393936157,0
231.4965901374817,165
231.51357531547546,679
231.52834510803223,679
231.5443470478058,308
231.55950832366943,0
231.57535982131958,171
231.59108924865723,679
231.6059765815735,683
231.62145733833313,251
231.63665747642517,2
231.65202689170837,186
231.66715383529663,679
231.68271231651306,679
231.69813084602356,120
231.71419644355774,14
231.72933983802795,212
231.74537014961243,679
231.76066493988037,678
231.7764937877655,67
231.7922878265381,24
231.8083038330078,224
231.82369995117188,678
231.83968353271484,670
231.85541462898254,28
231.87106895446777,39
231.88681507110596,236
231.90291547775269,679
231.91825699806213,653
231.9335424900055,0
231.94903588294983,47
231.96526074409485,244
231.9802656173706,679
231.99532771110535,625
232.01134252548218,0
232.02734565734863,73
232.04300379753113,271
232.05904054641724,678
232.07460379600525,603
232.0901222229004,0
232.10562229156494,86
232.12132143974304,292
232.13734221458435,679
232.15305829048157,557
232.1686887741089,0
232.18397307395935,100
232.19990301132202,336
232.21578216552734,679
232.23094868659973,515
232.24704504013062,0
232.26305651664734,118
232.27862286567688,387
232.29400086402893,679
232.30972027778625,451
232.3257281780243,0
232.34101843833923,137
232.3562090396881,445
232.37228846549988,679
232.38786149024963,408
232.40388131141663,0
232.4190492630005,147
232.43506836891174,495
232.45108199119568,679
232.4672393798828,435
232.48328566551208,0
232.49868035316467,147
232.51469731330872,533
232.53033876419067,678
232.54640340805054,405
232.56224989891052,0
232.5774474143982,148
232.5934591293335,613
232.60882663726807,679
232.6243555545807,334
232.64040088653564,0
232.65645837783813,172
232.67189931869507,678
232.6873116493225,678
232.70238184928894,297
232.71837615966797,2
232.73346376419067,199
232.74879050254822,679
232.76453232765198,679
232.77999544143677,258
232.79510021209717,3
232.81042790412903,198
232.82667422294617,679
232.84238529205322,679
232.85849261283875,211
232.87430953979492,6
232.8903102874756,203
232.90554332733154,679
232.9209213256836,679
232.93703866004944,117
232.95303630828857,17
232.97002005577087,220
232.98456835746765,679
233.00083303451538,679
233.01638293266296,97
233.03162002563477,19
233.04728388786316,217
233.06245231628418,678
233.0776686668396,677
233.09377717971802,60
233.1087760925293,26
233.124418258667,231
233.14044165611267,678
233.15570712089539,660
233.17177844047546,0
233.1871519088745,49
233.20221757888794,252
233.21768498420715,679
233.23345184326172,637
233.24918389320374,0
233.2644920349121,78
233.2800269126892,276
233.2951717376709,679
233.31108808517456,590
233.32613563537598,0
233.34229159355164,87
233.3582820892334,296
233.37349152565002,679
233.38954257965088,559
233.40484428405762,0
233.42032551765442,91
233.43545508384705,313
233.45042872428894,679
233.46530556678772,517
233.481018781662,0
233.4966902732849,104
233.51271533966064,367
233.527841091156,679
233.5430691242218,447
233.55909943580627,0
233.57462000846863,130
233.59025049209595,440
233.6056203842163,679
233.62076425552368,439
233.63679361343384,0
233.65168690681458,138
233.66692519187927,490
233.682434797287,679
233.69848442077637,424
233.71340155601501,0
233.72868299484253,141
233.74442529678345,525
233.7598717212677,678
233.7750837802887,351
233.79035234451294,0
233.8053719997406,161
233.82045888900757,615
233.83742451667786,679
233.851637840271,306
233.86764860153198,0
233.8836362361908,173
233.8989315032959,678
233.91459822654724,679
233.92958402633667,310
233.94529962539673,0
233.96069526672363,175
233.9761986732483,678
233.99226474761963,679
234.00799751281738,276
234.0232756137848,1
234.0387647151947,186
234.05446767807007,679
234.06983995437622,679
234.08535718917847,179
234.10118508338928,7
234.1166434288025,199
234.13268065452576,679
234.14796686172485,679
234.1637716293335,103
234.17936897277832,19
234.19501566886902,226
234.2103509902954,679
234.22644305229187,680
234.24184370040894,80
234.25787544250488,26
234.273277759552,239
234.28897738456726,680
234.30451202392578,676
234.32051491737366,68
234.33652567863464,54
234.352530002594,261
234.36798858642578,680
234.38358688354492,665
234.39922261238098,8
234.41521072387695,74
234.4305214881897,282
234.44656920433044,680
234.4625382423401,645
234.4777548313141,0
234.4938244819641,111
234.50984263420105,315
234.52538418769836,681
234.54058480262756,618
234.55658555030823,0
234.57190346717834,108
234.58746528625488,325
234.60351967811584,680
234.61879920959473,590
234.63405799865723,0
234.6500804424286,111
234.6652283668518,336
234.68076252937317,680
234.6961100101471,542
234.71211099624634,0
234.72703075408936,141
234.74272918701172,389
234.7577407360077,681
234.77276039123535,492
234.7884349822998,0
234.8043258190155,161
234.8195185661316,425
234.83465766906738,677
234.85065817832947,491
234.86678814888,0
234.8821918964386,153
234.89823865890503,435
234.9133849143982,681
234.92920541763306,482
234.94413256645203,0
234.95984554290771,153
234.97540879249573,502
234.99141097068787,680
235.00742626190186,446
235.0234079360962,0
235.0394229888916,161
235.05540776252747,556
235.0704700946808,680
235.0864963531494,376
235.1016674041748,0
235.11772060394287,163
235.13336324691772,602
235.14853477478027,680
235.1640284061432,324
235.17977142333984,4
235.19498991966248,194
235.21108961105347,680
235.2270896434784,680
235.24280166625977,332
235.25790858268738,3
235.27372813224792,196
235.289733171463,681
235.30474209785461,681
235.3202452659607,301
235.335693359375,5
235.35179662704468,206
235.36741471290588,680
235.38304996490479,680
235.3990683555603,172
235.415123462677,17
235.4315803050995,218
235.44659280776978,681
235.46176290512085,680
235.47726678848267,110
235.49271035194397,27
235.5077464580536,232
235.52281522750854,680
235.5383665561676,681
235.55446815490723,84
235.5709846019745,28
235.5856213569641,235
235.60154366493225,680
235.61669969558716,670
235.63267731666565,22
235.64836430549622,39
235.66362380981445,240
235.67901945114136,680
235.69500207901,649
235.71002554893494,0
235.72591376304626,62
235.7418954372406,260
235.75786876678467,680
235.7739872932434,609
235.78950786590576,0
235.80491757392883,75
235.8209352493286,277
235.83637762069702,680
235.85239553451538,571
235.86840772628784,0
235.8822910785675,61
235.89830422401428,248
235.91433930397034,681
235.92935395240784,520
235.94494795799255,0
235.95996046066284,47
235.97620153427124,253
235.99165844917297,680
236.007178068161,444
236.0226709842682,0
236.03809809684753,61
236.05388116836548,302
236.0697958469391,681
236.08541917800903,411
236.1007387638092,0
236.1167390346527,62
236.13190364837646,331
236.1479365825653,681
236.16393375396729,401
236.17965054512024,0
236.19503545761108,77
236.2105314731598,423
236.2258460521698,680
236.24075937271118,362
236.25683999061584,0
236.27292776107788,99
236.28848457336426,511
236.30439805984497,680
236.3198561668396,294
236.3357696533203,0
236.35161900520325,123
236.36765956878662,581
236.3837695121765,680
236.39975786209106,274
236.4150984287262,0
236.43103075027466,139
236.4460277557373,641
236.46160364151,680
236.4777204990387,263
236.4937527179718,0
236.50912761688232,155
236.52493333816528,680
236.54000520706177,682
236.55579280853271,212
236.5710952281952,0
236.58698964118958,166
236.60216856002808,680
236.61917233467102,680
236.6330223083496,112
236.64903092384338,5
236.6642405986786,185
236.68019771575928,680
236.6953639984131,680
236.71146655082703,89
236.72747325897217,3
236.7468729019165,172
236.75879573822021,680
236.77392387390137,679
236.7895610332489,53
236.80551838874817,7
236.82149934768677,184
236.83650183677673,680
236.85207986831665,667
236.86741876602173,4
236.88282132148743,17
236.8984670639038,193
236.9141070842743,680
236.92952132225037,649
236.94544434547424,0
236.96061539649963,32
236.9771535396576,217
236.99269437789917,680
237.00787019729614,628
237.02391862869263,0
237.0399239063263,41
237.05591893196106,232
237.07192945480347,680
237.08745217323303,596
237.1035397052765,0
237.1190140247345,58
237.13504886627197,250
237.15035104751587,681
237.16547894477844,563
237.1815321445465,0
237.19752097129822,68
237.21343302726746,275
237.22943234443665,680
237.2448537349701,506
237.26012182235718,0
237.27526473999023,85
237.29057836532593,309
237.30648803710938,680
237.3224492073059,494
237.3376042842865,0
237.3531141281128,91
237.3688530921936,315
237.3845739364624,680
237.40031385421753,494
237.41636848449707,0
237.43223476409912,90
237.44747066497803,349
237.46268129348755,680
237.4784073829651,464
237.49312281608582,0
237.50878429412842,111
237.52481818199158,411
237.54011487960815,680
237.55558276176453,420
237.57058763504028,0
237.58659410476685,118
237.60234808921814,466
237.61773896217346,676
237.63473534584045,387
237.64911603927612,0
237.66413116455078,132
237.67954015731812,550
237.6950445175171,681
237.71008801460266,365
237.72619318962097,0
237.74214482307434,143
237.75753092765808,620
237.772540807724,681
237.788076877594,343
237.80410766601562,0
237.81991696357727,149
237.83493280410767,677
237.85039472579956,681
237.86596059799194,240
237.8815312385559,1
237.89696431159973,178
237.91270399093628,681
237.92828631401062,680
237.9437918663025,174
237.95897912979126,5
237.9738166332245,192
237.98972988128662,681
238.0057508945465,680
238.0218381881714,166
238.03763961791992,5
238.05324721336365,195
238.06869292259216,681
238.08474707603455,680
238.09984922409058,86
238.1151785850525,14
238.13122129440308,205
238.1463644504547,679
238.1618800163269,671
238.17739129066467,1
238.19323801994324,32
238.20885014533997,216
238.22486782073975,679
238.24086904525757,654
238.25663137435913,0
238.2722625732422,44
238.2881371974945,232
238.3032932281494,679
238.318852186203,640
238.3349325656891,0
238.35055232048035,45
238.36572432518005,242
238.38100123405457,679
238.39686512947083,608
238.41289901733398,0
238.4289755821228,64
238.44410705566406,263
238.46010398864746,679
238.47561883926392,559
238.49137353897095,0
238.5069923400879,84
238.52296257019043,294
238.53818464279175,678
238.5537166595459,528
238.5688533782959,0
238.58438324928284,94
238.5997772216797,326
238.61571645736694,679
238.6312665939331,494
238.64657282829285,0
238.66231393814087,105
238.6775906085968,386
238.69321703910828,679
238.7084677219391,460
238.7238483428955,0
238.73912501335144,124
238.7546045780182,449
238.7706389427185,678
238.7862687110901,413
238.80173873901367,0
238.8171901702881,137
238.833190202713,516
238.84926891326904,678
238.8646342754364,371
238.8798167705536,1
238.89588284492493,149
238.91105461120605,596
238.9270679950714,678
238.94227743148804,354
238.9592740535736,0
238.97405910491943,152
238.9892861843109,627
239.00463843345642,679
239.01965832710266,326
239.0349452495575,0
239.05085444450378,174
239.06601786613464,679
239.08261060714722,679
239.0986156463623,282
239.114027261734,0
239.12957167625427,185
239.14455819129944,678
239.15987491607666,678
239.1758782863617,252
239.19178915023804,2
239.2078013420105,196
239.22300910949707,679
239.2381763458252,679
239.2541184425354,224
239.26939177513123,5
239.2854368686676,202
239.3000726699829,679
239.31508874893188,678
239.33067893981934,85
239.3462586402893,17
239.36145997047424,219
239.37749028205872,679
239.39210295677185,678
239.40810132026672,31
239.4240460395813,27
239.4398114681244,235
239.4554467201233,679
239.4704728126526,663
239.48655438423157,0
239.50255298614502,43
239.51755809783936,249
239.53354263305664,678
239.54916715621948,633
239.56436777114868,0
239.5802571773529,61
239.59572386741638,261
239.61173009872437,679
239.62727284431458,595
239.64250707626343,0
239.65853476524353,93
239.67382860183716,292
239.68937969207764,679
239.70539212226868,547
239.72116541862488,0
239.73616695404053,101
239.75168323516846,315
239.76761507987976,679
239.78383255004883,508
239.79914259910583,0
239.81396675109863,105
239.82923126220703,358
239.8444538116455,679
239.8595950603485,468
239.8752245903015,0
239.89104437828064,113
239.90665698051453,395
239.92268109321594,679
239.93870067596436,429
239.9547426700592,0
239.97126030921936,125
239.98538732528687,449
240.00138449668884,680
240.01658010482788,411
240.03202438354492,1
240.04811453819275,139
240.06366062164307,507
240.07920122146606,679
240.0949969291687,399
240.11056232452393,0
240.12643909454346,139
240.14186930656433,556
240.1579246520996,679
240.1739537715912,354
240.18951749801636,0
240.20480132102966,154
240.22018766403198,647
240.23533153533936,679
240.2510814666748,279
240.2670817375183,0
240.28310990333557,182
240.29906249046326,678
240.31422543525696,678
240.32996201515198,269
240.34515523910522,2
240.3607165813446,190
240.37674951553345,679
240.39214944839478,679
240.4077091217041,268
240.42297101020813,2
240.43854427337646,194
240.45381546020508,679
240.4698450565338,678
240.48580241203308,180
240.50184440612793,9
240.51781702041626,208
240.53381419181824,679
240.54981637001038,679
240.565443277359,94
240.5812211036682,18
240.59678649902344,221
240.61194443702698,679
240.62796068191528,683
240.64365005493164,52
240.65968775749207,30
240.67540383338928,239
240.69092679023743,679
240.70607995986938,675
240.72125244140625,29
240.73641085624695,46
240.7520341873169,246
240.76726269721985,679
240.78240084648132,645
240.79829239845276,0
240.813889503479,72
240.82936239242554,264
240.84442782402039,679
240.8604235649109,620
240.8764579296112,0
240.89169263839722,85
240.90768146514893,289
240.9230043888092,679
240.93851780891418,588
240.95457553863525,0
240.97069382667542,86
240.98621249198914,297
241.00189471244812,679
241.01704287528992,561
241.03301882743835,0
241.04860162734985,98
241.06471490859985,335
241.0800120830536,679
241.09549069404602,513
241.11095523834229,0
241.12694931030273,122
241.1426875591278,367
241.15788555145264,679
241.17352557182312,489
241.1890902519226,0
241.20457243919373,132
241.21957206726074,417
241.235671043396,679
241.2507975101471,474
241.266432762146,0
241.2816619873047,135
241.29819059371948,457
241.31315732002258,679
241.32817554473877,448
241.3441183567047,0
241.3595793247223,136
241.37462091445923,516
241.39066886901855,678
241.40667009353638,381
241.4227979183197,0
241.4388451576233,152
241.45480179786682,599
241.4699809551239,681
241.48601126670837,309
241.50154280662537,0
241.5165731906891,161
241.5315706729889,657
241.54696655273438,679
241.56302785873413,306
241.57858324050903,0
241.59391045570374,173
241.60991191864014,678
241.6254780292511,679
241.64081621170044,228
241.65680408477783,0
241.67287063598633,169
241.68891549110413,679
241.70492839813232,679
241.72026300430298,135
241.7357578277588,4
241.75180983543396,186
241.76784420013428,679
241.78391981124878,679
241.7994453907013,42
241.81467700004578,13
241.83036971092224,207
241.84645700454712,679
241.86189770698547,677
241.8780014514923,16
241.8934874534607,21
241.90916967391968,212
241.9243438243866,678
241.940194606781,669
241.956228017807,0
241.97087407112122,21
241.986878156662,201
242.00238156318665,679
242.0173795223236,641
242.03281140327454,0
242.04781126976013,38
242.06260800361633,227
242.07809162139893,680
242.0941047668457,607
242.10951733589172,0
242.1254918575287,57
242.14091801643372,247
242.1569309234619,680
242.17208003997803,582
242.1882586479187,0
242.2037262916565,63
242.2195222377777,264
242.23553800582886,680
242.25152254104614,536
242.26752972602844,0
242.28306245803833,93
242.29860067367554,327
242.31465077400208,680
242.33023476600647,478
242.34561014175415,0
242.36099076271057,112
242.3761920928955,388
242.39167165756226,683
242.4072082042694,459
242.4222276210785,0
242.43830060958862,109
242.4542407989502,418
242.470032453537,681
242.48614883422852,411
242.50148391723633,0
242.51748132705688,135
242.53341460227966,510
242.5485291481018,680
242.56381034851074,329
242.57989192008972,0
242.59522557258606,157
242.61100387573242,573
242.62701892852783,680
242.64254570007324,314
242.65852737426758,0
242.67393279075623,167
242.6890833377838,640
242.78170895576477,681
242.78369283676147,265
242.79894638061523,0
242.8141508102417,147
242.8294756412506,674
242.84465217590332,680
242.85959696769714,239
242.87549138069153,0
242.89014887809753,168
242.90623950958252,681
242.9222390651703,680
242.93725490570068,167
242.95301604270935,5
242.96890473365784,195
242.98440623283386,681
242.99993777275085,680
243.01517987251282,140
243.0304126739502,7
243.0465304851532,205
243.06183671951294,680
243.0770332813263,680
243.0926115512848,115
243.1085910797119,12
243.12458872795105,213
243.14060497283936,681
243.15659475326538,680
243.1725926399231,27
243.18860387802124,25
243.204176902771,228
243.22013092041016,680
243.23743748664856,677
243.2524516582489,0
243.2684290409088,43
243.2844626903534,244
243.30045676231384,680
243.3159260749817,658
243.33092546463013,0
243.34593176841736,56
243.36092448234558,251
243.3759469985962,680
243.39146494865417,646
243.4066400527954,0
243.4226212501526,59
243.43762302398682,258
243.45373249053955,680
243.46902513504028,599
243.48504090309143,0
243.50002670288086,84
243.51502776145935,288
243.530033826828,680
243.5454020500183,559
243.5606565475464,0
243.57567811012268,101
243.59251999855042,319
243.6065948009491,680
243.62260365486145,514
243.63801884651184,0
243.65413784980774,113
243.67012786865234,364
243.68527054786682,680
243.70100712776184,480
243.7169907093048,0
243.7330048084259,126
243.74898958206177,427
243.7643551826477,680
243.7793743610382,398
243.79491782188416,0
243.81060647964478,145
243.827130317688,495
243.84213519096375,680
243.85814428329468,370
243.87419819831848,0
243.88984775543213,161
243.90525841712952,574
243.92126417160034,680
243.93634510040283,353
243.95246744155884,0
243.9679524898529,162
243.98313641548157,611
243.99845147132874,681
244.01379680633545,323
244.02986860275269,0
244.04592609405518,167
244.06095504760742,672
244.07658314704895,681
244.09194350242615,283
244.10762429237366,1
244.12291836738586,180
244.1382029056549,680
244.15416717529297,680
244.16975569725037,245
244.1854772567749,6
244.20079255104065,201
244.21593594551086,681
244.23128080368042,680
244.24728274345398,189
244.26255416870117,9
244.2776815891266,203
244.29369378089905,681
244.30886387825012,681
244.32450795173645,177
244.3403124809265,9
244.35547733306885,201
244.37075424194336,681
244.3861300945282,680
244.40141034126282,73
244.41740918159485,23
244.43270635604858,222
244.44861793518066,680
244.4640691280365,680
244.48011231422424,47
244.49590229988098,27
244.51103138923645,232
244.52706575393677,681
244.54290747642517,678
244.55810832977295,15
244.57347559928894,41
244.5899007320404,246
244.60454392433167,681
244.62055802345276,667
244.63656425476074,0
244.65260338783264,60
244.66860032081604,264
244.68420505523682,681
244.70230674743652,653
244.71544814109802,0
244.7306613922119,83
244.7456648349762,279
244.76157021522522,680
244.77761960029602,618
244.79312586784363,0
244.80914425849915,84
244.82436418533325,288
244.83978390693665,681
244.8557116985321,572
244.87140274047852,0
244.88653755187988,87
244.90252828598022,287
244.91805028915405,681
244.93383932113647,534
244.9498586654663,0
244.96519780158997,107
244.9811975955963,330
244.99656510353088,681
245.01227235794067,494
245.02853345870972,0
245.04349040985107,110
245.0588517189026,373
245.07403898239136,681
245.0890498161316,469
245.10425114631653,0
245.1197543144226,135
245.13517546653748,465
245.15109729766846,680
245.1663417816162,445
245.18219470977783,0
245.1974000930786,149
245.21342158317566,534
245.2295434474945,680
245.244553565979,373
245.26057887077332,0
245.27655673027039,151
245.29256868362427,595
245.30743312835693,681
245.3229365348816,290
245.3389537334442,1
245.35413360595703,181
245.36932802200317,681
245.37630820274353,681
245.3915774822235,292
245.40723061561584,1
245.42267417907715,187
245.43781423568726,681
245.45382475852966,681
245.46989750862122,269
245.4856436252594,4
245.501713514328,195
245.51768040657043,681
245.53322005271912,680
245.54954934120178,172
245.56382536888123,11
245.57984137535095,205
245.59505128860474,680
245.6105613708496,681
245.62644600868225,69
245.64191198349,23
245.65738797187805,223
245.67277646064758,680
245.6879277229309,681
245.70324754714966,58
245.71828651428223,27
245.73396182060242,229
245.74929571151733,680
245.76558804512024,670
245.77991652488708,0
245.79507732391357,42
245.81076884269714,239
245.82679080963135,681
245.8437898159027,637
245.85806035995483,0
245.87308621406555,60
245.88848686218262,252
245.90419483184814,680
245.92020988464355,601
245.93624687194824,0
245.9518177509308,63
245.96696090698242,257
245.98308610916138,678
245.99856162071228,564
246.01395297050476,0
246.03000211715698,72
246.0457010269165,286
246.06059288978577,679
246.07657504081726,512
246.0918447971344,0
246.10746932029724,93
246.1227366924286,340
246.1377353668213,679
246.15375065803528,458
246.16967248916626,0
246.18497109413147,110
246.20094513893127,398
246.2172086238861,679
246.23237872123718,437
246.24849390983582,0
246.26402044296265,119
246.27996802330017,482
246.2959384918213,678
246.31201124191284,397
246.3276345729828,0
246.34284567832947,128
246.35844731330872,563
246.37441849708557,679
246.3904674053192,342
246.40618181228638,0
246.42216873168945,148
246.43771719932556,636
246.4533133506775,679
246.46861052513123,274
246.48382806777954,0
246.49957013130188,168
246.51556015014648,679
246.53076148033142,679
246.5463273525238,275
246.5621612071991,1
246.57817673683167,178
246.59390664100647,679
246.6095690727234,678
246.625426530838,257
246.64132070541382,4
246.65730547904968,195
246.6732039451599,678
246.68921828269958,678
246.70575618743896,133
246.71990537643433,12
246.73488855361938,207
246.75069952011108,679
246.7665672302246,679
246.78270721435547,77
246.79849195480347,25
246.81335353851318,218
246.8285801410675,679
246.84416580200195,678
246.86016583442688,66
246.87617588043213,28
246.89130330085754,229
246.90688514709473,678
246.92218494415283,670
246.9382040500641,19
246.95383596420288,48
246.96915364265442,245
246.98457837104797,679
247.000097990036,655
247.01509952545166,0
247.03095507621765,65
247.0469560623169,261
247.0629985332489,679
247.07907152175903,624
247.0949740409851,0
247.110191822052,89
247.12628602981567,277
247.14188933372498,678
247.15830755233765,590
247.17380475997925,0
247.1897976398468,93
247.20586776733398,285
247.22086119651794,679
247.23690009117126,575
247.25246119499207,0
247.2674777507782,101
247.28266310691833,326
247.29917192459106,679
247.3141644001007,517
247.33018136024475,0
247.34519267082214,124
247.3611969947815,385
247.37698459625244,678
247.39222621917725,453
247.40801763534546,0
247.4234595298767,126
247.43884706497192,460
247.45413851737976,679
247.4694504737854,429
247.48499703407288,0
247.5002303123474,135
247.51573276519775,511
247.53175163269043,678
247.54774522781372,416
247.56383848190308,0
247.57929587364197,144
247.5948224067688,568
247.6108260154724,679
247.62708401679993,324
247.64159417152405,0
247.65730547904968,150
247.67266869544983,630
247.68874740600586,679
247.70476412773132,294
247.7200379371643,1
247.73590064048767,169
247.75137782096863,679
247.76627612113953,679
247.78186345100403,298
247.79699873924255,0
247.81226587295532,175
247.82801461219788,679
247.84406757354736,678
247.86014103889465,224
247.87597274780273,0
247.89298963546753,177
247.90749526023865,678
247.92248392105103,679
247.93810534477234,96
247.9527952671051,4
247.9682719707489,190
247.983580827713,678
247.99873518943787,678
248.01370429992676,70
248.02968311309814,6
248.0456805229187,203
248.0617973804474,678
248.07785201072693,679
248.09389686584473,15
248.1097390651703,11
248.12502431869507,205
248.1402668952942,679
248.15547251701355,672
248.1706485748291,0
248.18611073493958,24
248.20286965370178,216
248.21719074249268,680
248.23253345489502,650
248.24767971038818,0
248.26367902755737,38
248.27893543243408,227
248.2942340373993,679
248.30987358093262,627
248.3249156475067,0
248.34048628807068,41
248.35647439956665,238
248.37163925170898,678
248.38709473609924,597
248.40311408042908,0
248.41908478736877,42
248.4341390132904,246
248.44940996170044,680
248.46459794044495,577
248.48170924186707,0
248.49671745300293,48
248.51221418380737,260
248.52751350402832,678
248.54268288612366,515
248.55872201919556,0
248.57400369644165,63
248.59006524085999,314
248.60554385185242,679
248.62086725234985,457
248.63621473312378,0
248.65194606781006,70
248.6676151752472,378
248.68368697166443,678
248.6991789340973,439
248.71474695205688,0
248.7305657863617,73
248.74589204788208,481
248.7618227005005,679
248.7798297405243,379
248.7938838005066,0
248.80990624427795,94
248.82525897026062,618
248.84103679656982,679
248.85636019706726,294
248.87199687957764,0
248.8871967792511,111
248.90247893333435,675
248.9185438156128,679
248.93460249900818,260
248.95060229301453,0
248.96668672561646,120
248.98268723487854,678
248.9982795715332,679
249.01431941986084,276
249.03035593032837,0
249.0463969707489,140
249.06187868118286,681
249.0771267414093,679
249.09314680099487,229
249.10880661010742,0
249.12395977973938,151
249.13881874084473,679
249.15480089187622,679
249.16998267173767,90
249.18602514266968,0
249.20214295387268,171
249.21751928329468,679
249.23321652412415,679
249.2488512992859,46
249.26389074325562,0
249.2791657447815,173
249.29418897628784,679
249.3091390132904,679
249.32457280158997,0
249.339688539505,0
249.35667371749878,179
249.37067079544067,679
249.38578844070435,678
249.4011025428772,0
249.41661143302917,5
249.43191981315613,178
249.44789814949036,679
249.46320509910583,665
249.4786958694458,0
249.49391412734985,12
249.50970673561096,201
249.52569723129272,679
249.54087138175964,641
249.55697917938232,0
249.5725908279419,30
249.58869910240173,238
249.6047282218933,679
249.6200304031372,604
249.63537001609802,0
249.64688634872437,42
249.66201186180115,281
249.67801904678345,679
249.69386625289917,559
249.70953845977783,0
249.7245545387268,55
249.74057149887085,337
249.75654578208923,679
249.77212595939636,475
249.78811192512512,0
249.8041214942932,87
249.82010412216187,419
249.8354218006134,678
249.85057282447815,494
249.86651253700256,0
249.88261556625366,86
249.8981113433838,447
249.91326189041138,680
249.92846274375916,467
249.94347047805786,0
249.95868229866028,81
249.97468400001526,510
249.98972749710083,681
250.00565552711487,427
250.0217468738556,0
250.03777647018433,108
250.0538728237152,624
250.06908774375916,680
250.08441472053528,314
250.10025262832642,0
250.1162555217743,129
250.13138461112976,670
250.1473846435547,680
250.16325664520264,254
250.17933559417725,0
250.19448733329773,144
250.20989966392517,680
250.2255928516388,680
250.2409417629242,270
250.25712752342224,0
250.2721016407013,150
250.2881941795349,681
250.30351305007935,680
250.31959319114685,293
250.3356592655182,0
250.35084533691406,156
250.36683464050293,681
250.3821578025818,680
250.39813947677612,206
250.41368198394775,0
250.42899203300476,162
250.44492435455322,682
250.4609453678131,680
250.47705960273743,76
250.4928150177002,0
250.50797843933105,171
250.52398109436035,681
250.53997254371643,681
250.55545163154602,0
250.57130241394043,2
250.58730816841125,194
250.60288858413696,680
250.6184196472168,680
250.63335800170898,0
250.64896488189697,6
250.66455173492432,196
250.67976808547974,680
250.6959969997406,677
250.71211695671082,0
250.7275755405426,18
250.7435541152954,221
250.75878405570984,681
250.77410578727722,656
250.79009246826172,0
250.80512762069702,37
250.82213711738586,258
250.8371241092682,681
250.85314273834229,612
250.86845421791077,0
250.88433074951172,42
250.89955019950867,256
250.91536045074463,680
250.93149089813232,599
250.94647431373596,0
250.9618067741394,58
250.9773292541504,312
250.99272561073303,680
251.0081925392151,563
251.02387976646423,0
251.03990197181702,70
251.05592036247253,375
251.07123231887817,680
251.08646535873413,485
251.10215854644775,0
251.1173963546753,97
251.13279938697815,455
251.1485321521759,681
251.16416478157043,440
251.17988657951355,0
251.19502758979797,122
251.21111035346985,541
251.22655296325684,681
251.24237036705017,447
251.257826089859,0
251.2731363773346,117
251.2884397506714,595
251.30372738838196,681
251.31879234313965,405
251.3335473537445,0
251.3495738506317,145
251.36566710472107,681
251.38111686706543,680
251.39718580245972,327
251.41292309761047,1
251.42796277999878,163
251.44373488426208,680
251.45972967147827,680
251.47494459152222,317
251.49097871780396,0
251.50619888305664,167
251.52212071418762,680
251.5381374359131,681
251.55379128456116,279
251.56967425346375,0
251.5850064754486,185
251.60018658638,681
251.6154100894928,681
251.63142442703247,171
251.6471197605133,0
251.6619894504547,197
251.6781280040741,681
251.69364881515503,681
251.70910096168518,136
251.72513246536255,1
251.74060106277466,213
251.75665998458862,681
251.77212929725647,680
251.78760027885437,102
251.8032968044281,5
251.8183298110962,219
251.83361411094666,681
251.8486247062683,681
251.86445474624634,20
251.8799867630005,11
251.8959996700287,227
251.91088795661926,680
251.9265055656433,675
251.94253826141357,0
251.95855140686035,33
251.97451615333557,242
251.99049997329712,681
252.00602746009827,655
252.02207827568054,0
252.03732895851135,51
252.05343532562256,271
252.06872272491455,680
252.08475542068481,623
252.09991097450256,0
252.11520433425903,58
252.130211353302,279
252.14620637893677,681
252.16185474395752,578
252.1772322654724,0
252.19239044189453,73
252.207612991333,317
252.22277665138245,680
252.23876547813416,532
252.25419235229492,0
252.27029609680176,87
252.2866129875183,375
252.30163407325745,681
252.31718158721924,465
252.33234310150146,0
252.3482894897461,115
252.36429953575134,464
252.3794538974762,680
252.39517378807068,431
252.4104619026184,1
252.4256181716919,135
252.44077730178833,534
252.45679354667664,680
252.47217512130737,418
252.48767924308777,0
252.50345540046692,143
252.51858949661255,645
252.53379154205322,681
252.54978370666504,395
252.56578588485718,0
252.58095407485962,155
252.59615206718445,681
252.61196279525757,681
252.62765264511108,323
252.64365315437317,0
252.6587953567505,175
252.67480850219727,681
252.69091892242432,680
252.70611572265625,274
252.72148251533508,0
252.7374951839447,184
252.7527952194214,681
252.7687487602234,681
252.78390979766846,269
252.799329996109,0
252.81478357315063,193
252.8300702571869,681
252.84608674049377,681
252.86156678199768,163
252.8766143321991,1
252.89264822006226,214
252.90819215774536,680
252.92396926879883,679
252.93929171562195,47
252.9553050994873,8
252.9704658985138,225
252.98611736297607,680
253.00137758255005,680
253.0165092945099,23
253.03252720832825,13
253.04848051071167,226
253.06380414962769,680
253.0797951221466,678
253.09534645080566,0
253.11087322235107,27
253.12619805335999,235
253.1421983242035,680
253.15751481056213,658
253.17311549186707,0
253.18805861473083,41
253.20325565338135,263
253.21879172325134,680
253.23424100875854,615
253.25007820129395,0
253.26508331298828,66
253.2807273864746,288
253.2968406677246,680
253.3127624988556,575
253.32881236076355,0
253.3445394039154,84
253.35952425003052,326
253.37503385543823,680
253.39056491851807,539
253.40578818321228,0
253.42113423347473,90
253.43697714805603,376
253.45263504981995,681
253.4682629108429,511
253.48429250717163,0
253.50037121772766,98
253.5154149532318,425
253.53008270263672,681
253.54600167274475,448
253.56120705604553,0
253.57663488388062,117
253.5919966697693,503
253.60812211036682,680
253.62419652938843,414
253.6397042274475,0
253.65503811836243,132
253.67102360725403,603
253.68576002120972,680
253.70105981826782,389
253.71634030342102,0
253.7318286895752,137
253.7478265762329,680
253.76312851905823,681
253.77851152420044,347
253.79442524909973,0
253.80957746505737,158
253.82565760612488,678
253.8413736820221,679
253.85662746429443,232
253.87246656417847,0
253.88717484474182,173
253.90222024917603,679
253.9182584285736,678
253.93438506126404,224
253.9495656490326,0
253.96559262275696,188
253.98158740997314,678
253.9976143836975,679
254.0125229358673,194
254.02766251564026,0
254.04286313056946,190
254.0584261417389,679
254.07360696792603,679
254.08972001075745,81
254.10543847084045,2
254.12097239494324,207
254.13616943359375,679
254.15222191810608,679
254.16828203201294,5
254.18359661102295,4
254.19888353347778,206
254.21466207504272,679
254.23015141487122,679
254.2461335659027,0
254.26313591003418,15
254.27815127372742,223
254.29362535476685,678
254.3088402748108,676
254.32472825050354,0
254.34015107154846,27
254.35520839691162,236
254.37038660049438,679
254.3863718509674,654
254.40242743492126,0
254.41822719573975,51
254.43334197998047,259
254.4486587047577,679
254.46398377418518,618
254.4791295528412,0
254.49513864517212,60
254.51084733009338,283
254.52636766433716,679
254.54229187965393,589
254.55828142166138,0
254.57428073883057,72
254.58987069129944,313
254.6056263446808,679
254.62122464179993,545
254.63706350326538,0
254.65304970741272,94
254.66860842704773,333
254.68459630012512,679
254.70044779777527,522
254.71542811393738,0
254.73102617263794,110
254.74703407287598,396
254.76302218437195,679
254.7780213356018,492
254.79346919059753,0
254.80947399139404,110
254.82485580444336,450
254.83986282348633,679
254.8558578491211,476
254.87100958824158,3
254.88656997680664,121
254.90214848518372,522
254.91777300834656,678
254.93278813362122,419
254.94878840446472,0
254.96484780311584,131
254.97998571395874,563
254.99529480934143,678
255.0107867717743,363
255.02618193626404,0
255.0422327518463,146
255.05726218223572,642
255.072749376297,679
255.08787560462952,363
255.10389137268066,0
255.1197669506073,154
255.13547658920288,679
255.1510980129242,679
255.16640210151672,336
255.18252277374268,0
255.1982777118683,159
255.2140235900879,679
255.23004579544067,679
255.24563479423523,231
255.26101231575012,0
255.27593183517456,180
255.29172897338867,679
255.30779576301575,680
255.3232617378235,91
255.3382863998413,2
255.3543303012848,204
255.3695249557495,678
255.38557124137878,678
255.40096926689148,124
255.41689777374268,1
255.43251991271973,206
255.44809126853943,679
255.46316194534302,679
255.47836875915527,103
255.49434804916382,3
255.50977635383606,216
255.5252571105957,679
255.54047560691833,678
255.55570530891418,34
255.57064032554626,12
255.58608841896057,228
255.6016206741333,678
255.61720156669617,676
255.63321685791016,0
255.64912271499634,27
255.6654918193817,245
255.68043971061707,679
255.69650959968567,664
255.71251106262207,0
255.72854781150818,52
255.74373126029968,262
255.75873041152954,679
255.77377438545227,632
255.78883719444275,0
255.8052351474762,61
255.82121181488037,289
255.83640837669373,679
255.85230803489685,587
255.86759400367737,0
255.88249373435974,69
255.8976378440857,318
255.91306042671204,678
255.92870140075684,534
255.94414734840393,0
255.96017575263977,87
255.97555708885193,367
255.99155282974243,678
256.00694131851196,477
256.02301359176636,0
256.0383372306824,99
256.0542449951172,437
256.07032799720764,678
256.0862076282501,448
256.10188388824463,0
256.11753129959106,111
256.1334481239319,518
256.14925241470337,679
256.16525387763977,414
256.18136191368103,0
256.1964786052704,123
256.21212816238403,615
256.22765040397644,678
256.24306058883667,312
256.2582607269287,0
256.2742428779602,145
256.2897093296051,678
256.305712223053,679
256.32099294662476,298
256.3371081352234,0
256.3531789779663,160
256.36824083328247,679
256.38408493995667,679
256.3991355895996,295
256.41544556617737,0
256.43075942993164,158
256.4464113712311,679
256.4616289138794,679
256.47741532325745,235
256.492644071579,0
256.50841450691223,174
256.5241072177887,679
256.53934144973755,678
256.554829120636,95
256.57082629203796,1
256.58650159835815,193
256.6020152568817,679
256.61776471138,679
256.6324899196625,0
256.64766669273376,2
256.663654088974,202
256.67892479896545,679
256.69499683380127,679
256.7104630470276,0
256.72599029541016,14
256.74162912368774,222
256.7571122646332,679
256.77300453186035,673
256.78899788856506,0
256.80401158332825,26
256.8195552825928,241
256.835077047348,679
256.8502700328827,655
256.866286277771,0
256.8821041584015,45
256.898366689682,260
256.91411542892456,679
256.929735660553,632
256.9450452327728,0
256.96090483665466,55
256.9769024848938,277
256.99290466308594,679
257.0089318752289,596
257.02417278289795,0
257.0396156311035,60
257.05559849739075,291
257.0706522464752,679
257.0865240097046,566
257.1019706726074,0
257.11747431755066,73
257.133309841156,338
257.1487627029419,678
257.1647388935089,496
257.17999148368835,0
257.19572472572327,104
257.2115457057953,400
257.2273895740509,679
257.2430031299591,469
257.25845408439636,0
257.27437710762024,108
257.28966760635376,487
257.30475187301636,679
257.32126903533936,456
257.33554434776306,0
257.35056018829346,116
257.3665463924408,543
257.38154768943787,678
257.3970820903778,391
257.41216826438904,0
257.42791271209717,132
257.4433362483978,641
257.45933771133423,678
257.4744906425476,330
257.48971939086914,0
257.5048656463623,156
257.5200378894806,678
257.5357539653778,679
257.55095648765564,314
257.56639647483826,0
257.5820195674896,165
257.59812450408936,679
257.61326837539673,679
257.62870931625366,258
257.6446931362152,0
257.66074895858765,184
257.67658281326294,681
257.69185280799866,680
257.70793056488037,152
257.72346019744873,0
257.73907136917114,194
257.7550947666168,681
257.7711284160614,679
257.78591775894165,97
257.80095958709717,3
257.81749391555786,215
257.83327865600586,680
257.84827733039856,682
257.8633117675781,35
257.87932205200195,8
257.8948886394501,219
257.9109239578247,681
257.926828622818,679
257.94287395477295,0
257.95855045318604,19
257.97462916374207,229
257.99047112464905,680
258.00650238990784,661
258.02203130722046,0
258.0380907058716,43
258.05415558815,254
258.0695426464081,680
258.0854609012604,641
258.10120677948,0
258.1166002750397,52
258.1320984363556,273
258.1469542980194,680
258.1619691848755,598
258.1771070957184,0
258.1931788921356,66
258.20848417282104,295
258.22439908981323,680
258.2395417690277,571
258.25431847572327,0
258.27007007598877,79
258.2860815525055,339
258.302063703537,680
258.31814908981323,519
258.33419466018677,0
258.3496313095093,89
258.36562967300415,407
258.3814136981964,680
258.3976802825928,452
258.41317105293274,0
258.42867398262024,121
258.4445974826813,488
258.4599311351776,681
258.4759805202484,423
258.4915735721588,0
258.5076072216034,131
258.5231273174286,554
258.5388753414154,680
258.5550010204315,412
258.57031774520874,0
258.5863206386566,135
258.60197401046753,641
258.61739802360535,680
258.63306760787964,364
258.648309469223,0
258.66349387168884,156
258.6788763999939,680
258.69486713409424,680
258.7104070186615,297
258.72622418403625,0
258.74176502227783,173
258.7577657699585,680
258.7729845046997,681
258.78904366493225,284
258.80457305908203,0
258.8205966949463,160
258.8366186618805,680
258.85191226005554,680
258.8679003715515,276
258.8838953971863,0
258.8995568752289,182
258.91560649871826,680
258.9316215515137,681
258.94788002967834,134
258.96364092826843,1
258.9794888496399,213
258.9947714805603,680
259.01079654693604,681
259.02604937553406,103
259.04122138023376,3
259.05734395980835,218
259.0734541416168,681
259.0890085697174,681
259.1046447753906,41
259.1201512813568,9
259.1352412700653,222
259.15045714378357,681
259.1664619445801,680
259.18247056007385,0
259.1984705924988,23
259.21447134017944,231
259.229807138443,680
259.24485063552856,672
259.2606956958771,0
259.2761616706848,47
259.2914865016937,264
259.3065254688263,681
259.3225095272064,655
259.33859276771545,0
259.35374665260315,55
259.3687484264374,272
259.384069442749,680
259.3997166156769,613
259.4155411720276,0
259.4316635131836,58
259.44690108299255,294
259.4623191356659,680
259.4783308506012,588
259.49431824684143,0
259.50937962532043,62
259.52454352378845,295
259.5405282974243,680
259.55556321144104,548
259.5705621242523,0
259.5858862400055,84
259.6008234024048,368
259.616179227829,680
259.63204765319824,508
259.64770102500916,0
259.6627027988434,102
259.67793440818787,433
259.6937310695648,680
259.7089915275574,479
259.7245681285858,0
259.74012565612793,111
259.75612330436707,492
259.77212023735046,680
259.7868392467499,451
259.80203104019165,0
259.81736755371094,126
259.83244371414185,574
259.8484511375427,681
259.86453127861023,374
259.88010931015015,0
259.89529848098755,147
259.91068720817566,650
259.9259195327759,680
259.94181537628174,359
259.95690083503723,0
259.97232151031494,148
259.9876081943512,681
260.00330781936646,681
260.0191533565521,336
260.03568744659424,0
260.0504095554352,158
260.06640243530273,680
260.08173060417175,681
260.097847700119,282
260.11378288269043,0
260.12940669059753,183
260.14463686943054,681
260.16007232666016,680
260.1760792732239,192
260.192106962204,0
260.2072365283966,202
260.22323727607727,681
260.2389051914215,681
260.2546422481537,193
260.2699246406555,0
260.2852876186371,208
260.30048155784607,680
260.3165123462677,680
260.33201813697815,133
260.34802317619324,2
260.36340832710266,212
260.37867617607117,680
260.3938317298889,680
260.4098355770111,0
260.4256854057312,16
260.4416754245758,233
260.4577331542969,681
260.47298431396484,680
260.4885892868042,0
260.5045521259308,25
260.51975560188293,240
260.53511452674866,681
260.55031728744507,671
260.56570410728455,0
260.5809769630432,36
260.59654116630554,252
260.6122815608978,680
260.62781500816345,641
260.6438310146332,0
260.65946531295776,46
260.6744740009308,267
260.6905779838562,680
260.705762386322,577
260.7210509777069,0
260.73657965660095,83
260.7512242794037,331
260.7671687602997,681
260.78300404548645,492
260.7985990047455,0
260.814581155777,100
260.83036756515503,383
260.84637475013733,680
260.86199712753296,487
260.87711787223816,0
260.8930687904358,99
260.9091875553131,456
260.92449593544006,681
260.9405589103699,444
260.95681977272034,0
260.97180938720703,106
260.98808193206787,560
261.0030882358551,681
261.0184965133667,411
261.0338659286499,0
261.04987621307373,128
261.06542801856995,652
261.08167791366577,681
261.09730982780457,340
261.1132128238678,0
261.1287524700165,137
261.1447503566742,680
261.16020131111145,680
261.1761224269867,261
261.19212222099304,0
261.20874190330505,163
261.22409892082214,680
261.23923993110657,680
261.25521969795227,286
261.2712469100952,0
261.2865653038025,168
261.30223059654236,681
261.3180732727051,681
261.3336429595947,259
261.3493506908417,0
261.36449933052063,185
261.38035583496094,680
261.39636278152466,680
261.4119291305542,181
261.42707562446594,0
261.44309258461,197
261.45917224884033,681
261.47514176368713,680
261.49116253852844,56
261.5071439743042,5
261.52290987968445,216
261.5384244918823,681
261.55437564849854,680
261.56989789009094,11
261.58539938926697,8
261.60084438323975,218
261.6164650917053,679
261.63199400901794,678
261.64704990386963,0
261.66313076019287,19
261.6789724826813,232
261.6950147151947,679
261.7101831436157,664
261.7262749671936,0
261.742214679718,37
261.75780630111694,251
261.7731194496155,679
261.78911662101746,630
261.80462670326233,0
261.82062005996704,53
261.83574771881104,270
261.85178232192993,679
261.86713695526123,601
261.8819363117218,0
261.8972249031067,71
261.91323494911194,310
261.9289302825928,679
261.9436001777649,558
261.9587445259094,0
261.97415137290955,74
261.98978781700134,331
262.0053150653839,679
262.02064204216003,539
262.03626108169556,0
262.05224418640137,89
262.06751108169556,388
262.0835111141205,679
262.0990300178528,469
262.11483573913574,0
262.13042092323303,116
262.14651346206665,453
262.16210198402405,679
262.1771080493927,438
262.19256019592285,3
262.20799016952515,120
262.22340965270996,551
262.238778591156,679
262.2548623085022,408
262.27084493637085,0
262.28689312934875,131
262.30235385894775,645
262.3176209926605,677
262.3327856063843,358
262.34829211235046,0
262.3642830848694,145
262.3802740573883,679
262.3954198360443,678
262.4108741283417,285
262.4261438846588,0
262.44145107269287,165
262.45749020576477,679
262.472971200943,679
262.48854970932007,278
262.50457072257996,0
262.5198893547058,179
262.5347683429718,680
262.5500559806824,679
262.565908908844,253
262.58136534690857,0
262.5968728065491,180
262.61297512054443,679
262.6285631656647,678
262.6446011066437,118
262.6605975627899,1
262.6755952835083,205
262.69168639183044,679
262.70768761634827,678
262.7237198352814,20
262.7390687465668,9
262.75442910194397,228
262.76988410949707,678
262.7850353717804,679
262.80050563812256,0
262.81663489341736,17
262.83234906196594,237
262.84832763671875,678
262.864351272583,674
262.8801956176758,0
262.89519715309143,31
262.91089391708374,242
262.92639088630676,679
262.9423990249634,652
262.958411693573,0
262.97378277778625,49
262.9895324707031,265
263.0048260688782,679
263.01998138427734,610
263.0360698699951,0
263.05106568336487,69
263.066734790802,305
263.0820469856262,679
263.09802436828613,574
263.11364936828613,0
263.12971568107605,80
263.14501214027405,332
263.16053652763367,678
263.1759195327759,527
263.19193625450134,0
263.2079367637634,86
263.2239999771118,398
263.2410809993744,679
263.25574350357056,463
263.2709221839905,0
263.28690791130066,120
263.3027949333191,504
263.31822514533997,679
263.33372497558594,416
263.3487687110901,0
263.3641269207001,136
263.3798644542694,612
263.39546036720276,679
263.4107313156128,391
263.42615389823914,0
263.44169640541077,147
263.4570825099945,679
263.4725251197815,679
263.4875648021698,383
263.5033071041107,0
263.5189151763916,155
263.5344932079315,678
263.550598859787,678
263.5666437149048,283
263.5826976299286,0
263.59785556793213,161
263.61288261413574,679
263.6289772987366,679
263.64500737190247,221
263.6609899997711,0
263.6764307022095,197
263.69213032722473,679
263.7075548171997,679
263.72325587272644,221
263.7384660243988,0
263.7540180683136,193
263.76949739456177,679
263.78513956069946,678
263.79802107810974,239
263.81201791763306,1
263.8284525871277,209
263.84429264068604,679
263.85968589782715,679
263.8754897117615,70
263.89056277275085,9
263.9066607952118,228
263.92211151123047,679
263.93754291534424,678
263.9527084827423,8
263.9675064086914,28
263.98287773132324,250
263.9980163574219,679
264.0134105682373,677
264.0291187763214,0
264.0443525314331,44
264.0593249797821,260
264.07533979415894,679
264.0913259983063,655
264.1066176891327,0
264.12183928489685,60
264.1373736858368,278
264.15332412719727,678
264.16932439804077,618
264.18462657928467,0
264.19983077049255,78
264.2159831523895,299
264.2314546108246,679
264.2474613189697,567
264.2630820274353,0
264.27886748313904,100
264.29434514045715,347
264.3096351623535,679
264.3256268501282,534
264.34120750427246,0
264.3572084903717,98
264.3741989135742,386
264.3892168998718,679
264.40530467033386,495
264.4207398891449,0
264.4363238811493,119
264.45232367515564,445
264.4675552845001,680
264.4835481643677,428
264.4995684623718,0
264.5155699253082,144
264.5316300392151,524
264.5467655658722,679
264.5627610683441,401
264.57830786705017,0
264.5936768054962,153
264.60909700393677,618
264.6246979236603,680
264.6403741836548,383
264.65639424324036,0
264.6729984283447,157
264.6869087219238,670
264.702672958374,679
264.71818947792053,361
264.73422861099243,0
264.7492971420288,163
264.7653923034668,678
264.78052258491516,678
264.796293258667,265
264.8115382194519,0
264.826628446579,195
264.84228324890137,679
264.8576900959015,678
264.8733739852905,231
264.8894085884094,2
264.90469217300415,200
264.9207081794739,678
264.93625473976135,679
264.95153427124023,203
264.9675166606903,5
264.98239850997925,209
264.99825501441956,679
265.0138828754425,679
265.02975606918335,109
265.04537773132324,12
265.06150102615356,216
265.0772018432617,679
265.0926971435547,678
265.10880875587463,0
265.1248404979706,27
265.1407902240753,225
265.15574169158936,679
265.1710116863251,662
265.1870653629303,0
265.20305275917053,56
265.2189724445343,250
265.2345464229584,679
265.2505440711975,638
265.26655888557434,0
265.2815411090851,57
265.29689598083496,258
265.3120241165161,679
265.32707619667053,601
265.3428704738617,0
265.3588984012604,69
265.37491488456726,277
265.39004921913147,679
265.40601921081543,569
265.4216182231903,0
265.4372749328613,80
265.45237946510315,315
265.46827387809753,678
265.48431491851807,516
265.5000066757202,0
265.51602029800415,104
265.53158497810364,363
265.5474660396576,681
265.5635197162628,478
265.5791103839874,0
265.5945677757263,124
265.6103255748749,456
265.626398563385,681
265.641934633255,441
265.65798902511597,0
265.6733446121216,126
265.6893081665039,515
265.7043080329895,680
265.7194998264313,429
265.73513412475586,0
265.75068283081055,133
265.76676964759827,580
265.7815589904785,680
265.7975420951843,376
265.81259846687317,0
265.8286225795746,148
265.8441700935364,676
265.85930585861206,681
265.8753020763397,243
265.89100193977356,0
265.90674781799316,176
265.92261719703674,680
265.9380156993866,680
265.9540665149689,250
265.9701747894287,1
265.98611783981323,185
266.00112438201904,680
266.01709270477295,680
266.03253412246704,265
266.04862332344055,2
266.06405878067017,206
266.0795838832855,681
266.0951392650604,680
266.11068749427795,159
266.1266460418701,9
266.1418616771698,219
266.1578788757324,680
266.1739401817322,680
266.18914556503296,155
266.2052068710327,14
266.22059416770935,238
266.23666405677795,681
266.2519323825836,680
266.2680356502533,160
266.28340792655945,7
266.29946088790894,211
266.31490874290466,680
266.3309574127197,681
266.3467948436737,72
266.3630094528198,20
266.3773136138916,241
266.39283561706543,681
266.40855860710144,678
266.423615694046,0
266.43934059143066,47
266.455185174942,268
266.47012639045715,681
266.4861376285553,664
266.5015482902527,0
266.51754426956177,69
266.5330922603607,287
266.549090385437,681
266.5644438266754,635
266.579617023468,0
266.59561467170715,80
266.6108458042145,302
266.62624049186707,680
266.64146089553833,596
266.6574718952179,0
266.67321825027466,104
266.6882209777832,341
266.704213142395,680
266.7202944755554,546
266.7363712787628,0
266.7513737678528,124
266.7667953968048,379
266.78282284736633,681
266.7978274822235,516
266.81343817710876,0
266.828560590744,126
266.8444826602936,432
266.8606061935425,680
266.8763105869293,481
266.89148139953613,0
266.90654039382935,135
266.92196249961853,496
266.93754839897156,679
266.952721118927,390
266.9687383174896,0
266.9847285747528,160
267.00025248527527,597
267.01623797416687,680
267.0318694114685,366
267.04755449295044,0
267.06257724761963,185
267.07825350761414,676
267.09387016296387,681
267.1099224090576,370
267.125337600708,0
267.14064478874207,180
267.15672540664673,681
267.1719307899475,681
267.18734550476074,349
267.20379066467285,0
267.21987080574036,178
267.2353880405426,680
267.25119614601135,680
267.2679817676544,238
267.2822630405426,2
267.29826974868774,206
267.3142764568329,680
267.32942938804626,679
267.3448600769043,173
267.36003828048706,9
267.3754165172577,220
267.39057970046997,680
267.40665459632874,680
267.4225697517395,134
267.4380304813385,17
267.45346426963806,236
267.46848726272583,681
267.4840099811554,680
267.4993965625763,49
267.51485085487366,34
267.5308403968811,247
267.5463216304779,681
267.56159472465515,668
267.5771038532257,0
267.59269428253174,50
267.6082715988159,263
267.6223134994507,680
267.63709807395935,649
267.6522979736328,0
267.6683416366577,69
267.68385648727417,287
267.69996881484985,680
267.7159643173218,623
267.7312285900116,0
267.7464876174927,80
267.7620987892151,303
267.77756452560425,680
267.79270195961,583
267.8079400062561,1
267.8239657878876,71
267.83944487571716,306
267.85502195358276,681
267.8701066970825,531
267.8850703239441,0
267.90103030204773,91
267.9163112640381,359
267.9323468208313,680
267.9484210014343,457
267.9634385108948,0
267.9792604446411,122
267.9944019317627,414
268.0104908943176,681
268.02564120292664,468
268.0415527820587,0
268.0565547943115,127
268.07206535339355,490
268.08812975883484,681
268.10345101356506,441
268.1195466518402,0
268.13524055480957,135
268.15026926994324,556
268.16561102867126,680
268.1808753013611,390
268.1971297264099,0
268.2131881713867,154
268.2283670902252,620
268.24366545677185,681
268.2596733570099,329
268.2756941318512,0
268.29098534584045,168
268.3063383102417,680
268.3220067024231,680
268.33752274513245,324
268.35308742523193,0
268.3683021068573,176
268.3837790489197,680
268.3989233970642,680
268.4148941040039,295
268.43026328086853,0
268.44556999206543,153
268.46166920661926,680
268.4776699542999,680
268.4931375980377,186
268.5085334777832,0
268.524525642395,155
268.54071831703186,680
268.5559756755829,681
268.57137084007263,89
268.58737230300903,0
268.6026077270508,167
268.6181049346924,680
268.6337478160858,680
268.6488587856293,47
268.6639893054962,0
268.6794629096985,171
268.69489216804504,680
268.71088433265686,679
268.72637462615967,0
268.73684310913086,9
268.7519769668579,200
268.76797366142273,680
268.7839546203613,666
268.7999167442322,0
268.8153986930847,27
268.83140420913696,231
268.8463513851166,680
268.86099457740784,653
268.87699699401855,0
268.8930814266205,38
268.9091200828552,233
268.9243175983429,680
268.94013595581055,619
268.95528769493103,0
268.97139024734497,58
268.98668360710144,264
269.00196599960327,682
269.0178349018097,598
269.03385972976685,0
269.0493721961975,78
269.06553983688354,298
269.0805788040161,680
269.095999956131,559
269.1119976043701,0
269.1280245780945,87
269.1439108848572,312
269.1595814228058,681
269.1751205921173,547
269.19105768203735,0
269.20713090896606,109
269.2223505973816,374
269.23786640167236,680
269.25263476371765,509
269.26796078681946,0
269.2837097644806,126
269.29930996894836,439
269.31540393829346,681
269.3310945034027,453
269.3476107120514,0
269.3620994091034,150
269.37754106521606,498
269.39353132247925,680
269.4085340499878,425
269.4244873523712,0
269.43967723846436,156
269.4555037021637,564
269.47066831588745,679
269.4863278865814,413
269.502325296402,0
269.5180342197418,160
269.5332200527191,611
269.5481824874878,679
269.5643153190613,393
269.5802001953125,0
269.59508538246155,169
269.61068201065063,678
269.6266887187958,679
269.6427893638611,301
269.65882539749146,0
269.67405700683594,186
269.68905234336853,678
269.7040750980377,679
269.71915197372437,243
269.73420572280884,1
269.74998235702515,207
269.765017747879,679
269.7804708480835,679
269.79595375061035,232
269.81134843826294,2
269.8273756504059,209
269.8426525592804,678
269.85809230804443,678
269.87374091148376,152
269.8896815776825,9
269.90524220466614,217
269.9209213256836,678
269.93665289878845,678
269.951872587204,20
269.96739196777344,27
269.98340606689453,242
269.99940299987793,678
270.01518535614014,673
270.0303280353546,0
270.0463180541992,41
270.0623197555542,256
270.0778880119324,679
270.09393286705017,654
270.1091799736023,0
270.1251871585846,56
270.14093565940857,273
270.15607738494873,679
270.17160296440125,626
270.1875751018524,0
270.2036051750183,62
270.2196090221405,280
270.23513317108154,679
270.2506637573242,585
270.2667284011841,0
270.2827298641205,94
270.29864978790283,329
270.3141212463379,680
270.3298304080963,537
270.34529185295105,0
270.3609936237335,113
270.3761270046234,374
270.39144372940063,679
270.40724444389343,516
270.4229094982147,0
270.4384434223175,121
270.4541299343109,412
270.47022891044617,683
270.4862678050995,494
270.502393245697,0
270.517386674881,128
270.5324327945709,462
270.5476236343384,679
270.563627243042,423
270.57961916923523,0
270.59518027305603,152
270.61036491394043,531
270.62570786476135,679
270.6416664123535,409
270.65703415870667,0
270.67276334762573,152
270.6880896091461,615
270.7035894393921,679
270.71886467933655,390
270.7338743209839,0
270.7497203350067,167
270.7647340297699,679
270.7801103591919,678
270.79544854164124,337
270.811354637146,0
270.82665252685547,188
270.84217500686646,678
270.8581781387329,679
270.87342858314514,242
270.8891234397888,1
270.904456615448,199
270.9201455116272,679
270.9353744983673,679
270.95091366767883,206
270.9660427570343,2
270.98151206970215,208
270.99676036834717,678
271.01144886016846,679
271.0267126560211,165
271.0424132347107,6
271.05842685699463,216
271.0735607147217,679
271.0896942615509,678
271.10476565361023,28
271.1204252243042,20
271.136430978775,230
271.15196204185486,679
271.1673972606659,677
271.18339562416077,0
271.19884395599365,37
271.2141098976135,245
271.2295231819153,678
271.2441589832306,656
271.2597577571869,0
271.2757911682129,50
271.29118943214417,254
271.30666065216064,679
271.32211422920227,622
271.33820152282715,0
271.35367035865784,63
271.36931467056274,279
271.3849186897278,678
271.4002103805542,589
271.41571950912476,0
271.4318161010742,80
271.4463391304016,306
271.4613296985626,678
271.4773302078247,538
271.4928779602051,0
271.50764298439026,107
271.5230987071991,352
271.53900480270386,679
271.5541641712189,501
271.570214509964,1
271.585736989975,111
271.60157680511475,396
271.61755752563477,677
271.63219118118286,499
271.6482300758362,0
271.66344165802,127
271.6785922050476,472
271.69437074661255,679
271.7113416194916,441
271.7256076335907,1
271.74114322662354,138
271.75719571113586,510
271.77240443229675,679
271.78840804100037,377
271.80315470695496,0
271.81880593299866,164
271.8341763019562,589
271.85022830963135,679
271.86615228652954,390
271.88214659690857,0
271.8974413871765,158
271.91295981407166,640
271.92859387397766,679
271.9440641403198,386
271.95943212509155,0
271.97554183006287,160
271.99115920066833,679
272.00657629966736,680
272.0217366218567,334
272.03674817085266,0
272.0520076751709,171
272.06769156455994,679
272.0834939479828,679
272.09905433654785,264
272.11427116394043,0
272.13032841682434,189
272.14568400382996,678
272.16181111335754,679
272.1778345108032,262
272.19328212738037,1
272.2088212966919,195
272.22488045692444,679
272.2399740219116,678
272.25513315200806,198
272.2704830169678,4
272.2865388393402,203
272.3025207519531,678
272.3185169696808,679
272.3339059352875,93
272.3494381904602,10
272.3649401664734,215
272.3809916973114,679
272.39655685424805,679
272.4117226600647,16
272.4275896549225,16
272.4428553581238,219
272.4580624103546,679
272.474157333374,673
272.4901010990143,0
272.5061113834381,34
272.5214648246765,238
272.5375859737396,679
272.55349469184875,651
272.56849193573,0
272.58351135253906,55
272.5986728668213,261
272.6146686077118,679
272.63070917129517,616
272.6464750766754,0
272.66218519210815,62
272.67748188972473,269
272.69276332855225,678
272.70778346061707,582
272.72333240509033,0
272.7386386394501,82
272.75387167930603,310
272.76988697052,679
272.78453946113586,537
272.7996156215668,0
272.8142490386963,95
272.8301694393158,357
272.8462255001068,679
272.86150574684143,508
272.8774585723877,0
272.8937668800354,104
272.90876817703247,405
272.92404532432556,679
272.9396846294403,457
272.95519185066223,0
272.97053575515747,128
272.98653268814087,500
273.00173163414,679
273.01690697669983,375
273.0326364040375,0
273.0487596988678,150
273.06460642814636,584
273.0797665119171,679
273.09577107429504,378
273.11182284355164,0
273.1280655860901,152
273.14308428764343,656
273.1580653190613,679
273.1740474700928,354
273.1900463104248,0
273.2057719230652,166
273.2210433483124,678
273.23724246025085,679
273.25352454185486,317
273.2685182094574,0
273.28378558158875,184
273.29979610443115,681
273.31584215164185,680
273.3311598300934,190
273.3474736213684,2
273.3630139827728,195
273.3790307044983,680
273.394562959671,680
273.41065645217896,173
273.42648243904114,3
273.44248247146606,208
273.4590628147125,680
273.4735038280487,680
273.4894115924835,142
273.50541067123413,3
273.5213956832886,212
273.5364260673523,681
273.5516941547394,680
273.5672872066498,42
273.58314871788025,19
273.5985608100891,234
273.61457324028015,680
273.62924575805664,679
273.6445517539978,0
273.6605701446533,33
273.67555475234985,248
273.6915349960327,680
273.70759320259094,669
273.72300386428833,0
273.738431930542,51
273.75396752357483,262
273.7709755897522,681
273.7859888076782,644
273.7968418598175,0
273.8122179508209,55
273.8273956775665,270
273.84262204170227,681
273.85817527770996,616
273.8741912841797,0
273.89019298553467,81
273.9055790901184,298
273.92098784446716,681
273.93613386154175,581
273.95153188705444,0
273.96692180633545,92
273.9829833507538,342
273.9985966682434,680
274.0142607688904,521
274.03017473220825,0
274.04570031166077,110
274.06171798706055,403
274.0777106285095,680
274.0936334133148,469
274.10953426361084,0
274.1248254776001,111
274.1401262283325,454
274.1556131839752,681
274.1704077720642,420
274.18564891815186,0
274.2008366584778,145
274.21597504615784,541
274.23209953308105,680
274.2481186389923,411
274.26413679122925,1
274.2790448665619,151
274.2951147556305,619
274.3104085922241,686
274.3257157802582,382
274.34173917770386,0
274.35729789733887,159
274.37302589416504,680
274.3881995677948,680
274.40342473983765,298
274.4194881916046,0
274.4350438117981,160
274.45053243637085,680
274.46653294563293,680
274.48171067237854,269
274.4976143836975,0
274.51309990882874,168
274.5286452770233,680
274.54468297958374,681
274.56068658828735,192
274.5768041610718,0
274.5918025970459,183
274.60791540145874,680
274.6239206790924,681
274.6380271911621,117
274.6535539627075,2
274.66962909698486,192
274.68526005744934,681
274.7012526988983,681
274.71605944633484,12
274.73106837272644,15
274.7465717792511,223
274.7623598575592,680
274.7783534526825,678
274.7943708896637,0
274.81036853790283,25
274.8262605667114,230
274.84232115745544,681
274.8573968410492,662
274.872713804245,0
274.8880035877228,41
274.9032549858093,247
274.91824436187744,681
274.933251619339,631
274.94873452186584,0
274.96473145484924,56
274.9800238609314,276
274.99526858329773,680
275.01044034957886,599
275.0256600379944,0
275.04133796691895,80
275.0565218925476,299
275.0721035003662,680
275.08798813819885,542
275.10323548316956,0
275.1187744140625,82
275.13407492637634,332
275.149405002594,681
275.1645510196686,526
275.17981934547424,0
275.1949577331543,101
275.2109522819519,396
275.22695660591125,681
275.2423982620239,492
275.25793290138245,0
275.27374148368835,122
275.2898509502411,464
275.3053653240204,681
275.3209283351898,420
275.3365089893341,0
275.3521010875702,158
275.36809849739075,577
275.38286089897156,676
275.39792490005493,392
275.4136252403259,0
275.42859077453613,158
275.4439718723297,650
275.4587187767029,680
275.47399258613586,368
275.4899790287018,0
275.5060188770294,157
275.52136182785034,655
275.53640389442444,680
275.55195116996765,365
275.56796431541443,0
275.5839366912842,170
275.59931206703186,680
275.61541748046875,680
275.63069105148315,274
275.64582991600037,1
275.6608226299286,198
275.6764130592346,681
275.69168877601624,681
275.7073152065277,228
275.7219612598419,2
275.7370591163635,198
275.75233125686646,680
275.76831126213074,680
275.7844166755676,204
275.7997508049011,2
275.8149952888489,200
275.83067059516907,681
275.8464343547821,680
275.8618972301483,108
275.87794160842896,4
275.8940086364746,210
275.90944361686707,680
275.9243395328522,680
275.9403250217438,31
275.95584511756897,12
275.97129702568054,223
275.98692870140076,680
276.0017235279083,678
276.01714611053467,9
276.03244948387146,22
276.0480182170868,225
276.06399726867676,681
276.07999634742737,665
276.09607195854187,0
276.1114933490753,36
276.12744903564453,247
276.14351773262024,681
276.1591627597809,636
276.1751925945282,0
276.1902174949646,72
276.2059495449066,282
276.22126364707947,681
276.23692059516907,601
276.25200152397156,0
276.2680253982544,98
276.2832701206207,325
276.29879927635193,681
276.3143141269684,554
276.32948899269104,0
276.34552025794983,115
276.3610484600067,393
276.3771526813507,680
276.3929660320282,516
276.40875005722046,0
276.42392802238464,128
276.43945837020874,441
276.4546887874603,680
276.47065925598145,456
276.4857802391052,0
276.5017328262329,162
276.51677203178406,526
276.53267455101013,680
276.5482053756714,417
276.5632679462433,0
276.5785245895386,169
276.59355115890503,620
276.60966992378235,680
276.62492179870605,404
276.6409149169922,0
276.65643405914307,178
276.67110800743103,680
276.6865954399109,681
276.7022850513458,333
276.7183790206909,1
276.73359656333923,192
276.7489562034607,680
276.7650442123413,681
276.78095507621765,288
276.79702496528625,3
276.813019990921,207
276.82801818847656,680
276.8430802822113,681
276.858496427536,233
276.8739867210388,3
276.8898894786835,211
276.90489077568054,680
276.92021775245667,680
276.9362154006958,151
276.951548576355,7
276.96754717826843,207
276.9825656414032,680
276.9985475540161,680
277.0146007537842,0
277.0302720069885,24
277.0462818145752,230
277.0614318847656,680
277.07743549346924,678
277.09208035469055,0
277.10781383514404,26
277.1231837272644,241
277.1385338306427,681
277.1542594432831,660
277.1699159145355,0
277.18594193458557,43
277.20199942588806,249
277.2180461883545,678
277.23402523994446,632
277.2496373653412,0
277.2649345397949,52
277.2803614139557,256
277.2963514328003,678
277.3115999698639,593
277.3268504142761,0
277.3419072628021,61
277.3579316139221,287
277.373735666275,679
277.38873505592346,523
277.40360045433044,0
277.4189534187317,96
277.43413519859314,337
277.4498517513275,679
277.46524715423584,508
277.4801433086395,0
277.495041847229,110
277.5104877948761,398
277.52589750289917,679
277.54189443588257,483
277.5570921897888,0
277.57282042503357,111
277.5881931781769,434
277.6036305427551,679
277.6196279525757,441
277.6346299648285,0
277.65098452568054,129
277.6663770675659,502
277.68239665031433,679
277.69729566574097,397
277.7129533290863,0
277.7287347316742,147
277.7437560558319,568
277.75963306427,679
277.77566361427307,397
277.790869474411,0
277.8060369491577,153
277.8220090866089,641
277.8370826244354,679
277.8526451587677,375
277.86843752861023,0
277.8836462497711,161
277.89916038513184,679
277.91459798812866,679
277.9305865764618,286
277.94562125205994,0
277.9615387916565,181
277.97764921188354,679
277.99257016181946,679
278.00858521461487,274
278.0238904953003,0
278.0393342971802,192
278.0554280281067,678
278.07063913345337,676
278.0860528945923,251
278.1013402938843,1
278.1166241168976,197
278.13265013694763,679
278.14867091178894,679
278.16444993019104,129
278.17909264564514,6
278.19443106651306,220
278.20985531806946,679
278.2257261276245,680
278.24116253852844,83
278.25649309158325,11
278.27163887023926,221
278.2872054576874,679
278.3021867275238,678
278.3174569606781,37
278.3335692882538,19
278.3488073348999,225
278.36435294151306,678
278.3803973197937,667
278.3957767486572,0
278.4127748012543,39
278.4277505874634,245
278.4437689781189,679
278.4593572616577,642
278.47539710998535,0
278.4906816482544,61
278.5058665275574,259
278.5218343734741,679
278.5379202365875,615
278.5540690422058,0
278.5693316459656,67
278.5849223136902,279
278.6003186702728,679
278.61593651771545,589
278.63182187080383,0
278.6469974517822,74
278.66228699684143,291
278.678270816803,679
278.69482588768005,534
278.7099370956421,0
278.72604155540466,97
278.74146485328674,327
278.7573335170746,680
278.77235436439514,498
278.78841495513916,0
278.80384349823,115
278.8195106983185,384
278.8348858356476,680
278.850013256073,489
278.86593437194824,0
278.8820221424103,123
278.89812898635864,430
278.9137532711029,679
278.9292871952057,457
278.9453053474426,0
278.96083092689514,116
278.9768283367157,499
278.99261569976807,679
279.0086233615875,405
279.0244357585907,0
279.0406312942505,134
279.0559329986572,541
279.07187247276306,679
279.08722019195557,363
279.1024217605591,0
279.117555141449,168
279.13292598724365,632
279.14895391464233,678
279.1648705005646,369
279.1800146102905,0
279.19601106643677,161
279.2117350101471,669
279.22666597366333,679
279.2427303791046,332
279.2582471370697,0
279.2733633518219,167
279.2892758846283,679
279.30510663986206,678
279.3211944103241,261
279.33722019195557,0
279.3535907268524,187
279.3691449165344,679
279.384637594223,678
279.40063524246216,163
279.4162437915802,10
279.43153166770935,222
279.447110414505,679
279.4626898765564,678
279.4778354167938,134
279.49327778816223,13
279.5087411403656,220
279.5241949558258,679
279.5401825904846,679
279.5558533668518,67
279.57184982299805,14
279.58784914016724,222
279.602477312088,678
279.61850476264954,669
279.63346242904663,0
279.6491045951843,38
279.6642065048218,246
279.68020606040955,679
279.69520330429077,652
279.7107026576996,0
279.7262260913849,61
279.74165296554565,268
279.7571578025818,679
279.7724151611328,622
279.787220954895,0
279.8033072948456,73
279.8184325695038,276
279.8344247341156,678
279.85043573379517,585
279.86557841300964,0
279.8815698623657,68
279.8973608016968,289
279.91346406936646,678
279.92919516563416,525
279.94501185417175,0
279.9604914188385,100
279.97595262527466,337
279.99116802215576,679
280.00651025772095,494
280.0225284099579,0
280.0375437736511,107
280.0528955459595,380
280.0679132938385,679
280.083909034729,475
280.09997034072876,0
280.11605167388916,109
280.1319441795349,453
280.14795422554016,678
280.1639018058777,422
280.17991757392883,0
280.194785118103,122
280.21028900146484,534
280.2263069152832,679
280.2417833805084,366
280.25773000717163,0
280.27319407463074,143
280.28835678100586,619
280.30391025543213,679
280.319922208786,297
280.3352906703949,0
280.3513460159302,169
280.3669943809509,671
280.38304352760315,679
280.39828848838806,316
280.4139757156372,0
280.4297716617584,175
280.44577264785767,679
280.46180486679077,677
280.47770500183105,279
280.49376010894775,0
280.5093150138855,182
280.52453207969666,679
280.5405468940735,678
280.55639147758484,153
280.5716886520386,5
280.5876955986023,208
280.60377955436707,679
280.61897563934326,678
280.6348786354065,102
280.6509189605713,11
280.6662359237671,216
280.68142652511597,679
280.69666600227356,676
280.7120895385742,39
280.72755193710327,22
280.7429904937744,227
280.7590572834015,678
280.7750713825226,665
280.79021406173706,0
280.8062469959259,38
280.8214101791382,245
280.8374660015106,678
280.85312247276306,638
280.8691008090973,0
280.884813785553,63
280.89994525909424,265
280.9156165122986,678
280.9312379360199,609
280.9466404914856,0
280.962096452713,84
280.9782044887543,305
280.99404311180115,679
281.0091962814331,565
281.02441668510437,0
281.04046964645386,93
281.0559821128845,333
281.07131576538086,680
281.08646035194397,534
281.10199332237244,0
281.1177599430084,112
281.1335141658783,392
281.14956545829773,680
281.1648406982422,478
281.18015599250793,0
281.19615745544434,131
281.2117381095886,431
281.22699642181396,680
281.24266958236694,435
281.25808358192444,0
281.2738559246063,144
281.28940296173096,506
281.30466413497925,680
281.3201127052307,411
281.3355622291565,0
281.35096621513367,145
281.36648750305176,573
281.3815932273865,679
281.39721155166626,363
281.4132225513458,0
281.4292993545532,152
281.4453275203705,636
281.4611642360687,679
281.4769582748413,333
281.4925706386566,0
281.5085668563843,165
281.52449345588684,680
281.5398461818695,680
281.5561888217926,307
281.571786403656,0
281.58788681030273,175
281.60382628440857,680
281.6188633441925,677
281.6343410015106,270
281.64985942840576,0
281.6653981208801,201
281.680543422699,680
281.69557189941406,679
281.71163749694824,133
281.7276453971863,14
281.7436857223511,223
281.7594470977783,680
281.775509595871,681
281.79158067703247,91
281.80688762664795,13
281.8231592178345,219
281.8382291793823,680
281.85375905036926,679
281.86908984184265,44
281.8851373195648,22
281.9002990722656,237
281.91551327705383,680
281.9312815666199,665
281.9470479488373,0
281.9622480869293,41
281.97761583328247,244
281.9936442375183,681
282.0090160369873,631
282.024108171463,0
282.04012155532837,64
282.0559124946594,269
282.07074666023254,681
282.086585521698,597
282.1019003391266,0
282.1174466609955,71
282.13324189186096,285
282.148503780365,681
282.1635773181915,588
282.17870259284973,0
282.19479060173035,79
282.2107744216919,309
282.2267701625824,680
282.2426381111145,513
282.2583134174347,0
282.27330112457275,122
282.2887783050537,366
282.3046748638153,681
282.32000255584717,492
282.33607268333435,0
282.3512740135193,126
282.3667297363281,418
282.3827781677246,681
282.3985447883606,480
282.41432189941406,0
282.429651260376,130
282.4456570148468,500
282.46171402931213,681
282.4770851135254,440
282.4929246902466,0
282.5031359195709,140
282.5201253890991,582
282.534126996994,681
282.5493378639221,388
282.5645160675049,0
282.5805609226227,161
282.59662079811096,675
282.61208868026733,680
282.62817192077637,294
282.64410185813904,0
282.6601264476776,182
282.67621755599976,680
282.6915822029114,681
282.7075765132904,259
282.7230894565582,0
282.7391743659973,190
282.7546989917755,681
282.77056860923767,680
282.7853112220764,223
282.80138778686523,1
282.8170733451843,202
282.83318281173706,680
282.848815202713,680
282.8642451763153,155
282.87971568107605,5
282.8949177265167,207
282.91050577163696,681
282.9255061149597,681
282.9402003288269,65
282.95596051216125,12
282.971560716629,214
282.9873859882355,680
283.0025842189789,678
283.0186471939087,0
283.03470754623413,31
283.04992938041687,233
283.0659613609314,680
283.0812919139862,660
283.0973048210144,0
283.11342668533325,43
283.12907814979553,250
283.14478516578674,680
283.160551071167,635
283.176557302475,0
283.19201827049255,59
283.20751309394836,251
283.22270154953003,681
283.23817133903503,592
283.2541768550873,0
283.27024245262146,69
283.2856204509735,280
283.3016290664673,680
283.3172116279602,561
283.333295583725,0
283.348263502121,90
283.36381483078003,330
283.37923431396484,680
283.3948554992676,518
283.41062092781067,0
283.42662048339844,104
283.4423565864563,400
283.45800518989563,681
283.4740285873413,468
283.48961305618286,0
283.5051145553589,107
283.5205421447754,440
283.53578639030457,681
283.5512418746948,399
283.567302942276,0
283.5824191570282,119
283.5985321998596,501
283.6146147251129,681
283.6305603981018,382
283.64653038978577,0
283.6626558303833,130
283.6778016090393,573
283.6928446292877,681
283.7088553905487,352
283.72400975227356,0
283.7388427257538,130
283.75400376319885,633
283.7695806026459,681
283.7855784893036,293
283.8005790710449,0
283.8160548210144,173
283.8318853378296,680
283.84768867492676,680
283.86361837387085,255
283.878794670105,0
283.89456033706665,186
283.9102852344513,681
283.926052570343,680
283.9420018196106,247
283.95800256729126,0
283.9737253189087,192
283.98868703842163,681
284.00370168685913,680
284.0197069644928,154
284.03559494018555,4
284.05025839805603,200
284.06553769111633,681
284.0814633369446,680
284.0968041419983,56
284.1127426624298,15
284.1278896331787,223
284.1439640522003,681
284.159544467926,669
284.1756157875061,0
284.19098019599915,39
284.20698070526123,245
284.22232604026794,680
284.2376024723053,646
284.2530333995819,0
284.268550157547,55
284.284547328949,260
284.2999563217163,681
284.31509709358215,607
284.3303904533386,0
284.3458104133606,68
284.36103439331055,281
284.3765411376953,680
284.3925702571869,581
284.4086060523987,0
284.4237895011902,76
284.439795255661,291
284.45506834983826,680
284.4711935520172,565
284.48663854599,0
284.5019977092743,92
284.51800179481506,327
284.53346729278564,680
284.5494616031647,516
284.56557154655457,0
284.5807478427887,98
284.5967609882355,372
284.61221146583557,681
284.6281943321228,483
284.64400911331177,0
284.65963768959045,110
284.67496824264526,449
284.6902918815613,680
284.70559000968933,417
284.72165966033936,0
284.7377243041992,130
284.75333642959595,524
284.7680630683899,680
284.7832553386688,364
284.7990701198578,0
284.81445503234863,148
284.82973551750183,618
284.8458297252655,680
284.8623344898224,365
284.87731552124023,0
284.8934485912323,156
284.9086253643036,663
284.92413544654846,680
284.9401967525482,346
284.95542192459106,0
284.9710581302643,165
284.986291885376,679
285.00128746032715,678
285.0171411037445,243
285.03257966041565,1
285.0485911369324,184
285.0640995502472,679
285.07972717285156,679
285.094863653183,184
285.11061120033264,1
285.12661957740784,189
285.14261174201965,679
285.1596019268036,679
285.173761844635,158
285.1890194416046,3
285.20509028434753,191
285.2202172279358,679
285.2353546619415,678
285.2513475418091,29
285.2665536403656,14
285.2820646762848,209
285.2972152233124,679
285.3130910396576,675
285.32918643951416,0
285.3447890281677,26
285.3602795600891,233
285.3763253688812,679
285.3916451931,660
285.40743374824524,0
285.4228777885437,37
285.4388678073883,236
285.45390820503235,679
285.46945571899414,640
285.4845108985901,0
285.50053334236145,49
285.5166313648224,246
285.53187704086304,679
285.5470428466797,626
285.56256222724915,0
285.57856273651123,72
285.59361815452576,267
285.6092827320099,678
285.62528252601624,583
285.640567779541,0
285.6566016674042,76
285.67210245132446,290
285.6881294250488,679
285.7040967941284,540
285.7211036682129,0
285.73536586761475,84
285.7506139278412,340
285.76625299453735,679
285.78162145614624,508
285.797269821167,0
285.8132493495941,90
285.8287410736084,361
285.84474897384644,679
285.8598515987396,456
285.87575912475586,0
285.8915493488312,119
285.9075767993927,418
285.922575712204,679
285.93805265426636,433
285.95340275764465,0
285.96936106681824,125
285.9845962524414,491
286.0006184577942,674
286.0157506465912,412
286.0317208766937,0
286.04672360420227,134
286.06227374076843,567
286.0774269104004,679
286.0933117866516,328
286.10830903053284,0
286.12449979782104,160
286.1402897834778,672
286.15599632263184,678
286.1715829372406,302
286.18741369247437,0
286.20268154144287,174
286.21813440322876,679
286.23335909843445,679
286.24845004081726,320
286.26364183425903,0
286.27912616729736,171
286.2941448688507,679
286.3095512390137,679
286.3255639076233,284
286.34082198143005,0
286.35597801208496,178
286.37114787101746,678
286.38605260849,678
286.40213799476624,183
286.4182698726654,4
286.43404030799866,198
286.45005440711975,679
286.465457201004,679
286.4807651042938,108
286.49624609947205,7
286.51187896728516,214
286.52786588668823,679
286.5432939529419,678
286.55867767333984,69
286.5744638442993,16
286.59046626091003,225
286.6065216064453,679
286.62181305885315,677
286.6379976272583,26
286.65355014801025,23
286.66882967948914,223
286.6840522289276,679
286.699334859848,669
286.7149393558502,0
286.7302339076996,35
286.74587082862854,240
286.76115107536316,678
286.7765302658081,659
286.79264211654663,0
286.80800771713257,48
286.82314372062683,247
286.83829164505005,679
286.85355734825134,626
286.8689203262329,0
286.8849334716797,57
286.9006190299988,260
286.9166901111603,679
286.93219327926636,599
286.9482009410858,0
286.96419525146484,67
286.97996377944946,279
286.99596905708313,678
287.0119729042053,564
287.0274703502655,0
287.04269433021545,92
287.0583281517029,325
287.0738971233368,679
287.089914560318,511
287.1051149368286,0
287.1205768585205,104
287.1361150741577,362
287.1521210670471,679
287.16764855384827,492
287.1832265853882,0
287.1985640525818,114
287.2143831253052,432
287.22958970069885,679
287.24481654167175,441
287.260680437088,0
287.27622628211975,126
287.2923147678375,509
287.30760955810547,678
287.32334327697754,363
287.3394298553467,0
287.35477018356323,154
287.3702480792999,558
287.3849639892578,678
287.39972138404846,373
287.41538286209106,0
287.43127059936523,146
287.4468414783478,607
287.4618728160858,679
287.4776780605316,368
287.4928171634674,0
287.5085611343384,156
287.52400279045105,678
287.53902196884155,678
287.55536937713623,340
287.57072591781616,0
287.5865750312805,169
287.60213828086853,679
287.61764192581177,678
287.63242530822754,194
287.64778757095337,1
287.6638493537903,193
287.67936277389526,679
287.6946175098419,679
287.7097837924957,210
287.72522926330566,1
287.74045586586,195
287.75644969940186,678
287.7720251083374,683
287.7875542640686,229
287.80340790748596,1
287.81824016571045,193
287.83424043655396,679
287.8502867221832,678
287.86586141586304,145
287.8813931941986,5
287.8965449333191,202
287.91252732276917,679
287.9285454750061,680
287.943913936615,87
287.95904064178467,10
287.97456550598145,214
287.99056696891785,678
288.0059928894043,672
288.0223979949951,0
288.0376853942871,31
288.0518391132355,235
288.06739616394043,679
288.0828001499176,656
288.0980713367462,0
288.11407995224,47
288.12946701049805,253
288.14546966552734,679
288.161009311676,622
288.17653632164,0
288.19253063201904,64
288.2086019515991,279
288.2246069908142,679
288.24060797691345,583
288.25625705718994,0
288.27187609672546,76
288.28786182403564,305
288.30308628082275,678
288.31839966773987,518
288.33438897132874,0
288.3498423099518,106
288.3652551174164,358
288.38105368614197,678
288.39595580101013,494
288.41201663017273,0
288.428019285202,106
288.4435932636261,405
288.4591393470764,678
288.4746344089508,452
288.48986291885376,0
288.50515842437744,113
288.5212650299072,480
288.5371720790863,678
288.553270816803,411
288.568293094635,0
288.5840766429901,137
288.5998001098633,554
288.61527395248413,679
288.6311721801758,352
288.64718317985535,0
288.6629388332367,162
288.6786458492279,651
288.69419026374817,679
288.7103021144867,328
288.7261700630188,0
288.741840839386,171
288.757301568985,679
288.7727777957916,678
288.78876638412476,303
288.8046760559082,0
288.8207161426544,183
288.83673071861267,679
288.8528046607971,680
288.86806750297546,220
288.8838710784912,0
288.8998544216156,197
288.9158809185028,680
288.9318735599518,680
288.9475100040436,164
288.963262796402,4
288.9784166812897,205
288.9938864707947,680
289.009140253067,680
289.02507877349854,132
289.0403254032135,8
289.05566596984863,205
289.07151079177856,681
289.0867657661438,680
289.10259890556335,73
289.11820435523987,18
289.1333649158478,223
289.14851474761963,681
289.1639356613159,672
289.17979192733765,0
289.19613432884216,36
289.21114921569824,241
289.22652649879456,680
289.24212169647217,655
289.2579357624054,0
289.2732262611389,56
289.28868293762207,263
289.30473256111145,681
289.32026171684265,618
289.33626341819763,0
289.3514266014099,67
289.36747694015503,272
289.38304352760315,681
289.3985710144043,587
289.4139335155487,0
289.42945194244385,78
289.44518852233887,302
289.46115708351135,680
289.47583770751953,529
289.4918510913849,0
289.5078399181366,108
289.52323055267334,363
289.53839635849,681
289.55310821533203,489
289.56911635398865,0
289.5847408771515,119
289.6004490852356,414
289.61557841300964,681
289.6308476924896,468
289.6465618610382,0
289.6618015766144,126
289.6773223876953,478
289.693350315094,680
289.70933294296265,446
289.7246427536011,0
289.74118423461914,125
289.7568590641022,500
289.77276849746704,680
289.7877662181854,403
289.8032786846161,0
289.8188338279724,154
289.83374309539795,606
289.8497188091278,680
289.8657431602478,336
289.8813650608063,0
289.8966841697693,153
289.91304183006287,660
289.9290964603424,680
289.9447708129883,334
289.9597749710083,0
289.9750294685364,170
289.9911308288574,680
290.0072114467621,681
290.0223364830017,297
290.03777027130127,0
290.0537712574005,172
290.0694806575775,680
290.0850467681885,680
290.10081362724304,207
290.11583614349365,0
290.13119626045227,195
290.1464788913727,681
290.1619908809662,679
290.1775367259979,142
290.19321489334106,4
290.2090663909912,206
290.2245547771454,681
290.23972368240356,680
290.2549834251404,104
290.2708041667938,9
290.28633069992065,212
290.3022634983063,680
290.3180847167969,681
290.3337297439575,57
290.3497154712677,12
290.36574482917786,213
290.3817141056061,680
290.3980116844177,671
290.41339206695557,0
290.42893624305725,31
290.4438021183014,233
290.45934653282166,680
290.4749195575714,649
290.4906897544861,0
290.50669836997986,52
290.52203488349915,259
290.53769755363464,680
290.55284810066223,620
290.5683660507202,0
290.58360266685486,64
290.598947763443,270
290.6141655445099,680
290.63015627861023,571
290.6462457180023,0
290.661452293396,76
290.676771402359,305
290.6919569969177,680
290.7079019546509,531
290.723504781723,1
290.73950719833374,90
290.75459814071655,347
290.7712025642395,680
290.7865614891052,479
290.8026056289673,0
290.817941904068,121
290.83321809768677,398
290.8483853340149,680
290.86399364471436,452
290.8795397281647,0
290.89477014541626,110
290.9100995063782,441
290.92611718177795,680
290.9421236515045,439
290.95763874053955,0
290.97369146347046,127
290.9897737503052,526
291.00550532341003,681
291.02070212364197,393
291.03620409965515,0
291.05222177505493,142
291.0682623386383,594
291.083776473999,680
291.09895038604736,321
291.1144120693207,0
291.1299512386322,161
291.1452069282532,666
291.16107964515686,680
291.1771397590637,325
291.19313406944275,0
291.20914793014526,167
291.2245852947235,680
291.24003887176514,679
291.2555112838745,288
291.2721481323242,0
291.28818011283875,187
291.3039319515228,680
291.31999826431274,680
291.3353178501129,211
291.35138177871704,2
291.3674085140228,201
291.3826756477356,681
291.39828276634216,680
291.41345715522766,150
291.4290819168091,7
291.4446270465851,210
291.4601888656616,680
291.4761872291565,680
291.4876401424408,101
291.502813577652,13
291.51883268356323,220
291.5338137149811,680
291.54898262023926,677
291.5636475086212,0
291.5795729160309,27
291.59470319747925,231
291.6107096672058,680
291.62670135498047,668
291.6418912410736,0
291.6576523780823,41
291.673615694046,242
291.68926668167114,681
291.7052536010742,628
291.72143292427063,0
291.7368383407593,58
291.75237941741943,265
291.768394947052,680
291.785929441452,600
291.79996490478516,0
291.815945148468,65
291.8319342136383,270
291.84711813926697,681
291.86214089393616,554
291.878231048584,0
291.8942320346832,91
291.9102325439453,320
291.92605996131897,680
291.9418354034424,509
291.9568338394165,0
291.97185134887695,99
291.9873888492584,370
292.00263810157776,681
292.0187475681305,487
292.03474497795105,0
292.05074405670166,114
292.0667533874512,433
292.0822856426239,681
292.0982849597931,454
292.1142864227295,0
292.12958335876465,124
292.1452021598816,493
292.1611981391907,681
292.1767315864563,390
292.19273018836975,0
292.20772981643677,147
292.2237298488617,604
292.23972845077515,680
292.2547299861908,336
292.2707507610321,0
292.2862706184387,157
292.3015501499176,656
292.31755232810974,680
292.3335506916046,342
292.34955620765686,0
292.36555576324463,172
292.38155341148376,680
292.397554397583,681
292.4135551452637,304
292.42955446243286,0
292.4445526599884,181
292.4594933986664,680
292.47478580474854,680
292.4906892776489,158
292.5066726207733,4
292.52207803726196,199
292.53807282447815,681
292.55406665802,680
292.56962871551514,111
292.5846858024597,10
292.59986329078674,212
292.61505365371704,680
292.63110971450806,680
292.6467430591583,128
292.66294407844543,7
292.67846727371216,208
292.6934645175934,680
292.70949506759644,678
292.7248809337616,54
292.7402093410492,21
292.75547432899475,223
292.77150440216064,678
292.7869794368744,658
292.8021683692932,0
292.8181667327881,41
292.8332624435425,235
292.8483633995056,679
292.8637788295746,638
292.8794136047363,0
292.8950185775757,62
292.91112661361694,253
292.9271354675293,679
292.9432234764099,601
292.9585700035095,0
292.97412371635437,62
292.98949909210205,272
293.005407333374,679
293.020610332489,556
293.03581285476685,0
293.05114221572876,72
293.0669710636139,301
293.0828220844269,679
293.09801626205444,513
293.11383295059204,0
293.129930973053,80
293.1459300518036,340
293.1616096496582,679
293.17680168151855,456
293.192880153656,2
293.2084083557129,113
293.2238926887512,423
293.2391710281372,679
293.2544369697571,424
293.2714629173279,0
293.28622674942017,126
293.3022258281708,513
293.31822633743286,678
293.33375215530396,409
293.3494300842285,0
293.3645853996277,129
293.3805627822876,560
293.39656376838684,679
293.41196513175964,319
293.42795062065125,0
293.4436266422272,155
293.45916080474854,651
293.47572565078735,679
293.4902627468109,316
293.5063714981079,0
293.5215814113617,166
293.5370178222656,678
293.55255484580994,679
293.567804813385,324
293.5836853981018,0
293.59968852996826,177
293.61489152908325,679
293.62988901138306,679
293.6451208591461,297
293.661110162735,0
293.67653036117554,182
293.6920120716095,678
293.7074761390686,679
293.7224781513214,181
293.7385697364807,2
293.7537612915039,198
293.7691934108734,678
293.7848162651062,678
293.8005585670471,122
293.81668424606323,9
293.83280301094055,209
293.84851932525635,679
293.86751317977905,678
293.8803656101227,71
293.89636993408203,11
293.9118685722351,218
293.9279501438141,679
293.94313979148865,675
293.95846128463745,11
293.97346448898315,26
293.9889078140259,230
294.004385471344,679
294.02038168907166,660
294.03595757484436,0
294.0514006614685,49
294.06627321243286,245
294.0814332962036,679
294.09744358062744,628
294.1129446029663,0
294.12808775901794,62
294.14408469200134,268
294.1590871810913,679
294.17448258399963,594
294.19018268585205,0
294.2054579257965,70
294.22155833244324,289
294.23721408843994,679
294.2532570362091,550
294.2693405151367,1
294.2847971916199,84
294.3000431060791,325
294.3152723312378,679
294.3306987285614,502
294.34678292274475,0
294.36226439476013,105
294.3776800632477,383
294.39301013946533,678
294.4089994430542,450
294.42400455474854,0
294.4394555091858,123
294.4544665813446,447
294.46962809562683,678
294.48541045188904,428
294.50056862831116,0
294.5163722038269,130
294.5319061279297,526
294.547043800354,679
294.56304240226746,403
294.57865691185,0
294.5947742462158,136
294.61009407043457,565
294.6252472400665,679
294.64040875434875,326
294.656405210495,0
294.6722149848938,160
294.6881365776062,649
294.7041416168213,679
294.71989583969116,331
294.7359037399292,0
294.75129437446594,168
294.76729917526245,678
294.78280115127563,679
294.7988245487213,305
294.81489157676697,0
294.8308913707733,178
294.8468532562256,678
294.86292147636414,679
294.87780356407166,246
294.89339303970337,0
294.90926480293274,192
294.92529225349426,678
294.94135642051697,679
294.9574692249298,142
294.97347378730774,5
294.98952198028564,203
295.0050013065338,679
295.021283864975,678
295.0364043712616,100
295.0514657497406,11
295.06689500808716,210
295.08208680152893,678
295.09815096855164,679
295.11415338516235,40
295.13013672828674,20
295.14699149131775,219
295.16197872161865,679
295.178067445755,672
295.1932547092438,0
295.2087736129761,30
295.2238988876343,221
295.2393412590027,678
295.2553460597992,645
295.27118039131165,0
295.2862162590027,55
295.3019540309906,252
295.317724943161,679
295.33349895477295,622
295.34853959083557,0
295.3646364212036,59
295.3804225921631,259
295.39568567276,679
295.4107313156128,584
295.42611742019653,0
295.4417316913605,72
295.45791363716125,291
295.47335028648376,679
295.48920798301697,526
295.50460052490234,0
295.51974058151245,87
295.53533267974854,347
295.55062460899353,678
295.5661585330963,473
295.5817265510559,0
295.5977728366852,115
295.6138756275177,414
295.62950825691223,678
295.64519739151,437
295.66018056869507,0
295.67491030693054,123
295.6901021003723,499
295.70588541030884,679
295.7208185195923,415
295.73621892929077,0
295.75123620033264,137
295.76658844947815,572
295.78263115882874,679
295.79870653152466,379
295.8140070438385,0
295.82943773269653,136
295.845853805542,636
295.861478805542,679
295.87666273117065,265
295.89249300956726,0
295.90749859809875,172
295.922899723053,679
295.93892455101013,678
295.95466327667236,249
295.9702293872833,0
295.98545384407043,187
296.000714302063,679
296.01620507240295,679
296.03151059150696,258
296.047536611557,1
296.0635595321655,192
296.0787525177002,679
296.09437441825867,679
296.110369682312,196
296.12564063072205,2
296.1416313648224,202
296.15676617622375,679
296.172322511673,681
296.18764567375183,100
296.2036483287811,10
296.21964955329895,212
296.23516511917114,679
296.2503890991211,677
296.2664563655853,0
296.28203535079956,32
296.2970333099365,235
296.31314158439636,679
296.32865381240845,669
296.3446137905121,0
296.36000180244446,35
296.376070022583,238
296.3914363384247,679
296.407461643219,644
296.42344856262207,0
296.4394180774689,54
296.4546957015991,271
296.47034525871277,678
296.4863772392273,601
296.5020341873169,0
296.5168402194977,76
296.53253865242004,289
296.5485737323761,679
296.5643980503082,555
296.58046412467957,0
296.5957601070404,94
296.61083793640137,336
296.62682723999023,678
296.6423764228821,482
296.6580579280853,0
296.67327332496643,118
296.6887774467468,409
296.70477628707886,681
296.7205834388733,473
296.736567735672,0
296.75187063217163,123
296.76712131500244,463
296.78214859962463,680
296.7975392341614,462
296.81352043151855,0
296.8286864757538,132
296.843857049942,526
296.859849691391,681
296.87562799453735,390
296.8911921977997,0
296.9063823223114,154
296.9215257167816,597
296.9375638961792,681
296.9538404941559,352
296.96937131881714,0
296.9845860004425,171
297.00058007240295,674
297.0159959793091,680
297.0312466621399,337
297.0474314689636,0
297.0632269382477,177
297.0786292552948,680
297.09376311302185,680
297.1090168952942,260
297.1242036819458,1
297.1393427848816,192
297.1539821624756,680
297.16946387290955,680
297.18501901626587,150
297.2006335258484,8
297.2156844139099,211
297.23172783851624,680
297.2480306625366,680
297.26393246650696,113
297.27994179725647,14
297.29501128196716,226
297.3105618953705,680
297.3260793685913,680
297.34109592437744,56
297.3570964336395,18
297.3721606731415,222
297.3879859447479,681
297.4034171104431,674
297.4188301563263,0
297.4348020553589,38
297.449848651886,244
297.4657185077667,680
297.4813950061798,653
297.4965810775757,0
297.5126242637634,55
297.5277864933014,258
297.54386830329895,680
297.55907917022705,617
297.5748133659363,0
297.59019112586975,66
297.605215549469,276
297.620756149292,680
297.6364960670471,581
297.6523394584656,0
297.66725158691406,82
297.6830129623413,309
297.6978313922882,681
297.7136516571045,475
297.72960329055786,0
297.7448649406433,114
297.76058888435364,376
297.77584290504456,681
297.79118967056274,457
297.8063597679138,0
297.82149934768677,121
297.8375360965729,432
297.85353088378906,680
297.86954283714294,443
297.8843688964844,0
297.9003703594208,121
297.9150276184082,517
297.9300272464752,680
297.9457595348358,418
297.9612102508545,0
297.976966381073,137
297.99307775497437,614
298.0090787410736,680
298.0250573158264,370
298.04027009010315,0
298.05595421791077,160
298.0715637207031,680
298.0870170593262,680
298.10308480262756,269
298.11912751197815,0
298.1341760158539,182
298.14936900138855,681
298.16543459892273,680
298.18147373199463,282
298.1970314979553,0
298.21324849128723,191
298.2275652885437,680
298.2434051036835,680
298.25940442085266,224
298.27540826797485,1
298.2911808490753,191
298.3063282966614,680
298.32230520248413,680
298.337450504303,129
298.35270857810974,9
298.3686866760254,209
298.3843357563019,681
298.4003541469574,680
298.4157450199127,52
298.43127632141113,18
298.4473030567169,225
298.4628436565399,681
298.4780662059784,678
298.49361395835876,8
298.5088138580322,27
298.5245141983032,227
298.5396525859833,681
298.55489468574524,666
298.57053327560425,0
298.5866491794586,43
298.6023654937744,249
298.6176788806915,681
298.63313913345337,648
298.6489655971527,0
298.6639914512634,66
298.67999601364136,273
298.6959505081177,680
298.7113037109375,614
298.7264721393585,0
298.7416408061981,68
298.75711727142334,283
298.77212500572205,680
298.7876434326172,585
298.8037049770355,0
298.81969118118286,79
298.83572340011597,311
298.85176968574524,681
298.8677623271942,544
298.8830153942108,0
298.89859437942505,95
298.9144949913025,354
298.93030858039856,681
298.94632148742676,488
298.96169567108154,0
298.97771310806274,120
298.99312257766724,403
299.00911831855774,680
299.024516582489,465
299.04054737091064,0
299.0565526485443,119
299.0724365711212,460
299.08791971206665,681
299.103892326355,437
299.11997628211975,0
299.13573932647705,124
299.1517834663391,549
299.167444229126,680
299.18291878700256,370
299.19849824905396,0
299.2143931388855,151
299.2299313545227,633
299.2451729774475,680
299.26219725608826,329
299.2768540382385,0
299.29209661483765,169
299.3080937862396,680
299.3235378265381,680
299.3395230770111,325
299.3555245399475,0
299.37143182754517,179
299.38698291778564,679
299.40297985076904,680
299.41906118392944,288
299.4344115257263,0
299.44958877563477,191
299.4657075405121,680
299.48111057281494,680
299.49627780914307,202
299.5112679004669,1
299.5266737937927,197
299.5416896343231,680
299.55767369270325,680
299.57255244255066,90
299.58810901641846,18
299.60361194610596,222
299.618999004364,680
299.6349642276764,680
299.6500287055969,33
299.66602540016174,20
299.6819179058075,218
299.6972405910492,680
299.712961435318,672
299.7289571762085,0
299.7437856197357,38
299.75934767723083,238
299.77534008026123,680
299.7904517650604,659
299.8064823150635,0
299.8219678401947,51
299.8375563621521,262
299.8523292541504,680
299.8683421611786,626
299.8840546607971,0
299.8998820781708,71
299.9158844947815,281
299.9318835735321,680
299.9462294578552,589
299.962219953537,0
299.9773507118225,81
299.9925434589386,313
300.0085439682007,680
300.0245542526245,545
300.0393385887146,0
300.0544445514679,97
300.0704605579376,359
300.0851888656616,681
300.1004145145416,516
300.115581035614,0
300.13095593452454,110
300.1469683647156,398
300.16253328323364,680
300.17853713035583,460
300.1936674118042,0
300.20934414863586,133
300.22434973716736,477
300.2398386001587,680
300.25586462020874,436
300.2712438106537,0
300.28703594207764,136
300.3018333911896,550
300.3168377876282,680
300.331964969635,400
300.3471791744232,0
300.36272263526917,154
300.37874388694763,658
300.39432311058044,680
300.4101254940033,317
300.42537784576416,0
300.44135904312134,170
300.4573757648468,680
300.47309255599976,680
300.4886779785156,258
300.50469303131104,1
300.52067732810974,198
300.5366985797882,680
300.5526912212372,679
300.56869173049927,273
300.5836842060089,1
300.5992498397827,188
300.6152744293213,678
300.631365776062,679
300.64691257476807,216
300.6619129180908,4
300.67704010009766,199
300.6925609111786,679
300.7075629234314,679
300.7235794067383,114
300.7395763397217,14
300.75457668304443,213
300.7705764770508,679
300.7865982055664,679
300.8025269508362,23
300.8185133934021,24
300.83353090286255,227
300.8493106365204,679
300.86515402793884,673
300.88049387931824,4
300.89588832855225,47
300.9113097190857,253
300.92630219459534,679
300.94169640541077,651
300.95748805999756,0
300.97250413894653,64
300.98805379867554,270
301.0037965774536,679
301.0197789669037,617
301.0354914665222,0
301.0515456199646,82
301.066778421402,289
301.08276200294495,679
301.098265171051,598
301.11364817619324,0
301.1296365261078,101
301.14573550224304,323
301.1617727279663,679
301.17736077308655,549
301.1929278373718,0
301.20833563804626,103
301.2243583202362,352
301.23973059654236,679
301.25512504577637,522
301.27054715156555,0
301.2865698337555,112
301.30203914642334,410
301.31804513931274,678
301.33348059654236,462
301.34825706481934,0
301.3636305332184,127
301.3796491622925,462
301.3952691555023,679
301.41030383110046,393
301.42632031440735,0
301.44160175323486,150
301.4570848941803,546
301.4723768234253,679
301.4870536327362,384
301.50300669670105,0
301.51901483535767,150
301.53501987457275,582
301.5508363246918,679
301.56741309165955,378
301.581134557724,0
301.5970621109009,157
301.61219096183777,670
301.62728333473206,679
301.6432831287384,312
301.65842843055725,1
301.6739046573639,175
301.6899333000183,679
301.7056362628937,679
301.72263860702515,242
301.7366509437561,2
301.75269770622253,196
301.7686994075775,679
301.78470826148987,678
301.8002836704254,246
301.81626868247986,2
301.8314561843872,196
301.8474724292755,677
301.8632640838623,680
301.8782207965851,210
301.89388251304626,8
301.9098958969116,208
301.92505288124084,678
301.940306186676,679
301.95548486709595,153
301.97152829170227,13
301.9869167804718,220
302.0022418498993,678
302.01785230636597,678
302.0333240032196,25
302.0489239692688,30
302.06391978263855,239
302.0789284706116,679
