Time(s),Filtered_Voltage
0.0059728622436523,-0.03177949325535405
0.0208590030670166,-0.11269919886935373
0.0363855361938476,-0.15394513620824526
0.0523693561553955,-0.14722641361467187
0.0683867931365966,-0.11867124504432791
0.0843915939331054,-0.10109266950610078
0.1003973484039306,-0.1047091125034083
0.115908145904541,-0.11511213755718126
0.1319208145141601,-0.1162460022115961
0.1472933292388916,-0.10913234735653543
0.163309097290039,-0.1058636565700243
0.1793065071105957,-0.11078404521109532
0.1953074932098388,-0.11508967996177216
0.2113158702850341,-0.11044844626460323
0.2268319129943847,-0.10117139654943727
0.2428185939788818,-0.09797638431779257
0.2580885887145996,-0.10283838384425321
0.2740890979766845,-0.10643961159084908
0.2900910377502441,-0.10144248869406042
0.3061237335205078,-0.09269422855110838
0.3216779232025146,-0.09026961681813454
0.3376686573028564,-0.09544978224565169
0.3538544178009033,-0.09921536903094824
0.3697094917297363,-0.09491745772841724
0.385714054107666,-0.08718517551793009
0.4017372131347656,-0.08502211769590583
0.4176926612854004,-0.08931660010810662
0.4336917400360107,-0.09218158014813646
0.4490134716033935,-0.08835396814563946
0.4638962745666504,-0.08223639131063408
0.4798862934112549,-0.08108528755819411
0.495873212814331,-0.08460369955396993
0.5119075775146484,-0.08572398802170328
0.5274431705474854,-0.08101520054455186
0.5434379577636719,-0.07564144365188252
0.5594468116760254,-0.07595025777561085
0.5741696357727051,-0.0804198483075461
0.5892963409423828,-0.08178362660982413
0.6053223609924316,-0.07716980517126684
0.6211962699890137,-0.07192123259967989
0.6366472244262695,-0.07190189948517915
0.6520423889160156,-0.07528025441226727
0.6681509017944336,-0.07526226159346898
0.6841700077056885,-0.06970048439697367
0.700153112411499,-0.06400127676276479
0.7156832218170166,-0.06347387745284826
0.7321093082427979,-0.06615198722849726
0.747122049331665,-0.06609628934392353
0.7625634670257568,-0.06208254136888482
0.7785630226135254,-0.0591325572432192
0.7935779094696045,-0.06094069706982075
0.8095855712890625,-0.06438349806358959
0.8252475261688232,-0.06409070526562738
0.8408243656158447,-0.060316132078647826
0.8559401035308838,-0.05851982906406858
0.8718295097351074,-0.06118122033433517
0.8878974914550781,-0.0638330662614106
0.903998851776123,-0.061374386211456536
0.9195895195007324,-0.055764640074407595
0.9354612827301024,-0.05381761297658538
0.9510455131530762,-0.05773648859435957
0.967045783996582,-0.06158100371243938
0.9830477237701416,-0.058871172851993045
0.9990320205688475,-0.05106391243006646
1.0150806903839111,-0.04541801910120795
1.0303704738616943,-0.045457674607345705
1.045384168624878,-0.04720994817498922
1.0613808631896973,-0.04587336082231566
1.0767652988433838,-0.04293603704646618
1.092759132385254,-0.043622799371908216
1.1077628135681152,-0.04865054069171247
1.1232786178588867,-0.05237013183030231
1.1392772197723389,-0.050133059184211515
1.1542749404907229,-0.04451557092491129
1.1697463989257812,-0.04164547554787974
1.1847240924835205,-0.042871924540161165
1.2007405757904053,-0.043501781541664536
1.2163355350494385,-0.04020230791234511
1.2323400974273682,-0.036361046294987084
1.2483456134796145,-0.03762343326931941
1.2643606662750244,-0.04382505859450021
1.2803425788879397,-0.04875101112059355
1.296342849731445,-0.04815836531567497
1.3123528957366943,-0.04490284656959169
1.3280539512634275,-0.04422953947473633
1.344048261642456,-0.046195046156941075
1.3594143390655518,-0.04601288406133641
1.3754262924194336,-0.04156842987728869
1.3914122581481934,-0.03702741638319927
1.4074151515960691,-0.037104134114829705
1.422562837600708,-0.04009403829267285
1.4385511875152588,-0.039814677178901026
1.4545533657073977,-0.03403520146795973
1.470563888549805,-0.027642457016124566
1.4865684509277344,-0.02608134699518838
1.5025978088378906,-0.028236622507339566
1.5187058448791504,-0.02856433907411799
1.5347068309783936,-0.025134528137542335
1.5507051944732666,-0.022078129455180333
1.5667057037353516,-0.023170191423549823
1.58270525932312,-0.025992579965394114
1.598705768585205,-0.025218184827523346
1.6147310733795166,-0.020396531056890328
1.6302878856658936,-0.017024299778040177
1.646270513534546,-0.019127480778810685
1.6615025997161863,-0.02366469049731624
1.677588701248169,-0.024621661918442672
1.6936440467834473,-0.02113848909299192
1.709749460220337,-0.018446873036692204
1.725350856781006,-0.02048721841849928
1.7412195205688477,-0.024572527231645647
1.7572190761566162,-0.025366535069226828
1.7732136249542236,-0.022300866500592806
1.7882297039031982,-0.019919819947768952
1.8042571544647217,-0.020889310154738175
1.8194608688354488,-0.02189321923373289
1.835395336151123,-0.01848236207647972
1.8514301776885984,-0.01202018444942216
1.8674261569976809,-0.008577945512762402
1.8831186294555664,-0.010851553071978536
1.8984498977661133,-0.014221313939923557
1.9144537448883057,-0.012661062726815303
1.929971694946289,-0.0066216522944890005
1.9459702968597408,-0.0021876008976595028
1.9620153903961184,-0.002790713521374664
1.978015661239624,-0.004949814049856746
1.9940097332000728,-0.00373815125219399
2.010059118270874,-4.765393018762911e-05
2.025530338287353,0.0006873698609235687
2.041581630706787,-0.0035224560460073075
2.057578563690185,-0.007947016906649187
2.0735864639282227,-0.007398110605510532
2.089578866958618,-0.0032927536724809687
2.1051478385925293,-0.001561008557549226
2.1207692623138428,-0.004393750199290843
2.1367688179016118,-0.007496166874620806
2.152796745300293,-0.006537971221272248
2.168769598007202,-0.003379298575315243
2.1847736835479736,-0.0031759207865582357
2.1997768878936768,-0.0067040402498699855
2.215186834335327,-0.0091053311155316
2.230755567550659,-0.006928928422706416
2.246793031692505,-0.0032785412233153344
2.26275372505188,-0.0034455134789203546
2.278756618499756,-0.0070643518043548405
2.294769763946533,-0.008084429537460141
2.310812473297119,-0.0029962967682779246
2.326021432876587,0.004027967945740779
2.341550827026367,0.006393496574707467
2.357621908187866,0.003660804294588132
2.373573541641236,0.001697034247669349
2.3895797729492188,0.004330625945932225
2.4048101902008057,0.008199036086921418
2.420567035675049,0.00785725820837941
2.435563325881958,0.0037293956051640655
2.4507741928100586,0.0015502285024800843
2.466779947280884,0.0040974712157732735
2.4827375411987305,0.007036473569515308
2.4987363815307617,0.00495216431785642
2.513751745223999,-0.0008222519746218914
2.529549598693848,-0.0037336135063878893
2.544552087783813,-0.0010112601314033994
2.560549259185791,0.00237571127780716
2.5765533447265625,0.0004982770361724839
2.591930866241455,-0.005243774188037918
2.607938289642334,-0.007762960956316147
2.6238226890563965,-0.003649078289562015
2.639301300048828,0.00252265887511834
2.6553380489349365,0.004629814842167449
2.6712806224823,0.003069678882525133
2.6864044666290283,0.0033674226514887077
2.7019431591033936,0.00768202124858918
2.71716833114624,0.011453118783609505
2.732740640640259,0.009936004349997517
2.748779058456421,0.0052459340444111595
2.7634847164154053,0.003800479057741898
2.7795212268829346,0.00768239968706973
2.7952418327331543,0.012040199439217025
2.8112542629241943,0.012058314557676694
2.8263068199157715,0.009552147272602483
2.84136176109314,0.009943647478290771
2.856787204742432,0.014084005341683673
2.8728902339935303,0.01662040853797918
2.888413190841675,0.013291767379359165
2.904419183731079,0.006956194093223164
2.919935464859009,0.003938117797892587
2.93593430519104,0.005801986541726342
2.95093321800232,0.007885141351569307
2.9669339656829834,0.006273356391133633
2.98294448852539,0.0031684287002248608
2.998394727706909,0.003238445959661429
3.0137252807617188,0.006521130348718067
3.029336929321289,0.00825458135492652
3.045332908630371,0.005969635962389094
3.0613696575164795,0.0036230729795290358
3.077336311340332,0.006487165033811984
3.093333005905152,0.01360566770315998
3.108870267868042,0.018461504981046803
3.124583005905152,0.01732444929522083
3.140023708343506,0.013939848297721828
3.155989170074463,0.014095945293393081
3.171984434127808,0.01765986015702259
3.1879823207855225,0.019188336450783626
3.203965663909912,0.016106790955209907
3.219484329223633,0.012742921299299199
3.2354936599731445,0.014355109871375992
3.251164674758911,0.01950487919768673
3.2671303749084477,0.021647024005705166
3.283163785934448,0.01800010913693041
3.2991271018981934,0.01347184953428141
3.314739942550659,0.014088219651207948
3.33030366897583,0.018867286166332153
3.3463006019592285,0.021270036461356362
3.362358570098877,0.01815857336595346
3.3783392906188965,0.013873664649823186
3.393903970718384,0.013922467147272454
3.409867763519287,0.017272797475665652
3.425588369369507,0.018100164414288883
3.441587209701538,0.014410697111862575
3.4575865268707275,0.011184500178643695
3.473296880722046,0.013450071100843924
3.490194797515869,0.0190740136734632
3.5044989585876465,0.021560376105885497
3.519774436950684,0.018969043077167756
3.53511118888855,0.016357436823671398
3.551066637039185,0.018386499071292348
3.566471099853516,0.02273451230228225
3.5824573040008545,0.02368775912617678
3.5985569953918457,0.020594644470848758
3.61383843421936,0.01888522264994935
3.630153179168701,0.02210412082300926
3.6461668014526367,0.0264447499845504
3.662174940109253,0.02585064367045877
3.678164005279541,0.020649185321659394
3.6931755542755127,0.017420950426978714
3.709293365478516,0.02003128427742911
3.725123882293701,0.02426540989427481
3.7414276599884033,0.023568551909483957
3.756744146347046,0.01786751877460263
3.772758483886719,0.013215837783395825
3.7887580394744873,0.013064883138073038
3.8047573566436768,0.013772598718617308
3.8205840587615967,0.010674141028662947
3.835605382919312,0.0056871595375451375
3.852008104324341,0.005126503778853835
3.86767315864563,0.010576083031389781
3.882804393768311,0.01594973635101349
3.8977978229522714,0.015349059842275345
3.913830041885376,0.010965530106798703
3.929399967193604,0.00992842406991385
3.944624900817871,0.01436638901301624
3.959871530532837,0.01848306506942511
3.9758925437927246,0.01672468708632941
3.9917707443237305,0.011678397492924375
4.00779390335083,0.010695048172757586
4.023297309875488,0.015867045060206433
4.039294242858887,0.021132304386953384
4.055294990539551,0.020349467258020962
4.071366548538208,0.015172273053629741
4.087368726730347,0.012167051508344358
4.102740287780762,0.013641597574344196
4.1178858280181885,0.015047066019412652
4.133409023284912,0.012198346459182012
4.14841103553772,0.007729949141749513
4.164512395858765,0.0075210776646964786
4.179937124252319,0.012196084464722744
4.195931911468506,0.015853669538720635
4.212080478668213,0.01401090136050947
4.226603746414185,0.009739802252015577
4.242599010467529,0.00942055955028157
4.257606029510498,0.014013850715574906
4.273282289505005,0.01795716054339587
4.288280963897705,0.017083239211325884
4.30428409576416,0.014396124380573744
4.3202879428863525,0.015644098767481948
4.335648059844971,0.020980053406569783
4.351649522781372,0.024507619633494168
4.366896867752075,0.02247896697278135
4.382903337478638,0.018708682841970595
4.398904800415039,0.019465741710819974
4.414912700653076,0.02473218440317575
4.429637432098389,0.027954784838954656
4.44459080696106,0.02480840763417246
4.460588216781616,0.01900513517791813
4.476547002792358,0.017192375114136065
4.492589712142944,0.020033458044989554
4.508645296096802,0.021752399021994592
4.524656057357788,0.018553930572117464
4.5402233600616455,0.013997614220233425
4.556221961975098,0.013802182766078032
4.571578979492188,0.017478432659953837
4.586411714553833,0.018706819782713553
4.602173566818237,0.01412285062658037
4.617597818374634,0.008264836956359536
4.632982730865479,0.007602079030216344
4.648942708969116,0.011734309303662758
4.663982152938843,0.013910299852886606
4.679977178573608,0.01023840557920145
4.695393562316895,0.005009564338146925
4.710732698440552,0.004934204260330085
4.726637601852417,0.010314206584751809
4.741635084152222,0.015142718721638054
4.757633209228516,0.015523655022325934
4.77283239364624,0.014404923392126096
4.788344621658325,0.016301343199346802
4.803393602371216,0.020109281342921538
4.819401025772095,0.020634543981246343
4.835043907165527,0.016579831561032623
4.850191354751587,0.013127073094244022
4.864910840988159,0.014924951184507408
4.880950212478638,0.019330968145257813
4.896906852722168,0.019787128901009473
4.912993431091309,0.014839300547532186
4.928812742233276,0.01007582217769732
4.944006443023682,0.010213279539060687
4.959045886993408,0.012600043697193627
4.974004030227661,0.01132888226285269
4.989198446273804,0.0058773073631957955
5.004375219345093,0.0017548861180605216
5.019643306732178,0.0023463586049314294
5.035287618637085,0.003983748780189484
5.050571918487549,0.0015466715402504077
5.066546201705933,-0.0035680007998267083
5.082050085067749,-0.004936992656730779
5.097983360290527,-0.00028430784410929475
5.11299467086792,0.0047648133681720585
5.127623558044434,0.004061970703728104
5.143622398376465,-0.0006275700404258918
5.159571409225464,-0.0019783410838512547
5.175620079040527,0.002854208626983279
5.191575765609741,0.008365490091727608
5.207236051559448,0.008301107994256485
5.222555160522461,0.004082364980103407
5.238075494766235,0.0023981994383274045
5.254104375839233,0.005575281592686271
5.270054340362549,0.008380436335722496
5.285425424575806,0.005662088769734513
5.300843238830566,-0.00011948071258413139
5.317837476730347,-0.002222478976833038
5.33283543586731,0.0008481490300004842
5.34807562828064,0.0031398775575786856
5.363252401351929,-0.00031279555201789433
5.379215478897095,-0.006150278885690089
5.394734621047974,-0.0069290967926287075
5.410727024078369,-0.0014079382093350654
5.426411390304565,0.0032476437740894992
5.442584037780762,0.000616254685728328
5.457745552062988,-0.006650234483495988
5.4729650020599365,-0.01036455942325576
5.488253116607666,-0.00717142000254361
5.503794193267822,-0.0018130296118721067
5.519791841506958,0.00039961568294256695
5.535157918930054,0.0008127521193958083
5.551670789718628,0.004377418698787748
5.56766939163208,0.011276201470090062
5.582813739776611,0.015663324843603964
5.599801778793335,0.013625028158358338
5.615475416183472,0.00911552890071668
5.631110668182373,0.009130647763200654
5.6471710205078125,0.014388653699539265
5.663025856018066,0.018344331407735455
5.68138599395752,0.016085796922094213
5.6965391635894775,0.0109872438863481
5.712895631790161,0.009964470796635929
5.728138446807861,0.01391115454033629
5.744150161743164,0.016560740872101815
5.7601518630981445,0.013256538523500231
5.776152610778809,0.007335637338162336
5.792152643203735,0.005316449818701754
5.808149814605713,0.00782091407907908
5.824483633041382,0.008955382114297604
5.840010404586792,0.004784752938210229
5.855345249176025,-0.0011505439595733175
5.870546102523804,-0.002863683624045731
5.886543035507202,-0.00013883018195169194
5.90254282951355,0.001656993346029878
5.918550729751587,-0.000395354612690536
5.934067487716675,-0.0025555009556014066
5.950066089630127,-6.713101755011566e-05
5.965065002441406,0.005538884804477116
5.981068134307861,0.00819418470153528
5.996103525161743,0.005891904777136574
6.01212215423584,0.003865337310540629
6.02815580368042,0.007411773233693662
6.044196844100952,0.014156704804334886
6.060197591781616,0.016783618994670374
6.076202869415283,0.012808797905259203
6.092155933380127,0.007975338225323116
6.108156681060791,0.008521418164539761
6.123428106307983,0.012984919647902705
6.139031171798706,0.014747480928336292
6.154393672943115,0.011430651696384922
6.170357942581177,0.007804520997278758
6.186397314071655,0.008361193151807954
6.201392889022827,0.010540712186127232
6.21744441986084,0.008531709771019195
6.232070446014404,0.0021532091110702694
6.248056411743164,-0.0022096434288027
6.264018058776856,-0.00031090260225783393
6.2791712284088135,0.0039091573958673145
6.295015335083008,0.0036788958629132254
6.310070514678955,-0.0013003894403388347
6.325582265853882,-0.004736721826344757
6.341644048690796,-0.002897132252759141
6.357632637023926,8.194079302726448e-05
6.372944355010986,-0.0016797049962076534
6.388985395431519,-0.007000702454993385
6.403982639312744,-0.00882602718028519
6.419991731643677,-0.003953544941408205
6.435607433319092,0.002319876111732283
6.45113730430603,0.00322824769203709
6.4670798778533936,-0.0004911569295458218
6.482259511947632,-0.0021052949143722695
6.498063802719116,0.0014076264739189244
6.513154983520508,0.005153946979680501
6.528831958770752,0.0034437559773991397
6.544823408126831,-0.001979951016475496
6.560830354690552,-0.004371278055365914
6.576821565628052,-0.001686119955205389
6.5922019481658936,0.0002746462020228181
6.608139753341675,-0.003989754627165344
6.62423300743103,-0.011505107827448404
6.6402268409729,-0.014259060305890092
6.655447244644165,-0.00988316089284329
6.67147159576416,-0.004990431012373696
6.687456369400024,-0.006437002646091119
6.703449249267578,-0.01225359983479593
6.719498634338379,-0.014457755355137686
6.735126256942749,-0.009756650441059476
6.751075506210327,-0.003558112972598258
6.767078638076782,-0.0022005323504464876
6.78307318687439,-0.004557253502104539
6.798134326934815,-0.004593506462585284
6.8141279220581055,-0.0007331054155826893
6.829751491546631,0.0016402891061174595
6.845751523971558,-0.0018120711382777818
6.860758304595947,-0.00742898113867504
6.876715421676636,-0.007908685931283407
6.892159700393677,-0.0022083187705507165
6.908164978027344,0.0028523667059364415
6.924270153045654,0.0016609126725716755
6.939819812774658,-0.0029672416680472575
6.956110000610352,-0.004270668244169211
6.971112489700317,-0.0011525226410130799
6.986496686935425,0.0005863256476182317
7.002539873123169,-0.0032342421756565917
7.018533229827881,-0.009223578635207985
7.034403324127197,-0.011331705465524115
7.050399541854858,-0.00934226524541415
7.066391706466675,-0.008802034467887411
7.081826210021973,-0.01266820373508349
7.097353219985962,-0.01676941750762128
7.112927436828613,-0.01566666807748828
7.128453254699707,-0.010615363907395696
7.143595457077026,-0.008219206286660632
7.159451961517334,-0.011424778400958957
7.174640417098999,-0.01533979564914797
7.1906211376190186,-0.0137529961389268
7.206625461578369,-0.007401914340257424
7.222733974456787,-0.0026651652081972747
7.238341808319092,-0.0027142039342191943
7.2540123462677,-0.003587524436786405
7.270139932632446,-0.0005483939441789155
7.28609299659729,0.004581054932292643
7.302092313766479,0.005810464325071131
7.317183971405029,0.0017701473839344946
7.332808971405029,-0.0018323771010610237
7.348755598068237,8.635388774836262e-05
7.364191293716431,0.004909964747224578
7.380191087722778,0.005962686736696362
7.395977258682251,0.0017791197946506409
7.411979675292969,-0.0021286710596370344
7.428492784500122,-0.0014447906911576485
7.443501710891724,0.0006583396449414405
7.45888352394104,-0.0017419013980974583
7.4740588665008545,-0.008342581661953341
7.490030527114868,-0.012516654462978009
7.50603175163269,-0.010577876519147825
7.521400451660156,-0.007243333994802866
7.536533832550049,-0.009174622135036725
7.55247950553894,-0.01537411512844879
7.568021297454834,-0.018034441373475943
7.583709716796875,-0.013076541134223912
7.599703550338745,-0.005997871656167715
7.615717887878418,-0.004862540322481196
7.631063938140869,-0.009831159898345722
7.646055698394775,-0.013338824735056591
7.6621482372283936,-0.010425980176708542
7.678148508071899,-0.0049901724223389305
7.694146156311035,-0.003716685119226611
7.709376096725464,-0.006594672646741313
7.724752902984619,-0.007315344982760909
7.740239143371582,-0.0026333682771447074
7.755423069000244,0.002783166438201665
7.77065110206604,0.002791679795176402
7.785847902297974,-0.0018181153345580535
7.801039934158325,-0.004860892280489029
7.8170530796051025,-0.0038177434981947296
7.832568883895874,-0.0033138111447478316
7.847833633422852,-0.007992559277012843
7.863873481750488,-0.015060232847414262
7.879872322082519,-0.017440055494845026
7.8958752155303955,-0.013385847863463026
7.910913228988647,-0.009000790349421712
7.926204442977905,-0.009941217911326662
7.94179630279541,-0.01381844583054126
7.956793069839477,-0.013865037932263694
7.97179365158081,-0.008647301751867755
7.986828804016113,-0.004216987974015842
8.001830577850342,-0.005738087524208701
8.017289876937866,-0.010293221282574467
8.032903909683228,-0.010881067932304322
8.048240423202515,-0.00602013756896816
8.063240051269531,-0.0016092019249678638
8.07932734489441,-0.0025368274799215003
8.095292329788208,-0.0058228413612290515
8.110576391220093,-0.004862202402981788
8.125820875167847,0.0012262009920361201
8.14186978340149,0.006226951824036757
8.156864404678345,0.005292689298011014
8.171887636184692,0.0014015687379547253
8.187885284423828,0.0008784087798828985
8.20288348197937,0.004369985941393709
8.218465328216553,0.005946527997156332
8.233757972717285,0.0015756223703224225
8.249807357788086,-0.004912485196348306
8.265793800354004,-0.006771876184137374
8.280796527862549,-0.003364494563643245
8.295804023742676,-0.0007434179163143676
8.311036109924316,-0.003111719776130043
8.327083826065063,-0.007197642405363465
8.34279751777649,-0.007329628641921245
8.358294486999512,-0.003800138148995781
8.374357461929321,-0.0025002702697655716
8.3903169631958,-0.006301494608691179
8.406422853469849,-0.010500281715973319
8.422379493713379,-0.008998593932018864
8.438125610351562,-0.002702182419789073
8.453097343444824,0.0016288098137185202
8.469004154205322,0.0005000894196387478
8.485007047653198,-0.0019448757731539692
8.501105308532715,-0.00024876600663671644
8.51626992225647,0.004481682231074978
8.531748056411743,0.006334596533583737
8.5477774143219,0.003360540890613497
8.5637686252594,0.0006851444532753066
8.579748392105103,0.003309359702057594
8.595723628997803,0.008677895633456128
8.610746383666992,0.009681230615391615
8.626862049102783,0.004238290671985343
8.6425302028656,-0.001707651451326252
8.658548593521118,-0.0019568930288128717
8.674540519714355,0.0020503042644785608
8.68954610824585,0.003821215601946348
8.70552372932434,0.0008220573627879995
8.720669031143188,-0.002777609565111641
8.736024856567383,-0.002971807836220119
8.751035928726196,-0.001987868572795427
8.766334056854248,-0.004620635237156855
8.78234052658081,-0.01030215409317159
8.797441959381104,-0.012862677493613743
8.813435316085815,-0.008942598357948865
8.829564809799194,-0.003201689816745077
8.84508490562439,-0.002478536277212239
8.861211776733398,-0.006609851904156846
8.877086877822876,-0.00869633255312412
8.893121480941772,-0.004660830076297581
8.909411430358887,0.001033306397804373
8.92504096031189,0.0013629030440983415
8.940892934799194,-0.003924598297509021
8.956926107406616,-0.008459877706285038
8.972901344299316,-0.00832516132984497
8.988892793655396,-0.007150744636674356
9.003899335861206,-0.010231422366102768
9.01984691619873,-0.01626913743043063
9.035011768341064,-0.018635619146458574
9.050254344940186,-0.01444911742435711
9.066326141357422,-0.008581576726950969
9.0817768573761,-0.00686940737295969
9.096914052963257,-0.00817737849981627
9.11289119720459,-0.006651063838436403
9.128900051116943,-0.0009340003270012932
9.144616603851318,0.0029944258170103064
9.159621953964232,-0.00019778362070759555
9.17563533782959,-0.007418677208240779
9.191611528396606,-0.010671569721266407
9.207597017288208,-0.007325528941457208
9.222903728485107,-0.003171080528997827
9.238451719284058,-0.004225924072033535
9.253452062606812,-0.008641394555518982
9.269558668136597,-0.009669966319747404
9.284811735153198,-0.005294721266012214
9.299940586090088,-0.0011179297400466107
9.315942764282228,-0.002642916479771696
9.331932067871094,-0.00774597473568579
9.346705675125122,-0.009711920854524384
9.361581325531006,-0.0064561793487977765
9.37714457511902,-0.0030659001385474555
9.39313507080078,-0.004324196744426492
9.409114599227903,-0.007940149579583252
9.425227403640749,-0.008003316752939596
9.440751314163208,-0.0035448558147550013
9.456203937530518,8.837398818155919e-05
9.472244024276732,-0.001089690667149655
9.488240480422974,-0.004099666171602167
9.50413465499878,-0.0035374620343667754
9.519673347473145,0.0003091708513492412
9.53537130355835,0.0015657960347852772
9.550427675247192,-0.002772448795064132
9.56599497795105,-0.007907011338910138
9.580979108810425,-0.007041510972617775
9.596163749694824,-0.00026138938683064987
9.612183332443236,0.005556590811545688
9.628173351287842,0.005626501969767239
9.643745183944702,0.0028079122704439217
9.65974187850952,0.0025450062495449535
9.675745487213137,0.00475974065767356
9.691741466522217,0.004342076293619334
9.70773148536682,-0.0005684492251456378
9.722750663757324,-0.004642346834374594
9.738297700881958,-0.0019211789021690762
9.753296375274658,0.005918670146715201
9.76827883720398,0.011188000078539963
9.784277200698853,0.009792306493096639
9.800293922424316,0.00589745085638501
9.81627917289734,0.005560409508272567
9.832331418991089,0.008418532209368898
9.847465991973875,0.008871927492976682
9.863516807556152,0.004626829541518649
9.879517555236816,0.000248640672569488
9.89551830291748,0.0007276257931559862
9.911024332046509,0.00432442164875861
9.927031755447388,0.004948596451845259
9.942586421966553,0.0007531106847698775
9.957972288131714,-0.003250878058335848
9.973963022232056,-0.002308962685480208
9.989988565444946,0.0013346135806922288
10.005862951278688,0.0016921789029113847
10.021019697189333,-0.0023208185146837224
10.036945343017578,-0.005181944225162414
10.05232048034668,-0.002467977496637486
10.068414211273192,0.0029834421831582024
10.084412336349487,0.005187194406122144
10.099427461624146,0.003425076262307427
10.114580869674684,0.002858265030000759
10.129837274551392,0.006515164245280293
10.145347595214844,0.01037046706677986
10.160481214523315,0.008904197985588296
10.176595687866213,0.003351447399584323
10.192700386047363,0.0006240738776963856
10.207818984985352,0.003982234918983262
10.223973035812378,0.008443478614775875
10.23954939842224,0.007524708581356112
10.254576683044434,0.0020565783849326724
10.270553350448608,-0.0011566822355166826
10.286567449569702,0.001113491804021297
10.30156683921814,0.004144193971602425
10.316563129425049,0.0021157931131635097
10.331914901733398,-0.0035200297502070207
10.347833156585692,-0.005975363555252928
10.363358736038208,-0.0026876561513496373
10.379249572753906,0.0009111926596566968
10.395235061645508,-0.0012169860661219159
10.410232543945312,-0.007405962603725473
10.426275491714478,-0.010621551047745181
10.441823959350586,-0.008147157715741508
10.457257986068726,-0.005057419628256618
10.473260641098022,-0.006680238769118679
10.488724946975708,-0.010731243071527532
10.503713846206663,-0.010290133788892956
10.518991708755491,-0.0035958553935126272
10.534187078475952,0.002999769312879254
10.550209999084473,0.0032078108282992328
10.56619381904602,-0.0010219944510169703
10.58219575881958,-0.002513380381398863
10.598193883895874,0.0012145570551100049
10.614197015762327,0.004872324573663289
10.630176782608032,0.003217120322089859
10.645320415496826,-0.0014184830320211053
10.660335540771484,-0.0024628680387887556
10.676334142684937,0.001556689370673144
10.691334962844849,0.004938847583256904
10.706324338912964,0.002852427244737999
10.721343040466309,-0.001975156875560501
10.736511707305908,-0.0033403980296553564
10.75152850151062,-0.00043406653874562395
10.767528295516968,0.00120123107628261
10.78351354598999,-0.0021239364613009305
10.79885482788086,-0.0067550112254331895
10.814996242523192,-0.006843513112421316
10.830127716064451,-0.0027617140931906706
10.845621347427368,-0.0006818905635950607
10.860727548599243,-0.0038079494237842747
10.876725673675535,-0.007676650444104004
10.892636060714722,-0.006292571904978771
10.907633781433104,-0.0006330253469300669
10.92366099357605,0.0023667112537022637
10.939475059509276,-0.0008718938740755371
10.95548701286316,-0.005646061637255132
10.970782995224,-0.00517911113130362
10.98678731918335,0.00047376843666574985
11.002782583236694,0.00482745773236553
11.018782377243042,0.0038401560898067297
11.034082412719728,0.0009459026390958691
11.049685955047607,0.0015986974682496774
11.065688848495483,0.005407905725191733
11.081026792526243,0.007063725258168703
11.096542119979858,0.004499102695716221
11.11259698867798,0.002303531943448338
11.128552675247192,0.0052126391121984274
11.144070625305176,0.010876173183220476
11.160109996795654,0.01244086908635781
11.175436735153198,0.007700387666082775
11.190622329711914,0.0021550698071302306
11.206562042236328,0.001665186948775585
11.222989320755005,0.004838073296899136
11.238861560821531,0.0056052823142890215
11.254294157028198,0.002156585662706252
11.269355058670044,-0.00049491940765961
11.285313606262209,0.0020228847904449586
11.300357580184937,0.006644977883105794
11.316309690475464,0.006690561070198769
11.33176326751709,0.001198635392813183
11.347359657287598,-0.00339166834596304
11.363372802734377,-0.0017968862906149038
11.379361629486084,0.0031530587043241223
11.395366907119753,0.0047801814908822364
11.411361694335938,0.0018827874871850717
11.427367448806764,-8.948989456106406e-05
11.442893028259276,0.002488645646756115
11.458886623382568,0.005631006849852448
11.47492527961731,0.0031825042753811546
11.490371465682983,-0.0040937093987409925
11.50537085533142,-0.008815036951184829
11.520368814468384,-0.006552952285510493
11.535887241363524,-0.0014386592444669943
11.551897287368774,-7.357338702027993e-05
11.567905187606812,-0.0024120282323892277
11.583897352218628,-0.002449771109308951
11.599899530410768,0.00239456021102183
11.615067958831789,0.006716690233120391
11.630944728851318,0.00417886266402324
11.646545648574827,-0.003505696835004869
11.66286039352417,-0.008339648557220209
11.677862882614136,-0.006370229689141747
11.6932635307312,-0.0024582561020426545
11.70924973487854,-0.0031054596555886264
11.72527837753296,-0.007481267244021469
11.7411367893219,-0.009013034956070556
11.756145477294922,-0.0049261089267060975
11.772129535675049,-0.000128709631694413
11.78814697265625,-0.00013484424089022038
11.803131341934204,-0.003289851851735608
11.819133043289185,-0.003353645115570479
11.835668325424194,0.001372576698575833
11.85168194770813,0.005462892778923419
11.86768388748169,0.004038340908047041
11.88296675682068,-0.00019046617423149666
11.897966861724854,-0.0005481155614816768
11.913251638412476,0.004323504945786017
11.929250001907349,0.008509604698222435
11.945337295532228,0.006896371909535239
11.961337089538574,0.001994143114405672
11.977338075637816,0.0001360940829993251
11.99333667755127,0.002623612314114447
12.00933599472046,0.004282167470166266
12.024363040924072,0.001204583418508369
12.039892673492432,-0.00352450743480519
12.055894136428831,-0.004277156063801127
12.07190465927124,-0.0010482359207782052
12.087893009185793,0.00043854137351073685
12.103891611099243,-0.003056861900946623
12.120055437088013,-0.00745010408215005
12.135106325149536,-0.006880105158290089
12.151235103607178,-0.0019014976957528696
12.167222261428831,0.0012695683105715036
12.183334827423096,-0.0005765904315905013
12.1992449760437,-0.003292264742204766
12.21522831916809,-0.0014482046097375294
12.231245517730711,0.0038301857486047128
12.24712324142456,0.006442338490572396
12.26213812828064,0.004134366305783484
12.27825665473938,0.001984786887853346
12.29418969154358,0.005311478861734952
12.310131549835203,0.011747047416838912
12.3253014087677,0.01380110242806611
12.341162204742432,0.00885351961967686
12.357168197631836,0.0030032682619372964
12.373164176940918,0.0032925891659165265
12.38915991783142,0.008649352519752683
12.405152559280396,0.011692387342259098
12.420161724090576,0.008770286909523898
12.43667721748352,0.004520763247208972
12.452023029327393,0.004994809099343043
12.468010902404783,0.009140998022305648
12.484009504318236,0.010415147852533807
12.499024868011476,0.005979168262114589
12.51402187347412,0.0004939030221233835
12.5297269821167,-0.0005765557658240477
12.545284032821655,0.0016510379175832379
12.560266971588137,0.001894859772066407
12.575477361679075,-0.0009187660767372048
12.591347217559814,-0.0018144448430551829
12.607458591461182,0.002647629529088603
12.623483419418337,0.008484221607180119
12.638874769210815,0.009141175783153769
12.654585599899292,0.004579893815334408
12.669602155685425,0.0015494753504765998
12.685586214065552,0.004304855108740392
12.70060133934021,0.008731669358917768
12.716698408126833,0.008202188556326477
12.73270583152771,0.002967538041916938
12.748225212097168,-0.00012632803713291002
12.76353144645691,0.002793130984597828
12.779561758041382,0.007215553916227732
12.794991731643677,0.006564349327498441
12.811094999313354,0.0013253105284804622
12.82711672782898,-0.0018250565208457557
12.84263038635254,0.00042548656438117817
12.858669996261597,0.0033383094865178375
12.87475323677063,0.0009498630608219248
12.890727996826172,-0.005248006898196869
12.906673669815063,-0.00810394058561227
12.92267608642578,-0.0046529539409213855
12.938288927078249,-0.0002295486650633477
12.954427242279053,-0.0010909343827227242
12.96996021270752,-0.005872233096087257
12.986018657684326,-0.007780870569205974
13.002065896987917,-0.004337092395640732
13.018056392669678,-0.0008738944330857912
13.033963203430176,-0.0028247371591440737
13.049625873565674,-0.0077058538381012745
13.065754413604736,-0.008257182643418706
13.080737590789797,-0.002520892656059813
13.096746921539308,0.0032348660771260693
13.11162281036377,0.002937396740842523
13.12718653678894,-0.0011573032783539928
13.14317226409912,-0.0018572594785817211
13.159226894378662,0.0028340272236408075
13.17478847503662,0.006921212986526315
13.19017744064331,0.004758183877685993
13.206270694732666,-0.001124380627158183
13.222269535064695,-0.0035584962706877487
13.237311124801636,-0.0006270418131630326
13.25288462638855,0.0019081392069176745
13.268350601196287,-0.0010871975471042567
13.284352540969849,-0.006852040557234731
13.299739599227903,-0.008712169222304084
13.315799236297607,-0.0055842567824735245
13.330986738204956,-0.0034906200020746836
13.346550226211548,-0.006915729050295745
13.361985683441162,-0.012221289167010142
13.37792706489563,-0.012454950731848184
13.393908023834229,-0.006844503914151678
13.40990948677063,-0.0017126292597921507
13.424980401992798,-0.001658282294965726
13.440585136413574,-0.0034854431764379684
13.455574750900269,-0.0013127994928583474
13.471549034118652,0.004615800343941591
13.487526893615724,0.008086078103099529
13.50305676460266,0.005853281619529966
13.518088579177856,0.0025922251869814022
13.533259868621826,0.004603253362291006
13.54885745048523,0.010894661874940757
13.564857006072998,0.014138890602554988
13.58016300201416,0.010389333157366273
13.59539794921875,0.00430161629201147
13.61089301109314,0.002813523365120605
13.626420974731444,0.0061237517536265025
13.641714096069336,0.008249078169870186
13.657671451568604,0.00583491073511688
13.67367386817932,0.0025310456998434688
13.689716100692747,0.003012442292885625
13.704893589019775,0.005702337819313681
13.720120429992676,0.0049576553205074245
13.735302448272703,-0.0004054767438165267
13.75035548210144,-0.004750154595576586
13.765399694442747,-0.0031991803646890977
13.781392812728882,0.0014542462217273493
13.797359466552734,0.0024471090224895773
13.81273603439331,-0.00168950951170742
13.828413486480711,-0.005348679327398367
13.8439781665802,-0.004055838741978176
13.859947681427002,-0.0009592565313681972
13.87590742111206,-0.002285129079683353
13.89118194580078,-0.008161056510016359
13.907264947891235,-0.011910794978818858
13.923227548599243,-0.008982501341255859
13.939289808273315,-0.0030233268558193622
13.954886198043823,-0.0006313506775725394
13.97088885307312,-0.0022884350569534516
13.986400127410889,-0.0023062103695184093
14.002397060394289,0.0022719161180656438
14.018456935882568,0.0067623670741966384
14.034607648849487,0.005305784424174879
14.051239013671877,-0.0003231272153152772
14.065239191055298,-0.0024232493971257747
14.080397844314575,0.0022145634494253417
14.09639811515808,0.007590378998300327
14.112385511398315,0.006331942205706669
14.127493619918823,-0.0004691000324046858
14.143255472183228,-0.00484408649626107
14.158383131027222,-0.002625842072054769
14.17426347732544,0.0014897415249116946
14.190359830856323,0.0010980476198454866
14.206358671188354,-0.0029323009113853245
14.22236394882202,-0.0041847366150814256
14.238497018814089,-0.0003176781497760779
14.254207372665403,0.0032839864408969635
14.270201444625854,0.001065261179708784
14.285101175308228,-0.004634441970806985
14.301228523254396,-0.006472977624742582
14.317152976989746,-0.002008368784148234
14.332289218902588,0.003166200502919453
14.348072052001951,0.003297123584211044
14.364070892333984,0.00019603697155596515
14.380069017410278,5.7402115880057086e-05
14.395570993423462,0.004134897775908099
14.41166377067566,0.006704476102924746
14.427202701568604,0.003328374211465976
14.442991018295288,-0.002319614874156154
14.458059787750244,-0.0030146195774018204
14.47406005859375,0.0021156775317768455
14.490060567855837,0.006117276088944357
14.506048679351808,0.0034016415190829042
14.521183252334597,-0.0029335131617479106
14.537268161773682,-0.005570016168936583
14.552971363067629,-0.002820901337840705
14.568942546844482,-0.00026002622033210435
14.5849871635437,-0.0022813084989073452
14.600083827972412,-0.0057659885462693055
14.616042613983154,-0.004740491286497265
14.632174015045166,0.0007968092504407132
14.648097038269045,0.0045348058224418345
14.664095878601074,0.0025018353682709753
14.680109977722168,-0.0015589531030587873
14.695314168930054,-0.001667501937040536
14.71117615699768,0.0019124547950503737
14.727196216583252,0.0032511448952863673
14.74367618560791,-0.0004944023159886447
14.759694337844849,-0.004698436031320722
14.775051355361938,-0.0036193924100616087
14.791112661361694,0.00142356968648202
14.807052612304688,0.0036869423355227935
14.82313323020935,0.0003535744390697716
14.838722705841064,-0.0034042413362173445
14.854452848434448,-0.0014114972417612081
14.870490550994871,0.005009879197814248
14.886345624923706,0.008668748535795186
14.901347875595093,0.00599344087776988
14.916932344436646,0.001447164462626879
14.933027744293211,0.0010854547851386767
14.948959112167358,0.004401922049663528
14.964844226837158,0.005671586001763156
14.980219841003418,0.0025462556738776263
14.99632978439331,-0.00041114592464881923
15.012320518493652,0.0017558132490580426
15.028448104858398,0.007098880859410842
15.04454755783081,0.009050716661171215
15.059673547744753,0.005148331244991019
15.075510263442991,5.4831573894739217e-05
15.09161138534546,-0.0010810829811992596
15.10752558708191,0.0007415929985284415
15.123507976531982,0.0010016197778557146
15.139513492584229,-0.000916062443312441
15.155011653900146,-0.0008562022580495523
15.17102551460266,0.0030845086779389902
15.187012195587158,0.00646829481314261
15.202388286590576,0.004238429219141101
15.21739149093628,-0.0014962966103466094
15.23251748085022,-0.003242851693381582
15.248237371444702,0.0020683858515417285
15.264135837554932,0.008534151496620372
15.280276536941528,0.008585269294091978
15.296133756637571,0.002573354863169846
15.312150716781616,-0.0021423843052959714
15.328147888183594,-0.0010969711317782953
15.34343123435974,0.0019752612325683143
15.359477758407593,0.0013079659119288128
15.375540494918823,-0.0023722968491490777
15.39099669456482,-0.003067232336285187
15.406991004943848,0.0014383914955120548
15.423011541366575,0.005775948717664774
15.439014673233032,0.004106908154357096
15.45455765724182,-0.001716183301916775
15.470542192459106,-0.0044947943367441385
15.486554384231567,-0.0014422271173483788
15.502554178237917,0.0021646245535217093
15.518075704574583,0.0004860056011487665
15.53410816192627,-0.004709813468137706
15.549644708633425,-0.00656327761513783
15.565659284591677,-0.002738590365388621
15.580631971359251,0.0012840511506583073
15.595645904541016,-0.00024513901906954814
15.611645936965942,-0.005509175108082682
15.62763500213623,-0.00779326225421087
15.642945766448976,-0.0047215546224706395
15.65811252593994,-0.0011335561585934188
15.674128770828249,-0.0018655657607669568
15.690124273300173,-0.004908676552345192
15.706109285354614,-0.00463488414323419
15.722123146057127,-0.0003215654718823936
15.73815417289734,0.002367420357138739
15.753399133682253,-0.0007177299865952407
15.76872205734253,-0.0060136157112885185
15.784738779067991,-0.006696863568800034
15.800751686096191,-0.001900988549964588
15.81671977043152,0.0020070179090019126
15.832753896713257,-2.4530916433910567e-05
15.848331689834597,-0.004999613991987367
15.864331483840942,-0.006114958881576172
15.880337476730348,-0.0020452771903642563
15.896331787109377,0.001490404439597682
15.912120580673218,-0.00014706175898986183
15.928117513656616,-0.004120194508000406
15.944662809371948,-0.004292001959598086
15.959808826446531,3.452065759502413e-05
15.974796295166016,0.003131048455243615
15.990697622299194,0.0009115424042406917
16.006793975830078,-0.003372714244373657
16.022122144699097,-0.003772697917010976
16.037277936935425,3.220355119551259e-05
16.05290460586548,0.002461626693122256
16.068910121917725,0.00012094011480601012
16.085002183914185,-0.0031965157791793803
16.10093331336975,-0.0016915684938605983
16.116912841796875,0.0042364999671337345
16.13292908668518,0.008200148694179855
16.148836374282837,0.006266979973335422
16.164368152618408,0.0020718589363110333
16.180386781692505,0.0016391930036767218
16.196372985839844,0.0051573787278096205
16.21236252784729,0.007032582207585394
16.227781295776367,0.003913167249426748
16.243326902389526,-0.0006648422715220322
16.258954286575317,-0.0013797096106026026
16.27494239807129,0.0015119062775967437
16.290849685668945,0.003049710278657811
16.30696392059326,0.0011508019321871486
16.322949409484863,-0.0003294027729607422
16.339067697525024,0.002396368650698975
16.35454034805298,0.006821052887778877
16.370525598526,0.007125545263171914
16.3866548538208,0.002484456500766735
16.40202283859253,-0.0012479463781754744
16.418100118637085,0.0006641306708212273
16.434198141098022,0.005226816565940226
16.44942307472229,0.005600700597776486
16.465123176574707,0.0002027897384444706
16.480319261550903,-0.0055111511291775625
16.49641704559326,-0.006752705560461099
16.51241707801819,-0.005487263606183228
16.527886867523193,-0.006451811291499711
16.54409646987915,-0.009292458123614934
16.55959916114807,-0.008593710440321844
16.575515270233154,-0.002076823907048817
16.59188723564148,0.004873669761820432
16.607120990753174,0.00543387947760444
16.623124599456787,0.00021002252639754082
16.638556003570557,-0.003485965161072052
16.654099225997925,-0.0011462883615771082
16.67012119293213,0.0035378116932716485
16.686102628707886,0.004475870870070652
16.702097415924072,0.0017135675006367977
16.718106508255005,0.0007651738159890776
16.7333664894104,0.004074455252779734
16.749101638793945,0.007071702500403057
16.764999866485596,0.0046190645436818955
16.78013014793396,-0.0012820763338384474
16.795822381973267,-0.0036606325075808606
16.811808824539185,5.4535802551477185e-05
16.8278169631958,0.004392908484112473
16.843085050582886,0.003112912507055531
16.859063148498535,-0.0024733634403482224
16.87406325340271,-0.005483072864061748
16.890188932418823,-0.002976692414199111
16.90618586540222,6.678110295081229e-05
16.922168016433716,-0.0022966246515833634
16.93830132484436,-0.008722135072378963
16.95436716079712,-0.012316612007102726
16.970386028289795,-0.009780594790539528
16.986392498016357,-0.00531004370490111
17.00233030319214,-0.00425551677869819
17.018272638320923,-0.0058246831515616215
17.034374237060547,-0.0049676653420207125
17.050262689590454,-0.00024262377270835647
17.06624460220337,0.0038486324442784047
17.08141541481018,0.003264845036097156
17.097431659698486,0.00013825690069520745
17.113147258758545,-0.00045686966370728005
17.128955364227295,0.0021379540519414564
17.144981861114502,0.003433262145389342
17.160537004470825,0.0007070136684682515
17.176548719406128,-0.002598529598803368
17.192543268203735,-0.0015955849834005927
17.20853590965271,0.00281405088480826
17.22452712059021,0.004654602528725141
17.23954725265503,0.0009220617626297871
17.255430459976196,-0.004131446424013415
17.271515130996704,-0.004604919484523188
17.287426710128784,-0.000887382628002001
17.303415060043335,0.0009754588372994516
17.31872844696045,-0.0024046438341157493
17.334742546081543,-0.007222758307951986
17.350250959396362,-0.00783348214776272
17.365605115890503,-0.004382018692154856
17.380619287490845,-0.0021688693448829316
17.396621465682983,-0.003943499303854911
17.412611484527588,-0.006132455023277077
17.428606748580933,-0.0042196154262691766
17.444634914398193,0.0005472595223088086
17.460188627243042,0.0027682197430809255
17.476176738739014,0.0005785697073859173
17.4921772480011,-0.001527722028622331
17.507195234298706,0.0011100434085362524
17.523297548294067,0.006657135574965791
17.539182662963867,0.008945305276760514
17.554327249526978,0.005544809486083109
17.570326328277588,0.0007324915646376533
17.58632779121399,-0.0004791243576561773
17.602328777313232,0.0012201483486661098
17.618326663970947,0.0013119203077660339
17.633337259292603,-0.0014787287571425677
17.64863395690918,-0.0032737758324188106
17.664737224578857,-0.001052708691086023
17.68064045906067,0.0022446231304977613
17.696648836135864,0.0012650684396784155
17.712627172470093,-0.004211413276586714
17.72864317893982,-0.008434206927237294
17.74465298652649,-0.007117164855546685
17.76008677482605,-0.0030580053309302575
17.776071786880493,-0.002163346144398009
17.792075395584106,-0.005341513575738714
17.808075428009033,-0.007491995048343605
17.823086738586426,-0.004969359886611784
17.838253498077393,-0.0010170393866728465
17.853715419769287,-0.0013557201957478528
17.868977546691895,-0.005853759418989166
17.884974718093872,-0.007999849551270023
17.90097188949585,-0.0034324445578035644
17.91697406768799,0.0038065663466960997
17.93300747871399,0.005941105185677168
17.948554277420044,0.0011216837893183135
17.964550256729126,-0.004568422321175355
17.979743719100952,-0.005096770747121364
17.99574899673462,-0.0015521482327831124
18.011231899261475,0.0007400940543177575
18.02724838256836,0.00010539884975183621
18.04325222969055,4.183798439352703e-06
18.058796167373657,0.0025366450222340667
18.074787616729736,0.004120653852026689
18.090806245803837,0.00023886238520832298
18.10679793357849,-0.007334754165766913
18.122790813446045,-0.011601769525138974
18.13889956474304,-0.009022777542304372
18.154111862182617,-0.004133572509329145
18.170111417770386,-0.0035861157133917276
18.18609619140625,-0.007515249348943437
18.202099561691284,-0.009797552298682248
18.217664003372192,-0.006607089364772662
18.23369026184082,-0.0014983429467422538
18.24847435951233,-0.00028721030354581564
18.26421070098877,-0.0030706880859127155
18.28020715713501,-0.004453632734411276
18.296193838119507,-0.001446018423486454
18.312193393707275,0.0022304476546189914
18.327207565307617,0.0015318772121814136
18.34321904182434,-0.0025133428514915778
18.358768224716187,-0.004023517458060634
18.37520456314087,-0.0005032563691460702
18.389612197875977,0.003557002822218427
18.40570855140686,0.002926693094090135
18.420966386795044,-0.0009913072899163768
18.436309576034542,-0.0020669840818520343
18.452407836914062,0.001954056393430957
18.46840810775757,0.0061296537134931176
18.48440790176392,0.0048930665152412435
18.50040555000305,-0.000596597372626525
18.51568365097046,-0.004338774004138433
18.53169798851013,-0.003645652270312414
18.54780387878418,-0.002085676216599311
18.563314199447632,-0.0034377993908553707
18.579312801361084,-0.005679245059401293
18.595314741134644,-0.003851633748384525
18.60999321937561,0.0021886447845191753
18.626073837280277,0.0064034664578971065
18.64218688011169,0.00411281863073357
18.65791702270508,-0.0016773568738907515
18.67390012741089,-0.003993761452848146
18.689948558807373,-0.0007849569070995542
18.705817461013797,0.003003401147311994
18.72186541557312,0.002711653700038509
18.73699188232422,0.00030984451311121246
18.752941370010376,0.001101701001046053
18.767919063568115,0.005738890417765025
18.783945083618164,0.008995377535369067
18.799930810928345,0.007075374920750452
18.81593084335327,0.0030902142212018537
18.83192086219788,0.002847439143008156
18.84804630279541,0.006744596448814133
18.863593101501465,0.009119299232460739
18.879469633102417,0.006024384843231821
18.89558267593384,0.0006584086510766491
18.911468982696533,-0.0009817697316794743
18.926832914352417,0.001963926491548247
18.94291377067566,0.004658141504347071
18.958646774291992,0.003767456356479757
18.973915815353397,0.0019835212310237863
18.98991346359253,0.0035556043573639453
19.005486249923703,0.007526892234050143
19.02152132987976,0.00861650337703184
19.03697609901428,0.004630310252240638
19.05249333381653,-0.00019847611177673322
19.06849479675293,-0.0008720477654959734
19.084539890289307,0.0015528639520216046
19.10039210319519,0.0015657298149731992
19.116048097610477,-0.003017044362748484
19.13204574584961,-0.007999023893443993
19.147894382476807,-0.008621479806677311
19.16332507133484,-0.0058307860228957575
19.17909574508667,-0.004188996397039626
19.19504857063293,-0.004874762691336585
19.210691452026367,-0.004261136813878036
19.2266526222229,-0.00012486071557897029
19.24226975440979,0.0039721824716685596
19.257879495620728,0.003153185491691422
19.273921251297,-0.0015058850124706393
19.28896474838257,-0.003620829074750442
19.30492472648621,0.00019718276863815113
19.320071935653687,0.00575827077874833
19.33524060249329,0.006945225527192026
19.35109305381775,0.0038327469221889014
19.365996599197388,0.0020478933695997088
19.38199520111084,0.004503209342400814
19.39736795425415,0.0073009387337071505
19.41309189796448,0.005532110734563448
19.429072618484497,0.0005957613983309145
19.44508957862854,-0.0015201630997798506
19.46041989326477,0.0012478547335310853
19.476403951644897,0.003749172089958932
19.49240636825561,0.0004947923289342223
19.50750160217285,-0.00656001784602257
19.523534059524536,-0.01013110456424796
19.539409399032596,-0.006972417828684624
19.55422306060791,-0.0018966631039070599
19.569536209106445,-0.0011284983711939644
19.584958791732788,-0.004143001384931153
19.599867343902588,-0.004980789332107594
19.61585521697998,-0.0008776016891247507
19.63185405731201,0.003874678139372773
19.646884202957157,0.004032747665357556
19.66240644454956,0.0007366320750916097
19.67840838432312,-0.00023109560387198644
19.69421863555908,0.0032936953243705306
19.7102210521698,0.006785260196237852
19.72623562812805,0.005441750330159557
19.741361618041992,0.0009400457191247455
19.75657320022583,-0.0010260092073908686
19.771703958511356,0.0011777191257010666
19.787702798843384,0.0029872603742572526
19.803688764572144,0.0004520179716466419
19.818686723709103,-0.003798366682304922
19.8347008228302,-0.004084058004037631
19.85069179534912,0.00014673917628608892
19.86625981330872,0.003101894757422537
19.88224220275879,0.00038801419137274827
19.89725875854492,-0.004899482513114539
19.91325855255127,-0.006262970380862141
19.929244995117188,-0.0025532626247604007
19.94528555870056,0.0006298988149590455
19.960856199264526,-0.0011818058627385605
19.97682237625122,-0.004974450910313278
19.99195599555969,-0.004141837087508975
20.006821870803837,0.0026415757979893553
20.022929668426517,0.0095154586983585
20.03827261924744,0.010900469338641194
20.053837060928345,0.008169972113737661
20.06924152374268,0.006811000899402827
20.08505868911743,0.008511449011225499
20.100221395492557,0.009240501237042908
20.11621880531311,0.005636113665884936
20.131229877471924,0.00035767226712960084
20.147266626358032,-0.001286797694352083
20.163076877593998,0.0013103326387747145
20.17909288406372,0.0031578713914967083
20.195077657699585,0.0006109956090263168
20.211059093475345,-0.003500151877677444
20.22705912590027,-0.0037685877455050027
20.243088483810425,0.0002574990137506946
20.258665084838867,0.003403764932178987
20.273632526397705,0.0019570640685779607
20.289130210876465,-0.0014143069542780738
20.30512738227844,-0.0016578233297602255
20.32024025917053,0.0015985702291006817
20.3354754447937,0.003875788987189643
20.35103416442871,0.002493098269803944
20.36604928970337,0.00031700802793634564
20.381070613861084,0.0013392998452249256
20.39606761932373,0.004719358937585577
20.411557912826535,0.006062685420861877
20.42696785926819,0.00408897074183627
20.44200587272644,0.002883189067286686
20.4581036567688,0.006174556032134205
20.474175214767456,0.011645592939357005
20.48967337608337,0.013538840511215375
20.50489616394043,0.010239745884974637
20.52021193504333,0.006374806425418298
20.535337209701535,0.006451945910060434
20.55106830596924,0.008822924329362828
20.567100524902344,0.00829212387726477
20.583101987838745,0.0036209782500763376
20.5991051197052,-0.0006394977025217289
20.61508274078369,-0.0005561604486770404
20.63108253479004,0.001618026187808038
20.64597964286804,0.0007037394937505486
20.661540031433105,-0.003792421268695858
20.677547454833984,-0.006558985516473821
20.69354486465454,-0.003740649120666311
20.709519624710083,0.001462144011680832
20.72563123703003,0.002839025125377377
20.740997314453125,-0.0005994425541215927
20.75656223297119,-0.003605313167248469
20.77257251739502,-0.0021877098666121383
20.788570880889893,0.0010383052975065565
20.80378532409668,0.0011302440177060078
20.81979441642761,-0.0016105139871468895
20.83578729629517,-0.001845732625657151
20.85181570053101,0.0029369007257354553
20.867116928100582,0.008182777135224481
20.88309526443481,0.00799405980808459
20.89911937713623,0.0030224207628980686
20.9150984287262,-0.0005044017191123928
20.93118977546692,0.0007313679788312844
20.946322679519653,0.003017447193706711
20.9619083404541,0.0014887324347189399
20.977891206741333,-0.0025344624321840346
20.993895530700684,-0.0033462918029570493
21.00907182693481,0.0006091402013136023
21.02507472038269,0.003662797161876819
21.04111337661743,0.00017794609249332767
21.056989192962646,-0.007472748797706596
21.073014736175537,-0.011334575971478984
21.08935761451721,-0.007912507367577204
21.105398654937744,-0.002558876945827377
21.121389627456665,-0.0023256029994612243
21.13739919662476,-0.006828813223154083
21.152955055236816,-0.009269140948212594
21.169044017791748,-0.0059424839374554485
21.184631824493408,-0.0011761958247859922
21.20064401626587,-0.0011400193667968376
21.21665668487549,-0.005296701668858984
21.23265027999878,-0.007299592395219271
21.247666358947757,-0.003917319266666723
21.263237953186035,0.0004909827862671695
21.279231786727905,9.692158783303293e-05
21.29523992538452,-0.00428825978149059
21.31075143814087,-0.006399314786823093
21.326130151748657,-0.003258590260750852
21.342116355896,0.0007577059524817979
21.35791850090027,0.00015484181729041
21.37390971183777,-0.003908697328435136
21.389886140823364,-0.005196128795963445
21.40538334846497,-0.0011371883413734156
21.42183470726013,0.003426468157393843
21.43690824508667,0.0026810024463792613
21.452295064926147,-0.002498811946439069
21.467654943466187,-0.006177111840101011
21.48313617706299,-0.0056723376510155335
21.49830913543701,-0.004737437671091327
21.513965606689453,-0.007357424910785827
21.52999496459961,-0.011369613321519378
21.54602527618408,-0.011258067707347504
21.561563968658447,-0.00615929433065429
21.576945543289185,-0.0015162839795483662
21.592952966690063,-0.0018735003815311601
21.608404636383057,-0.0049515752886627
21.62440514564514,-0.005227545920689778
21.64045810699463,-0.0016645219708789146
21.65600204467773,0.0014255011359255057
21.672000408172607,0.0012184813731420108
21.687977075576782,0.0006451363547733987
21.70400071144104,0.0037722503932998332
21.719995975494385,0.00910824048680481
21.734977960586548,0.010881187029177262
21.75100803375244,0.0069301599524132455
21.766833066940308,0.0020973140782801825
21.78225970268249,0.001990094660676155
21.798264741897583,0.005499001565642863
21.81426048278809,0.006457925673794399
21.83029127120972,0.002281244115918674
21.84643530845642,-0.002313104289685564
21.861942529678345,-0.0016714171224319909
21.87797236442566,0.0030979255169933714
21.893390655517575,0.005654821345731765
21.909388542175293,0.002912733716424455
21.924753427505493,-0.0013198217614051226
21.940808057785038,-0.00227737786988458
21.95636224746704,-0.0009337410795534438
21.97236132621765,-0.001867574943209974
21.988364219665527,-0.005698705429877574
22.00435972213745,-0.00745952907987777
22.02038025856018,-0.003671309421070989
22.035893201828003,0.0019420983200139144
22.05190110206604,0.0027460840214129706
22.06738233566284,-0.0018597456945106281
22.08338165283203,-0.005181027756335381
22.099401473999023,-0.0018438412797565067
22.1153826713562,0.005102197253277568
22.13138723373413,0.008162607909059021
22.14741325378418,0.005057394619476954
22.163015127182007,0.001052913777691605
22.1787633895874,0.0012278268941635162
22.19477248191833,0.0037881448494333715
22.210750579833984,0.0036257155759026427
22.22623920440674,0.0005058433359518728
22.24229502677917,-0.0002778963580209031
22.258232593536377,0.004088277042936428
22.27423477172852,0.008897081330658536
22.2902410030365,0.007572454031613542
22.30569720268249,0.000547595530242073
22.321717023849487,-0.005006360100253241
22.33769917488098,-0.004427259557611384
22.353479385375977,-0.0011584324950901946
22.36896514892578,-0.0012447328467840666
22.383968353271484,-0.004774881582614519
22.3999445438385,-0.006304961580095972
22.415961980819706,-0.0032871545266103174
22.4319748878479,-0.00012944503454571238
22.448026418685917,-0.001922354466730618
22.46352767944336,-0.00681128563733905
22.478922843933105,-0.008067001226713718
22.49425196647644,-0.0031623013360547307
22.510247468948364,0.0027930405664635042
22.525559663772583,0.003989512203596259
22.541595935821533,0.0014658984032229006
22.557668209075928,0.0008619868126328914
22.573665857315063,0.0039048695991134065
22.589187622070312,0.005881791715675488
22.60465741157532,0.0026461053974103713
22.62018871307373,-0.0029499776977447876
22.635159254074097,-0.004541150655587009
22.651185035705566,-0.0009188524261060302
22.666743278503414,0.0023003056591524296
22.6827335357666,0.00045966588264602457
22.698724269866943,-0.0036970877999835403
22.714725732803345,-0.003902446457966803
22.729724645614624,0.0008479191599374816
22.745022535324097,0.004829470189481209
22.761050939559937,0.0034387947891216745
22.77704620361328,-0.0006104276258398406
22.793049573898315,-0.0013249748170224914
22.80904960632324,0.002063175836900572
22.825050115585327,0.004076915842744796
22.84011697769165,0.00083764269080603
22.85593152046204,-0.004269857350144343
22.871919631958008,-0.005044874096310945
22.887469053268436,-0.0007979764428017776
22.902856588363647,0.003010223422285956
22.91885209083557,0.002550393217414419
22.93386173248291,0.0008163495283239198
22.94985866546631,0.0029531281252897614
22.965483903884888,0.008373552256167259
22.98137092590332,0.01091311864151533
22.99736595153809,0.007086259049828466
23.01258158683777,0.001113323951986667
23.028602123260494,-0.00033067406079517053
23.0439977645874,0.003393940170659685
23.05955195426941,0.006597146582927869
23.07555389404297,0.0052668857984185195
23.09077477455139,0.0021944196988742995
23.10678458213806,0.0023785650144947054
23.122890949249268,0.005594236342524591
23.13891816139221,0.00675713038684868
23.15485692024231,0.0033530381800011715
23.17043375968933,-0.0009222355818748465
23.18648934364319,-0.001572977642075348
23.20250368118286,0.0001669124993896095
23.218501806259155,-0.0006926755099314467
23.2344970703125,-0.005154876471399805
23.250515937805176,-0.008051686929146573
23.266021251678467,-0.004994700932205975
23.281180143356323,0.0011748681476081158
23.29659676551819,0.0037697830992561012
23.31272053718567,0.0011081913787816394
23.32812595367432,-0.0013817569509181297
23.34512042999268,0.0011861817713663993
23.359721422195435,0.0062743917831434536
23.37571740150452,0.007343687456423081
23.392054557800293,0.0029049586339109606
23.407572984695435,-0.0012988815755257252
23.42296886444092,-4.99204270856821e-05
23.43840885162353,0.00431958449100865
23.45441198348999,0.005273121188426947
23.46950626373291,0.001010995386397407
23.485506772994995,-0.0034145254853808114
23.5020010471344,-0.0034472193447519454
23.51832604408264,-0.0012120829429085214
23.534443616867065,-0.001916410351057604
23.54960966110229,-0.006000139745843627
23.56515574455261,-0.008526751209393557
23.581148147583008,-0.0066303516666602995
23.59714198112488,-0.004016942385793313
23.613157272338867,-0.005698165630783896
23.62914037704468,-0.010391743908802764
23.64516925811768,-0.011767943283402145
23.66071844100952,-0.007260672671515291
23.67674398422241,-0.0021029689067243187
23.692277193069454,-0.002526818924078112
23.70827698707581,-0.007194271114859374
23.72427225112915,-0.008741055099857158
23.73941326141357,-0.0035928994258039417
23.754585027694706,0.0032039744131784954
23.769724130630493,0.004671746204702124
23.78570938110352,0.0009731853504290205
23.801708221435547,-0.0013435912095612094
23.81719255447388,0.0014827951345071253
23.83319115638733,0.005611225112318888
23.84922242164612,0.005432215253364892
23.86489701271057,0.0014180765275863586
23.88087248802185,-0.001045003744314378
23.896970987319943,0.00027621314304803347
23.91262149810791,0.001340387082975454
23.928601264953613,-0.001924622994735268
23.944652318954468,-0.007216771261478093
23.96055793762207,-0.008749334970433785
23.976534128189087,-0.005499130840160587
23.9919867515564,-0.0030193572158112095
24.00800848007202,-0.0059407124925679134
24.024004459381104,-0.011457600672091792
24.03998851776123,-0.012964299473968564
24.05554819107056,-0.00900261013694416
24.070852041244507,-0.005267515891523627
24.08687472343445,-0.006908964422716231
24.10222315788269,-0.01166405091376199
24.1173198223114,-0.01314385001870199
24.1333429813385,-0.009594423641819137
24.149353742599487,-0.006021357003250131
24.16536235809326,-0.006905125668308791
24.18098759651184,-0.009793460986942906
24.196970462799072,-0.008755979274785684
24.21336460113525,-0.0029010711765681757
24.22939133644104,0.0019848731456447227
24.24539613723755,0.0011944184598361284
24.260902166366577,-0.0022995795563767302
24.27690100669861,-0.0016148197031542165
24.292927503585812,0.004804712231574712
24.30890536308289,0.01093824279723963
24.323904514312744,0.010863375495314746
24.339905261993408,0.005849870754887769
24.356426239013672,0.0015901131143078412
24.37145686149597,0.00022316796779140152
24.38745784759521,-0.0013718287803546453
24.402594804763797,-0.005233985348164212
24.41756558418274,-0.007994307951061208
24.43367052078247,-0.005445310184547872
24.449597120285038,0.000527722503204037
24.465134382247925,0.0031799946265786325
24.481157064437863,-0.0006016654806446598
24.4971342086792,-0.00605602992923877
24.513136863708496,-0.006615704941875527
24.528745412826535,-0.0022642587110643262
24.54378628730774,0.0010048480393478143
24.55911612510681,-0.00033987752584858574
24.57432794570923,-0.002676861085972519
24.59064793586731,-0.0006287011871310257
24.606687784194943,0.005170367599258977
24.622857570648197,0.008833131023651025
24.638787746429443,0.007366350204433077
24.653813362121586,0.004723594296665148
24.669559240341187,0.006131422966681334
24.685558080673218,0.010777414985912118
24.701554536819454,0.01313863987176754
24.71653938293457,0.01089988006722658
24.732539415359497,0.008118263902946909
24.74725770950317,0.009193690868463287
24.762553691864014,0.012415900025179338
24.778552293777462,0.012447978538831752
24.79383373260498,0.008156320418906023
24.809835195541385,0.004347629584634515
24.825345754623413,0.004734226610336762
24.84139561653137,0.006299526111415213
24.85738730430603,0.0034585398255650227
24.87338590621948,-0.003674216534733806
24.8886296749115,-0.008779665902815191
24.90392541885376,-0.007696085705792851
24.919636011123657,-0.004145770275355086
24.935620546340942,-0.004718768277566201
24.952101945877075,-0.00983158464859253
24.967857599258423,-0.013054601724995726
24.983087062835693,-0.00975596119914925
24.999217987060547,-0.003223491430463799
25.015187740325928,1.7439593787299014e-06
25.03119468688965,-0.001085285376680476
25.047216415405277,-0.0012392308495415678
25.06287360191345,0.0029751969694871263
25.078877925872803,0.007963632138558736
25.093899488449097,0.008138539276245669
25.109778881073,0.003941690047551327
25.125101566314697,0.0013189406324193955
25.14063024520874,0.003375830028111799
25.15576982498169,0.00618854690972719
25.171936988830566,0.004788007748376649
25.187925577163696,0.000663800016809454
25.20292925834656,-0.00015952289753741575
25.218950271606445,0.004073884380544953
25.23493504524231,0.007745772594789395
25.25102972984314,0.005194663709584863
25.26676344871521,-0.001539958985185044
25.28265619277954,-0.0054274423831972545
25.29778933525085,-0.00399879718462378
25.313331365585327,-0.0025052752945781713
25.329307079315186,-0.006248638048783268
25.34448218345642,-0.012743690238138672
25.36034154891968,-0.014716615358223214
25.37635636329651,-0.009940946866385424
25.392338752746586,-0.00437807574989976
25.40833353996277,-0.004244329986863917
25.424339294433597,-0.007787814093233976
25.440231323242188,-0.007875703938815603
25.45695900917053,-0.0017056540468693318
25.473077535629272,0.005529033873905447
25.488399505615234,0.007629370887820029
25.504292011260983,0.005169841014711593
25.520392179489136,0.003653416140748684
25.536402463912964,0.005292844224280072
25.552445650100708,0.00626461101889446
25.56817126274109,0.0030316446834159983
25.583367347717285,-0.0017530224826778898
25.59932589530945,-0.0025411889109498874
25.61532974243164,0.0012087690229718234
25.6308331489563,0.003925568345595272
25.646449327468872,0.0014531573086747104
25.66161608695984,-0.003280453587100611
25.677724599838257,-0.0044349721265170665
25.69371104240417,-0.0013577638327756346
25.709716796875,0.0008287196666438772
25.725725650787357,-0.0011486677888310447
25.741612434387207,-0.003904617467228368
25.75730061531067,-0.002382908778809283
25.773409128189087,0.0025023812447848987
25.788428783416748,0.004705092145529232
25.80440902709961,0.0014923897428077504
25.82042002677917,-0.0023741782800308572
25.83579444885254,-0.0008778272194646984
25.85188126564026,0.004999293609106156
25.86751389503479,0.008438946456037493
25.88361239433289,0.005945042670692388
25.899503469467163,0.002030742238143329
25.91463589668274,0.0030281604706163456
25.93060851097107,0.008539798428493086
25.94672703742981,0.01222272780165363
25.9633948802948,0.010609750530316722
25.978389978408813,0.0076224493585294395
25.99351811408997,0.008663733613183566
26.00949621200561,0.012794734076478635
26.02540111541748,0.013998371515789886
26.041404485702515,0.009641707634917732
26.05811905860901,0.004195985820664083
26.074248552322388,0.003050174385137057
26.090234756469727,0.005207001011076004
26.106237173080444,0.005133907658688529
26.122130155563354,0.0010062468177252275
26.138227462768555,-0.002508436582022869
26.15424132347107,-0.0009480484778551417
26.170048475265503,0.0033917441898984584
26.18604826927185,0.004525951846907974
26.202222108840942,0.001078224122829206
26.21726942062378,-0.0021622214133364473
26.23328447341919,-0.0015959765853065704
26.249269485473636,-0.0002021776613121487
26.26447916030884,-0.002838095429436461
26.28037524223328,-0.008126518920963164
26.296456336975098,-0.009053864323146055
26.312478065490723,-0.002268331614436409
26.32824206352234,0.0066224438286135645
26.34425926208496,0.009502874533564885
26.35976791381836,0.005635764924701449
26.37490725517273,0.001817627320294246
26.390784978866577,0.0029046679508967577
26.40677309036255,0.005823871848978457
26.422872304916385,0.0049254864182082135
26.438035249710083,0.0006033802202770186
26.453712940216064,-0.0011347590829043014
26.469231843948364,0.0026399569698254324
26.485336303710938,0.007335735132706039
26.50123906135559,0.007016360665492034
26.51732873916626,0.002444173888936363
26.53263640403748,-0.0003686266285016133
26.548763751983643,0.0010916480494752969
26.56430220603943,0.002365980145540488
26.5802903175354,-0.0011870104032738792
26.595309019088745,-0.007109707964777805
26.611303091049194,-0.008736192605025148
26.627302169799805,-0.004495384952076323
26.64330220222473,-0.0005106781266442156
26.659327507019043,-0.0024990842123055928
26.67486953735352,-0.007964206000261417
26.690873861312863,-0.00952247445613422
26.706870079040527,-0.004912153883393217
26.72286033630371,2.029720011360609e-05
26.738858699798584,-0.0005901053776145434
26.755024909973145,-0.004660347725898224
26.77066421508789,-0.005287081042724031
26.785665273666385,-0.0005163809927515263
26.800912141799927,0.0039025982725565743
26.81604146957397,0.0026078338027499823
26.832019090652462,-0.0017635250815059935
26.848127603530884,-0.002098285686656446
26.863829612731934,0.0033922169104470042
26.87920618057251,0.008636435284295068
26.895199298858643,0.007831860004827619
26.910242557525635,0.002953696935039621
26.926306009292603,0.0005084888065193236
26.942309141159058,0.0024773412487608653
26.95822525024414,0.0041636474894841975
26.973862409591675,0.0015278418057637151
26.98886799812317,-0.002809267858828371
27.00485062599182,-0.0034822333066606708
27.02085828781128,-0.00039470144858018245
27.036869287490845,0.0008601394559068655
27.0524320602417,-0.003120029446175363
27.06809878349304,-0.008626502901324194
27.083250045776367,-0.009930805020661428
27.09849262237549,-0.007094591563505453
27.1145133972168,-0.005292449946112567
27.13002705574036,-0.0066548700844519405
27.14601731300354,-0.006573118413145853
27.16203546524048,-0.0002601197775804723
27.1774537563324,0.00942251279012906
27.193475246429443,0.014281973285840077
27.209569454193115,0.01089855558774307
27.225560188293457,0.005123996695204054
27.24102544784546,0.004696077133632911
27.25716042518616,0.00953706650445487
27.272717475891117,0.012424495676655462
27.2892644405365,0.008862305816654792
27.3051495552063,0.0028345910335312013
27.321057319641117,0.0010076186137780944
27.3365638256073,0.003696699938402421
27.35236382484436,0.004993397354680895
27.367218732833862,0.0014681577309905523
27.3831889629364,-0.0029910278546238394
27.399184703826904,-0.0028917533996017765
27.415169954299927,0.0009474862592451245
27.431071758270264,0.0025689780543943623
27.446338415145878,-0.0007249105099616628
27.462055921554565,-0.004839268241136863
27.47795391082764,-0.005053062800839253
27.493043899536133,-0.0026852792392109822
27.508238315582275,-0.002591210401751273
27.52422332763672,-0.005398888914957984
27.54021430015564,-0.006166683902314388
27.556336402893063,-0.0017392720880229223
27.57106590270996,0.003905255486252423
27.587213039398197,0.0045712021177890605
27.603195190429688,0.0005011870195751455
27.618349075317383,-0.001658904021160783
27.63436460494995,0.001939100538892337
27.650355577468872,0.006696595964494034
27.66584205627441,0.005647132178481746
27.68185496330261,-0.0008777087166078491
27.697856426239014,-0.005358688836283055
27.713850021362305,-0.0029543910034452734
27.72994303703308,0.002305198082587134
27.745837926864624,0.0032538759265235565
27.761544227600098,-0.0008937533897622569
27.776806831359863,-0.004261246688428134
27.791942358016968,-0.003148430077880781
27.806803464889526,-0.0012645095860147212
27.821807861328125,-0.004044139184201755
27.83725881576538,-0.010329138595118645
27.8525664806366,-0.013464404485174157
27.868441820144653,-0.010480268313491373
27.884439706802368,-0.0064301141788702994
27.90042471885681,-0.007606621614225959
27.916422367095947,-0.012969429353776747
27.93143916130066,-0.01568549640842825
27.94743061065674,-0.012562161499437167
27.963154315948486,-0.008200867693467312
27.979124784469604,-0.00824271444273188
27.99412417411804,-0.011407103771393005
28.009706258773804,-0.011582331241729232
28.024696588516235,-0.006890073725299882
28.040691375732425,-0.0027184958458175133
28.055972814559937,-0.004258444102678644
28.071525812149048,-0.009012660757521933
28.088021755218502,-0.009940689453576537
28.103041648864743,-0.00499858144935047
28.1180682182312,0.00017845153471272878
28.134058952331543,0.0001193422387150856
28.150063514709476,-0.0031441974500337746
28.165891647338867,-0.0034396896852721516
28.1818585395813,0.0004379793966210032
28.197874069213867,0.0028940747182170405
28.213860750198364,-0.00037955725790243897
28.22987651824951,-0.005883215500229525
28.245874881744385,-0.006748774871713181
28.26086568832397,-0.0021398273546506287
28.27617907524109,0.0014455976516550126
28.291504621505737,-0.0011272161723086278
28.307637453079224,-0.006823191548294403
28.323292016983032,-0.008730033833661475
28.339223861694336,-0.005330656165969126
28.35530138015747,-0.00198457190061079
28.37086606025696,-0.002943877619891677
28.38587713241577,-0.005395353401247959
28.401880025863647,-0.0038744200629758367
28.416863918304443,0.0014334778030281655
28.43300557136536,0.004489133764161504
28.44901704788208,0.0017652429731805316
28.464213609695435,-0.002551672575172007
28.48021674156189,-0.001954914074907747
28.496225595474243,0.003745278341331049
28.51221609115601,0.00840510654264745
28.52743673324585,0.007955504669967249
28.54351019859314,0.005406347587215836
28.55954647064209,0.005708779330718568
28.574825286865234,0.008193361353058384
28.59034466743469,0.007601993074233644
28.606419563293457,0.0022810687447167906
28.62140846252441,-0.0023655275736463696
28.63741374015808,-0.0005850675575546382
28.65333104133606,0.0058752654076447315
28.6687273979187,0.009751563263899086
28.68470978736877,0.007509692881797302
28.70082116127014,0.00322272297126203
28.716816425323486,0.0020880472545657903
28.73271489143372,0.0031195334598404286
28.74883270263672,0.0013702930609046933
28.764440536499023,-0.0038493904248177377
28.78031873703003,-0.006967458208683018
28.795814037323,-0.003613777122153928
28.811817407608032,0.0029716696917474706
28.827813863754272,0.005904636389021977
28.843815565109253,0.003681601205409244
28.85864472389221,0.0017268064455896364
28.87419986724853,0.00445494803489102
28.88933277130127,0.009146562643571004
28.90532350540161,0.010142434744061252
28.921294689178467,0.007102859500369355
28.937328577041622,0.00541440411973013
28.953211069107056,0.008240813323823641
28.968721628189087,0.011780714653540022
28.98472571372986,0.010675196882639772
28.99985408782959,0.0058318002654408905
29.01583433151245,0.0033167588825032896
29.03084206581116,0.005705094823329758
29.045851230621334,0.00820292726401924
29.06187891960144,0.005285762165130773
29.0774929523468,-0.0013456435425836738
29.09275197982788,-0.004844014618263287
29.108656883239743,-0.0026784864414947885
29.124022722244263,-0.0002554290300366916
29.13932490348816,-0.0034514209080610944
29.15545129776001,-0.01035341059474562
29.17114520072937,-0.01370410634483324
29.18718695640564,-0.01061732031320629
29.203083753585812,-0.006077573298095326
29.219078063964844,-0.005618933397100171
29.235200881958008,-0.0076997381566170815
29.25044894218445,-0.0064221395051006335
29.265932321548465,-0.0004884737921371255
29.281943559646606,0.004426815867210481
29.29793119430542,0.0032969469640190974
29.313934326171875,-0.0013351127569715179
29.32994294166565,-0.002841654328275031
29.34589672088623,0.0004651552722082239
29.361196041107178,0.0033495733781162473
29.37678050994873,0.0013725571921637983
29.39299702644348,-0.0026359280960603255
29.409017324447632,-0.002507101005377709
29.42501735687256,0.0024778601640826877
29.44100260734558,0.006357403803802305
29.456143140792847,0.004590948717817016
29.47172498703003,0.0001481718695417562
29.48770427703857,-0.0008949605921786095
29.503607034683228,0.002006775251125798
29.51859664916992,0.003141736694166953
29.53379487991333,-0.0012602018200171088
29.549951791763306,-0.00740389303049693
29.565672159194943,-0.00886017657816194
29.58056926727295,-0.005379296905577751
29.59667444229126,-0.0034089991236781222
29.61258292198181,-0.007397521928860866
29.62819504737854,-0.013577004832169188
29.644206285476685,-0.014647435969179144
29.660206079483032,-0.009052865541136258
29.67590022087097,-0.0024541470502305674
29.69187903404236,0.0001986956917342424
29.70686411857605,0.0008037783001547407
29.722134113311768,0.004091948293471394
29.738187789916992,0.009531536641802639
29.754099130630493,0.011033962503668133
29.76965713500977,0.005335421101471392
29.78505635261536,-0.00251670195379954
29.801071166992188,-0.004588810229099082
29.817057847976685,0.00042254457025010534
29.83218598365784,0.006130476414804438
29.84816598892212,0.007072816882328767
29.863744974136356,0.005289921505434775
29.87915873527527,0.006294791270140314
29.89515709877014,0.010616565237315795
29.911235332489014,0.012939415484773913
29.92627191543579,0.009833463412268267
29.94226861000061,0.004863541541333796
29.95725917816162,0.003661260974783599
29.97304606437683,0.0059153362430340185
29.989073514938354,0.005760166006737134
30.00508737564087,0.00020094198906293707
30.02107524871826,-0.006253936536004828
30.036577939987183,-0.007331099252515941
30.05258417129517,-0.0031019314910926835
30.06814193725586,0.000738237938915287
30.083160877227783,0.0010267475354270722
30.099164962768555,0.000992389812972034
30.11513996124268,0.004587943080388518
30.13024377822876,0.0098448783520177
30.14625668525696,0.011120219121674055
30.161482095718384,0.007220409662935948
30.176617860794067,0.00369619619826134
30.19282579421997,0.005583903460405163
30.20885705947876,0.010466159917556679
30.224856853485107,0.011667279045808809
30.240859270095825,0.007396688515242949
30.255924940109253,0.0032207250887815344
30.271514892578125,0.004416931399961786
30.286956310272217,0.008857035036384554
30.30298066139221,0.01023171235397146
30.3189594745636,0.006826298342453005
30.334959268569943,0.0033963385934641394
30.35102891921997,0.0037750491051720134
30.366620540618896,0.005104951060149038
30.38262295722961,0.002055422854741097
30.398577451705933,-0.0051187585126220405
30.41409420967102,-0.01038757708236056
30.43009901046753,-0.009996250123772928
30.446094512939453,-0.0072476171457630705
30.462183475494385,-0.0072177701941790575
30.477806091308597,-0.009146620147440632
30.492826223373413,-0.007648950604688675
30.508819580078125,-0.001132078203643359
30.5247585773468,0.004825991604469959
30.54003667831421,0.004469698265587473
30.55518341064453,-0.0002649539595907134
30.57076048851013,-0.0021538481395024546
30.586662769317627,0.0016351501533869665
30.60265254974365,0.00580148654876806
30.61866307258606,0.00425282308669264
30.63382339477539,-0.0015529759371772662
30.64978289604187,-0.004639808725014851
30.664923667907715,-0.0019472528774018855
30.68069291114807,0.001852344580079295
30.696696996688843,0.0011482264927088186
30.712008237838745,-0.002911986676774129
30.72728180885315,-0.004470470021353402
30.74326491355896,-0.0015369481147726799
30.759343147277832,0.001157778118218195
30.774965286254883,-0.0010659653452503182
30.791035890579224,-0.006223552275669627
30.806982040405277,-0.00860703458716168
30.822977781295776,-0.0069177050196981595
30.838977575302124,-0.005833978967793912
30.85498309135437,-0.00878543393113277
30.8696813583374,-0.012472962881172084
30.88571238517761,-0.011330871567335648
30.90172028541565,-0.005833760597786648
30.91773056983948,-0.0026414279457327985
30.9337420463562,-0.005742374150461623
30.94973373413086,-0.010601542324731476
30.965754747390747,-0.009712368535786114
30.98126792907715,-0.0024450446730205576
30.99728012084961,0.003997580697126087
31.013266563415527,0.0037859742164779585
31.029278993606567,-0.0005463328503319677
31.04528498649597,-0.0023933543028139153
31.061318159103397,-0.00019669063193041795
31.07687449455261,0.0012369876099823172
31.091959953308105,-0.0015210544253193674
31.10796284675598,-0.005125241515649921
31.12360620498657,-0.0041305348605172165
31.13958978652954,0.0010263903134832978
31.15571546554565,0.004213565649032654
31.171114683151245,0.001833993680693226
31.187235116958615,-0.002414744964089612
31.20321798324585,-0.0028865985733395735
31.21911859512329,0.00011215380629536927
31.234228372573853,0.0009042298561931967
31.250227212905884,-0.003446280378394448
31.265352725982662,-0.008936434060535889
31.280893087387085,-0.010141928285313587
31.296801328659058,-0.007585323459882991
31.312906980514526,-0.0066531789938651656
31.32880067825317,-0.009791176752586655
31.344919443130493,-0.013104961062024247
31.360524892807007,-0.012070368458813437
31.37623691558838,-0.008055132995835095
31.39213395118713,-0.0062586787232718774
31.40824556350708,-0.00799361986420253
31.424236536026,-0.008442749452380872
31.440147399902344,-0.003408664742018213
31.456182718276978,0.004231368209169794
31.47177243232727,0.0075835688717926265
31.48775315284729,0.004473003080114654
31.50374317169189,5.763959321524142e-05
31.519752740859985,-0.00016311535316262948
31.535743951797485,0.0027445931866799797
31.551753520965576,0.0036822418815002688
31.56827664375305,0.0014649465541270298
31.584300994873047,0.0006012696387052199
31.60028648376465,0.004323678189561303
31.61630153656006,0.009024825640468644
31.632283687591556,0.008483514973777261
31.64828372001648,0.0023416215445786538
31.66421484947205,-0.0030469009190226192
31.679831981658936,-0.002841917875577878
31.69583249092102,0.00022507870756407382
31.711256980896,0.00023150456893530555
31.72727060317993,-0.003428900858939184
31.74325442314148,-0.005403884126836219
31.75929546356201,-0.002335935999290682
31.774847984313965,0.002087662214350508
31.78984832763672,0.0022831588226685587
31.80597257614136,-0.001211228842618141
31.821961879730225,-0.0023426194830015058
31.837949752807617,0.00197777587077562
31.8540723323822,0.0074905375698647
31.869707584381104,0.008484572818081605
31.88499879837036,0.005623211453006158
31.900992155075077,0.004661168587691559
31.916974306106567,0.007936227198810722
31.93198800086975,0.010758224773788194
31.94699239730835,0.00794076278803646
31.96301889419556,0.0013801639160230706
31.978580236434937,-0.002074602339133488
31.994568347930908,0.0002749739673458861
32.01055550575256,0.0034522573206910933
32.026578187942505,0.0017361823431556985
32.04255247116089,-0.003564071719497737
32.05857801437378,-0.006189447806846567
32.0740921497345,-0.0037952786083814477
32.08934760093689,-0.001165905724435549
32.10535740852356,-0.0033541732171824077
32.121346950531006,-0.008397353893407624
32.13651514053345,-0.009791406571078205
32.15251040458679,-0.005266613181413248
32.169042348861694,0.0002659044855040072
32.18410587310791,0.0014425696995533262
32.199705362319946,-0.000696906599237013
32.21571373939514,-0.0010292286102781237
32.231717586517334,0.002002333217758519
32.24690532684326,0.0044760972485342
32.26192045211792,0.003218043874428012
32.27782988548279,0.0007846282102542236
32.2938027381897,0.0018189023014288253
32.30970311164856,0.0060652044132128765
32.32574152946472,0.008298192748826833
32.341801404953,0.005548991275614667
32.35693001747131,0.0014399191550258047
32.37305927276611,0.0013199906194252976
32.38795351982117,0.004862996859648977
32.40296459197998,0.006478093528402739
32.41896629333496,0.0029768076001963567
32.4339656829834,-0.002201482594985383
32.449971199035645,-0.003978200295490121
32.46698451042175,-0.0026129956791141095
32.48152446746826,-0.002767609396273129
32.49765372276306,-0.006108211400673774
32.5135223865509,-0.008164442107242598
32.529627323150635,-0.004238582778722552
32.545530557632446,0.0036636392337973476
32.56153416633606,0.008655172837833788
32.57730436325073,0.007462062587354449
32.59224796295166,0.004318622324923525
32.60818028450012,0.005070835638958463
32.62422156333923,0.009449598722106359
32.640305519104004,0.011839710413633322
32.65640044212341,0.009236845005930389
32.67260265350342,0.005360641719221012
32.68853950500488,0.005383609401677871
32.70449924468994,0.00876482441211993
32.72019696235657,0.010144136916009051
32.736183643341064,0.006886217118411778
32.75217962265015,0.0026576057366818227
32.76815485954285,0.002150941519618107
32.7839195728302,0.004547725006858641
32.799912214279175,0.004965313775081558
32.815510272979736,0.0017164460135247759
32.83095169067383,-0.0010785363855135815
32.846967458724976,0.0006361441214285529
32.862242698669434,0.004836043504879298
32.87782669067383,0.005983469616937104
32.89384078979492,0.0027809011194813845
32.909827709198,0.00016027127875203624
32.925827503204346,0.0024270832638183526
32.94181275367737,0.006956893559371491
32.95684576034546,0.007394020265530485
32.972947120666504,0.0022779026681159094
32.988348960876465,-0.002634050720270397
33.00348138809204,-0.0016493798641548456
33.01884174346924,0.003696716691174066
33.03392195701599,0.007034409558644043
33.0499587059021,0.005455397135990137
33.066044330596924,0.0023575520485424836
33.081132650375366,0.00160773316111927
33.09686517715454,0.0019518920935548685
33.11284041404724,-0.00035324158454353403
33.12873816490173,-0.00499667029188049
33.1448438167572,-0.007214697219673761
33.15976333618164,-0.004514290685321328
33.17516660690308,-0.0007744566917962342
33.191163778305054,-0.0013404324983697018
33.20716714859009,-0.005634580814125271
33.22335767745972,-0.007768910823792425
33.239378690719604,-0.004633493178454467
33.254690408706665,-0.00029634256414718405
33.27022123336792,-0.0004566530284264383
33.28570795059204,-0.004538704115896169
33.30171465873718,-0.006439982018281125
33.31783437728882,-0.0029848162118187756
33.33383655548096,0.0016062967236649662
33.34982109069824,0.0014255848119298148
33.36577868461609,-0.0031315210022889815
33.38048958778381,-0.006073197843462388
33.396382093429565,-0.004057955479450102
33.41238641738892,-0.0006638988508489861
33.42838215827942,-0.0009367720066063459
33.44438362121582,-0.004110799459300743
33.460386991500854,-0.004782698288698618
33.476272106170654,-0.0007634356626892592
33.49229049682617,0.0035847883941376077
33.50778245925903,0.0032868784888562324
33.523677587509155,-0.00037658354203067533
33.53968000411987,-0.0017316257207968088
33.55579233169556,0.0013114402763903356
33.570953369140625,0.004360295879815748
33.58657097816467,0.0027772321674148256
33.60146713256836,-0.0017098127984262815
33.61659026145935,-0.003306360623276586
33.63257575035095,-0.00015138238800928901
33.64857363700867,0.0031500344121909675
33.66348099708557,0.001920104188366969
33.6791615486145,-0.00227992493811731
33.69429016113281,-0.0041467268691771225
33.710166692733765,-0.0021667628865190934
33.72615718841553,-0.00043891737406254606
33.74218416213989,-0.002372580087891875
33.75821900367737,-0.00547221371847589
33.77365255355835,-0.004772964251878144
33.78863716125488,-2.1941832288836956e-05
33.80398917198181,0.003718355290081201
33.819982051849365,0.003020457730429379
33.83599662780762,0.0007699355444992584
33.851983308792114,0.0018623225557471614
33.868022203445435,0.005949512712020046
33.88358402252197,0.007594051965509895
33.89958667755127,0.0038367425925792905
33.91561269760132,-0.0013529796282784647
33.9306275844574,-0.0020988287478369873
33.94662928581238,0.001695389064865301
33.96209239959717,0.004535505949070886
33.97772145271301,0.0030158476985109877
33.99362230300903,0.0002634832096678544
34.009626388549805,0.001068536055053416
34.025622844696045,0.004716733925654493
34.0416214466095,0.00575747976977374
34.0569064617157,0.0017657836097664946
34.07306361198425,-0.0028110537171014576
34.089043617248535,-0.0023871812726295088
34.10430431365967,0.002113644493985158
34.12030243873596,0.004264778820624696
34.13628816604614,0.00064774119287366
34.15230226516724,-0.0045907065914398545
34.16867280006409,-0.005276837552927582
34.18380928039551,-0.001260971390501315
34.19981122016907,0.0018958012550041431
34.21579885482788,0.0008566616201768941
34.23192834854126,-0.0011044860282252386
34.24793076515198,0.0007643500173563234
34.26404333114624,0.0055400564183997565
34.279468059539795,0.007714180609752397
34.29448103904724,0.004993775676129469
34.310487508773804,0.0016755874927885678
34.32647895812988,0.0026911892144300016
34.34179639816284,0.006692633144038148
34.35724854469299,0.008019401296993706
34.37278366088867,0.004869271378665669
34.38881325721741,0.002101360147058642
34.404102087020874,0.004491613838769772
34.419305086135864,0.009729251176943612
34.43485736846924,0.011071909404461618
34.450796127319336,0.006288587791354539
34.46683359146118,0.0006856758614733179
34.482401847839355,1.0731835384707525e-05
34.4977068901062,0.002962863255292374
34.51370477676392,0.003573195200308289
34.52970552444458,-3.751792829598689e-05
34.5456907749176,-0.002941670225539858
34.56173324584961,-0.0005936556416138872
34.577263832092285,0.004334533926914932
34.59323239326477,0.00533317878023717
34.60912275314331,0.0009785362885607425
34.62425494194031,-0.003231247275437091
34.6402382850647,-0.0026897851828375408
34.656240701675415,4.02278708927983e-06
34.67279410362244,-0.0008497740429419878
34.68811821937561,-0.00551842308962355
34.70411038398743,-0.008176669066050196
34.71909546852112,-0.005186179198046326
34.73510003089905,-0.0005549600800597975
34.75109839439392,-0.0006476916330443168
34.76714015007019,-0.005400415306407239
34.78242897987366,-0.008400522887640711
34.79842734336853,-0.005849348207963953
34.81444501876831,-0.001895448622510459
34.83043122291565,-0.002823463696621441
34.84544277191162,-0.008188222953420518
34.861470460891724,-0.011283827821109153
34.877044677734375,-0.008287688273282233
34.893036127090454,-0.0033621097063107393
34.908241510391235,-0.002766447437953434
34.92423939704895,-0.00637927102915246
34.94025444984436,-0.008409936129594191
34.95625638961792,-0.005935514091362272
34.97227191925049,-0.0029557514688737813
34.98782658576965,-0.004321765317880881
35.0038115978241,-0.008467922338832482
35.019814014434814,-0.009513642407426262
35.03494477272034,-0.005744576410545409
35.05081653594971,-0.002242973319931578
35.06623387336731,-0.0037678294333009232
35.081419706344604,-0.007949459528787946
35.09740328788757,-0.00852688550852778
35.11341834068298,-0.004186314583389528
35.12877702713013,-0.0006127905085883151
35.14478898048401,-0.0027912509693090405
35.16081786155701,-0.008156934681390813
35.176745891571045,-0.010028744331834536
35.19273042678833,-0.006553296672159078
35.20872950553894,-0.0029246161973897913
35.22571635246277,-0.004153208095358024
35.24071907997131,-0.008650492367795345
35.256715536117554,-0.01125337658796502
35.27185297012329,-0.010718605687420741
35.28764510154724,-0.010684237479250612
35.303637981414795,-0.013048971892274934
35.3196234703064,-0.014005779404013454
35.33567261695862,-0.009114869437740484
35.35081887245178,-0.00036768708474789035
35.366694927215576,0.005237968039780254
35.38273501396179,0.004277919708393728
35.39834952354431,0.0009914384438322187
35.41448998451233,0.001232965922156385
35.43036866188049,0.00466595153067768
35.446361780166626,0.005907333615793657
35.461379528045654,0.0027041904331311147
35.4769229888916,-0.0005847265666573645
35.49291515350342,0.0008192924462189486
35.50891971588135,0.005038005796088242
35.52490592002869,0.005736709570789152
35.5409038066864,0.0007599107176330337
35.556902170181274,-0.004771051076927281
35.57215094566345,-0.005258284369865191
35.587477922439575,-0.001938814462615897
35.603493213653564,-0.0006859069835386394
35.61878180503845,-0.0035990842160976665
35.634780168533325,-0.006234829432765686
35.65077900886536,-0.004188503477316256
35.666789293289185,0.0004706921894064523
35.68237042427063,0.0020595545612509163
35.698357343673706,-0.0006666182697538676
35.71336030960083,-0.00276189452703853
35.72937560081482,-0.00021682091084643425
35.745368003845215,0.00414364361844554
35.76137971878052,0.0045200543130186
35.77682375907898,0.00044379983506849865
35.79315495491028,-0.0023135345347556845
35.80869650840759,0.0002485613364390099
35.82470083236694,0.004638497300257205
35.8401563167572,0.004594912306441159
35.85615611076355,-0.00028965927211678337
35.87218761444092,-0.004084298899603146
35.887752294540405,-0.002735256430681975
35.903761863708496,0.0006095637985911876
35.919762134552,0.000491810054255218
35.93576383590698,-0.00291201178676608
35.951762437820435,-0.00416358233290711
35.967100620269775,-0.0006637478468701193
35.98348546028137,0.003230627866530656
35.99848651885986,0.002171498486006358
36.01447939872742,-0.0025183026239960597
36.030492305755615,-0.004554836626271265
36.04647850990296,-0.0016262256037560294
36.06150412559509,0.00107294547587778
36.07739734649658,-0.001995718357013931
36.09338355064392,-0.008608925937491962
36.10852837562561,-0.011145900652111292
36.12450838088989,-0.006532658933643232
36.13939619064331,-0.00032300042198379723
36.15539789199829,0.0006508016521072648
36.17141079902649,-0.002915117179092897
36.18711638450623,-0.004340052621319555
36.20212745666504,-0.0003760359540751577
36.2181293964386,0.0045660789110664735
36.23413348197937,0.0048921206484068645
36.25023531913757,0.0016283606792195176
36.266342639923096,0.0006545401955867687
36.28162908554077,0.004097645132231356
36.29691815376282,0.007158368167003341
36.31190466880798,0.0048908570535173695
36.32790207862854,-0.0005786568474237756
36.343912839889526,-0.002605430504267158
36.35991597175598,0.0010666688590494165
36.37644815444946,0.0053701780579748695
36.39247179031372,0.00497446738627942
36.40850806236267,0.0014752917915409288
36.424599170684814,0.0007884893289067923
36.44058275222778,0.004579697372275674
36.45657467842102,0.007824154303991922
36.472578048706055,0.005920204076920781
36.48828363418579,0.0013789346192439353
36.5041823387146,0.0006264523757175205
36.51993131637573,0.005187025494844282
36.53591537475586,0.009421911616819233
36.55191445350647,0.008054564992084639
36.5679771900177,0.0032093749304788533
36.58322930335999,0.0013346639550282976
36.59923005104065,0.00436315064445535
36.61522006988525,0.007359275584578799
36.63121938705444,0.005735130225129511
36.64731168746948,0.0017709518739084094
36.66337060928345,0.0013367488690115476
36.67920160293579,0.005614744250550699
36.695194244384766,0.009545545919326538
36.71110129356384,0.008990436918135081
36.72709250450134,0.006254444254749251
36.74210691452026,0.00620999828918718
36.758095264434814,0.008849637898099567
36.77311658859253,0.009128648823432822
36.78827929496765,0.004414141532020965
36.80427551269531,-0.0010918432924813676
36.8202908039093,-0.0014693010488348456
36.83629035949707,0.0030820811079296153
36.852277517318726,0.006413566433746623
36.86832165718079,0.004428931678934821
36.88384819030762,0.00010723802767805164
36.89981508255005,-0.001043697608909236
36.91581845283508,0.0014350849951841414
36.93150067329407,0.0027957892217838577
36.94740295410156,0.0002622346985666829
36.96328592300415,-0.002780535070240126
36.97870326042175,-0.0016033563937428701
36.99470353126526,0.002866415361766507
37.01019644737244,0.004957500419231673
37.025922536849976,0.0020652610938834692
37.041916608810425,-0.0015869976914659682
37.05781698226929,-0.0007211491010482348
37.07383704185486,0.003605714581716846
37.08993744850159,0.00533920801571082
37.10536932945252,0.0017205763646552575
37.12055921554565,-0.002946369086001269
37.13642644882202,-0.0032134358605523062
37.15182590484619,0.00022566691968673152
37.167837142944336,0.0019258270417734378
37.18355941772461,-0.0005065219935368268
37.19955825805664,-0.0033302741150007635
37.21557068824768,-0.002432074887655874
37.23157024383545,0.0006282646093882785
37.247557401657104,0.0010453201684446024
37.26359748840332,-0.0020102824083998976
37.27910161018372,-0.0040589893354577985
37.29511308670044,-0.0019176053556087982
37.31109976768494,0.0014432123715125535
37.32711338996887,0.001103879557095556
37.34311366081238,-0.0024531432794179598
37.35861825942993,-0.0036439387184543782
37.37403225898743,0.00028662812710440744
37.38970446586609,0.004870377095538223
37.40510129928589,0.004102038061982767
37.42045164108277,-0.00133557650343468
37.43645834922791,-0.004647103874458618
37.45247077941895,-0.0017262753845682989
37.46849822998047,0.003601596659604527
37.4840395450592,0.004812690728509268
37.49946594238281,0.001138290779198932
37.51480221748352,-0.0021222370318869184
37.53090691566467,-0.0013977310743062562
37.54679751396179,0.0003420109217315394
37.5628125667572,-0.0016568661978264825
37.57834792137146,-0.006625111289132282
37.594369888305664,-0.00898874111277613
37.61036443710327,-0.006207874978010329
37.62638187408447,-0.0025929307044777364
37.64236307144165,-0.00351788045268394
37.658365964889526,-0.008009783306644654
37.67437362670898,-0.010089708406469836
37.68967580795288,-0.006998869333810016
37.7056667804718,-0.0027905036605649545
37.72167730331421,-0.0023508726565743205
37.73767590522766,-0.004455615758858488
37.75366497039795,-0.003790081169602442
37.76968598365784,0.0009685337044408769
37.7852771282196,0.004662584519484198
37.801278591156006,0.0025881312625740194
37.817278146743774,-0.002686003872698404
37.833261013031006,-0.004208254403067754
37.84926652908325,0.0004986904816041311
37.864710330963135,0.006497997985140178
37.88083100318909,0.008116545012656734
37.89683437347412,0.00592929314007336
37.91192126274109,0.004779944011304367
37.927814245224,0.006271994496930594
37.943865060806274,0.006621135222749792
37.95885705947876,0.002716884589071226
37.97496485710144,-0.002605983544322005
37.991135120391846,-0.0038804446159537297
38.00712037086487,-0.00033964216141572825
38.02311849594116,0.0030634448310857543
38.03912663459778,0.0023210291635518947
38.05512595176697,-0.0007069643103148658
38.0702338218689,-0.0018324699329144878
38.08593702316284,-0.0010538269686824787
38.10193395614624,-0.0024200764614234213
38.11710047721863,-0.0074425097584632696
38.13314604759216,-0.011810623770758283
38.14909863471985,-0.01062367460350818
38.16514086723328,-0.005107785571771254
38.1806914806366,-0.0013289967128151429
38.19670224189758,-0.002352397339504213
38.211955070495605,-0.004403274162969718
38.22709393501282,-0.0022112486764613876
38.2429735660553,0.003736573629530981
38.25898194313049,0.007783594825982707
38.275001764297485,0.006553500156351057
38.290780544281006,0.003088555690864174
38.305776596069336,0.0022745356061570255
38.32179307937622,0.004159394859531103
38.33710408210754,0.004416790183332819
38.35311126708984,0.0009970901719135346
38.36914253234863,-0.002625112335029717
38.38472104072571,-0.0022265992068674217
38.40072202682495,0.001154217406393837
38.416712284088135,0.002526600929264207
38.43198871612549,-0.0001426999882847592
38.44726157188416,-0.003045359529273059
38.4632785320282,-0.0017890071367685015
38.47985792160034,0.0024069627162288222
38.49487805366516,0.004176021370610327
38.51087212562561,0.0012012683435573897
38.52605080604553,-0.0026962549572746453
38.542022705078125,-0.002749479658068507
38.55802321434021,0.0005090584382609238
38.574042320251465,0.0024500559784528847
38.58987736701965,0.0009777409402332649
38.60537266731262,-0.0008762287353094506
38.62134575843811,0.0002040610663388608
38.63651776313782,0.0028676965481320774
38.652525186538696,0.003303414594789447
38.66852355003357,0.0012119382244232674
38.68380904197693,0.0005012814363004896
38.69979357719421,0.003399860365167464
38.71514964103699,0.006597375561793732
38.73013520240784,0.0054571112236243184
38.74614930152893,0.0006836955139757359
38.76217412948608,-0.0021434528653498457
38.77817344665527,7.030248957410126e-06
38.79370641708374,0.0033706236547185265
38.80903577804565,0.002411712170906786
38.82503437995911,-0.0025477718331303953
38.84103345870972,-0.005603999999921897
38.85623383522034,-0.003242049237817856
38.87186884880066,0.0008680862590847264
38.88800740242005,0.0008505500776816164
38.90403461456299,-0.003454982874143261
38.92003536224365,-0.0064509533240034184
38.93507981300354,-0.004474470903405139
38.95063495635986,-0.00048876675108277
38.96673655509949,0.0005076597608536875
38.98245620727539,-0.0014023109463596464
38.99845194816589,-0.0014941055449595882
39.014477491378784,0.0023706540611760623
39.02947807312012,0.006132351916512038
39.04535508155823,0.0048820222157073415
39.0606050491333,-0.00010375337714445439
39.07665777206421,-0.0025120375956965714
39.092095613479614,0.0009273072101151037
39.10813164710999,0.006269573380034822
39.12419700622559,0.007727361871330555
39.13947367668152,0.005262836320735914
39.15447115898132,0.004112833931055737
39.16965985298157,0.007115275866655829
39.1850962638855,0.010574904702667458
39.20112943649292,0.009355014815003476
39.21615767478943,0.004037172140874944
39.23151779174805,0.00019688407969784038
39.24664258956909,0.0008566134058873836
39.26266431808472,0.00259987008442739
39.27885890007019,0.0006313319169167415
39.29455614089966,-0.004375693918945018
39.30955624580383,-0.007153292726644771
39.32481980323792,-0.005066340907734389
39.3408362865448,-0.0015551827563644565
39.35683369636536,-0.0011713988176051135
39.372260093688965,-0.0034038599482168743
39.38777160644531,-0.003941596812622079
39.40277099609375,-0.001260412111034751
39.41797423362732,0.0011095597233754249
39.43298411369324,-7.762050973910296e-05
39.44896650314331,-0.00260753581226712
39.46496534347534,-0.0014964667017607178
39.48165035247803,0.003920927954699619
39.49753999710083,0.008448569513274926
39.51355004310608,0.007510406158449709
39.52912259101868,0.0030506025831109644
39.54421067237854,0.0009247905380229825
39.55988049507141,0.003395668104053
39.57564377784729,0.006819584440675417
39.5908522605896,0.007224516995048074
39.60684466362,0.005690318615198088
39.62235045433045,0.0061932973327624655
39.63778281211853,0.009448845020347329
39.65278363227844,0.011735895371533373
39.66922950744629,0.010232353258072535
39.68415355682373,0.006989144017905604
39.69915366172791,0.005780080176594137
39.71615242958069,0.006490324325312212
39.73115563392639,0.005348837985494504
39.74715566635132,0.0008789298417018437
39.76231122016907,-0.0030259931230601222
39.77839660644531,-0.0017847067879461502
39.79391694068909,0.003480803623994966
39.809922218322754,0.006722196839518761
39.82544493675232,0.004277859567246511
39.841535329818726,-0.0008312610104769095
39.85753679275513,-0.0031942806413969476
39.87303519248962,-0.0019336033006373621
39.88864588737488,-0.0010225014985569172
39.90436959266663,-0.003076230053739671
39.9203245639801,-0.005552525407532189
39.9353289604187,-0.004548709761427118
39.95133256912232,-0.0005923303852130492
39.96737241744995,0.0018168264752871552
39.98300838470459,0.0002256212728262751
39.99899697303772,-0.0026209993851096973
40.01499795913696,-0.0027608365871099366
40.03012371063232,-0.00041952249670399854
40.04596877098084,0.000669414478012274
40.06195831298828,-0.0011240060820781944
40.077965259552,-0.002815506071697378
40.09363865852356,-0.0009587193576128215
40.109644174575806,0.0034332604468634217
40.125648736953735,0.0061633076866995685
40.14163637161255,0.005477639259792178
40.1566424369812,0.0040712124081470884
40.172701358795166,0.004802798601103455
40.18819427490234,0.006518846999925752
40.20423245429993,0.0060831687701458975
40.220229387283325,0.0035051574038729126
40.23623037338257,0.002420525345724349
40.25222992897034,0.004960054323334847
40.2682032585144,0.00837403058056085
40.28371787071228,0.008443330883102184
40.29886054992676,0.005010633346717059
40.31477808952332,0.0018988051864314984
40.33072018623352,0.00148493730215665
40.34677004814148,0.00176322914886621
40.36275267601013,-3.3979542335308126e-05
40.377806186676025,-0.002807594039197776
40.39346146583557,-0.002981414285046561
40.409443378448486,-1.1197185310244696e-05
40.42545962333679,0.0022035420855945707
40.44140315055847,0.0004596521359986191
40.45744514465332,-0.003287571655603851
40.47249412536621,-0.004760945723161384
40.48816132545471,-0.0036751566212237918
40.50415134429932,-0.004368954758715653
40.52015161514282,-0.009435295479530318
40.536157846450806,-0.015214433420013943
40.55115270614624,-0.015856947623616603
40.56640791893005,-0.01075571045702279
40.58169627189636,-0.005224954611945451
40.59689784049988,-0.003530281966659365
40.61224317550659,-0.003893818354871621
40.62776398658752,-0.0021264324096818975
40.64288115501404,0.0017130395079519496
40.65874528884888,0.0033520798132552158
40.67391848564148,0.0008700762767262361
40.68940353393555,-0.0019910703910858757
40.70540356636048,-0.0009187874122978661
40.72101545333862,0.0026447623042575347
40.73711919784546,0.003222266516407024
40.753119468688965,-0.0010502701062156824
40.76825428009033,-0.005613380005662558
40.78386616706848,-0.005642514876048331
40.79985475540161,-0.0026171239182586547
40.8158655166626,-0.002065836223119553
40.83102226257324,-0.005676425934083798
40.84703326225281,-0.008910640606382907
40.86302876472473,-0.007469133584832156
40.87938666343689,-0.003435260941563409
40.89500951766968,-0.0024184959829515666
40.91001009941101,-0.005789187949548972
40.926010608673096,-0.009019202139716097
40.94199681282044,-0.008411092086118432
40.95713973045349,-0.0065151008407642735
40.9730339050293,-0.008386653706837477
40.9882595539093,-0.013954471806262664
41.00424742698669,-0.017492220797582444
41.02025508880615,-0.0152388397378871
41.036264181137085,-0.010527830975971247
41.05224537849426,-0.009064924010817432
41.0672562122345,-0.010910359684429076
41.0828104019165,-0.010563587515406099
41.09800338745117,-0.005122297736593055
41.11410665512085,0.001159282403132171
41.12945508956909,0.0026196030970817123
41.145463943481445,0.00011424609416908803
41.16181707382202,-0.0004239350016211432
41.177934408187866,0.003096068403100975
41.192731857299805,0.005609319781241257
41.208717346191406,0.002507230139707684
41.22471499443054,-0.002681112973406583
41.24038314819336,-0.002304111501886298
41.25556707382202,0.004542891227021745
41.271618366241455,0.009694123122432988
41.28717398643494,0.00625436764084746
41.30324244499207,-0.0021197145273174275
41.31859588623047,-0.005902277243857194
41.334595680236816,-0.0022669250053865245
41.35059905052185,0.001579322644661544
41.36577463150024,-0.0011346104473569554
41.38076877593994,-0.0070241182463766354
41.39632511138916,-0.007233245748559049
41.41232705116272,-0.00013866614258557726
41.42833995819092,0.005762053071701111
41.44350075721741,0.0031581434138703893
41.459500312805176,-0.004148453060904428
41.475534439086914,-0.006663706136847475
41.49104714393616,-0.0024911330871238576
41.50705528259277,0.0003021596280310821
41.52205801010132,-0.004213204799802369
41.538498401641846,-0.01050694840452294
41.55418920516968,-0.008922948996871202
41.56927800178528,8.205984929155351e-05
41.58534288406372,0.005208771704606956
41.60138726234436,-0.0007977042411617247
41.61738419532776,-0.010854140692157078
41.63339948654175,-0.012568349197402734
41.64938950538635,-0.004681463956770585
41.66539239883423,0.001699097108547152
41.68050718307495,-0.0011925327937886017
41.69625234603882,-0.0071475151873529865
41.7121102809906,-0.005479042193308591
41.72812533378601,0.0028566797992809275
41.74412345886231,0.005991263155569141
41.76010680198669,-0.0015236326404660092
41.775333881378174,-0.009592025456386651
41.79099750518799,-0.006031560650384339
41.80709290504456,0.005359910302125243
41.82299017906189,0.008489686847509354
41.83898377418518,-0.0027501230967744068
41.854113817214966,-0.0140856032038637
41.86963510513306,-0.008506374039026909
41.88514447212219,0.010135241828292719
41.901140213012695,0.01943431797089225
41.916149616241455,0.005221911511489884
41.9321391582489,-0.02049386495942858
41.9481418132782,-0.03188581693703783
41.96340012550354,-0.015596400076636199
41.9794282913208,0.01830047501578944
41.99481773376465,0.04673881111100129
42.01071524620056,0.05057718599463713
42.0257933139801,0.026774104771281153
42.04168486595154,-0.007979196560384212
42.05721163749695,-0.027767689784887306
42.07239532470703,-0.019876335434403394
42.088032484054565,0.001933968996058542
42.10391306877136,0.011932179738157269
42.119948387146,0.0011423642734093354
42.13595104217529,-0.013977086217197173
42.15196776390076,-0.013715378094979191
42.16696214675903,0.000395423506930356
42.18298935890198,0.00971411071438109
42.19852685928345,0.0039663672699216165
42.21454286575317,-0.006512868827239376
42.2305428981781,-0.006666606551143488
42.24653363227844,0.0026745209435748802
42.26182413101196,0.0074910848108528955
42.277854681015015,0.0011714342962628726
42.29347062110901,-0.006498829732682777
42.30936908721924,-0.0038197203410447298
42.32405996322632,0.0061222469818506126
42.3395299911499,0.010029852061987813
42.35540771484375,0.003242618712819641
42.370622634887695,-0.003919619800438047
42.386701345443726,-0.0010181389191744425
42.40267777442932,0.007509978049128334
42.41825079917908,0.008225490527082312
42.43426251411438,-0.0027565643932161727
42.44964861869812,-0.014156059780646633
42.46567392349243,-0.014333987115263746
42.480772495269775,-0.005975057089456294
42.496042251586914,-0.000992206126255491
42.51202869415283,-0.003711857216906183
42.52802777290344,-0.005933526581893488
42.54403710365296,0.0001421962946549373
42.560033321380615,0.010173265581979084
42.57547950744629,0.013618449089773213
42.59111785888672,0.008426870374494012
42.60790705680847,0.0036174069141461573
42.62303447723389,0.006523309609216503
42.63901710510254,0.012908446795660066
42.65402603149414,0.013483317702865616
42.66923403739929,0.00712080766253802
42.68436408042908,0.002190392530001449
42.70010638237,0.004611721625182486
42.71608853340149,0.009695444498873856
42.73106336593628,0.008993991305094316
42.74657559394837,0.002176048158450219
42.762471199035645,-0.002717989226230532
42.77770090103149,-0.000608253385995292
42.79343295097351,0.003798570876182296
42.809335231781006,0.002909788095506914
42.82475566864014,-0.003310201722649837
42.84074544906616,-0.007921004004691317
42.856754541397095,-0.007037165156714197
42.87285280227661,-0.0046314063197543795
42.88857960700989,-0.0057063128425726755
42.90460324287415,-0.0084063900869812
42.92056107521057,-0.006756477890068301
42.93660998344421,6.795696788331656e-05
42.95152235031128,0.005579202669866876
42.96761178970337,0.004328490851465906
42.98374795913696,-0.0008944471462627638
42.99898314476013,-0.0030317587438420013
43.014976263046265,-0.00014433123854842487
43.029980182647705,0.002797988722736493
43.04591751098633,0.0015206330493882092
43.062002420425415,-0.0018387262246607598
43.07809090614319,-0.0025957961386435992
43.09339046478272,-0.0005153879722736992
43.10938310623169,0.00043472993189750276
43.1254141330719,-0.0013340774994536181
43.1413950920105,-0.002372965071469446
43.15739154815674,0.00040824414821210263
43.17340970039368,0.00438138283992406
43.188913106918335,0.004217708038697029
43.20507025718689,-0.0005868529540749455
43.22102355957031,-0.0045250359936786205
43.23701763153076,-0.0034048106307089216
43.253012895584106,-0.0001441704231755058
43.26905083656311,-0.0007574602069534584
43.28516340255737,-0.005883861112654461
43.300777435302734,-0.009635425483830734
43.31667280197144,-0.007527921437907797
43.33194923400879,-0.00261473078724963
43.34793186187744,-0.0013513740975494137
43.36392545700073,-0.0048971549461358016
43.380037784576416,-0.007787270814239248
43.39531135559082,-0.005579975804800738
43.41120958328247,-0.0007224380200278177
43.42733407020569,0.001316035392286558
43.4432156085968,-0.000198520486908453
43.459309577941895,-0.0007090586194361177
43.475234031677246,0.002475261109590337
43.490869998931885,0.005906618486678995
43.50687217712402,0.00492898448993192
43.52184319496155,0.0007412314804030569
43.53785514831543,-0.0007124565755138182
43.55374360084534,0.0032236290526391244
43.56975078582764,0.008111603149677224
43.58498549461365,0.008233193382097801
43.60070705413818,0.004058285525939976
43.616129636764526,0.0011642661289382036
43.632134675979614,0.0023872845015561603
43.6481511592865,0.004284497304301939
43.66402864456177,0.0025676347306852654
43.680068016052246,-0.0016007025559400525
43.6956148147583,-0.0034382327930900358
43.71161103248596,-0.001549183763131633
43.72681164741516,0.00018722699824210093
43.74278736114502,-0.0015156586704001395
43.75878858566284,-0.004409116683454933
43.77489995956421,-0.00400077148466097
43.7901132106781,-0.0003708964406698798
43.806113481521606,0.001516409704125107
43.82211589813232,-0.0011330697490918992
43.838101387023926,-0.004407639695872016
43.85409998893738,-0.002461754332688017
43.86912274360657,0.004554743867500831
43.88514232635498,0.010256663119031659
43.90067911148071,0.009967707807603234
43.91668963432312,0.006169744872955014
43.93167924880981,0.004326120765662097
43.946805000305176,0.005307398448261823
43.96280336380005,0.005060912984410584
43.97889709472656,0.0015002486408065572
43.99488091468811,-0.0017850220800570134
44.010767459869385,-0.0006114232047352564
44.02589750289917,0.0032764664885100558
44.04187774658203,0.0040021281790140854
44.05787229537964,-0.0003492419814813859
44.07377362251282,-0.004655147990786697
44.08985114097595,-0.0033713010325185965
44.10519504547119,0.002056904273800283
44.12118625640869,0.005189692288351146
44.13717412948608,0.0031590957413085846
44.1530966758728,-8.23818902554274e-05
44.16919946670532,1.8479035127647384e-06
44.18528652191162,0.0020897336255792844
44.20053696632385,0.0016014540799727224
44.21651411056519,-0.0017625663031488482
44.23142623901367,-0.002951509334528506
44.24742960929871,0.001097616849574816
44.26290726661682,0.006342059643243788
44.27893376350403,0.006626004112239853
44.29448199272156,0.0022026722705616123
44.310476779937744,-0.000313693311060431
44.32548189163208,0.003055609797733073
44.34078001976013,0.008026770558953646
44.35577964782715,0.007722776902480636
44.370768785476685,0.0019358284309480152
44.38690733909607,-0.002767958147173721
44.40268397331238,-0.0021313908856192398
44.41867566108704,0.00026040330884917863
44.43466377258301,-0.0013658198168102404
44.45056200027466,-0.006324355478622537
44.46665954589844,-0.008247753490892688
44.48312759399414,-0.004243187118759671
44.49695253372192,0.0006669885654827785
44.512855768203735,0.0003035549962136755
44.52885437011719,-0.0041489640673624375
44.54486036300659,-0.00586606902569712
44.559967041015625,-0.0019321469996549457
44.575971364974976,0.002671567245233655
44.5915846824646,0.0021069579446611844
44.60757756233215,-0.0022858534023446698
44.62371492385864,-0.004202623750563496
44.63870024681091,-0.0014522195156508782
44.65468192100525,0.0011200939181657127
44.67064452171326,-0.0010746915578770415
44.68610215187073,-0.005451376352962578
44.7015266418457,-0.005717855579973437
44.71666073799133,-0.0007956482206027968
44.73268675804138,0.0035799881756413566
44.74763011932373,0.0028622141585725597
44.76263666152954,-0.00016275200408628464
44.77776503562927,0.00013092313413179965
44.79338812828064,0.0035584979315003446
44.809287309646606,0.00385141962749369
44.82454705238342,-0.002522609044487939
44.84003949165344,-0.010738343607571463
44.85602283477783,-0.013299681792382329
44.87115240097046,-0.009488423071580647
44.88724732398987,-0.005707209210049382
44.902780532836914,-0.006321596905325171
44.91778922080994,-0.007697889514289518
44.93378448486328,-0.0037496487177171777
44.949784994125366,0.004669593188481261
44.965800762176514,0.009744457026088166
44.980820655822754,0.006534555075208228
44.996376752853394,-0.00046736563494253385
45.01236367225647,-0.002916012193488183
45.02737545967102,0.0011650689199537469
45.042375326156616,0.005989501910026238
45.057501554489136,0.006546877952913784
45.072845458984375,0.004859952638652481
45.08801341056824,0.005744026114940689
45.103556632995605,0.009009399707765417
45.11942410469055,0.009737909455433038
45.13541269302368,0.0061010414069885685
45.151413917541504,0.0029440005521462293
45.16642546653748,0.005353606546190402
45.18245887756348,0.011079706169929673
45.19793725013733,0.012858123347575773
45.213138818740845,0.007997401233165871
45.22913455963135,0.0021952693948340384
45.24523186683655,0.0021354688161517622
45.261531829833984,0.006691353776578762
45.276691198349,0.008521293674558903
45.2923526763916,0.003787296364621495
45.3083484172821,-0.0031028345637769085
45.32433724403381,-0.005753707600589195
45.34031081199646,-0.004026224893677816
45.35633993148804,-0.0030196444494787205
45.37236952781677,-0.004897546366730097
45.38752818107605,-0.005621805866185116
45.403454303741455,-0.0012514653175544712
45.41956567764282,0.0055280863808375245
45.43556213378906,0.008432672589536182
45.45157432556152,0.006161113382920681
45.46684956550598,0.004257249391072271
45.48281168937683,0.007300979514304878
45.49744534492493,0.012340815561427016
45.51244616508484,0.013006814014967581
45.52846050262451,0.008678276849315363
45.54444694519043,0.005690905792538514
45.56044507026672,0.008595708764493561
45.57544779777527,0.013591486076809267
45.590694189071655,0.013416940142768046
45.60619711875916,0.007006678954664893
45.62167119979858,0.00058462543142845
45.63704490661621,-0.0010521628723722974
45.65314435958862,-0.0006088635098267284
45.66903853416443,-0.0033155665302015734
45.68504285812378,-0.008432449432556586
45.70059466362,-0.00982919027372457
45.715946435928345,-0.005075566284265379
45.73196363449097,8.48973588738638e-05
45.74795198440552,-0.0011587024359248554
45.76395010948181,-0.007435838451886049
45.77895402908325,-0.010707713649030273
45.794546604156494,-0.006812286414924401
45.80990219116211,-0.000802238697050095
45.82523965835571,0.00012116069192276945
45.84123754501343,-0.0036755611961339736
45.85723686218262,-0.005172356304028967
45.87323474884033,-0.0007883675217906392
45.88927221298218,0.004432446203341286
45.90493369102478,0.003698962803453848
45.92093348503113,-0.002223676331823253
45.93705677986145,-0.006145453677337804
45.95304846763611,-0.004162623911586576
45.96804356575012,-0.0002964363976895683
45.98408079147339,8.514290705014145e-06
45.99872183799744,-0.0022236859074358465
46.01470279693604,-0.0015129140885498996
46.03069949150085,0.0033948465935320273
46.04536843299866,0.006995471984166715
46.061365365982056,0.004539481972402619
46.07754898071289,-0.0010457636862054509
46.09356737136841,-0.0028565325381013067
46.10946679115296,0.0006144752779904577
46.12461280822754,0.003541126706704552
46.14061784744263,0.0010386966612658147
46.156599044799805,-0.003926217495506692
46.17260146141052,-0.004687262315858818
46.188642740249634,-0.00024965252289800566
46.204195499420166,0.0032849588227770307
46.22020483016968,0.001232199006882785
46.23519802093506,-0.003165256333695061
46.251193046569824,-0.0033229978072736636
46.26719355583191,0.0014938998102296524
46.28232955932617,0.005226636293775258
46.29745268821716,0.0034600117649598106
46.31346368789673,-0.0007360587779807067
46.32946252822876,-0.001565849050611444
46.34545516967773,0.0012640962665718646
46.36145091056824,0.0026383869116101
46.3774619102478,5.243673463646917e-05
46.39353775978088,-0.002249209316891386
46.40962767601013,0.0007538325648618087
46.42566704750061,0.0071205773051916605
46.44155979156494,0.009668670926410394
46.45686602592468,0.005305395678412986
46.4718017578125,-0.0007055134035915843
46.48791074752808,-0.0015555557150012667
46.50320744514465,0.002346519869045924
46.51926350593567,0.0044377590499113904
46.535240650177,0.0010988864481096747
46.55124139785767,-0.00388614096717314
46.56723833084106,-0.005277926467910175
46.58266592025757,-0.0037730605903130744
46.59854173660278,-0.004247948824251312
46.61452674865723,-0.00779942242950052
46.6305239200592,-0.009536446565568343
46.64592504501343,-0.0055762561722045205
46.661821603775024,0.0008804542836741746
46.67695665359497,0.003438541458507619
46.692933559417725,0.0011280535759953525
46.708600997924805,-0.00048592763122225994
46.72381067276001,0.0025365297015922557
46.73979139328003,0.0065980199791443785
46.75493407249451,0.005524731300786359
46.77091574668884,-0.0002924983811573882
46.78703999519348,-0.003526216392616459
46.80367946624756,0.0006239458649720635
46.817785024642944,0.007802673109799015
46.833781003952026,0.009832507035647971
46.8497965335846,0.004982743253656531
46.86578583717346,-0.0004607289294745557
46.88067579269409,-0.0009763868388245915
46.896636724472046,0.0013455986611995074
46.912611961364746,0.0008790337888033117
46.92800521850586,-0.003060978619727865
46.94398427009583,-0.005622335555174335
46.95987844467163,-0.004164736094470142
46.97587561607361,-0.002649825192672415
46.99120354652405,-0.0059481726212119845
47.00704765319824,-0.012181684545337272
47.02306818962097,-0.014445088861271434
47.03894805908203,-0.010006674715531235
47.05407953262329,-0.004209434373891539
47.07005310058594,-0.0034334484850550417
47.08615946769714,-0.0067421276425295084
47.10224390029907,-0.007721546975241473
47.1173722743988,-0.00378366565622657
47.13337516784668,0.00018427714265408955
47.148252964019775,-0.0011025090306141768
47.16411471366882,-0.005584272105501
47.18011426925659,-0.0064848316987704295
47.19605851173401,-0.0017879382032585526
47.21101117134094,0.0026554446734275853
47.22700262069702,0.0008525172720586617
47.24305033683777,-0.005342353928630358
47.25904536247253,-0.008911346694005484
47.27507543563843,-0.0071615152366413665
47.29116439819336,-0.004842160910339462
47.30692148208618,-0.006793917061059373
47.32280707359314,-0.010690876737744857
47.3379442691803,-0.0102126196611791
47.35394549369812,-0.004246295959638672
47.36995124816895,0.0008855616150615342
47.384960651397705,-0.00041355259001110006
47.40069699287415,-0.005522737321264498
47.41601276397705,-0.0071069292867708906
47.432005882263184,-0.002942166594206222
47.448060512542725,0.0012426442891955683
47.46416902542114,-0.0003351376615966725
47.47949600219727,-0.005700407384074679
47.495333671569824,-0.007896498711332179
47.5113582611084,-0.004241124597591501
47.52635073661804,0.0006355285453057751
47.5423367023468,0.0016165525442932462
47.55822825431824,-0.00016179575382592026
47.57436013221741,0.00018597125071403943
47.58949398994446,0.0037800473183761153
47.60525393486023,0.0064476578499990745
47.62215256690979,0.005144332061001889
47.637256145477295,0.002725986282893262
47.65317606925965,0.003914164376166331
47.66816139221192,0.008182761709241954
47.68417716026306,0.010034804474502232
47.69973254203797,0.006682035608758376
47.71575140953064,0.0023023492617300495
47.73073101043701,0.0025244309853344896
47.74673795700073,0.006576174721892564
47.7622230052948,0.00810636447636364
47.77733659744263,0.0037420229288829426
47.79338884353638,-0.002377405660402998
47.80803847312927,-0.004312796024049878
47.82403779029846,-0.002264322068433785
47.83949708938599,-0.0017173131602976066
47.85549521446228,-0.005222098758176389
47.871461629867554,-0.00856425734543018
47.887523889541626,-0.006768441107506545
47.90326547622681,-0.0014140955275681257
47.919158697128296,0.0011893481159179142
47.93499398231506,-0.0013821595694976686
47.9509916305542,-0.004266681445682602
47.96698021888733,-0.0020789421118910674
47.98200392723084,0.0033792730463061945
47.99757146835327,0.005250670891910484
48.01357054710388,0.0009188591761023412
48.02957105636597,-0.004230049231453281
48.045554637908936,-0.0038540548321168403
48.06085753440857,0.001044960664224005
48.07617282867432,0.003864079627259168
48.09164333343506,0.0016350598014714629
48.106852769851685,-0.0010773446933583005
48.12286067008972,0.0011175104361013013
48.1388590335846,0.00668286239502833
48.15486431121826,0.009210934688486667
48.17086100578308,0.006187088710527664
48.18686246871948,0.002034297029467698
48.20242381095886,0.0014578701279059705
48.21806287765503,0.002956243339437787
48.2340579032898,0.0017590978154047741
48.25005722045898,-0.0024027173175830098
48.26610922813416,-0.004294821371353809
48.28133249282837,-0.0006613367980728571
48.29688620567322,0.0045795493297851615
48.312903881073,0.00523432296738488
48.32902479171753,0.0012808688307679923
48.345009565353394,-0.0010166960312430339
48.36100625991821,0.002259475768630389
48.377023220062256,0.0072027699430218025
48.39302849769592,0.0074582185423440585
48.40859532356262,0.003060674647847028
48.42377734184265,0.0004120233378709932
48.43979048728943,0.003402817003527594
48.45566129684448,0.008094199057910204
48.471764087677,0.00836843241675378
48.48740339279175,0.004529757569016153
48.50302815437317,0.0027313567139851244
48.519152879714966,0.006096424760366747
48.53514194488525,0.010120879352979228
48.55013418197632,0.008888414576008353
48.5660891532898,0.0033887862797282696
48.58226227760315,0.00024110907968330725
48.598103761672974,0.0025726089539646023
48.61405348777771,0.005807363595923353
48.63004922866821,0.004222898072631778
48.64605760574341,-0.000989226386233934
48.6620192527771,-0.00349391658596209
48.67709040641785,-0.0008326940609136649
48.69277787208557,0.002122364712130535
48.70857453346253,0.00018439338212944932
48.7235631942749,-0.004603685757852206
48.7394597530365,-0.005635052579695691
48.75458812713623,-0.0009807421073467328
48.770572900772095,0.0037106412031403862
48.786580324172974,0.0027521372906252877
48.80328035354614,-0.002014943934766737
48.81734490394592,-0.003987943484048408
48.83335280418396,-0.0008671836785230248
48.848692893981934,0.0025737178044837414
48.86466884613037,0.0015488956915385298
48.880587100982666,-0.002048029500174756
48.89573240280152,-0.0027012963166978105
48.91128134727478,0.0005298939322130186
48.92737984657288,0.0025257000924902586
48.9433958530426,-0.0005135339428585751
48.95939660072327,-0.005392161538401068
48.97437334060669,-0.006133568992500787
48.99044942855835,-0.0021968743358492778
49.00606942176819,0.0008492998211105327
49.02208375930786,-0.0009914948885939882
49.03810739517212,-0.005005257333109174
49.054073095321655,-0.0061688262491531205
49.07008218765259,-0.004395804547250838
49.0853533744812,-0.0041504756280710325
49.1009840965271,-0.007304855162515038
49.11611771583557,-0.009983152155908847
49.13211345672608,-0.008215705294571392
49.14809560775757,-0.004174158795527402
49.16409945487976,-0.0035939253829979706
49.18008208274841,-0.007569872927615283
49.19522476196289,-0.010304632662402863
49.21062636375427,-0.006464708761763682
49.22557997703552,0.001568416105346213
49.24157929420471,0.006439459836498268
49.25757598876953,0.005032719276126607
49.27357459068298,0.0019348870960188534
49.28860545158386,0.0027556478047914765
49.30330920219421,0.006599747477751282
49.318777322769165,0.00785990606831736
49.33486771583557,0.004456558748743337
49.35005307197571,0.0008101112222915819
49.36538910865784,0.0014913453503018854
49.38123798370361,0.004768817188415425
49.39638900756836,0.005285763899500414
49.41209101676941,0.0019090901243072802
49.42810726165772,-0.0006123234115134784
49.44411897659302,0.0014377652944971165
49.45989012718201,0.005220499671602802
49.47585248947144,0.0051723181708268375
49.49099040031433,0.000786170934751561
49.50640606880188,-0.002681214725009309
49.52252817153931,-0.0015644939764906563
49.53852796554565,0.001189204424329347
49.55452036857605,0.000357222641441017
49.57050895690918,-0.004114481472500015
49.58653926849365,-0.0071583658720260415
49.60180068016052,-0.0059614922077076485
49.617807149887085,-0.003975535779413689
49.63380837440491,-0.005726337660550106
49.649693727493286,-0.009952989434841204
49.66505765914917,-0.011143411217751642
49.681047201156616,-0.007402993428663155
49.69704461097717,-0.0032834641998535593
49.7126727104187,-0.003309826173950066
49.72866415977478,-0.0053979353976065046
49.74476861953735,-0.0037762423382998863
49.76077342033386,0.0024409580540536062
49.77616000175476,0.007158622987455447
49.7922637462616,0.005020771392997155
49.80800533294678,-0.001417286609415742
49.824054479599,-0.004918861002157244
49.84002923965454,-0.0028994316700531797
49.855003118515015,-0.0002703749138734785
49.87096190452576,-0.0022009756407731524
49.88590359687805,-0.007001886181531112
49.901487588882446,-0.008857218408421505
49.91751718521118,-0.006244418647494003
49.93250560760498,-0.004067569330382191
49.948506355285645,-0.006567975091490079
49.96440720558167,-0.011099579633573685
49.98051166534424,-0.011594068796093149
49.995646715164185,-0.0068891491409565665
50.011406898498535,-0.0023013964164148356
50.02753210067749,-0.0023234401347156657
50.04342985153198,-0.004665743997767846
50.05948519706726,-0.0038380607014794925
50.07553768157959,0.0009023482267493657
50.09164690971375,0.004375478569296861
50.1077516078949,0.0026279442808427454
50.12364292144776,-0.001649580196123236
50.13882040977478,-0.002967475306767016
50.154749393463135,-0.0006340647666369676
50.17075324058533,0.0006369586681548186
50.1868622303009,-0.00209320691690013
50.203378200531006,-0.005325032023393639
50.218512773513794,-0.0038015109956823904
50.23447775840759,0.0019132066433002288
50.25047659873962,0.0056915836815525965
50.26647448539734,0.003784040703125243
50.28162097930908,-0.0004691852922357382
50.29678440093994,-0.0015586778350209253
50.31254744529724,0.0006415012555805091
50.32854080200195,0.0011869347224671913
50.34457492828369,-0.0024092677603482797
50.36058187484741,-0.006174696173950776
50.376559019088745,-0.004943613897937155
50.39201641082764,0.00039252629487668105
50.40767765045166,0.00379725873591859
50.42375040054321,0.002049462822419337
50.43874168395996,-0.0011251785181045034
50.45403599739075,-0.0003773781984671787
50.46993350982666,0.003890977587343866
50.484938621521,0.006235691258068541
50.50082540512085,0.003760904647538821
50.516825437545776,-0.00010802678980556665
50.53215837478638,-0.0007367191521226663
50.54741430282593,0.0013056188628395946
50.56343030929565,0.001728460071350157
50.57944869995117,-0.0005197607309781298
50.59460926055908,-0.001231111545320986
50.609909772872925,0.0029121658171340327
50.62526941299439,0.00879664541474565
50.6405680179596,0.010201451627528585
50.65593910217285,0.005804163357079821
50.67195129394531,0.0009377289689438744
50.688055753707886,0.0006441142018891277
50.703656911849976,0.0034342739824136785
50.71974515914917,0.004009174107165827
50.73574328422546,0.0008427465163214133
50.75072002410889,-0.0019271253860302742
50.76672220230103,-0.0006864444826384258
50.78193712234497,0.002341559771266704
50.7970495223999,0.002265506439166821
50.81218838691712,-0.0013802471645631758
50.82816219329834,-0.0038747108766169157
50.84416079521179,-0.0020743107855828256
50.860161542892456,0.0010554138866016973
50.87620377540589,0.000818357620715983
50.89210534095764,-0.0021745927563180806
50.90761494636536,-0.0026550819614614527
50.923604249954224,0.0016059821916987213
50.938705921173096,0.006099793584112622
50.95472240447998,0.005531234941838773
50.97071027755737,0.0012747249540201347
50.98585963249207,-0.00030063569671708143
51.00145530700684,0.0034549750744463847
51.01752734184265,0.007893535329187764
51.03356695175171,0.007700676405753554
51.04859375953674,0.0043177450593839
51.0645751953125,0.0035160525518280563
51.08046698570252,0.006613257096986288
51.09565210342407,0.008216531747088623
51.11114764213562,0.004160665480631496
51.12634015083313,-0.001724144118354913
51.14234590530396,-0.0023358261920721256
51.1583366394043,0.0025737172037273983
51.17466425895691,0.005368342621789566
51.19005179405213,0.0007362729462531525
51.205482721328735,-0.006841754939092453
51.22138047218323,-0.009049982085300248
51.23748588562012,-0.005072801227247322
51.25347971916199,-0.002420294343039843
51.26953935623169,-0.005950621212711106
51.28547978401184,-0.010612121876048233
51.30153298377991,-0.00849948575991283
51.31694841384888,-0.0005425660346773955
51.332974433898926,0.003911842620073736
51.34838008880615,-0.00031104066587734226
51.3639190196991,-0.006760124988899687
51.37977957725525,-0.005783062288288303
51.395129442214966,0.0023442869475668723
51.4107346534729,0.007636779890675777
51.42671608924866,0.0038962796551431046
51.44271659851074,-0.0029530618264051534
51.45860266685486,-0.003200126233498547
51.473766803741455,0.00312987513849197
51.48984742164612,0.006332717586978277
51.50560235977173,0.0006728328482844747
51.521493434906006,-0.007334741247976046
51.53662633895874,-0.007690453470552668
51.55259132385254,-0.0007108787746212769
51.568490743637085,0.0033435652427826834
51.58458924293518,-0.0015811812290761791
51.60023427009583,-0.009076584339873343
51.61597418785095,-0.00945594206897528
51.631967067718506,-0.0034586326966851225
51.64795517921448,-0.0010812649435024244
51.66385054588318,-0.007076587173119259
51.678863286972046,-0.013699234756967278
51.69486737251282,-0.011319037658579573
51.71043467521668,-0.0021701499836838216
51.726523637771606,0.002396578001309164
51.74193596839905,-0.0022646665363372006
51.75793790817261,-0.007410785560280186
51.77403354644776,-0.0031528135649103867
51.789212465286255,0.007318132973519542
51.80463695526123,0.01171773589960923
51.820648431777954,0.005617604859943705
51.836098432540894,-0.0014234138672907515
51.85209894180298,0.0006351618167886935
51.86798858642578,0.008194202803994357
51.883116245269775,0.00948537941824298
51.89825701713562,0.0020550768747647527
51.914015769958496,-0.002894538160037694
51.930012226104736,0.003716029920621415
51.94545388221741,0.01487708777502184
51.961575984954834,0.015781110147254754
51.97756385803223,0.003947454343386006
51.99267554283142,-0.006682958060796589
52.0084125995636,-0.0042622343692816705
52.02431297302246,0.004785590709093748
52.04043173789978,0.004591997291025466
52.05641508102417,-0.00782918782053255
52.07144021987915,-0.017568443169235087
52.08733749389648,-0.011792083643406729
52.10295629501343,0.0023389214341614814
52.11809015274048,0.006919590899061003
52.13407850265503,-0.002314161093369801
52.15045833587647,-0.010044317905549521
52.165854930877686,-0.0027016691609963706
52.181755781173706,0.011909570896197059
52.197864055633545,0.014086863119123992
52.21371531486511,-0.0013121610688186266
52.22871160507202,-0.01671779729666762
52.24401092529297,-0.012516728712889877
52.2601215839386,0.010677148735321766
52.27529764175415,0.034602532674728036
52.29141449928284,0.04278973188514916
52.30714178085327,0.03171506755382167
52.32305192947388,0.00799431223887055
52.33825755119324,-0.01586240189751606
52.35426473617554,-0.0248556212974217
52.37026381492615,-0.012109965055818059
52.38542413711548,0.010410377039144342
52.40093445777893,0.01997563157158322
52.41650724411011,0.007318467650189995
52.43249702453613,-0.01216959585219089
52.448509216308594,-0.01696000491179111
52.46449613571167,-0.005343040105124752
52.48050713539124,0.004523454955286472
52.49553656578064,-0.00026557304734213093
52.51156139373779,-0.011039523740771566
52.52754783630371,-0.01102574992115845
52.54305148124695,0.0011836832652998971
52.55904483795166,0.010428265999500502
52.57428789138794,0.006451785433875671
52.59028840065002,-0.0024928080253547842
52.60633444786072,-0.0022029539363767063
52.62200140953064,0.007332403725391075
52.63801765441895,0.01252383290503542
52.65411496162415,0.005942458425165644
52.6700131893158,-0.003023750717865724
52.686025857925415,-0.0014172057411647454
52.70205307006836,0.009100652331424194
52.71808838844299,0.014612495294682708
52.734103202819824,0.008257592126241352
52.75008988380432,-0.0005939982772207204
52.76608633995056,0.00019232900852474583
52.78110980987549,0.008525399019439536
52.79721117019653,0.011213605635240934
52.81271505355835,0.002594433916560541
52.8291404247284,-0.007338094748979555
52.84466743469238,-0.006484388628560426
52.860676288604736,0.0029514607233566675
52.87667655944824,0.0076445445770262814
52.89270687103272,0.0011695209262212105
52.90826439857483,-0.007955807215997973
52.92426872253418,-0.008610711119534618
52.94026780128479,-0.00203990933301841
52.95625400543213,0.001102871717668701
52.97226595878601,-0.003436285070081915
52.98826622962952,-0.007597302684421258
53.00380849838257,-0.003092197689647726
53.01982259750366,0.0060486378726967716
53.03584122657776,0.008491841046230833
53.05182552337647,0.001318417827492309
53.06783890724182,-0.0055010087631509495
53.08383798599243,-0.0022508308223349264
53.09922957420349,0.007639689612446972
53.115089654922485,0.01233336329140853
53.131067752838135,0.007215775145234423
53.14706254005432,0.0002358537082348917
53.16295742988586,0.00037624345062791135
53.17901825904846,0.005680612654780895
53.19505429267883,0.007023540233827503
53.210192918777466,0.0014648263238741458
53.2261950969696,-0.0038561294056080244
53.241408824920654,-0.0023088109970979794
53.25742316246033,0.0025923386399323172
53.27341842651367,0.0021198627483838316
53.28840517997742,-0.0053545484310038235
53.30442428588867,-0.012003064538877123
53.31964945793152,-0.011164620970092482
53.33565902709961,-0.0059347733628623885
53.35164546966553,-0.0040972024542915994
53.366950035095215,-0.007079514234831123
53.38240694999695,-0.008509425548650886
53.39930510520935,-0.003933108014013978
53.41407537460327,0.002413901595909942
53.43013668060303,0.003393557803305793
53.446138858795166,-0.0009394947150229592
53.462153911590576,-0.0032019734087234504
53.478139877319336,0.0012832228721303043
53.49426341056824,0.008232806797658001
53.50989437103272,0.010385710081653118
53.52567625045776,0.007113374977677166
53.541622161865234,0.004415000089324913
53.55765748023987,0.005905045604981949
53.57267069816589,0.007869635881134353
53.58857321739197,0.005220759673164889
53.60541963577271,-0.0004992998671619633
53.62054657936096,-0.002743848838687003
53.636545181274414,0.0009287368380470544
53.65254712104797,0.005148617930807203
53.667531967163086,0.0037829488496771307
53.68284726142883,-0.001999698241106352
53.69908094406128,-0.00573997568070253
53.714839220047,-0.004677269390957382
53.73082637786865,-0.0030147591841235295
53.74583911895752,-0.0051570823442054535
53.76170372962952,-0.008885281314052248
53.77684211730957,-0.008326690827430833
53.79202342033386,-0.0024729010195041205
53.807746171951294,0.002915114926828136
53.82374596595764,0.0028179306427916174
53.83974814414978,-0.0005250081573288097
53.85574722290039,-0.0010325809356534741
53.87164616584778,0.0027907064806920916
53.88777256011963,0.0061101050951488396
53.90387964248657,0.0048114751466640645
53.91930055618286,0.0011912957376448144
53.93539690971375,0.00035880321348704747
53.95142793655396,0.002768381406677521
53.96742033958435,0.003710968916675437
53.9834098815918,0.0004626392473258377
53.999521017074585,-0.0032957214715644114
54.01517462730408,-0.0023581283917539194
54.031280755996704,0.002526744583915682
54.04717445373535,0.005178753935275354
54.062166929245,0.00210753088984821
54.07907271385193,-0.0027923087602164647
54.094077587127686,-0.003423276967455363
54.10988140106201,0.0005479392351885114
54.12501764297485,0.003772175016613786
54.14093852043152,0.002931072027034296
54.15698838233948,0.001144350786857231
54.17288041114807,0.002992941703500878
54.18801379203797,0.007397365395685816
54.20411443710327,0.008644263922164523
54.21991777420044,0.00436393328902737
54.23602628707886,-0.0006871439003196229
54.25191521644592,-0.000561493753616965
54.26713728904724,0.0042110168796984935
54.28307223320007,0.007698891247240918
54.29830574989319,0.006730526819280129
54.31401228904724,0.004708102718239771
54.330010414123535,0.005997538651994393
54.345903158187866,0.009234212058435637
54.36200284957886,0.009237739347017437
54.37701487541199,0.004699060335464106
54.393028259277344,0.0004327383054559175
54.40843439102173,0.0007736812286922587
54.4239547252655,0.003449818693668045
54.43997263908386,0.002737041696035646
54.455939054489136,-0.002387691653867932
54.47184944152832,-0.006528770218374242
54.4879515171051,-0.00509011106981367
54.50393295288086,-0.00041654554443443584
54.51879119873047,0.001634690487027084
54.53420948982239,-0.0002679937747623309
54.55017447471619,-0.0016526880577568993
54.56617641448975,0.0006445017752639056
54.58217549324036,0.0033907460782117518
54.5983157157898,0.0014375997527454084
54.614068269729614,-0.004442657363354082
54.63006520271301,-0.007675743898492564
54.64607858657837,-0.004319510993752747
54.66205906867981,0.0015630969391176436
54.677077531814575,0.0030373415754806647
54.693182706832886,-0.0009116783881797843
54.708930253982544,-0.004722562941183701
54.724828481674194,-0.004255005738573002
54.74095177650452,-0.0021345724039293626
54.75641536712647,-0.0032411403463944582
54.77241683006287,-0.007209531225322953
54.7884247303009,-0.008827793602981988
54.804465532302856,-0.005627391664730414
54.81953692436218,-0.0015891322122620216
54.83551645278931,-0.0015926067022157897
54.85153675079346,-0.004607666818212584
54.86754179000855,-0.005396711865801261
54.88352584838867,-0.0022462956251779738
54.89871311187744,0.000373720598605797
54.9142541885376,-0.0019355947329673922
54.93026399612427,-0.007180981243382353
54.946250200271606,-0.009516258832949242
54.96215057373047,-0.007025920453724454
54.977283000946045,-0.0038670215275455593
54.99325275421143,-0.004080003550758159
55.00898122787476,-0.006125214797659313
55.02510929107666,-0.005783112503845259
55.04110550880432,-0.0028179305484203865
55.05675458908081,-0.001483806265929685
55.07203483581543,-0.004075141470537232
55.08731961250305,-0.007015127517789618
55.103328704833984,-0.005530082445733452
55.11916542053223,-0.0005599941787593652
55.13417363166809,0.002029340271438726
55.15019774436951,-0.0007475298085649965
55.16622686386109,-0.004850942946503092
55.1822075843811,-0.004583183717479854
55.19739294052124,-0.0001696113001150067
55.21300983428955,0.0028220941042585027
55.22904181480408,0.0012193063033711623
55.24402379989624,-0.001736930889980801
55.25949287414551,-0.0015023518213684644
55.27549624443054,0.0010609303099443235
55.29094195365906,0.0010044203854720451
55.30611824989319,-0.0032711989421921796
55.32181096076965,-0.007163257474584749
55.3378586769104,-0.005953368474315656
55.35315823554993,-0.001567618839637391
55.369054079055786,-0.00048175210744404043
55.38418769836426,-0.005247946397225493
55.40029120445252,-0.010968366893960326
55.41601943969727,-0.011540954384084734
55.43102169036865,-0.007373946034819964
55.44702768325806,-0.0043252048581249826
55.46304035186768,-0.005544590085241991
55.47901701927185,-0.0074815336418414735
55.49512958526611,-0.0054077320638269855
55.51030659675598,-0.0004921687165127123
55.52571868896485,0.0016570230359176466
55.54105830192566,-0.0010596116005508775
55.5570502281189,-0.004088526194088139
55.57304120063782,-0.002410298834692687
55.58905053138733,0.00259132407918614
55.60516786575317,0.005175038562093086
55.620760440826416,0.0032644443601540993
55.63663840293884,0.0011651567898670195
55.65194916725159,0.0032255567561323036
55.66795182228088,0.007493757742248782
55.68394613265991,0.008442161430342219
55.69997358322144,0.004948771153110207
55.7155499458313,0.002123956922838439
55.731241941452026,0.004193797855990363
55.747347593307495,0.008425364527502036
55.7635190486908,0.008753807940434595
55.779531955718994,0.004055210546331893
55.79556369781494,-0.0005786966457586695
55.81103849411011,-0.0011769636904598478
55.82693123817444,-0.00014787620611069092
55.841931104660034,-0.0019421986440385846
55.858049154281616,-0.005685927390114581
55.87349033355713,-0.00587305006692989
55.88948035240173,-0.0004649391563970864
55.90553545951843,0.005318700870989115
55.92119693756104,0.005455519677494374
55.9363226890564,0.0011436767154456868
55.95229935646057,-0.000911371722994825
55.96819877624512,0.0021954081480273138
55.98431563377381,0.005579789268698087
55.99946355819702,0.0035654409273904587
56.01483917236328,-0.0020448986469873134
56.03073763847351,-0.004107398700633161
56.04606080055237,5.4849049452908825e-05
56.061964988708496,0.0047197903318971345
56.0779595375061,0.003308463033678
56.09335494041443,-0.0028065066829212814
56.10945653915405,-0.006227252015852702
56.12462377548218,-0.003443117939363846
56.14012336730957,0.000881335456822686
56.15610814094544,0.0008246735354137964
56.1712543964386,-0.0026495362405107538
56.18755888938904,-0.0036644447420005914
56.20314574241638,-0.00036242690856270153
56.21868300437927,0.0021026162807574736
56.23370289802551,-0.001156412919702459
56.24970364570618,-0.007465377768731187
56.265702962875366,-0.009632221307010623
56.28069305419922,-0.005270886456544245
56.295727014541626,0.00034986810384482654
56.3112256526947,0.0016350866086346865
56.32685852050781,-0.00014264003731283758
56.34283971786499,0.0004309743613198614
56.35883808135986,0.004565621270641323
56.374743938446045,0.007330860780267255
56.39081406593323,0.004806618203041039
56.40596771240234,-1.9542308754872794e-05
56.42174386978149,-0.001155656441146456
56.4377429485321,0.0021384429062849333
56.4531524181366,0.004443845700457839
56.46906757354736,0.0019600796016581335
56.48506236076355,-0.00195849325419367
56.501089096069336,-0.001317855843790466
56.51707983016968,0.004157235453107213
56.53208231925965,0.008372761100034936
56.54821538925171,0.006873930632498908
56.564181089401245,0.002595504919372612
56.580188035964966,0.001542904979362433
56.59720206260681,0.0044136653974053575
56.61196303367615,0.00573049424236011
56.62722992897034,0.001667718450702696
56.64327144622803,-0.004311114945703392
56.65845799446106,-0.005899966671653621
56.6736147403717,-0.0023560118749170076
56.689589500427246,0.0007744676132635073
56.70475172996521,-0.0005219972498188294
56.72028851509094,-0.0033861614920415845
56.73630332946777,-0.002552230225786247
56.75230598449707,0.0019592482747214663
56.76828622817993,0.004857097964777978
56.78328585624695,0.003094159639971022
56.79829335212708,6.50772815887382e-05
56.8137948513031,0.0005883797030572582
56.8290593624115,0.0039759464682220195
56.84451651573181,0.005126288433617038
56.86006093025208,0.0020280440391708646
56.87546467781067,-0.0011726848570960398
56.89145421981812,-0.00013189755024506887
56.907514333724976,0.003091170227766147
56.9233512878418,0.002432416917491914
56.93934774398804,-0.0036641378034478547
56.954498291015625,-0.009395510925014552
56.970497608184814,-0.008774282678687248
56.98556160926819,-0.0033785219457075806
57.00112915039063,-0.0001524454427038694
57.01689386367798,-0.00222480440147079
57.03284668922424,-0.005267905089742904
57.0482861995697,-0.004141676179270517
57.06343293190002,-0.00021059089613372807
57.07858037948608,0.0009930574802539196
57.09359836578369,-0.0018634738941089145
57.10895466804504,-0.0038054416983259137
57.12471437454224,-0.0008650937991619883
57.14071130752564,0.003805698772719061
57.15595173835754,0.004078570360667459
57.1714506149292,-0.0004851651071937635
57.187445878982544,-0.003857572090449607
57.20344948768616,-0.001909483113860092
57.21860146522522,0.001877808993206225
57.2340395450592,0.001408340964744085
57.24939227104187,-0.003441668111086627
57.26534175872803,-0.006780200035692808
57.28037977218628,-0.005141985364397039
57.29580473899841,-0.002310113130488168
57.31132197380066,-0.0036011347772497227
57.32632875442505,-0.00779551952271817
57.34183311462402,-0.008452265240001046
57.35730814933777,-0.003105228841343617
57.37314796447754,0.0025817546808640534
57.389240026474,0.00190358951097275
57.40496063232422,-0.004021645202208477
57.4206440448761,-0.007752091850129388
57.436655044555664,-0.005336519875500853
57.45265460014343,-0.001102570067907675
57.46863651275635,-0.0012633731717436054
57.48364210128784,-0.005528946459728286
57.499661922454834,-0.008095807147424857
57.51499247550965,-0.005963404076724518
57.53050398826599,-0.0026573456008094887
57.54650044441223,-0.002575236424870209
57.562397718429565,-0.004610902757336701
57.57819056510925,-0.0043084150818058185
57.594260931015015,-0.001066561859962162
57.61030244827271,0.0005176520033012865
57.62547588348389,-0.0025870850787953394
57.64047980308533,-0.006839192570876387
57.65547823905945,-0.0065508748015729555
57.67188262939453,-0.0018713482842212213
57.68709063529968,0.000995851291408507
57.703218936920166,-0.0019651285547086384
57.71861481666565,-0.007013416438897487
57.73463439941406,-0.007365144388920007
57.750630140304565,-0.0018344902174613018
57.76663041114807,0.0040834881404097955
57.7826292514801,0.005673452961402208
57.798736333847046,0.004574294868336043
57.8140172958374,0.005238334306612299
57.82996773719788,0.007938293946600367
57.84590744972229,0.008457094573572027
57.862016677856445,0.0047181953356244645
57.87800860404968,0.0006024709362575827
57.89390802383423,0.0012105107854002814
57.90906047821045,0.006079508144082372
57.92441248893738,0.009851309772480086
57.94040846824646,0.009384535558042952
57.95539689064026,0.007362333301492067
57.97139096260071,0.007701165772920114
57.98729610443115,0.009730700884859507
58.00330090522766,0.009476977719922657
58.01887774467468,0.005845163466713308
58.03486657142639,0.002470116432820502
58.05089044570923,0.0024893495554676806
58.06686186790466,0.0039053541558616385
58.08286142349243,0.002420257152088874
58.09813356399536,-0.002186339361079947
58.11381697654724,-0.0052846878399742635
58.12982892990112,-0.0034751336666708696
58.14581203460693,0.0009428324452920153
58.16171884536743,0.0032880447284775517
58.17772054672241,0.0028419986490975145
58.19271898269653,0.0033247776292672053
58.20871901512146,0.006992683717860044
58.22434830665589,0.010909756172968403
58.23925280570984,0.010879912674124921
58.25531768798828,0.0075850741902036105
58.27067232131958,0.006119125615965544
58.28668093681336,0.009241476518398394
58.30185770988464,0.013567718389456756
58.31714653968811,0.01402601056953728
58.333117723464966,0.010550662864540913
58.349196672439575,0.00793075022362285
58.36444616317749,0.009226449127699644
58.37958669662476,0.011944413909964952
58.39579033851624,0.011977949558663265
58.41190576553345,0.009274362396812985
58.42747473716736,0.0071083880720031615
58.44347333908081,0.0065452850585351816
58.45957827568054,0.004806608868090769
58.47547101974487,0.0001727728626415055
58.4914870262146,-0.004220663531083442
58.50759220123291,-0.004155551262959582
58.5230827331543,-0.0007091167774714003
58.539071798324585,0.0003782201480802749
58.554070472717285,-0.0037377637696382826
58.57008028030396,-0.008885248261626951
58.58608722686768,-0.009233954044146056
58.60210251808167,-0.004973843549799259
58.61767530441284,-0.0017916967141501307
58.63367056846619,-0.002988495874975899
58.64967083930969,-0.00526870689513174
58.66482377052307,-0.003943775731401297
58.680811643600464,4.8153763133486956e-05
58.69682621955872,0.0014095760468935143
58.71283221244812,-0.0018244115698246837
58.72809433937073,-0.005336572625671639
58.74417686462402,-0.0046314897443530635
58.760178089141846,-0.0013370938825010496
58.77617955207825,-0.0005654705823315972
58.79219174385071,-0.0032968271528137833
58.80719327926636,-0.005084004203119633
58.82317399978638,-0.00305971684853787
58.83830404281616,-0.000795847417379402
58.85428595542908,-0.003463218036257906
58.87028622627258,-0.010081871060702397
58.88618206977844,-0.014388417328048636
58.90318846702576,-0.01352630745288679
58.91812705993652,-0.01202322570545217
58.93329739570618,-0.014878179731885573
58.94929242134094,-0.019462457600179804
58.96531915664673,-0.01831788926085544
58.9805223941803,-0.009628910565415165
58.996567249298096,-0.0006629561702229489
59.011937856674194,0.0012423315188212446
59.02748727798462,-0.0019888657280960993
59.04325485229492,-0.0025021964309912175
59.058629274368286,0.0021531917461149945
59.0739734172821,0.005753355990925177
59.08969402313232,0.0028769391443107728
59.10569381713867,-0.0025769783953351797
59.12162399291992,-0.0025219168415112738
59.13675618171692,0.0035083548788690947
59.15275979042053,0.0071669903359994356
59.168739795684814,0.003239797325261215
59.18472957611084,-0.002237047600370837
59.200849533081055,-0.0002853643096826621
59.21616983413696,0.007111738531292348
59.23204302787781,0.007743339913730695
59.24754762649536,-0.004564640791940701
59.26285123825073,-0.01941918930629523
59.278852224349976,-0.02016956625661183
59.29428291320801,-0.0032479253871875733
59.31029748916626,0.01680004926879556
59.32554340362549,0.021714180894025145
59.34053182601929,0.0063923674724090645
59.35653018951416,-0.01767193042409001
59.371999740600586,-0.03212454037922646
59.38700699806213,-0.025624724034740313
59.40265464782715,-0.003149774508516498
59.41778230667114,0.017060695888912677
59.43265962600708,0.019701588862436326
59.44878649711609,0.007359940460940865
59.464672327041626,-0.0033102178916174048
59.48067903518677,-0.0010471589160560531
59.49665808677673,0.008248145194893895
59.512699365615845,0.011395577471619737
59.52809262275696,0.005426915635476985
59.54407167434693,-0.0002864070647470798
59.55963754653931,0.0016141331974350098
59.57574009895325,0.006499498415128273
59.59169578552246,0.005399584561318044
59.60776591300965,-0.0016403346667568262
59.6232647895813,-0.005636354482947146
59.63926577568054,-0.001591104784468223
59.655253648757935,0.004400683832824746
59.67115116119385,0.003852748566820812
59.68725419044495,-0.0021087543421443554
59.702948570251465,-0.004394261478126072
59.71868920326233,0.0012164991993491223
59.734689712524414,0.00809335226913171
59.75070309638977,0.007726155662650111
59.766701221466064,0.0008969518816939401
59.78270268440247,-0.004141729565995107
59.79870247840881,-0.0031130941740374653
59.814714431762695,-0.0005485837947003789
59.83022618293762,-0.0020863348943689604
59.84640288352966,-0.0061030921644449135
59.8616840839386,-0.00651957910956051
59.87698745727539,-0.001956200314261972
59.89297890663147,0.00232995419783635
59.90837073326111,0.002181941245741269
59.92415404319763,0.00032967940501223364
59.94016885757446,0.001865222908160183
59.95550084114075,0.006285253851262563
59.97140192985535,0.007876452395436828
59.98739957809448,0.003969180430275645
60.00277757644653,-0.0008974301985236878
60.01850485801697,-0.0010669890062604951
60.03387761116028,0.0023869019168527975
60.04889225959778,0.003152435045102752
60.06487989425659,-0.0015158001008630352
60.08090949058533,-0.006945503561158138
60.09689021110535,-0.007391562041384195
60.112900495529175,-0.0035838718073846255
60.12847948074341,-0.0010735968020911357
60.14448380470276,-0.0021313049726924133
60.16049075126648,-0.002906872673702183
60.176485776901245,0.0002858362641190732
60.1924741268158,0.004920697558638901
60.20849919319153,0.005432994542492851
60.22398567199707,0.0012280338810417783
60.24002552032471,-0.0020440810165286098
60.2560772895813,-0.00012203812229309805
60.27207255363464,0.0038814990985585147
60.28797793388367,0.0036583568987248846
60.30314922332764,-0.001588334794173901
60.318788051605225,-0.0059757592314668585
60.3341875076294,-0.004944003104504395
60.35011696815491,-0.0013360136393559382
60.3661208152771,-0.0012446993798901256
60.38211536407471,-0.0055984410989015415
60.39811134338379,-0.009168141607990113
60.41411757469177,-0.007997661343804918
60.42983555793762,-0.004549438015351511
60.44584894180298,-0.0035863333702070895
60.46183562278748,-0.005197870109403403
60.47784161567688,-0.005127633785872127
60.49285817146301,-0.0016200986995936434
60.50885796546936,0.001521425667186006
60.52456450462341,0.0003591027129632267
60.54051637649536,-0.0030855236667249224
60.5551872253418,-0.0031531947157315563
60.57033801078797,0.001601298425436849
60.585593700408936,0.0060870979331587435
60.601590156555176,0.005482127100734929
60.61754012107849,0.0019249095323561622
60.633567094802856,0.0017390827077847105
60.649611473083496,0.006875294015784868
60.66568207740784,0.012266587733433424
60.68066072463989,0.012555160808407198
60.69620990753174,0.008796019366709432
60.71135473251343,0.0062243808163989865
60.72687768936157,0.006897040116426717
60.742756843566895,0.0077428553647207795
60.758864641189575,0.006147469369730702
60.77487587928772,0.004284364545610233
60.79016184806824,0.005681371567824311
60.80606555938721,0.009257580392493428
60.82186460494995,0.010001197221491627
60.837751388549805,0.005831940077808451
60.85385060310364,0.0009072282409708337
60.86975169181824,0.00027386742913355477
60.88487339019776,0.0030436714927180152
60.90083956718445,0.0036711975089299075
60.915998220443726,-0.0003151134532485252
60.93170166015625,-0.00491474449528753
60.94663429260254,-0.005331821737028778
60.96276330947876,-0.0026199384657389965
60.97874402999878,-0.0018585576603528742
60.99473786354065,-0.004633314618591735
61.01167345046997,-0.00681240723573245
61.02628874778748,-0.004875347127722942
61.04170107841492,-0.0014685864134909945
61.057700395584106,-0.0017970801648838058
61.07370138168335,-0.005803742686133106
61.08968758583069,-0.007552818013485674
61.10535907745361,-0.003187501327370297
61.12107825279236,0.0035258767373590664
61.1371066570282,0.005973913975701804
61.153002977371216,0.0033392398771253822
61.16910791397095,0.001208402826546383
61.18500113487244,0.003452720830524038
61.20001482963562,0.006878233131094244
61.21521186828613,0.0061203707424269515
61.23038029670715,0.001662065000497509
61.24637484550476,-0.0006192234693837094
61.26248264312744,0.0021581414889255135
61.278502464294434,0.005603900747358371
61.29450225830078,0.004249409139604135
61.31051516532898,-0.0004625481730945258
61.326260805130005,-0.0019317116115335675
61.3423216342926,0.0022821909325545318
61.35725736618042,0.0066862331805416534
61.37232875823975,0.005154573020602363
61.38833332061768,-0.0007386330571640815
61.40423393249512,-0.003966618101579723
61.42024922370911,-0.0017295043311545697
61.43626594543457,0.0009394636863961875
61.452266454696655,-0.00144265688823857
61.46827292442322,-0.006931902961441355
61.48425078392029,-0.00887313055129286
61.49939799308777,-0.005299169647981309
61.51452994346619,-0.001704773447353202
61.53008985519409,-0.0032980555705108524
61.54608964920044,-0.007693075270549477
61.5620903968811,-0.008343365198334528
61.57710528373718,-0.003830740751034556
61.59309267997742,0.00011395818811079229
61.60911440849304,-0.0012894620849910575
61.6246542930603,-0.005073877749952355
61.64066958427429,-0.0046514436758449485
61.65665435791016,0.0008928830684279566
61.67265582084656,0.005394051167743235
61.68766736984253,0.0040689615378293655
61.70365595817566,-4.525605282903675e-06
61.718796730041504,-0.0004003154670062952
61.734928369522095,0.0035994617065642637
61.75091481208801,0.006130785927123601
61.76680755615234,0.0031383310467881513
61.78280305862427,-0.0019217999304820613
61.79793620109558,-0.0030603545373211706
61.813071489334106,-0.00018281239960853124
61.82882571220398,0.001074005207475082
61.844247341156006,-0.0022177815737225194
61.86114263534546,-0.005736474230410939
61.87626552581787,-0.003954707000751517
61.8912079334259,0.0016565615336261684
61.90636730194092,0.004020050440753572
61.92171931266785,-0.00011386073393156084
61.93771314620972,-0.005611870872588728
61.95361375808716,-0.005627025524835487
61.96861553192139,-0.00037360005758375545
61.98374891281128,0.003902781623039772
61.999746799468994,0.003937594154227369
62.014880418777466,0.0036367792791421587
62.03060173988342,0.007717893758438886
62.04654693603516,0.014118485380246423
62.06189680099487,0.016245824083271014
62.077903032302856,0.012148728107906771
62.09389853477478,0.007664133792419765
62.10990309715271,0.008759754194605297
62.12543058395386,0.013418667294055678
62.141433000564575,0.014354918321283165
62.157431840896606,0.009064166547237575
62.1727819442749,0.0034853131273669177
62.18877553939819,0.00409176332284517
62.20481824874878,0.009056517158736975
62.220375299453735,0.01053749069414163
62.23638844490051,0.005010014634311796
62.25238919258118,-0.002368940640362526
62.26837658882141,-0.005034735853397058
62.28447961807251,-0.003557600679757695
62.300493478775024,-0.0037222027539522574
62.316417932510376,-0.007433176579138785
62.33154821395874,-0.009732055535840688
62.34755730628967,-0.006137320205215009
62.36300158500672,0.0004116793305972361
62.37908983230591,0.003170760007352202
62.39510703086853,0.0008044971803820421
62.41105794906616,-0.000893102013486429
62.42673206329346,0.0026280522143245742
62.44223952293396,0.00796654947656927
62.45814251899719,0.008326165311166799
62.47414302825928,0.0030894848974510644
62.4901442527771,-0.0010701173748840598
62.50623250007629,0.0007508389541638601
62.52138805389404,0.005064729397766974
62.53671383857727,0.005034122361084073
62.55270266532898,-2.0047484423956277e-06
62.56812572479248,-0.003919193067654953
62.58408117294312,-0.002758995225627452
62.59922695159912,-0.00030925028442769066
62.61532425880432,-0.0023081885641944265
62.63102126121521,-0.007652830146100283
62.647057056427,-0.009434343666132534
62.6629536151886,-0.004647557777024533
62.67805552482605,0.0011467698009147535
62.69406199455261,0.0010705341970831251
62.710166215896606,-0.003831583639727172
62.7259213924408,-0.006265139223114624
62.74196696281433,-0.002951718064105544
62.75697636604309,0.0009066592167206069
62.7729561328888,-0.0007813603354418905
62.78936743736267,-0.006054386821487662
62.80475187301636,-0.007276177309511119
62.8207631111145,-0.0016786592237552373
62.836403608322144,0.004585092197122403
62.85248422622681,0.004594777773926162
62.86829710006714,-0.0002372240508671337
62.88418078422546,-0.002670595721854821
62.90030741691589,-8.338940516213617e-06
62.915321826934814,0.002364777665240521
62.93107557296753,-0.0008781173615417821
62.94607949256897,-0.006978164814731485
62.96207904815674,-0.008730533923776897
62.97721743583679,-0.0046726812209307925
62.993239402771,-0.0013498402771885886
63.00932192802429,-0.0043213347547678
63.02446365356445,-0.010412536575417995
63.03945946693421,-0.012043939205134389
63.055585861206055,-0.007625029898829669
63.07164549827576,-0.0035346691366741263
63.08766007423401,-0.004993250067161219
63.10296535491944,-0.008726531416079333
63.1189911365509,-0.007812947934118106
63.13450527191162,-0.0018645492178483345
63.15024662017822,0.0019858515127071314
63.166136026382446,-0.0010620653440732977
63.1821346282959,-0.006495302881841738
63.198121786117554,-0.006258197532080987
63.21417474746704,0.0005504429204779429
63.229686975479126,0.006680687823895495
63.24569034576416,0.0065877921153417295
63.26168370246887,0.0034560467111757437
63.27767825126648,0.004011375290652493
63.293781757354736,0.008830104542440292
63.30992913246155,0.011770077439277205
63.32518982887268,0.00898927984187232
63.34119510650635,0.0045324452079162966
63.35718703269959,0.004495357499511776
63.37231349945069,0.008054104935272989
63.38829326629639,0.008214042582269675
63.40423488616944,0.0015502677466571763
63.42027282714844,-0.006528987663881147
63.43456149101257,-0.008484566744420753
63.44974493980408,-0.004288232233819052
63.46572637557984,-0.0009042492293754542
63.48072218894959,-0.002576991399471121
63.49663066864014,-0.005480035727240612
63.51184058189392,-0.003860558707042046
63.52716946601868,0.0014418187137440397
63.54310464859009,0.004283479820559481
63.559104681015015,0.0021796738881203993
63.57513666152954,-0.00023292319574967223
63.5911021232605,0.001693790046863746
63.60612559318543,0.005368217746557567
63.62127184867859,0.004417499270301838
63.6365864276886,-0.0017541174772404584
63.65249300003052,-0.006094366415643119
63.66786193847656,-0.0029761109861027118
63.68389296531677,0.004099350475204003
63.699859380722046,0.006957827333116139
63.71594977378845,0.003389615396265825
63.731659173965454,-0.0005677404209657997
63.74657964706421,0.00047084980259891936
63.76266169548035,0.0038575887621034553
63.77866053581238,0.0032621838638578773
63.79466652870178,-0.001850332640428519
63.81016230583191,-0.005365164189869198
63.82569313049317,-0.0034122474722018312
63.84158897399902,1.2049091568835067e-05
63.85769176483154,-0.0010240314273950047
63.87368774414063,-0.005441128925788856
63.88968086242676,-0.006319917575401184
63.90558171272278,-0.000862895814098979
63.92064666748047,0.00505011817943799
63.93653917312622,0.00458110144896626
63.95251250267029,-0.0005979307858520822
63.96851849555969,-0.0024513796471786237
63.9844126701355,0.002345723256968593
63.99951219558716,0.007696594288624759
64.01466464996338,0.0063646818920266275
64.03041529655457,-0.00015111476861356162
64.04641890525818,-0.0037697519252861775
64.0624132156372,-0.0008762831928085368
64.07844066619873,0.003152815043734386
64.09443831443787,0.0020125023626675733
64.10957098007202,-0.0025342345861746477
64.12502717971802,-0.0034704835656913374
64.1410174369812,0.0010639741770604736
64.15701985359192,0.004791999127039275
64.17314291000366,0.002106222501826463
64.18884944915771,-0.0038438274890764436
64.20480155944824,-0.0053825589116446755
64.22022533416748,-0.0010660520412729083
64.23572778701782,0.0021425670198483193
64.25174927711487,-0.0014886984249501125
64.2677412033081,-0.008283386172622125
64.28273320198059,-0.009840159376693101
64.29874277114868,-0.004266689590665521
64.31474828720093,0.0013600650191954158
64.33030962944031,0.0005438100856758887
64.34630036354065,-0.004231445012709268
64.36230731010437,-0.005543094654211853
64.37829399108887,-0.0014861075732901588
64.39415335655212,0.00207706255785579
64.41026878356934,0.00023522441180256082
64.42593336105347,-0.003895524758896651
64.44190883636475,-0.0036996704085606605
64.45801401138306,0.0014459786214014681
64.47301697731018,0.0052756828328698185
64.4890193939209,0.0035081737876150863
64.50490856170654,-0.00023358958421871613
64.5201485157013,0.00014944714217204717
64.53579187393188,0.004334337890540267
64.55181455612183,0.006037670106439531
64.56790351867676,0.0022496780684023695
64.58390498161316,-0.0020207172906884442
64.59888911247253,-0.0005791352335737798
64.61474967002869,0.004933592590339887
64.63049411773682,0.006695336786157136
64.64648342132568,0.0011665516181652534
64.66247582435608,-0.0059521571882722646
64.67770957946777,-0.007248742968433162
64.69265127182007,-0.0034657909289008922
64.70872092247009,-0.002299987955589188
64.72444796562195,-0.007846665311668794
64.73951029777527,-0.01507865943615246
64.75499653816223,-0.016644612214816945
64.77089357376099,-0.01237365573505734
64.78698372840881,-0.008574104010836303
64.80301189422607,-0.008757817002816545
64.81904411315918,-0.00919447384419169
64.83477735519409,-0.005326284335112328
64.85067200660706,0.0006427159098914099
64.86591815948486,0.0022819032919179165
64.88203573226929,-0.0017798750675059108
64.89802265167236,-0.005167386177754655
64.91405582427979,-0.001986361457722783
64.92987370491028,0.005169843280258509
64.94530296325684,0.008602394321374867
64.96103858947754,0.005744641718344975
64.97692108154297,0.002157903367356613
64.99303650856018,0.0033062294389538177
65.00892400741577,0.006859458100333201
65.02395868301392,0.0063882027564628185
65.03963017463684,0.0010125395141269812
65.05563545227051,-0.0029366737809820233
65.07153916358948,-0.0007172162776173559
65.08704543113708,0.004124381436316469
65.1021876335144,0.004753406739130769
65.11769485473633,0.0006207822140340451
65.133309841156,-0.002021052494837911
65.14931011199951,0.0007414915314974107
65.16530919075012,0.004874639169795896
65.18141078948975,0.004316450364314502
65.1974196434021,-0.00015176923233098296
65.2135272026062,-0.0018945708344795605
65.2296290397644,0.002012892134132638
65.2456464767456,0.006304640534901388
65.26153898239136,0.00476697843957711
65.27752590179443,-0.0008269519463864035
65.29363560676575,-0.002849750937144113
65.30963134765625,0.0016030644304396574
65.32464933395386,0.006342751130514867
65.34037518501282,0.004222670754945793
65.35554957389832,-0.003221603277708588
65.37149691581726,-0.007827416833452804
65.38753533363342,-0.005702975305761175
65.40352463722229,-0.0020344054645324975
65.41862893104553,-0.00343510642031557
65.43409514427185,-0.008696159867550797
65.4501850605011,-0.010779549851118718
65.46618437767029,-0.0070091881782950866
65.48218417167664,-0.002972137113226301
65.4981997013092,-0.00464987627626469
65.51319098472595,-0.009981077797481735
65.5287275314331,-0.011852493181071781
65.5447256565094,-0.00828560797212611
65.56072759628296,-0.0053288044886356176
65.57672595977783,-0.008460641594276187
65.59272480010986,-0.014607179749161947
65.60799527168274,-0.016089444921811306
65.6234998703003,-0.011034604350428117
65.63901424407959,-0.0057414153786740675
65.65501260757446,-0.005863824266757483
65.67111444473267,-0.008872444096544835
65.68708109855652,-0.008156131691059918
65.70301079750061,-0.0025947038357973145
65.71824479103088,0.0020218455830053926
65.73407983779907,0.0014516448773334214
65.74933815002441,-0.0009943787680176232
65.76527166366577,0.0004902202108819373
65.7815682888031,0.005460430629611628
65.79768204689026,0.007509418573145786
65.81378698348999,0.0034361769652166184
65.82955551147461,-0.0016693385770251618
65.8455286026001,-0.000903528487384701
65.86151766777039,0.005118976089309857
65.87679696083069,0.008962920888558396
65.8929123878479,0.006208296977619218
65.90890049934387,0.0009687474999207123
65.92492413520813,-0.0002507456591658982
65.94068646430969,0.0024812304466602765
65.95582127571106,0.0031984417974017174
65.97179865837097,-0.0009674595545129628
65.98779225349426,-0.005426004086084742
66.00379085540771,-0.004588350976181555
66.01969456672668,8.475032261481309e-05
66.03505349159241,0.001971297386736176
66.05106711387634,-0.00140873872016181
66.06705498695374,-0.004798372186226752
66.08305144309998,-0.00255875930254897
66.09914970397949,0.003238650646847292
66.11531639099121,0.005461848531577606
66.1305639743805,0.0018610823346556812
66.14644837379456,-0.0015004675148813048
66.1624584197998,0.0016827398741401456
66.17854428291321,0.009325210710284635
66.19443726539612,0.013591941510831346
66.21053409576416,0.011168257895936529
66.2256805896759,0.007099656247386277
66.24124503135681,0.007245891927725096
66.25721549987793,0.010219777084970303
66.27321934700012,0.010044765905569318
66.28922772407532,0.005350350570061047
66.30468773841858,0.0017287561911537826
66.32078623771667,0.0038917738404421233
66.33588123321533,0.008976638209330541
66.35177636146545,0.010639769567991368
66.36688327789307,0.008000061218486657
66.3822283744812,0.006488097171268793
66.3982264995575,0.00936495264205199
66.41430807113647,0.012301649723235192
66.43005061149597,0.009225860758526086
66.44606351852417,0.0014148507262910018
66.46204805374146,-0.003257050926527155
66.47804021835327,-0.0004017552990211882
66.49304270744324,0.005195949281956692
66.50903511047363,0.006102260037080652
66.5251898765564,0.001918627619340271
66.54121136665344,-0.0011151103358851252
66.55722212791443,0.00044537477355546893
66.57312655448914,0.002393079095084772
66.58849048614502,-0.000585060552422626
66.60449481010437,-0.00652252224567941
66.6206169128418,-0.008213646535321199
66.63620924949646,-0.003116902945166796
66.65219473838806,0.002794401962578029
66.6681854724884,0.0028936784480188544
66.68419146537781,-0.0012491884388054547
66.70019602775574,-0.002328008980084043
66.71530818939209,0.002243400437461597
66.73113250732422,0.006369975058285706
66.74710011482239,0.0034262750292405105
66.76304221153259,-0.004610175539540227
66.77908229827881,-0.009598615355108527
66.79442691802979,-0.00786381514503421
66.80955219268799,-0.00444240422438174
66.82512474060059,-0.005447533717882246
66.84072351455688,-0.00956320866788356
66.85572004318237,-0.010512610296427721
66.87086009979248,-0.006595271577030165
66.88616132736206,-0.0034573718731277935
66.90133285522461,-0.006045251773932359
66.91656422615051,-0.011195884707516302
66.93234395980835,-0.011601611222158024
66.94844388961792,-0.005872548230680575
66.9644513130188,-0.0006331474305594526
66.98043489456177,-0.0015263893787507855
66.99645018577576,-0.005492587019058763
67.01244640350342,-0.00505033165434126
67.02846622467041,0.0012947402324952782
67.04414486885071,0.006830542673872073
67.06015825271606,0.005540836149708004
67.0753972530365,-0.00016954088358688002
67.09135556221008,-0.003229439140613869
67.10743188858032,-0.0013803997042175845
67.12344479560852,0.0008557867071853366
67.13894629478455,-0.00024683778794053375
67.15435814857483,-0.0020099554096684406
67.17030310630798,0.00010879912513416185
67.1863842010498,0.0047343940057905124
67.20235872268677,0.005434988443611341
67.21748328208923,-0.0003081009447943499
67.23321795463562,-0.006659237046532068
67.24912309646606,-0.006428888685177616
67.26521897315979,-0.0005151843709312928
67.28112292289734,0.003027690001381278
67.29722595214844,-0.0007596208333107701
67.31270217895508,-0.007787177690103577
67.32784986495972,-0.010928182455036224
67.34324908256531,-0.0094364229110745
67.35923075675964,-0.008920690264732724
67.37513041496277,-0.012372824823374394
67.39123368263245,-0.015169413469056283
67.4069128036499,-0.011269050104653879
67.42207670211792,-0.001967329668421931
67.43748545646667,0.005193792572435695
67.45337629318237,0.006041845615831001
67.4695770740509,0.004658008317421915
67.48555731773376,0.006958934935393948
67.50155472755432,0.012242395700598211
67.51720023155212,0.014564443593306595
67.53262948989868,0.011648949883468306
67.54873037338257,0.008348509343675687
67.56473112106323,0.00966740731891913
67.58074259757996,0.01348865920351941
67.59669351577759,0.01364262558685816
67.6119031906128,0.009044567690211162
67.62690687179565,0.005701785236785869
67.64247155189514,0.008397552181680638
67.6578118801117,0.013667783238663533
67.6738133430481,0.014108704332035402
67.69080662727356,0.008139071001380803
67.70580506324768,0.0016318552779433278
67.72182011604309,-0.000630743373947593
67.73738932609558,-0.0012941605284508173
67.75337219238281,-0.005510373082799562
67.7693862915039,-0.012117886313216619
67.78537631034851,-0.0141438755706461
67.8005051612854,-0.008493383000105496
67.81658101081848,-0.0011331644510160213
67.8326461315155,9.987587141113913e-05
67.84864854812622,-0.004368105799030688
67.86386060714722,-0.006685569513426021
67.87899255752563,-0.002395544252519516
67.89486455917358,0.0035113513080266175
67.91098070144653,0.0035732575064009323
67.9270567893982,-0.0017465612163527142
67.94282698631287,-0.00451960590480884
67.9577145576477,7.518164381912357e-06
67.97285509109497,0.0071767984900218814
67.98885774612427,0.00937304349402858
68.00481677055359,0.005920516175264868
68.01994466781616,0.0028791765403915585
68.03535866737366,0.003785412954028698
68.05038571357727,0.004937720698378563
68.06565690040588,0.0017334011527800745
68.08065414428711,-0.003633718554097831
68.09666967391968,-0.004739829551050552
68.1126708984375,-0.0003356493240164373
68.12879204750061,0.0031025633141253755
68.1443452835083,-0.0001100116563752954
68.15957927703857,-0.006946356296281332
68.17560338973999,-0.009598176894512039
68.19158029556274,-0.00602093705900345
68.20772123336792,-0.002435910623231573
68.22335004806519,-0.004268294499506379
68.23909568786621,-0.008236381439937816
68.25511145591736,-0.0068081250617428235
68.27110815048218,0.001048941212482485
68.28709554672241,0.007818572495786737
68.30309653282166,0.0071189609732778105
68.31825137138367,0.0019204870424593288
68.33390998840332,0.00014373121773156696
68.34925246238708,0.003925838613817141
68.36525392532349,0.007390331254802057
68.38138198852539,0.005630412880714886
68.3972659111023,0.0019451822633713416
68.41276955604553,0.0030624976396116674
68.42788314819336,0.009176525047718551
68.44369721412659,0.013011680849491095
68.45967769622803,0.009496724742612025
68.47556710243225,0.0027422382219397315
68.49110412597656,0.0006457373108364143
68.50709652900696,0.004510919147436076
68.52314114570618,0.007816563635147544
68.53870224952698,0.005457722142968016
68.55470514297485,0.00040161940835762525
68.57069635391235,-0.001242081526260964
68.58668351173401,0.0007938638352798953
68.60269737243652,0.0008993558306709692
68.61869764328003,-0.003685376008405894
68.63392686843872,-0.008279190281793108
68.64935088157654,-0.007182925027681062
68.66455960273743,-0.002014924318977163
68.68057179450989,0.00011922405516271535
68.69657254219055,-0.003608507810079783
68.71255874633789,-0.007654608772030136
68.7285783290863,-0.005612875791103058
68.74413895606995,0.0008942762391253812
68.76012825965881,0.004262316650790237
68.77549457550049,0.0011920415175554625
68.79148292541504,-0.002877796096448007
68.80669498443604,-0.0012370767849355646
68.82205510139465,0.005076310935176602
68.83758926391602,0.009015677151846119
68.85359215736389,0.007256183668267451
68.8694806098938,0.00423866679402601
68.88461017608643,0.005273410473195504
68.90053701400757,0.008993206430280737
68.91654419898987,0.009931001395347383
68.93236684799194,0.006991889173277608
68.94787931442261,0.005022541707658319
68.96389770507812,0.007073091832159939
68.97989439964294,0.009023313518797224
68.99588918685913,0.005153671842300665
69.01188468933105,-0.0028655144229991786
69.02713656425476,-0.006846235811796501
69.0422682762146,-0.0025999599866225556
69.05828189849854,0.004091200769954275
69.07429790496826,0.004625766062635479
69.08929991722107,-0.0014702429879818362
69.10429811477661,-0.006488025728744247
69.119558095932,-0.005214725295278762
69.13506603240967,-0.0016008046265152491
69.15106415748596,-0.002527082748360507
69.16706919670105,-0.007801165061478884
69.18307995796204,-0.010518207644504455
69.19906425476074,-0.007057700176304494
69.21506762504578,-0.0023384689892823017
69.23107528686523,-0.0028051966444388194
69.24642014503479,-0.00716508150189455
69.26240587234497,-0.008158343385115377
69.27842736244202,-0.0029650120834549096
69.29483008384705,0.0025056345738154436
69.31037282943726,0.0016719668230174966
69.32641267776489,-0.0035347373736836158
69.34197974205017,-0.005349079229760586
69.35797643661499,-0.0011166348684453747
69.37396669387817,0.0028371363757182747
69.38918256759644,3.354310659455309e-06
69.40517997741699,-0.007031264793100548
69.42122149467468,-0.009865661597513297
69.43673896789551,-0.005726450138519389
69.45276045799255,-0.0012517927784393176
69.468745470047,-0.003360239274147409
69.48475980758667,-0.009781599308055233
69.50074982643127,-0.01222720058384924
69.51601982116699,-0.007717281176386582
69.53201818466187,-0.002468894747487179
69.54759311676025,-0.003178165650441868
69.56288599967957,-0.007910308026182127
69.5788996219635,-0.009129563040057815
69.5949022769928,-0.004391913323454047
69.61089968681335,0.0003434095124230901
69.62691044807434,-0.0006821789227302658
69.64224815368652,-0.004727484962910543
69.65737676620483,-0.004314093574813213
69.67325830459595,0.0021957150575037786
69.68902111053467,0.00807828516431532
69.70438122749329,0.007350346686997339
69.71965789794922,0.002757668260264015
69.73543405532837,0.0015753568028533658
69.75142979621887,0.005318389018947828
69.76743292808533,0.007849236542480945
69.78336954116821,0.004333063993834151
69.79946112632751,-0.0017518935362971963
69.81533312797546,-0.0033747205475378856
69.83064484596252,0.00038400554225897273
69.8463785648346,0.003367417685108237
69.86240983009338,0.0012102702029060048
69.87788772583008,-0.0026111033155506516
69.89336276054382,-0.0019365539423664524
69.90836954116821,0.003281389345310113
69.9243814945221,0.007079228502329917
69.94003772735596,0.006159154107389072
69.95605945587158,0.004559150993530138
69.9714252948761,0.007521288672746011
69.98652148246765,0.0133334889344017
70.00253343582153,0.015011919404790255
70.01843452453613,0.00978515820040307
70.03514575958252,0.003161176192292045
70.05028414726257,0.0018364911657185751
70.06627893447876,0.005324067516486397
70.08127546310425,0.007790641360860279
70.09628176689148,0.006958361921606171
70.11227059364319,0.007021856715725811
70.12741136550903,0.01154997612043579
70.143141746521,0.017126606709750983
70.15914487838745,0.0174730312872833
70.17514181137085,0.012388472588666398
70.19125390052795,0.008460996146242884
70.20674562454224,0.010072557581316439
70.22278332710266,0.013278033202924165
70.23791170120239,0.011388007558940195
70.25381803512573,0.0045835663884024255
70.26981377601624,3.1072381728315234e-06
70.28581523895264,0.001998745265230489
70.30192875862122,0.006108726425435223
70.31791615486145,0.005188116891005571
70.334055185318,-0.0008330221837637899
70.35000443458557,-0.005137438622670191
70.36520910263062,-0.0037320595282458327
70.38019943237305,-0.0008807135897395848
70.39618301391602,-0.0025802549101986635
70.41217136383057,-0.007451006943439845
70.42828845977783,-0.008238624738285938
70.44405436515808,-0.002127023381182816
70.45961260795593,0.0046449641740173245
70.47549343109131,0.004709720501870391
70.49200201034546,-0.0006017019150987559
70.50706648826599,-0.0030557207032583683
70.52236485481262,0.0014184839441732456
70.5375669002533,0.007418432248282829
70.55344700813293,0.007541634553982981
70.5695436000824,0.0022174622071357273
70.58444952964783,-0.0014240333616026223
70.60044288635254,0.00035208969075473367
70.61557388305664,0.0029765937133397168
70.6315598487854,0.0003938223863473155
70.64731740951538,-0.006265817748775687
70.6623227596283,-0.010325621790350367
70.678302526474,-0.008940851090662488
70.69358110427856,-0.006820205572844188
70.70958495140076,-0.009152957245074833
70.7252037525177,-0.014005165129514099
70.7408332824707,-0.015105545184999774
70.75592184066772,-0.011036783092471268
70.77195644378662,-0.007617476101938848
70.78750967979431,-0.009805581092079742
70.8028953075409,-0.014364374184116119
70.81890845298767,-0.013807762305843449
70.83494400978088,-0.006575437024855222
70.85011196136475,0.0004499819413532906
70.86512899398804,0.0007298965865706027
70.88111400604248,-0.003579277769846092
70.8961284160614,-0.004917117198778865
70.91211271286011,-0.0006216682158355609
70.92811512947083,0.0038569050945828284
70.94405055046082,0.0029934185324254955
70.95969200134277,-0.000942437898059363
70.97579550743103,-0.0011767742041667447
70.99120593070984,0.0038744711644585926
71.00708150863647,0.008186538278431112
71.02411675453186,0.006340196151412874
71.03852009773254,0.0008477996626764408
71.05451345443726,-0.0015093501614498437
71.07050228118896,0.0010510958532475847
71.08650279045105,0.0034446122535140007
71.10250234603882,0.0015022486459069957
71.1180100440979,-0.0019680669962244056
71.13402605056763,-0.0014545686484122126
71.14958667755127,0.0029634207828865833
71.1656424999237,0.0053396533922843775
71.18064522743225,0.002156645663924023
71.19664716720581,-0.0025341903442902837
71.21195697784424,-0.0025103808057686666
71.22797179222107,0.0021647706286199095
71.24365782737732,0.005466611096971971
71.2596607208252,0.003986517988948438
71.27571868896484,0.0016015996171314265
71.29105472564697,0.0036882638292098317
71.30705523490906,0.00923794821986335
71.32308578491211,0.012152885863303289
71.33865189552307,0.009767794516616865
71.3546495437622,0.006334467908356928
71.37065076828003,0.006656004704176043
71.386634349823,0.009323493045576406
71.40202283859253,0.009323191710403108
71.41800165176392,0.005908230947025298
71.43376517295837,0.003969820248216714
71.44929051399231,0.006762668319867421
71.4652807712555,0.010602994917988013
71.48127889633179,0.009568621782192734
71.4972915649414,0.00394380313394037
71.5132794380188,0.0004269843195281104
71.52935886383057,0.0032566942005730366
71.54490089416504,0.008160347742827374
71.56090450286865,0.007595556628028214
71.57691764831543,0.0005084592630598146
71.59190797805786,-0.006398704973738334
71.60795378684998,-0.0074283204438039775
71.62392807006836,-0.004715174703774893
71.63925814628601,-0.004204441025700525
71.6551411151886,-0.0070149738057259945
71.67114210128784,-0.008413198756349403
71.68713808059692,-0.005333315326211033
71.70313668251038,-0.0011756420855572667
71.71913814544678,-0.0008479665269275631
71.73512697219849,-0.003365113157816695
71.75065040588379,-0.003028687822722954
71.76673412322998,0.002174872118448014
71.78274512290955,0.007010865205817687
71.79864501953125,0.005795232149793269
71.81469798088074,0.000389112214460704
71.83005428314209,-0.0018775405489770912
71.84554958343506,0.0020970197018815315
71.86156487464905,0.00696157543417532
71.8770546913147,0.005989397564537192
71.89305472373962,-6.428236371023091e-05
71.90904998779297,-0.004238861625549307
71.92427587509155,-0.0028090982628615636
71.94008445739746,0.00011420607711975323
71.95597076416016,-0.0011524266560663456
71.97196054458618,-0.005825221211606742
71.9879539012909,-0.008067770388685424
72.0031590461731,-0.0055193746266266495
72.01835560798645,-0.0026484456290667125
72.03437161445618,-0.004256358082896921
72.04999732971191,-0.008584380414416878
72.06589198112488,-0.009973236722589499
72.08135914802551,-0.007220071784473885
72.09735059738159,-0.005456111789769156
72.11334466934204,-0.008595983327488215
72.12935209274292,-0.01316067306392748
72.145015001297,-0.012753510982841772
72.1609423160553,-0.007354418669953495
72.17701172828674,-0.004186007596828559
72.19300770759583,-0.008139702392444093
72.20901703834534,-0.014449716357568714
72.22459936141968,-0.013992774608353206
72.24071669578552,-0.004885365115834369
72.25658631324768,0.0046404461203573225
72.27268624305725,0.0059789186761317
72.28769588470459,0.00011082650446424171
72.30367708206177,-0.0046652886930578525
72.31902050971985,-0.0036104708458801083
72.33415532112122,-0.0005976101049618556
72.34943723678589,-0.0014112976879005505
72.36545062065125,-0.005283514494676712
72.38133645057678,-0.0063924721419588845
72.39744234085083,-0.002699926004301287
72.41332983970642,0.0007333699580748361
72.4285740852356,-0.0012155285795944293
72.44385600090027,-0.006312955865238255
72.45915913581848,-0.00782380611814899
72.47515821456909,-0.003837223382068486
72.4910535812378,-1.4715315594669237e-05
72.50618958473206,-0.001809302796625542
72.52168250083923,-0.006951887070998415
72.53719830513,-0.008652664983484583
72.55295181274414,-0.0049497271268586765
72.56909203529358,-0.0011055912352105472
72.5849461555481,-0.0018747821759250308
72.60088682174683,-0.004726649093875547
72.61690044403076,-0.003618289566003211
72.63299870491028,0.0020830623126577514
72.64855694770813,0.006252700957089678
72.66454911231995,0.004349319623332602
72.68000316619873,-0.00016057952811865655
72.69600939750671,-0.0004930177688883689
72.71199321746826,0.003883705737634649
72.7280261516571,0.00609139873099258
72.7432930469513,0.001022772047093533
72.75929188728333,-0.007512705129331216
72.77529764175415,-0.011461356833830219
72.7906379699707,-0.008678594972717132
72.80594396591187,-0.004853088961694944
72.82195615768433,-0.005081655566124713
72.83718180656433,-0.007196869209635981
72.85248398780823,-0.005905931266309945
72.86846971511841,-0.0011644111027081057
72.88446521759033,0.0015615648223811507
72.90046381950378,-0.0006168062437782911
72.91559720039368,-0.0035669656635225607
72.93158984184265,-0.001982250092495571
72.94734311103821,0.002888013312444362
72.96334290504456,0.004924054220350905
72.97888016700745,0.002030309913516379
72.99493432044983,-0.0004895172178089832
73.01089668273926,0.0028298196297712854
73.02604699134827,0.009759677174385894
73.0414674282074,0.012986944545978334
73.05746746063232,0.009665277889955073
73.0735809803009,0.00469475756273647
73.08956933021545,0.0034922979200829995
73.10545182228088,0.004851540047195247
73.12043857574463,0.003913459505152719
73.1355767250061,0.00024634689837807824
73.1511013507843,-0.0013697865845461502
73.16710376739502,0.0012945803817497837
73.18310308456421,0.003524830505337146
73.19915342330933,-5.151255059122981e-05
73.21621036529541,-0.0071515044381464605
73.2311999797821,-0.009943631354910637
73.24695897102356,-0.005470707733689163
73.26295351982117,-3.982904709221198e-06
73.27883052825928,-0.0008195216763286287
73.29402542114258,-0.006333106692378737
73.30916047096252,-0.008191421519604503
73.32502102851868,-0.0027121199490596883
73.3401517868042,0.00386455122177857
73.3554060459137,0.0035999579333037
73.37041401863098,-0.0024784310584348825
73.3864426612854,-0.005719182591389952
73.4024007320404,-0.0013949629069788753
73.41850090026855,0.005148070903649039
73.43450808525085,0.005857797926928504
73.45020794868469,0.0005449195441914337
73.46617674827576,-0.00366555479082014
73.48218321800232,-0.002611014521321216
73.49807047843933,-0.0004183051308971979
73.51306819915771,-0.0027462235035270663
73.52828454971313,-0.008109622452817468
73.54395413398743,-0.009908523684998309
73.55982875823975,-0.006174246809994256
73.57582950592041,-0.0028630472165909037
73.59084677696228,-0.005721792252668577
73.60684394836426,-0.012129995122750753
73.62256073951721,-0.014534262283730058
73.6378538608551,-0.01078082796335773
73.65248918533325,-0.006921527800279181
73.66759371757507,-0.008638783601704862
73.68295884132385,-0.013349120910452265
73.6989643573761,-0.013970103014404317
73.71490263938904,-0.008911274301521216
73.7300443649292,-0.004215355897787123
73.74565982818604,-0.004965026901568907
73.76167750358582,-0.008196108804768776
73.77659964561462,-0.007280833665404266
73.79266715049744,-0.0013913436779406834
73.80814719200134,0.0034596885674054887
73.82327127456665,0.0031213824090963274
73.83916592597961,0.001133283171182187
73.85403895378113,0.003305821351813812
73.86992764472961,0.008925400715928105
73.8859293460846,0.011372500618885041
73.90191888809204,0.007490526093447724
73.91692996025085,0.0024337039939871397
73.93291735649109,0.0029270681824071325
73.94819140434265,0.008163478868924755
73.96420311927795,0.01097489223199221
73.98019552230835,0.00766967806891067
73.99719214439392,0.0029442014194731247
74.01133108139038,0.0031881678126499937
74.0273118019104,0.007601166615530062
74.0429277420044,0.009431212970587266
74.0584180355072,0.005460103957024618
74.07391667366028,0.00044712878662290937
74.0888843536377,0.0004296154364079501
74.10422468185425,0.004406405734996744
74.12009620666504,0.006076364542813161
74.13622117042542,0.003010190581057686
74.15196561813354,0.00011092126397328457
74.16789507865906,0.002387736612688855
74.1839690208435,0.007378484191076419
74.19986391067505,0.008225822264319409
74.2148551940918,0.003355243956698077
74.23008275032043,-0.0008388672777363078
74.24504280090332,0.0016453365921120363
74.26024746894836,0.008319572789868272
74.27592134475708,0.011452729971570926
74.29178738594055,0.008228409816271785
74.30789923667908,0.003999191259251373
74.3239016532898,0.004470055460279387
74.33977961540222,0.007890738798929025
74.35553169250488,0.007987047547543175
74.37053680419922,0.0030987367642246522
74.38790917396545,-0.0015294665973590855
74.40190863609314,-0.001265826373098751
74.41691017150879,0.001594992338420637
74.43218445777893,0.0016427066048180713
74.44798827171326,-0.0015811908156004688
74.46396517753601,-0.003154052719984847
74.47937846183777,-0.0005272056361818375
74.49526476860046,0.0021529751504236133
74.51066279411316,-0.00010032026301040262
74.52588152885437,-0.005380027709419391
74.54101467132568,-0.006808803740306635
74.5566794872284,-0.0019873594882568956
74.57259583473206,0.003256751637132815
74.58870601654053,0.002464249803520378
74.60467553138733,-0.002716973529367034
74.62067675590515,-0.0047409259971077046
74.63624811172485,-0.00046100114959172697
74.65204358100891,0.004522338709497289
74.66705799102783,0.0033828958291324106
74.68304586410522,-0.0028341026283143335
74.69812798500061,-0.0068068631026450095
74.71313834190369,-0.004739981030667887
74.72910761833191,-0.0009298568918888472
74.74484658241272,-0.0012929373108602586
74.76097559928894,-0.005249171592830218
74.77696180343628,-0.007072136228517135
74.79185342788696,-0.004249527607119861
74.80785036087036,-0.0008587231828685556
74.82297563552856,-0.0014622231878428007
74.83812141418457,-0.004505662596963865
74.85423970222473,-0.004673141181819451
74.8701446056366,-0.0007471111395509185
74.88626742362976,0.0023598311443329897
74.9012553691864,0.0004462150305266292
74.91653108596802,-0.003913197212261604
74.93165683746338,-0.004798655040398905
74.94739055633545,-0.0012079043779975587
74.96236848831177,0.001483586115894583
74.97838711738586,-0.0009107866667355073
74.99438714981079,-0.0052843244309215155
75.01030015945435,-0.005246868855953617
75.02629017829895,0.00010978906741128652
75.04228520393372,0.0047388236922170975
75.05713319778442,0.0035068149519348083
75.07311725616455,-0.0013196374880758812
75.08911609649658,-0.0035470159646727208
75.10499858856201,-0.0012532798427640907
75.12013220787048,0.0015723761300816068
75.13616371154785,0.0014783471998534065
75.15198588371277,0.0003763010054891702
75.16799306869507,0.0020485554747613965
75.18339681625366,0.0059095401688956176
75.19840860366821,0.007328779343491572
75.21439361572266,0.004106954698731113
75.23048949241638,-0.00023045709286298368
75.24610042572021,-0.0011301991264592768
75.26220989227295,0.0008845504844731478
75.27822637557983,0.0012998823634898155
75.29350256919861,-0.0017408693262088906
75.30950093269348,-0.0047786543653944805
75.32540607452393,-0.004192652781919234
75.34099411964417,-0.0017012012712035911
75.35651731491089,-0.002159709358940774
75.37251687049866,-0.006688730169451896
75.38853168487549,-0.010931476464131316
75.40452098846436,-0.010912649048200208
75.42054653167725,-0.008160562292477538
75.43567609786987,-0.0069650512910053326
75.45138263702393,-0.00793757924578678
75.46739196777344,-0.007182521116627229
75.48328351974487,-0.002198455448090797
75.49840092658997,0.00404555650087767
75.51439666748047,0.006776785271932937
75.53039407730103,0.0056523009265209935
75.54567575454712,0.004708005236647408
75.56096172332764,0.00621890541331438
75.57696390151978,0.007483484627669257
75.5929627418518,0.005273080461327287
75.60896229743958,0.0013276690493584722
75.62504959106445,0.000472791834433352
75.64017915725708,0.0037123471287416397
75.65536141395569,0.006394346894724802
75.67126655578613,0.004521155336452539
75.68736219406128,0.00034300442990236376
75.70326161384583,-0.0009221823998755911
75.71938037872314,0.001341002850341725
75.73540377616882,0.0022453716093547033
75.75068712234497,-0.001384044750432296
75.7666802406311,-0.006099273414235195
75.7831289768219,-0.006543708062375523
75.79766845703125,-0.0031747973313476186
75.81355714797974,-0.0017290166429209971
75.82955813407898,-0.004895862311209795
75.84477210044861,-0.008103006019102894
75.86040902137756,-0.005779939311387699
75.8756935596466,0.0005104733675618547
75.89186358451843,0.0037124115421716727
75.9069938659668,0.0007075740187661932
75.9223940372467,-0.003575067073482818
75.93840861320496,-0.003133920787900756
75.9541265964508,0.0009381069001278444
75.9696033000946,0.0026458456658077613
75.98523306846619,0.00025994512531351096
76.00123333930969,-0.001093378390891866
76.01712965965271,0.0025609689327680666
76.03226852416992,0.007194029719979378
76.04791593551636,0.005706528282642016
76.06290340423584,-0.0017765291848789995
76.07889604568481,-0.007149265846168585
76.09479212760925,-0.004969438508992985
76.11085247993469,0.00011844365442744797
76.12678670883179,-0.0001417698198355583
76.142813205719,-0.00606968275721492
76.15836453437805,-0.009743091756920362
76.17434978485107,-0.006556937841376527
76.18968296051025,-0.002212746854980691
76.20495843887329,-0.0048179107218301945
76.2199342250824,-0.012988629380475744
76.23604321479797,-0.01703809771708454
76.25176000595093,-0.012077138487806477
76.26765155792236,-0.00467750351515382
76.28377723693848,-0.0034508982782667195
76.2997567653656,-0.006762243029459763
76.31547498703003,-0.005297773754048702
76.33145260810852,0.0037866798561028443
76.34657216072083,0.011465543824733228
76.36233878135681,0.008735570653485784
76.37818717956543,-0.00040290939035951025
76.39429521560669,-0.00354480942741645
76.41019129753113,0.0035634054064771666
76.42622971534729,0.011382394670654387
76.44180130958557,0.00994453177492325
76.45657730102539,0.0025306876366339433
76.47256326675415,0.00018752422211567004
76.48780870437622,0.004871950722028118
76.50382256507874,0.005962852098181714
76.51982116699219,-0.0036322487832341553
76.53583312034607,-0.014470794663022458
76.55241370201111,-0.011128965521716348
76.56740427017212,0.0056704510846942915
76.58302068710327,0.015721555722177302
76.59898138046265,0.0025165854710031137
76.61491203308105,-0.024233479631848
76.63092088699341,-0.034971630315650475
76.64745807647705,-0.009717851462253166
76.66313099861145,0.04097076140029233
76.6790885925293,0.0835226237327549
76.69513177871704,0.08812592089431814
76.71103119850159,0.051550451099283
76.72612166404724,-0.00041934350839112
76.742032289505,-0.032700948566003016
76.75680375099182,-0.028837360021737812
76.77281761169434,-0.0033733923826896085
76.78930902481079,0.014624325356586199
76.80418920516968,0.011156000367648031
76.8193187713623,-0.0018701402379033977
76.83473896980286,-0.005280183859030748
76.84990167617798,0.0037009700633433575
76.8657808303833,0.011501291910983813
76.88091373443604,0.008667673491415487
76.89689087867737,0.0019235714863821594
76.91283965110779,0.002912617333769565
76.92830538749695,0.011142851567431512
76.94343113899231,0.015122551236570837
76.9590790271759,0.009086932705852892
76.97506666183472,0.0011380375768733227
76.99093890190125,0.001555857879584395
77.00704407691956,0.008197303792350605
77.0239417552948,0.009601219594308536
77.03808689117432,0.0012312606764012324
77.05397009849548,-0.007975347826309038
77.06995844841003,-0.00774040800450814
77.08595561981201,-0.00028322287164662995
77.1019561290741,0.003070793197201962
77.11698126792908,-0.0026041764373480217
77.13297462463379,-0.009611497065475746
77.14863204956055,-0.008591943468140033
77.16384696960449,-0.0009622797648710848
77.17983889579773,0.003913492161961104
77.19584918022156,0.0018408669273139496
77.2118604183197,-0.0013169150616639067
77.2278983592987,0.0011506831808807115
77.24305558204651,0.0073952075427776865
77.25858497619629,0.01047853469727376
77.27393221855164,0.008820598505855596
77.28896999359131,0.008199972561361481
77.30400347709656,0.012714022030093466
77.31996273994446,0.0181696352365052
77.33533978462219,0.01773628139577326
77.35134887695312,0.011938059342378682
77.36738586425781,0.008634650041562851
77.38338685035706,0.012644446133922661
77.39938831329346,0.019243833446799197
77.41547226905823,0.020436812145457398
77.43150639533997,0.015275548567236365
77.44743776321411,0.010276758868921234
77.4629979133606,0.010036905462251479
77.47835731506348,0.011442079319351288
77.49435472488403,0.009077477126437361
77.51034951210022,0.003466529985954369
77.52567791938782,0.0003386874540719431
77.5417971611023,0.0024063745907585135
77.55721426010132,0.005636154897281176
77.57335376739502,0.005079781433350656
77.58932781219482,0.0016045419235499042
77.60532188415527,7.91766013306626e-05
77.62057447433472,0.0021910954094295316
77.63576364517212,0.0044404943137246996
77.6512668132782,0.003762069200798616
77.6672728061676,0.0021049606649838114
77.68226909637451,0.003289558472424305
77.69826650619507,0.007041812179973656
77.71427893638611,0.009108338558345409
77.7302680015564,0.007240710914719435
77.7462866306305,0.004239366184748794
77.76235485076904,0.0036965063023333983
77.77835273742676,0.004827372776882005
77.79433822631836,0.004002987484895317
77.80946779251099,0.0006005092874499306
77.82491517066956,-0.0016739382193099305
77.84058451652527,-0.00018600823063470977
77.85577273368835,0.0023633814026420867
77.8716447353363,0.0012934484198533778
77.88775134086609,-0.003606477430556927
77.90374517440796,-0.007734320783478981
77.91971635818481,-0.008050766894228465
77.93585586547852,-0.007173149650236723
77.9517126083374,-0.009368782895061798
77.96702361106873,-0.01413425814730093
77.9827618598938,-0.016530910119766085
77.99827551841736,-0.013925443626287184
78.01329970359802,-0.009706507331106244
78.02927994728088,-0.00871353490210179
78.04529213905334,-0.010686605789962483
78.06085968017578,-0.01082439647971069
78.07685828208923,-0.006613415504319191
78.09284830093384,-0.0013733170489057087
78.10784840583801,0.0003305699549033866
78.12313055992126,-0.0011997570335589092
78.13912534713745,-0.0017700603724394967
78.15430784225464,0.00028154693149409337
78.1703155040741,0.0016500510105824427
78.18631219863892,-0.0007965395216521648
78.20240378379822,-0.00481627983853351
78.21797847747803,-0.005369283539329745
78.23399996757507,-0.0016765296666906037
78.24912762641907,0.0012731632248300282
78.26438117027283,-0.0007022720850680007
78.280282497406,-0.005221024179251999
78.29627728462219,-0.006496778232646082
78.31140613555908,-0.003261548184467734
78.32741069793701,-0.0005828001824943099
78.34346556663513,-0.0030253243146631335
78.35914421081543,-0.008517192904897566
78.37504458427429,-0.011255000227985593
78.39005851745605,-0.009473712033853565
78.40604543685913,-0.007337060919469493
78.42205786705017,-0.008592039969309795
78.43808484077454,-0.01112339073981366
78.4534342288971,-0.010113175831072067
78.46946215629578,-0.005258020229322988
78.48546576499939,-0.0016731660562522284
78.5015389919281,-0.0029647938617482616
78.51753187179565,-0.006133163353362237
78.53350758552551,-0.005648681249632534
78.55015730857849,-0.0011784006529951341
78.56627321243286,0.0018744042067553573
78.58227276802063,-0.00014862579252671992
78.59830832481384,-0.004169250260099091
78.61327338218689,-0.004896894269087714
78.62926721572876,-0.0023738249772228656
78.6452796459198,-0.0017451889580686135
78.66095733642578,-0.005571697897820432
78.67641639709473,-0.009678113226110792
78.69260430335999,-0.008595954193943368
78.70798540115356,-0.0031531809409701458
78.72398567199707,0.00035673436345409217
78.73926115036011,-0.001544147556410168
78.7549991607666,-0.005049105156252936
78.77100658416748,-0.0045631787057112665
78.78702020645142,-0.0006432446618035658
78.80300235748291,0.0006287689047784989
78.81890988349915,-0.0038763404544904364
78.83495259284973,-0.009661530372526976
78.85074162483215,-0.010291147156070043
78.86577105522156,-0.005696189852156885
78.88088417053223,-0.0017259414867026425
78.89689707756042,-0.001806443571182822
78.91276431083679,-0.002545155508744756
78.92874431610107,0.0006770346319600658
78.94387125968933,0.006432401316806903
78.95927262306213,0.008934512562733766
78.97441053390503,0.00626798000520254
78.99039602279663,0.0031620567177772347
79.00639414787292,0.004165708762767226
79.02237486839294,0.007048971557229436
79.03838682174683,0.006050215278383155
79.05425357818604,0.0003889685011367683
79.07023334503174,-0.004265699388686236
79.08621907234192,-0.003642943248866917
79.10182857513428,-0.000827998731713167
79.11694860458374,-0.0017341680326105093
79.1329607963562,-0.006579027652383573
79.14830350875854,-0.009628117247480193
79.16390872001648,-0.007518338227122387
79.1798963546753,-0.004083010691694641
79.19590497016907,-0.004687087257500219
79.21190524101257,-0.008283393837935294
79.22790431976318,-0.00878622825115853
79.24392819404602,-0.003958870340414329
79.25949597358704,0.00097355656982607
79.27492070198059,0.0004181209696053076
79.29080057144165,-0.003734239650888531
79.30690741539001,-0.004770931428302111
79.32280373573303,-0.0006694361547995471
79.33795142173767,0.0031063749740598695
79.35384964942932,0.0015739739400998129
79.36981582641602,-0.0024505806316203593
79.38571429252625,-0.002295668774879512
79.40102195739746,0.0028510680780902894
79.4162700176239,0.006351195652711812
79.43146777153015,0.003145752678170041
79.44728708267212,-0.0031886429323646926
79.46203422546387,-0.005324105849772283
79.47767639160156,-0.0022312750432207204
79.4931275844574,-0.00035591472646605456
79.50825810432434,-0.004333738383631953
79.5235321521759,-0.01029716752333587
79.5395736694336,-0.011120520428130335
79.5552122592926,-0.006186978715157844
79.57120132446289,-0.0020302446282753277
79.5873110294342,-0.003127038461146348
79.60332798957825,-0.005915166145055834
79.6193118095398,-0.004431996182731493
79.63529849052429,0.0005548000937222984
79.65122127532959,0.0021139431402194724
79.6668632030487,-0.0030433012423746767
79.68284392356873,-0.009269547123080195
79.69883608818054,-0.009049435494596724
79.71473574638367,-0.0030274650143196453
79.73037028312683,0.0008874702794798694
79.7460732460022,-0.001715375284691129
79.76178884506226,-0.005867106757575716
79.77768135070801,-0.00423156601066659
79.79377627372742,0.0027692697684262493
79.80981302261353,0.0076019317994466835
79.82567882537842,0.005887051953138508
79.84094738960266,0.0019856534007331476
79.85667705535889,0.0023935009605529182
79.8726453781128,0.006457554084559535
79.88870525360107,0.0074969225087560785
79.90467476844788,0.0027101683736467435
79.92068314552307,-0.002188053293422716
79.93656849861145,-0.00047259050193157806
79.95179653167725,0.006079613975918077
79.96735072135925,0.00899892163204573
79.98332571983337,0.004213241357820985
79.99932765960693,-0.0024988550829590575
80.0153477191925,-0.0030969195345969054
80.03134512901306,0.0023837103135671504
80.04735994338989,0.006555800879645737
80.06287884712219,0.004909505152663378
80.0780074596405,0.0012000130768656074
80.09399747848511,0.0010531190574634471
80.10954570770264,0.0036267636954251
80.12555813789368,0.0034572028864606552
80.14055347442627,-0.0005454883653593029
80.15614748001099,-0.002553184457438475
80.17209148406982,0.0020456791962882147
80.18728184700012,0.009402054831937581
80.2032949924469,0.011672374929582981
80.21938920021057,0.007439533457205421
80.23541617393494,0.00353155587934976
80.2513918876648,0.005487512536837913
80.26701664924622,0.009883738372032701
80.2830183506012,0.009256686345896423
80.2991259098053,0.0027605227843064835
80.31412243843079,-0.0023804182108048233
80.33001589775085,-0.0007378087089760545
80.34610033035278,0.003876196739727946
80.36198544502258,0.0037886723950562775
80.3778886795044,-0.0018622614097934566
80.39290285110474,-0.006095489556172572
80.40843772888184,-0.00403217355932366
80.42443108558655,0.0003158336394105828
80.44018244743347,7.972889979973152e-06
80.45628380775452,-0.004687294284670901
80.4722831249237,-0.0065694661439842355
80.48827981948853,-0.00198636460294057
80.50417900085449,0.0033919686973486927
80.51930570602417,0.0020269310110717065
80.53430771827698,-0.004977120168832978
80.55040335655212,-0.00908144872388012
80.5656213760376,-0.005789327933840493
80.58066153526306,-0.0005567707894877636
80.59621405601501,-0.0010007001458189344
80.61214661598206,-0.006299448043071723
80.62808799743652,-0.008494720445751183
80.64408540725708,-0.003762398018549902
80.65985345840454,0.0021249106529635233
80.67584276199341,0.001733682870416445
80.69184041023254,-0.0038277821462432433
80.70684838294983,-0.0066822081644263495
80.72273111343384,-0.003331336619381262
80.73786067962646,0.0005492799487105831
80.7543637752533,-0.001678583471662714
80.77037906646729,-0.00816044060399236
80.78596425056458,-0.011242390715693391
80.80196738243103,-0.008283038257278105
80.81795740127563,-0.005025036467078433
80.83396458625793,-0.006797443535931047
80.84993648529053,-0.010405540633514464
80.86464428901672,-0.008653469320201581
80.88067436218262,-0.001253924572033863
80.89567494392395,0.003625152183974005
80.91161513328552,2.3589483735034743e-05
80.92754793167114,-0.007409993830635369
80.94375538825989,-0.009100472220731374
80.95927953720093,-0.0029201421842362627
80.97480654716492,0.003370663218012616
80.99041628837585,0.002726798730572036
81.00642228126526,-0.002081821091758744
81.02241635322571,-0.003029250395869067
81.03840041160583,0.0017295955822665071
81.05496835708618,0.005521959744701679
81.07099056243896,0.0028193788689468246
81.08699035644531,-0.0029871902675493614
81.10301899909973,-0.004557055031617954
81.1189980506897,-0.0009091673890456427
81.13498449325562,0.0017212664062945218
81.15100741386414,-0.0005939384056448012
81.16631078720093,-0.003627222183646438
81.18233752250671,-0.0014021287221701747
81.19834041595459,0.004467268000159117
81.21386885643005,0.006274682456576069
81.2298891544342,0.0008820089784304297
81.24585700035095,-0.005428716262255885
81.2611255645752,-0.005019244574372481
81.2771110534668,0.001091934670232021
81.29311561584473,0.005024856377491964
81.30912566184998,0.002899389300599608
81.32511305809021,-0.0005074512727418026
81.3404233455658,0.0005135515929202165
81.35612201690674,0.003977842148793878
81.37203812599182,0.0031797737079381112
81.38702201843262,-0.00315469476986552
81.40220904350281,-0.008359173655722564
81.41820764541626,-0.006716138790557465
81.43370509147644,-0.0010297832001168526
81.44874429702759,0.0018746560202042308
81.46452236175537,0.0009784808608517236
81.48052072525024,0.0018347759959413718
81.49594950675964,0.007243973306910571
81.51096296310425,0.011763978008584482
81.52579712867737,0.008657950200617869
81.54179883003235,-0.00021169368413599416
81.55760407447815,-0.00582999719742118
81.57259035110474,-0.0034429539262343864
81.5885956287384,0.0015274320915469328
81.6040825843811,0.0011134097592793843
81.61998629570007,-0.004612392698994155
81.63550186157227,-0.008431772889634686
81.6505377292633,-0.006568515979294904
81.66569948196411,-0.0037445925582931107
81.68070387840271,-0.005715228973081023
81.6965925693512,-0.01037269027416533
81.71217155456543,-0.010563701158513607
81.72817969322205,-0.004776685617855024
81.74416995048523,-0.0002039477633494105
81.75985932350159,-0.0032617301023338844
81.7758355140686,-0.010547832362987406
81.7911913394928,-0.012972493065078246
81.80721282958984,-0.007614631678267891
81.823322057724,-0.001201793485562837
81.8392219543457,-0.0007152844214114761
81.85596203804016,-0.004192838006160672
81.87109518051147,-0.0041462612997785545
81.88635635375977,0.0016055862504544636
81.90234184265137,0.006906633243388213
81.91835308074951,0.006015229807913223
81.93423628807068,0.0015851810822364292
81.94941449165344,0.000618825388059806
81.96518516540527,0.0042792945242207175
81.98104882240295,0.00616999866832572
81.997141122818,0.0016511583194896897
82.01315236091614,-0.004991113655012334
82.02916765213013,-0.005881809042524264
82.04523253440857,-0.00026195074230583783
82.06109380722046,0.004220998594029645
82.07708883285522,0.0015659730024551325
82.09208130836487,-0.004768338363257361
82.10810565948486,-0.0067199778310684825
82.12352204322815,-0.0022683039972013312
82.13952302932739,0.002605259446545094
82.15473580360413,0.0027734354379094018
82.17026925086975,0.0008712145193282622
82.18624949455261,0.0026894417680052565
82.20215225219727,0.008013447329580654
82.21821475028992,0.010295987054188865
82.2341456413269,0.005875269438655673
82.24928855895996,-0.0002972015942170731
82.26492214202881,-0.0007845797141071273
82.28081703186035,0.0045660095219819145
82.29603552818298,0.008646549157828759
82.31202840805054,0.006852168177463907
82.32805609703064,0.003104431363185045
82.34404468536377,0.003926840755026542
82.35979318618774,0.008987763992915444
82.37518382072449,0.011371649949414477
82.39127731323242,0.00723264755139833
82.40664339065552,0.0014056247555291222
82.42246103286743,0.0011264256071916012
82.43847155570984,0.006430692140683479
82.45507431030273,0.010323310008668181
82.46983599662781,0.008316558948856355
82.48582172393799,0.00415991989707162
82.50181984901428,0.004121093541576237
82.51799130439758,0.00815919719979975
82.53383326530457,0.010362941449571592
82.54986596107483,0.007650696948734827
82.5654079914093,0.004106583456861195
82.58112668991089,0.004894944531019094
82.59626936912537,0.008779057387096454
82.61226511001587,0.01012154899583553
82.62824749946594,0.007332601973206241
82.6438136100769,0.005288088591219996
82.65953087806702,0.00801733193860287
82.67554187774658,0.012286357994783628
82.69154477119446,0.011720199316877192
82.7074224948883,0.005976540329463702
82.72352862358093,0.001858581466233499
82.73943781852722,0.004310114503865856
82.75446486473083,0.009555936823368067
82.7703697681427,0.009977132134355447
82.78571057319641,0.004196698804226262
82.80160713195801,-0.0013242697772829497
82.81760716438293,-0.001170955446669661
82.83370852470398,0.001983456123349702
82.84883379936218,0.001644744693358579
82.86453318595886,-0.0032746828942869424
82.88042545318604,-0.007250106005221295
82.89656376838684,-0.006320784417933209
82.91253399848938,-0.0037239511329499367
82.92842531204224,-0.004893595508319201
82.94363713264465,-0.009087324701551248
82.95974206924438,-0.009845702914913289
82.97501492500305,-0.003926415992107351
82.99030470848083,0.0038404282757120347
83.0061719417572,0.006748336703598536
83.02216339111328,0.004884523172217391
83.03750944137573,0.004201990961789163
83.05373573303223,0.0075129103628169495
83.06935334205627,0.01032450752557059
83.08535194396973,0.00745203836742901
83.10133838653564,0.0009398420610448478
83.11735725402832,-0.00212521834815841
83.13344240188599,0.0009476434869287679
83.14944624900818,0.004921094323412357
83.16511631011963,0.003935429125289186
83.18119835853577,-0.0005742096006417976
83.19718170166016,-0.0023118429121567418
83.21317887306213,0.000765585047078121
83.22793674468994,0.0035988216915789546
83.24295735359192,0.0013356271464033042
83.25859785079956,-0.003718156114608335
83.2746069431305,-0.005440901648087295
83.29061007499695,-0.0027791149056035263
83.3058249950409,-0.0014367920004678004
83.32122945785522,-0.005702423356843894
83.33716678619385,-0.011776924983821806
83.3522698879242,-0.012197284651941424
83.36797451972961,-0.005629690567410702
83.38395142555237,0.0012980037752400911
83.40000748634338,0.002675224067084681
83.41601204872131,0.0006845058030806707
83.43201494216919,0.0017338277642654069
83.44726586341858,0.006963038783747905
83.46305012702942,0.01042032509274648
83.47834753990173,0.007391882702856517
83.49447464942932,0.0012012106075467385
83.50961089134216,-0.0010309492574949106
83.52571153640747,0.002190120712546083
83.54174041748047,0.005094397972539103
83.557852268219,0.002858146298714913
83.57286143302917,-0.0018852087518236864
83.58885765075684,-0.003179224404372702
83.60387325286865,-0.0003916186784780557
83.61887192726135,0.001021916027880344
83.63416266441345,-0.002347752864008054
83.65033268928528,-0.0065854856529263366
83.6663110256195,-0.005752461505737122
83.68172764778137,-0.0004321791273478254
83.69714212417603,0.0025503414756793065
83.71313881874084,-0.0008858733595847289
83.72881579399109,-0.006615455408106451
83.74396872520447,-0.00785849846402598
83.75931668281555,-0.004168659093899986
83.77520060539246,-0.001619387185346452
83.79066705703735,-0.004098958782487617
83.80674433708191,-0.007836135267572566
83.82271122932434,-0.006709808826736535
83.838623046875,-0.0008795973052698304
83.85385656356812,0.003312299000056677
83.86953353881836,0.0020084102844650864
83.88550615310669,-0.0010095062915757348
83.90149879455566,0.00021529202830131936
83.91739201545715,0.005423888989628317
83.93342590332031,0.008441088531661794
83.94903874397278,0.005566692490225514
83.96512293815613,0.0003285390028523337
83.98112964630127,-0.0017673848529855415
83.99706959724426,-0.0007562262457298406
84.01220321655273,-0.0013354609447366254
84.02812266349792,-0.0051510826095935505
84.04424548149109,-0.007676536510203303
84.05995798110962,-0.004484480609749365
84.07523345947266,0.0019418345828570516
84.09112691879272,0.00481849355587545
84.10713124275208,0.0018542850603194242
84.12232565879822,-0.0019162319269594038
84.13832569122314,-0.0012522129151302528
84.15436339378357,0.0021679292277609194
84.16984486579895,0.0025678618595891037
84.18586897850037,-0.0012872883080728495
84.20155787467957,-0.0040214126355677384
84.21756744384766,-0.0012017663749148066
84.23356127738953,0.004153306900743588
84.24960565567017,0.005396190474842005
84.26517295837402,0.001115709565607352
84.2811815738678,-0.0033116292747322144
84.29719471931458,-0.003384547721182242
84.31319546699524,-0.0012449790639513466
84.32832169532776,-0.001493911648432455
84.3441994190216,-0.0036003765295898648
84.36046099662781,-0.002404141222202772
84.37646174430847,0.00376299004158149
84.39247703552246,0.009357641520987538
84.40802049636841,0.008443951706437717
84.42302060127258,0.0029458149163230037
84.4390275478363,0.0004670570073957018
84.45505475997925,0.004041781886241658
84.47059035301208,0.0077354160154695685
84.48639440536499,0.004453595429043698
84.50196957588196,-0.004355581452198565
84.5174286365509,-0.01025877236625242
84.53342700004578,-0.008643426418595357
84.54943895339966,-0.004268075612051754
84.5649676322937,-0.004350350851930236
84.58095264434814,-0.008950502591440822
84.59696221351624,-0.011691389497868163
84.61195278167725,-0.009210213449495654
84.62793707847595,-0.00577175704219258
84.64395236968994,-0.006733038991057347
84.65948677062988,-0.010485811125504677
84.67550849914551,-0.010558556802979844
84.6915135383606,-0.004961211997296775
84.7076063156128,0.0005707673638980632
84.72350764274597,0.0002126425845918531
84.73823976516724,-0.004055082766827417
84.75434637069702,-0.00534613313070385
84.77013492584229,-0.0014608100906696444
84.78528666496277,0.002274952432731767
84.80077004432678,0.0008163940355994945
84.8167610168457,-0.0032064312870058384
84.83288264274597,-0.0029837461184260977
84.84802651405334,0.0028729864653437766
84.8636531829834,0.007999531365464604
84.87964200973511,0.0065510466323396525
84.89500617980957,0.0007556448492461953
84.91110897064209,-0.0024606175937142926
84.92645049095154,-0.0007704567144968689
84.94192099571228,0.001274158932758583
84.95794129371643,-0.00039501236641073523
84.97324442863464,-0.0033762286692199
84.98922514915466,-0.002770408164251123
85.00524997711182,0.0010358391957649054
85.02078795433044,0.0025065928877504393
85.03678727149963,-0.0008713337251378527
85.05278205871582,-0.004214359370557825
85.06875371932983,-0.0014618577667291138
85.08373594284058,0.006062995569415478
85.09972977638245,0.010781041761006992
85.11487889289856,0.008624594646090214
85.13086795806885,0.0043511323836864365
85.14597201347351,0.0050626228470939715
85.16172337532043,0.010616781264884714
85.17770481109619,0.013959478262241733
85.19312858581543,0.01087894297660648
85.20910263061523,0.005787832389243378
85.22510480880737,0.005667920162763381
85.2410089969635,0.010608257332208819
85.25711631774902,0.013868929800660217
85.27179026603699,0.011076020157389245
85.28773474693298,0.005719228109401838
85.30368757247925,0.003712085729684445
85.31916642189026,0.0051740876906180445
85.33442521095276,0.005072145238742356
85.34987139701843,0.0013089752756110734
85.3659176826477,-0.0018673358464807203
85.38163542747498,-0.0002548015180364495
85.39720940589905,0.003523278750223342
85.41253399848938,0.003167600024145878
85.42766284942627,-0.0021749162480470246
85.44308376312256,-0.005805950473173506
85.45916867256165,-0.002007121291028735
85.47480249404907,0.006077245887196768
85.4900414943695,0.010053215237240797
85.50606346130371,0.006770489983935756
85.5220377445221,0.0017592081984952259
85.5380380153656,0.0013547505172611272
85.55406355857849,0.004594136659917016
85.56970310211182,0.00573858678496717
85.58566880226135,0.003073480757251636
85.60168671607971,0.0010880987680474783
85.61668705940247,0.0031803634295029647
85.63304853439331,0.005936945697590233
85.64867281913757,0.003719824904542757
85.66389346122742,-0.002845674305163911
85.67978000640869,-0.0069639205655722645
85.6958658695221,-0.00482571699691587
85.71189332008362,-0.0011258244413142287
85.72786974906921,-0.002843464460214595
85.74403929710388,-0.009536962478283995
85.7590982913971,-0.013603842247638767
85.77463960647583,-0.010394185110956262
85.79062366485596,-0.004411922604058377
85.80587339401245,-0.0031729667656103435
85.82107853889465,-0.007287378962408524
85.83658957481384,-0.01033866294539015
85.85262775421143,-0.008267233591766064
85.86789464950562,-0.004814409758817113
85.8826322555542,-0.005552560516976928
85.89786195755005,-0.009392251405438779
85.91299605369568,-0.009894702715089208
85.92799520492554,-0.004486042236751431
85.94341993331909,0.0017071928871557228
85.95846176147461,0.00291428770743992
85.973703622818,0.0005187052616472589
85.98959422111511,0.0004060530844942111
86.00479292869568,0.003760835219898116
86.02078986167908,0.0047920523426080944
86.03580856323242,-0.0009171418695149538
86.05180191993713,-0.009157712867075484
86.06733107566833,-0.011697049969132664
86.0825526714325,-0.00700923025137228
86.09866762161255,-0.0024511094711071107
86.11474943161011,-0.004678558999752324
86.13076615333557,-0.01123086494101284
86.14675903320312,-0.014495509676154192
86.1623067855835,-0.01213774247343579
86.17830419540405,-0.00950705847542792
86.19374895095825,-0.011235386323958646
86.20876550674438,-0.014440696399038194
86.22476601600647,-0.013260797625334796
86.24024605751038,-0.00796190188822371
86.25627326965332,-0.0052085385803637045
86.27221632003784,-0.008739599575074978
86.28762936592102,-0.013605702903265945
86.303218126297,-0.01240965893006454
86.31923913955688,-0.0051621566138893285
86.33482074737549,0.0008593930527764803
86.35091137886047,0.0010508014451583066
86.36652088165283,-0.0005566321889216965
86.38265872001648,0.0025168458815008872
86.3985230922699,0.009662486358957473
86.41352605819702,0.013709987142398548
86.42880773544312,0.010796170667074764
86.44382452964783,0.005790785943848737
86.45983457565308,0.005687617095939258
86.4756669998169,0.01009004849175011
86.49166560173035,0.01189863248464166
86.5067937374115,0.007151815428254195
86.52220106124878,0.0004087865021899454
86.53820157051086,-0.001607994053974192
86.55421924591064,0.0008650896620888944
86.56941270828247,0.0013576664407744287
86.58441185951233,-0.0034528439927781597
86.60039925575256,-0.008835225851864633
86.61540722846985,-0.008344408599763339
86.63141250610352,-0.0025390637882375497
86.64744710922241,0.001972883056900179
86.66294622421265,0.001669896151745679
86.6789493560791,0.0005794588909840376
86.69494819641113,0.0038612048264275063
86.71094822883606,0.009731038294916283
86.72694444656372,0.011426008986755387
86.74294519424438,0.0067116819112246155
86.7589590549469,0.0015198152845591905
86.77449059486389,0.0022992462990682134
86.78950309753418,0.0075108387409598045
86.80549120903015,0.010046693853126887
86.82148599624634,0.007137602595403083
86.83748745918274,0.0038673725986783348
86.85349655151367,0.0055387971497989
86.86901235580444,0.00996614114471972
86.88506960868835,0.010760534350044995
86.90068650245667,0.0068159157821309066
86.91568684577942,0.0042021746661775015
86.9316725730896,0.007496521592701828
86.9477367401123,0.012813057601911048
86.9630401134491,0.012634629626440314
86.97803139686584,0.005958709666043764
86.99403166770935,-0.0003297243802312144
87.01002931594849,-0.0007893622579388066
87.02599167823792,0.001497288049448535
87.0420310497284,-0.0001784029822937002
87.0580883026123,-0.00633469714844604
87.07350850105286,-0.010453808264414513
87.08950901031494,-0.008279172138855758
87.10515689849854,-0.004006339490491596
87.12015414237976,-0.004407523849435787
87.13615250587463,-0.009073073243448327
87.15132522583008,-0.010692201135920962
87.16723942756653,-0.005212820476296476
87.18307256698608,0.0023629457724473274
87.19907426834106,0.004756116125748799
87.21511220932007,0.0022332201264271233
87.23111271858215,0.001658877588986779
87.246417760849,0.006245354282447584
87.26242446899414,0.010634835172590753
87.27806639671326,0.008365247145225605
87.2940456867218,0.0012223652730942594
87.30993866920471,-0.002756185035019975
87.325124502182,2.3671974734286623e-05
87.34109711647034,0.004109491400372151
87.35628914833069,0.0027269241761625116
87.37200856208801,-0.0030494619115956374
87.38700008392334,-0.006262382295743737
87.40294909477234,-0.003930574739153859
87.41893672943115,-0.0007397045014116227
87.43493795394897,-0.00177794448034808
87.45025634765625,-0.005226250020187768
87.46542525291443,-0.005530713950422093
87.48144149780273,-0.0020721539173319554
87.49744081497192,-0.00037762261904531976
87.51342439651489,-0.0038936574729979637
87.52888631820679,-0.008240414761017386
87.54488849639893,-0.006642889857007404
87.56090235710144,0.0006169562089223587
87.57643795013428,0.005955080095027136
87.59286713600159,0.004256757478777743
87.60789489746094,-0.00042174392930345063
87.62289500236511,-0.0004177888798350374
87.63889050483704,0.005178150115557293
87.65490627288818,0.009459304352028781
87.67042112350464,0.007299492443192016
87.68642139434814,0.0023178917768801746
87.70241808891296,0.0016254733461885103
87.7177460193634,0.005774500476702895
87.73292541503906,0.007980939324209676
87.74895286560059,0.003705078113778584
87.76452851295471,-0.0027855547212659627
87.78051710128784,-0.004025711172108311
87.79592752456665,0.0006175071972764519
87.81192445755005,0.004229045130182661
87.82792448997498,0.001636252369381498
87.84392833709717,-0.004231326673739757
87.85994720458984,-0.007199712213902103
87.87537622451782,-0.006337014648666759
87.89137315750122,-0.0060138340431376116
87.90699911117554,-0.008274778446140534
87.92301225662231,-0.009368652755207806
87.93901014328003,-0.005738152943905931
87.95402908325195,-0.0004612436609961303
87.97010064125061,-4.307676458303357e-05
87.98611807823181,-0.0053532644455971
88.0021185874939,-0.009539376882195222
88.01811861991882,-0.006585723007280339
88.0334484577179,0.0007932245855495025
88.04949569702148,0.004808143709249731
88.06525897979736,0.0029169105172422603
88.08126187324524,0.0006966728188057671
88.09727311134338,0.0034836471375098077
88.11270809173584,0.00857176293008915
88.12869334220886,0.008844134763873048
88.14470911026001,0.0026795964660732974
88.16073989868164,-0.003675049727687053
88.176278591156,-0.004375531945481114
88.1912772655487,-0.0012021573700611672
88.20727491378784,6.531675977473894e-05
88.22339868545532,-0.001673259983854051
88.23938202857971,-0.0018573138148650357
88.25549077987671,0.0017992572060654575
88.27078890800476,0.0045099364980304485
88.28669238090515,0.0004987363957383493
88.30184268951416,-0.008176320285780407
88.31785368919373,-0.012908774881739627
88.33396363258362,-0.009190849331342708
88.34986114501953,-0.002619274448397627
88.3651921749115,-0.0019290066106926436
88.38034391403198,-0.008029117200855395
88.39606738090515,-0.013434156119350468
88.41246604919434,-0.012446924954229735
88.4276795387268,-0.008113903041711681
88.44315695762634,-0.006964979694987506
88.4583146572113,-0.00961524037854758
88.47439622879028,-0.010544944628278013
88.48974514007568,-0.006825931516392783
88.50583624839783,-0.0027854874302164867
88.52137279510498,-0.003713666484653491
88.5373785495758,-0.00775345258515469
88.55343008041382,-0.007973781485984365
88.56890511512756,-0.002082976694509763
88.58500456809998,0.0039605765618711845
88.60090827941895,0.003879637257367506
88.61690282821655,-0.0003105529622686974
88.63291478157043,-0.0011219914935511163
88.64843225479126,0.0039024936544465576
88.66369342803955,0.008576877068812775
88.67949032783508,0.006428399570691133
88.6954882144928,-0.0005178948301202344
88.71148800849915,-0.004570336408254069
88.72748899459839,-0.0026559607071507427
88.74326086044312,0.0002015058785596359
88.75840091705322,-0.0014252105988818067
88.77409601211548,-0.00570799248664578
88.79009342193604,-0.006555940606205039
88.80609321594238,-0.0025007706070350293
88.82199716567993,0.001371863158494959
88.83810377120972,0.0009258523768730757
88.85420250892639,-0.001188853082678137
88.86984443664551,0.00016839739210296927
88.88584685325623,0.004564776726239072
88.90185117721558,0.006125419327186613
88.91675186157227,0.0021053924041091816
88.93284010887146,-0.0022451383360209496
88.94922542572021,2.8204655902517618e-05
88.9647102355957,0.008231470186801032
88.9804630279541,0.014373030739757512
88.99648237228394,0.013009626853074394
89.01246666908264,0.007523153945720773
89.02846002578735,0.004724002801558911
89.04343771934509,0.005597002576227119
89.05870246887207,0.004897603990988406
89.07453799247742,-0.0003866018047472882
89.09038615226746,-0.006039469777853527
89.10641264915466,-0.006220818441372239
89.12229084968567,-0.0016533285898063664
89.13841509819031,0.0012710601885397741
89.15447044372559,-0.0007338597472760049
89.16988587379456,-0.003489512958640254
89.18589305877686,-0.0014740239593244442
89.201899766922,0.0042030943628634096
89.21788311004639,0.00716856774316753
89.23390007019043,0.004644848760531754
89.2488911151886,0.001457678549107718
89.263911485672,0.003457584808033958
89.27924966812134,0.00928383325429779
89.2952492237091,0.011912743131404262
89.31079268455505,0.008182990772290422
89.32599830627441,0.0034338815321235637
89.34198379516602,0.004714053493874523
89.35812520980835,0.011432325623495462
89.37373757362366,0.015942958406743597
89.38973212242126,0.013271356042266747
89.40562725067139,0.006980312507851305
89.42162728309631,0.00371286264507153
89.4376323223114,0.004472037916410387
89.4536623954773,0.00463258747506789
89.46920490264893,0.0018615662991810513
89.48518061637878,2.301588555515214e-06
89.50052332878113,0.0032350409045588105
89.51578545570374,0.009151779678150094
89.53210473060608,0.011125526352595288
89.5471088886261,0.0070619330239127635
89.56313133239746,0.002276178768459233
89.57910513877869,0.0022722471251543893
89.59496736526489,0.005401014673763983
89.610995054245,0.005599273626271081
89.62609243392944,0.0012254851324076856
89.64220309257507,-0.0025561335916814434
89.65830826759338,-0.0011751994803407984
89.67414426803589,0.002764592527561147
89.69011998176575,0.003127353328836578
89.706130027771,-0.001125704851967754
89.72202801704407,-0.004663461742718955
89.73801922798157,-0.0035682934191955855
89.7533278465271,-0.0008199134893283923
89.76847767829895,-0.0015498195817570436
89.78404307365417,-0.005111754455446694
89.80008268356323,-0.005769609683504571
89.81613230705261,-0.0012761370409768678
89.83192729949951,0.0031086299772904082
89.84792447090149,0.0014067451587570674
89.8639326095581,-0.00470668290035557
89.87970972061157,-0.007803979256727472
89.89574599266052,-0.004507852383694527
89.91172242164612,0.00028008851011467615
89.9267144203186,0.0004907540750996959
89.94271349906921,-0.0026822735582845945
89.95872831344604,-0.002837341212230048
89.97423505783081,0.0020445262812038576
89.99037623405457,0.006087167428760635
90.0063488483429,0.0032737058573563465
90.0223388671875,-0.004168243242989807
90.0382354259491,-0.008454016539720595
90.05336356163025,-0.0064297909900697245
90.06852674484253,-0.0033450184411885453
90.08450198173524,-0.005202257175193883
90.1004090309143,-0.010380372623691372
90.11553406715392,-0.012034301774463027
90.13080716133118,-0.007745448946079872
90.14638376235962,-0.0029446112357904867
90.16227459907532,-0.003426451854809107
90.1779088973999,-0.0074521294959430905
90.19389533996582,-0.008409053131086742
90.20990705490112,-0.004201231718087732
90.22489261627196,-0.00018921182058248532
90.2409098148346,-0.0016007873564017226
90.25693035125732,-0.0060869149471094635
90.27249455451964,-0.006867759046050443
90.28853011131288,-0.00206457431543364
90.30447673797607,0.00278293843364023
90.31958150863647,0.0023502204735936496
90.33558201789856,-0.001515490597524428
90.35149216651917,-0.0030370683657112234
90.3671236038208,-0.0008217081819694074
90.38286137580872,0.0007953405704347671
90.39880347251892,-0.0010830982152890342
90.4148416519165,-0.0031472924225317547
90.43023324012756,-0.000748016758462232
90.44558000564577,0.004684212903939198
90.4606909751892,0.00679276519130923
90.47650980949402,0.0029179445468910403
90.49152302742004,-0.001889067523714305
90.50752568244934,-0.0014694360467663182
90.52292370796204,0.003010324294369364
90.53892254829408,0.0044470346972839605
90.55393099784852,-0.0005842124626833593
90.56948828697205,-0.006912182090318846
90.58483743667604,-0.0073278340282923035
90.60023808479308,-0.0019546633439050057
90.61625003814696,0.0020621715079352614
90.63125085830688,5.248194468109556e-05
90.64705753326416,-0.004253344054663766
90.66304802894592,-0.004144519682564367
90.67868709564208,0.0009235317876212928
90.6947100162506,0.004891600264259664
90.710693359375,0.0035830885423191045
90.72658038139345,0.00011715721723352945
90.74268388748168,-4.312377821717988e-05
90.75760626792908,0.003047646413855026
90.77311253547668,0.0043352851466632765
90.78835606575012,0.0016150581556457185
90.80434846878052,-0.0009600391076816615
90.82018208503725,0.0010197945893231433
90.8360447883606,0.005359308187239604
90.85117292404176,0.005855787381193338
90.86631631851196,0.0010996959804314976
90.88127589225768,-0.002924400833094667
90.8972873687744,-0.0005081277880906983
90.9122760295868,0.0061033953244438435
90.9272735118866,0.009561137690011934
90.94333791732788,0.006960166074895564
90.95854258537292,0.00311305633157814
90.97416138648988,0.0033613035119381286
90.98909735679626,0.00621540568392218
91.00442934036256,0.006050062446408681
91.0202133655548,0.0016755303816693616
91.03621172904968,-0.001695005161109782
91.05234289169312,1.7112242882798626e-05
91.06812381744383,0.003581888894171865
91.0832588672638,0.0027611531347537482
91.09925270080566,-0.0027221756296634085
91.11515069007874,-0.006279818889921086
91.13114762306212,-0.0032721933701647396
91.14628267288208,0.0024966468931516667
91.16226863861084,0.0036762543365331394
91.17708253860474,-0.0009212289151049559
91.19296765327454,-0.005010038612267178
91.20806884765624,-0.0035424739332220795
91.2239634990692,0.000620989103470877
91.23948550224304,0.0010473098959353374
91.25566124916077,-0.003303656382388431
91.2714741230011,-0.00701406763543607
91.2874631881714,-0.006150562418210578
91.30346131324768,-0.003635712816338389
91.31846928596497,-0.004471698834010223
91.33456087112428,-0.007992804603864033
91.35056066513062,-0.00853766854690665
91.36657667160034,-0.00361546861559171
91.38222789764404,0.002281710650542101
91.39720702171326,0.003801217194057034
91.41319966316225,0.0020223478780442166
91.4286584854126,0.0024372420834004004
91.44336414337158,0.006549944536240536
91.45930910110474,0.009291431694709468
91.47497320175172,0.006208043397685459
91.4910671710968,0.00030008165859520073
91.507061958313,-0.0014403839155871598
91.52218127250671,0.00266363757016854
91.53917932510376,0.0066598998095635815
91.55418586730956,0.004937639824215938
91.56973791122437,-0.0004277804170116934
91.58514523506165,-0.0029181385515061934
91.60035443305968,-0.0006282526631409538
91.61638402938844,0.0015370881733182897
91.63249278068542,-0.0006707600822037554
91.64777541160583,-0.004515329893896304
91.66358876228333,-0.004122593051493055
91.67963433265686,0.0009373190561018869
91.69536685943604,0.00450214711160715
91.71137022972108,0.0018773396396039657
91.72688579559326,-0.003979257835691863
91.7420244216919,-0.006627798974381287
91.75803637504578,-0.004796368701361213
91.77361750602722,-0.003544465926636963
91.78865766525269,-0.00653116595818607
91.80465745925903,-0.010394556774389573
91.81961679458618,-0.009232766342529812
91.83563137054443,-0.0029604625846732548
91.85124015808104,0.0021978624280741717
91.86665773391724,0.001883314664346305
91.88131141662598,-0.0008420581599767637
91.8973195552826,-0.00017578512047579766
91.91321015357973,0.004186835883627835
91.92920565605164,0.006778871268993616
91.94471263885498,0.004259418202892839
91.96029424667358,0.00025737998860482546
91.97586512565611,0.00037496697644792557
91.9918622970581,0.004416741745765684
92.00787734985352,0.006732181922844154
92.02386569976808,0.004216373864834455
92.03886461257936,0.0008569972603619945
92.05437660217284,0.0024299911695334067
92.0701220035553,0.008509231446561072
92.0861496925354,0.012684554369468994
92.10173106193542,0.010674973023329792
92.1173312664032,0.005360840342154864
92.13332557678224,0.0022766621746616858
92.14821648597716,0.002313868231287687
92.16421270370483,0.0017293232364950862
92.17949414253236,-0.0013482869766916847
92.1956272125244,-0.0039260274456275664
92.21149230003356,-0.003028218559121292
92.22614693641664,-0.0009021818686578273
92.24158430099487,-0.0023481484001176907
92.25769448280334,-0.00753530252133059
92.27336931228638,-0.010718416041117557
92.2893476486206,-0.0074389450294469125
92.30529808998108,-0.0008036052530262473
92.32133722305298,0.0018907934454631314
92.33735966682434,-0.0018404793839218343
92.35333395004272,-0.0066879122393740335
92.36846351623537,-0.006388498018916411
92.38395953178406,-0.0013786605457041384
92.39989018440248,0.002464705787533139
92.41494417190552,0.001657865185491829
92.4308614730835,-0.0012108636026275123
92.44685673713684,-0.0022404463819863016
92.46215009689332,-0.0018238943138199509
92.47770190238953,-0.0030251611203235473
92.49369478225708,-0.005807809825772805
92.50968647003174,-0.006361043528878588
92.52578711509705,-0.002856800006058692
92.54174852371216,0.0010724395084474557
92.55783224105836,0.0008338608482081034
92.57329392433168,-0.002776098383950317
92.58928966522215,-0.0046308249366079635
92.60531568527222,-0.0024888800907702413
92.62129282951356,-0.00011169278642134258
92.6372892856598,-0.0017357847554595423
92.65329098701476,-0.005724888125703916
92.6684274673462,-0.006561356399315514
92.68418788909912,-0.00259670746645273
92.70020580291748,0.00128459206516408
92.71621251106262,-6.7091431728326725e-06
92.73214745521544,-0.0050449337934573455
92.74718999862672,-0.007942695436987654
92.76330757141112,-0.006171035654167805
92.77907013893127,-0.00332968802919449
92.79508519172668,-0.0034229415809751023
92.81128358840942,-0.005099251593331267
92.82727026939392,-0.003980415912230763
92.8423068523407,0.0005364057554032436
92.85743355751038,0.003918177897239766
92.87318634986876,0.0025937091504721357
92.89008593559264,-0.001123529832563413
92.90521144866943,-0.002233333301861229
92.9213001728058,0.00018190809107582195
92.93720483779909,0.002093858103263982
92.95318531990053,0.0005318410627571835
92.96931862831116,-0.002290762522035133
92.9849636554718,-0.0025661476804754828
92.9999737739563,-0.0007859611030486572
93.015855550766,-0.0011756562708658863
93.0318546295166,-0.005325627595813291
93.04786562919617,-0.009273183145458174
93.06388354301453,-0.008562358601663116
93.07934284210204,-0.004383697852561702
93.09450340270996,-0.002130226940500768
93.11045503616332,-0.0042356674932489
93.12644982337952,-0.007127832008745763
93.14199900627136,-0.006322595547250133
93.15790128707886,-0.00237660425445222
93.1736831665039,0.00042763019484284284
93.18966031074524,0.0002606148862237924
93.20597195625304,-0.00028432558298059196
93.22169470787048,0.001087497729547307
93.2366943359375,0.00247684514678774
93.25197219848631,0.0008826287874376243
93.26799535751344,-0.0023093510321125273
93.28320288658142,-0.0021695274733338566
93.29920983314514,0.0029502328672034355
93.31518864631651,0.008269824402172138
93.33046650886536,0.008228169172580495
93.34655857086182,0.0035340788493868373
93.36229038238524,-0.00015575154354888513
93.37744498252869,-4.064147242643901e-05
93.3934609889984,0.000616534620632549
93.40870785713196,-0.0017491353533958599
93.4246175289154,-0.005014217328108696
93.44060683250429,-0.0042758641769262695
93.45660710334778,0.0004308902514818002
93.47251510620116,0.003254674721936447
93.48752617836,0.0004909355067726701
93.50351929664612,-0.00380894778954725
93.51886987686156,-0.003066250293448626
93.53433847427368,0.0026387930880983333
93.55033707618712,0.00639440430213215
93.56643843650818,0.0038805197349769376
93.5818350315094,-0.0006780416207309409
93.59785413742064,-0.00048446821449742465
93.61375904083252,0.004267864070509191
93.62973093986513,0.006881958023491993
93.64583134651184,0.004130523685119459
93.6619462966919,0.001262859501653362
93.67767882347108,0.004293853122798721
93.69366002082825,0.010369923199621475
93.70968127250671,0.010710727752943093
93.72456121444702,0.002989233412677566
93.73954963684082,-0.004338325307211772
93.75518822669984,-0.002869463796308745
93.77032160758972,0.004178881438741292
93.78595089912416,0.006107425061622279
93.80194973945618,-0.000560632609137804
93.8179485797882,-0.007209000934486333
93.83294367790222,-0.005278289118046748
93.84896636009216,0.0014543659361972534
93.86505818367004,0.0022416796966910502
93.8803722858429,-0.00460845742981007
93.8964729309082,-0.008059948997905785
93.91224026679993,0.00033030465578299823
93.9273509979248,0.012592641066000144
93.94336128234865,0.012318524609815714
93.95927000045776,-0.003978675521741906
93.97485256195068,-0.019244497720658685
93.99085545539856,-0.012637186876965308
94.00695967674255,0.01826996601646451
94.0228533744812,0.05377425226355669
94.03835558891296,0.06881700729110435
94.05368852615356,0.05312330531994599
94.06979703903198,0.0186066664064437
94.08548188209534,-0.01032925857410243
94.10154962539671,-0.016428324212693912
94.11661314964294,-0.003420772463949071
94.13258719444276,0.00959493334843907
94.14847946166992,0.008678111600087175
94.16370272636414,-0.0015986091500686775
94.17912554740906,-0.0067322961134315875
94.19601845741272,-0.001156295221091036
94.21106934547424,0.006311763461651541
94.22702503204346,0.005732605080161973
94.24301671981812,-0.0009119606394094193
94.25803017616272,-0.0038096239285528946
94.27358555793762,0.0006233798569335089
94.28871417045592,0.00551216830144562
94.30470252037048,0.003954012404498272
94.32065653800964,-0.0014293230999227868
94.3367042541504,-0.0029687187205821104
94.35270023345949,0.0007597304579033277
94.36872887611388,0.003146101538602537
94.3844153881073,-0.0005836719823984827
94.40051078796388,-0.006228182764069225
94.4155490398407,-0.00629717409589515
94.43154311180116,-0.0003397787614822835
94.44743824005128,0.004532905402282117
94.46266603469849,0.0033629446723144833
94.4782235622406,-0.000390223505966228
94.4941999912262,-0.00038874411213308787
94.51019501686096,0.0035246651314715677
94.5255880355835,0.005495189228729531
94.54160451889038,0.0023925109058246102
94.55686450004578,-0.0015514778714902475
94.57296419143675,-0.0007737699059864327
94.588641166687,0.0035559874324206367
94.60425901412964,0.004904691010758045
94.6195547580719,0.000309923592075175
94.63469910621644,-0.005576066799299368
94.64983773231506,-0.006799052700235835
94.66591835021973,-0.0037888756989480927
94.68167352676392,-0.001907246338671806
94.69768905639648,-0.0034703017424808718
94.71300625801086,-0.004772833786661975
94.72912788391112,-0.0020110860156911615
94.74510788917542,0.0027870231682367583
94.76123380661012,0.004441307719080769
94.77685642242432,0.0019977231111351227
94.79296541213988,0.00016108512768700078
94.80799055099487,0.002645659376570711
94.82385659217834,0.006817269441713266
94.83976984024048,0.007236194813440199
94.85572838783264,0.0032252287362024364
94.87183046340942,-5.657117694391053e-05
94.88719725608826,0.0014991802377435958
94.90233135223389,0.005595373843642264
94.91830706596376,0.006836523147572798
94.9342963695526,0.0037972774409322746
94.95030164718628,0.0002192501116780642
94.96544194221497,-0.0005683076330702326
94.98107075691225,0.00034948929014687845
94.99706554412842,0.0002700031444571316
95.01297283172607,-0.0004738863711270373
95.02896404266356,0.0007954363135400681
95.04406905174255,0.004256439745512772
95.05996751785278,0.006182591879978947
95.07569766044617,0.003661659826076466
95.09082627296448,-0.0010063443228923964
95.10670471191406,-0.0028038720838684875
95.12270522117616,-0.00045065387407606855
95.13871216773988,0.0019775451566067036
95.15474271774292,0.0006789581790073275
95.17049884796144,-0.0026377876953770814
95.18616485595705,-0.0031327819894758297
95.2021210193634,0.0005083895807335018
95.2172713279724,0.004363476046898015
95.23318290710448,0.0046344249203882385
95.2492699623108,0.0023347188600520564
95.2651343345642,0.0009693684177907638
95.28076648712158,0.001187708864660758
95.29649806022644,0.00042345552142983517
95.31161618232728,-0.0023477527011999
95.32763314247131,-0.004391391889496243
95.34363651275636,-0.003257004128798487
95.3597536087036,-0.0011250271823677249
95.37603235244752,-0.0025731233389604978
95.3912603855133,-0.00826469366188583
95.40735054016112,-0.013305814268491471
95.42335772514345,-0.013001490758381255
95.4383852481842,-0.008604763733467989
95.45436573028564,-0.005448433684785366
95.47046709060668,-0.00604813567213915
95.48614764213562,-0.007476690530058765
95.502051115036,-0.006245446069854593
95.51704835891724,-0.0034809595990744047
95.5331494808197,-0.003064387574659567
95.54915070533752,-0.0057151101744404645
95.56616067886353,-0.007815513644841548
95.58067798614502,-0.006682245222967652
95.59567260742188,-0.004450586306421355
95.6117856502533,-0.004754336289755571
95.62772703170776,-0.007027126329832155
95.64278054237366,-0.006964658028184757
95.65878558158876,-0.0028392200295600106
95.67482256889345,0.0013967426402587565
95.69045519828796,0.0010665373759954273
95.705974817276,-0.0028773925027595236
95.72185611724854,-0.00510776870987116
95.73795795440674,-0.003266264171652543
95.75399112701416,-0.0012182501601667672
95.77012515068054,-0.0036106699487191817
95.7857460975647,-0.009266773210958396
95.8011031150818,-0.012637079316828177
95.8171968460083,-0.011289878957976496
95.83319139480592,-0.008989916977679617
95.84919714927672,-0.010154233959434352
95.86530447006226,-0.013613297858189441
95.88104701042175,-0.01448277903154266
95.89705181121826,-0.011316050792226577
95.91205883026124,-0.00818035105019986
95.92794513702393,-0.008652584002181215
95.9440495967865,-0.010420246634383306
95.95980739593506,-0.00844012380026935
95.97581386566162,-0.002393061403164257
95.99134707450868,0.0021870707617274473
96.00647282600404,0.0010936861209264103
96.0224449634552,-0.0027714809746573438
96.03835034370422,-0.0030966102408813696
96.0543613433838,0.0015228179662605673
96.07040500640868,0.005897839525723612
96.08596563339232,0.005339916846864208
96.10147428512572,0.0016782047632994989
96.11748361587524,0.00010380365589268085
96.13278794288637,0.00168503747314141
96.14890336990356,0.0022366725852411328
96.164959192276,-0.0011156978275759719
96.18067860603333,-0.0053644580016970495
96.1966872215271,-0.005765886533310456
96.2126989364624,-0.0028231265337528818
96.2275333404541,-0.0019692325707288114
96.24304175376892,-0.0059983608366257
96.2584822177887,-0.01069795568981076
96.274391412735,-0.010071986247739214
96.2899432182312,-0.00432709068742998
96.30694389343262,0.00027797200325799557
96.32196164131165,-0.00034692610702173436
96.33795881271362,-0.002948266546336663
96.35394144058228,-0.0018107788843350053
96.36911988258362,0.003048890062948134
96.38487911224364,0.005686579022384413
96.40089178085329,0.0023792292672739
96.41690015792848,-0.003035679315124327
96.4328944683075,-0.0039820143762632505
96.44890356063844,0.0004407623500066078
96.46403074264526,0.004834268313386125
96.47948408126832,0.005163125724201971
96.49543571472168,0.003844412134708922
96.51138186454772,0.005359568583508243
96.52748155593872,0.00900732539939821
96.54348015785216,0.009404379055614441
96.55950355529784,0.004236677564874181
96.57559609413148,-0.0017224216532667198
96.59124445915222,-0.0023266476413753706
96.60623478889464,0.002098424367332827
96.62224411964417,0.005513058076564752
96.63824701309204,0.004380109733083469
96.6542465686798,0.0019098393389114167
96.67036056518556,0.0027074748660913936
96.6860864162445,0.005857551648173046
96.70199251174928,0.0064876205862880966
96.7170958518982,0.0033748392041968466
96.73309588432312,0.0012455885267409152
96.74908375740053,0.004078459513464592
96.7646484375,0.009006317982475854
96.78012037277222,0.009958032819930494
96.79542112350464,0.006244909386831886
96.81147813796996,0.0038271469966424986
96.82753562927246,0.007083825279145608
96.84353947639464,0.012485101405431498
96.85923314094543,0.013211041733749929
96.87525367736816,0.008501711870064606
96.89053535461426,0.004753300327393683
96.90609335899352,0.006765856708893817
96.92132592201231,0.011274333522978082
96.93700194358826,0.011675513118449679
96.95310282707214,0.0071552032754316885
96.96921586990356,0.0033519474191482683
96.98475480079652,0.0038829413884853697
97.00027227401732,0.005139728164992751
97.0161108970642,0.0019361336915486081
97.03211998939514,-0.004260146551256162
97.04823207855225,-0.006733160117875314
97.06422805786131,-0.0029366653813268453
97.07996797561646,0.0014948759534723164
97.0950825214386,0.00021103297571796508
97.11097693443298,-0.005114232959739034
97.12711262702942,-0.007071507538560976
97.14305639266968,-0.0028410370724173345
97.15881943702698,0.0017570863806982773
97.17483615875244,0.00018055898414860456
97.19050908088684,-0.005859743574636295
97.2056474685669,-0.008737741529012804
97.22186374664308,-0.005242425414327697
97.23887825012208,-0.0006240253941922143
97.25397610664368,-0.0010032157516872637
97.26998567581175,-0.004946151071185279
97.285640001297,-0.005896074355052211
97.3009614944458,-0.0017913666023341374
97.31643915176392,0.001792113014233761
97.33216071128844,-0.0005961200357858338
97.34816002845764,-0.006565622948990494
97.36330652236938,-0.009119342056882663
97.37938475608826,-0.006312568835770575
97.39491772651672,-0.003717008322514999
97.410893201828,-0.006195232662424011
97.426780462265,-0.010639072708252473
97.44291067123412,-0.0101056777810676
97.45789504051208,-0.0037596891998305107
97.47399044036864,0.0013187066103770497
97.4894917011261,-0.0007260874029110156
97.50558233261108,-0.006797854174860402
97.52156925201416,-0.009044761926341096
97.53657388687134,-0.005173275779588428
97.55181860923769,-0.0008910688671846916
97.56783127784728,-0.0016004754116203859
97.58346605300903,-0.005206731105978761
97.598872423172,-0.005808480232048547
97.6148509979248,-0.0024052506821071653
97.63074040412904,8.699097986493114e-05
97.64574480056764,-0.0012796066392385544
97.66087174415588,-0.0025530186417753115
97.67701315879822,0.0014981006777200654
97.69306635856628,0.00906246013456885
97.70905947685242,0.012519296279068223
97.72495365142822,0.00829009666785783
97.74041724205016,0.0019823184996883565
97.75646591186523,0.0014382952578928243
97.77244997024536,0.006718208316896299
97.78767609596252,0.010359090079174727
97.80375719070436,0.007385138070566313
97.8197431564331,0.0014620429218864894
97.83527207374571,-0.0007788783047109659
97.8504159450531,0.0011837337416392502
97.86635518074036,0.001980294440661197
97.881991147995,-0.0010301023077118063
97.89713287353516,-0.0035369465146157446
97.91314196586607,-0.0006321054128848608
97.92912793159483,0.005475182216758257
97.94411206245422,0.007718617735176585
97.96013045310974,0.003636942833334123
97.97624850273132,-0.0010968477840420023
97.99153184890748,-0.00015569293649367495
98.0075387954712,0.005167260057270952
98.02343130111694,0.008198214128187987
98.03855919837952,0.006269171281949794
98.05443143844604,0.004028603652294498
98.07046270370483,0.006233946498336368
98.0860514640808,0.010530863011595951
98.10207176208496,0.010625137591815555
98.11761045455933,0.005279941568289297
98.1335995197296,0.00015709151070650317
98.14961194992064,-0.0002027174077051672
98.16559934616087,0.001300524074627528
98.18067479133606,-0.001075533506154623
98.19648575782776,-0.006955193411097098
98.21247911453248,-0.009640582457176814
98.22748804092409,-0.0054358317403747245
98.24266457557678,0.0005452181720232291
98.25876903533936,0.0005883616997495742
98.27468752861024,-0.005629743509157271
98.29025673866272,-0.010929087056838479
98.30625891685486,-0.010455560530613332
98.32225918769836,-0.007802548230169266
98.33824515342712,-0.00908419308321687
98.35337090492249,-0.013568708344154062
98.36947298049928,-0.014314424665272801
98.38461303710938,-0.008048151279728969
98.3999502658844,-0.0002652037087352375
98.41605520248412,0.0018888929170978114
98.43118286132812,-0.0008729629471135973
98.44695162773132,-0.0013928005347610306
98.46205186843872,0.0036394615502942764
98.47809982299805,0.009024680099639117
98.49369931221008,0.008466213627058558
98.5097005367279,0.0034223801492460288
98.52515697479248,0.0008861934105963811
98.54125618934631,0.0033768475206837163
98.5571596622467,0.005415873239528705
98.57327127456664,0.0015323084007005648
98.58857369422913,-0.005485043810151616
98.6035532951355,-0.00788739561882231
98.61854815483092,-0.0035375895716498523
98.63446760177612,0.0008463018689515687
98.65035676956175,-0.001513166184148376
98.6664547920227,-0.008461543063438538
98.68163251876832,-0.01191151746420984
98.69723510742188,-0.008599646104303096
98.7133412361145,-0.003903544564518619
98.72934460639954,-0.003892130763242762
98.7452790737152,-0.007015433055661583
98.76066589355467,-0.006852445727675179
98.77579641342165,-0.0015512590050774707
98.79141402244568,0.0035336353835963012
98.80751395225523,0.0034719497945234776
98.82351231575012,0.0005773095441768735
98.83853197097778,0.0007836602622344367
98.85451292991638,0.004967219315356596
98.87054538726808,0.007729814283195743
98.88615417480467,0.005365133668981907
98.90224599838255,0.0014770073043346623
98.91728806495668,0.001966416802966936
98.9331512451172,0.006348057138027828
98.9492552280426,0.00787694934828104
98.96525311470032,0.0027222007261116328
98.98117661476137,-0.004433259582576223
98.99704957008362,-0.006279205710724228
99.01300835609436,-0.002296084396315334
99.028000831604,0.0011070013281054795
99.043958902359,-0.0003858225049644358
99.05989480018616,-0.003495191855447096
99.07516670227052,-0.002728205643226998
99.09093117713928,0.0014476270138312425
99.106947183609,0.003405006971319806
99.1229305267334,0.0008086178277077125
99.138836145401,-0.001632362191931959
99.15494847297668,0.0012586168864445668
99.1700837612152,0.0074329337175134905
99.18561506271362,0.009886237289210372
99.20160269737244,0.00608401306298815
99.21696734428406,0.0015235607907286715
99.23289895057678,0.002347025570119365
99.24894976615906,0.007146684254367126
99.26501441001892,0.009284979448363366
99.280091047287,0.006377739644204505
99.29523158073424,0.003589614309797962
99.31122732162476,0.006124670915891928
99.32722425460815,0.01151376727702898
99.34323382377625,0.01264348680148476
99.35823822021484,0.007455299998289109
99.37337946891785,0.0018609163464855792
99.38896703720091,0.0017965575815415994
99.40496277809144,0.005408810894333597
99.4201066493988,0.006077571106550394
99.43606424331664,0.0018100335144866893
99.45206117630003,-0.002193356299260696
99.4679582118988,-0.00114313398737283
99.48319792747498,0.0025779739941549874
99.4984815120697,0.0030679418776224624
99.51336693763731,-0.0004405572916947034
99.5292546749115,-0.0024304628439408074
99.54501700401306,0.0008855488248059908
99.56050276756288,0.005919935076276409
99.57588148117064,0.006630293984225693
99.59158825874329,0.003093105700989515
99.60755324363708,0.0014714205569301736
99.62364888191225,0.005250964570726258
99.63962388038637,0.010103560310112173
99.65462231636047,0.00977765183388309
99.67052292823792,0.0048653969552810445
99.68603467941284,0.002099750808616304
99.70152950286864,0.005069709185536418
99.71700119972228,0.00934295125453281
99.7325987815857,0.008801597841569305
99.74848079681396,0.004166909705701297
99.76387667655943,0.0016404657558116646
99.77997350692748,0.003726969479148426
99.79543566703796,0.005502344066840952
99.8114321231842,0.0018157215436921954
99.82643222808838,-0.004816316608138357
99.84157466888428,-0.007114028884289275
99.85747528076172,-0.0030243584271207003
99.87354946136476,0.001145640521971269
99.88903427124023,-0.0009234589470488259
99.90508103370668,-0.0070817245747294396
99.92107820510864,-0.009754340006036982
99.9367663860321,-0.006281375995155217
99.9527657032013,-0.0022889730071489296
99.96772122383118,-0.0035749814280224175
99.9838125705719,-0.007923928149459058
99.999338388443,-0.008248481246883948
100.01533889770508,-0.002602764655223182
100.0313482284546,0.002924260909315984
100.04729509353638,0.002446579846492014
100.0632917881012,-0.0018151612937092375
100.0794551372528,-0.0028778295963949527
100.09515142440796,0.0011990983963196021
100.11119222640993,0.004751873063143003
100.1261899471283,0.002689360436404957
100.14121413230896,-0.002124116973418808
100.1571912765503,-0.0027374884583649464
100.17315435409546,0.0020061413639431017
100.18883872032166,0.005331510758576859
100.20482349395752,0.0013841520463932161
100.22083497047424,-0.006779800786729025
100.23678278923036,-0.010881148870910257
100.2527871131897,-0.007812694364321965
100.26816940307616,-0.0028719177414142467
100.284255027771,-0.0020167573334146796
100.29990673065186,-0.004239625738212101
100.31589937210084,-0.004302114873464297
100.33101439476012,-0.0010836482282195505
100.3469033241272,0.0008664246078398536
100.3629026412964,-0.0013553956861062436
100.37895488739014,-0.00389561773142396
100.39411091804504,-0.0012194387000995818
100.4100992679596,0.005550032837737152
100.42528915405272,0.009186671303221252
100.44128465652466,0.005748784914447456
100.45741033554076,0.00010155917876361782
100.4734914302826,-0.00028514867350083696
100.4892282485962,0.004835413561347452
100.50522184371948,0.008233641177576832
100.52082395553587,0.004812885502733218
100.53684282302856,-0.0019049149319947975
100.55272555351256,-0.004894590797651546
100.56883192062378,-0.002893964999630352
100.58396029472352,-0.0010806373900793503
100.60060834884644,-0.0028419966594720614
100.61516451835632,-0.004786315177992035
100.63107705116272,-0.002147631971198154
100.64689803123474,0.003409719377868042
100.6628963947296,0.0052030206398897706
100.67802166938782,0.0006583449046419533
100.69363188743591,-0.0046154751414929016
100.70877599716188,-0.003898358664691584
100.72463297843932,0.0018415010781625933
100.74074172973631,0.00548196195107201
100.75675463676453,0.0035280415632665454
100.77273368835448,0.0006438715260104647
100.7887647151947,0.0027382730193316876
100.80406522750854,0.008373996924870841
100.82003688812256,0.010549522604191456
100.83594298362732,0.006283741542702637
100.85203552246094,0.0005706865665976427
100.8680636882782,-0.0005992562304864791
100.88319182395936,0.0019143077926969867
100.89892578125,0.0025707420893428426
100.91492652893066,-0.0003403832056535329
100.93082475662231,-0.0024313447407095013
100.94595551490784,-0.00036136615176618307
100.96193957328796,0.00239072757491199
100.97803473472597,6.789902115572448e-05
100.99378633499146,-0.006690767719349435
101.00928735733032,-0.010752845664706544
101.02540588378906,-0.0077683821048766845
101.04142045974731,-0.0019997642338472265
101.05739545822144,-0.0003644447466769206
101.07328748703004,-0.002992919847328617
101.0898334980011,-0.003631651622312026
101.10586667060852,0.0008176530183045625
101.12144541740416,0.005425645208206609
101.13748335838318,0.004146950283273049
101.15297269821168,-0.0013378339579901378
101.16886520385742,-0.003637537078748305
101.18450164794922,0.00012045612666874029
101.20027542114258,0.004300425228619252
101.2161796092987,0.002736219459848017
101.23226809501648,-0.002540893466034753
101.24816656112672,-0.004171860001756289
101.2641830444336,7.966986328048712e-05
101.28017449378969,0.004053483219779837
101.29525232315063,0.001791047533679251
101.31125330924988,-0.004014511053242598
101.32625985145567,-0.00564873506037835
101.34225726127625,-0.0011873053144967234
101.35725402832033,0.00253854140964519
101.37281823158264,-0.0008791366011114887
101.38883876800536,-0.008604518204973665
101.40439414978027,-0.012209228455346
101.42038583755492,-0.008779817840217865
101.43660616874696,-0.004308936110496821
101.4518518447876,-0.00506932554151439
101.46684765815736,-0.009283707308898633
101.4828782081604,-0.010524403450767965
101.49850058555604,-0.0074278409134536615
101.5136308670044,-0.005550714150728247
101.5296347141266,-0.008806254186538041
101.5451593399048,-0.0130854316575918
101.56105661392212,-0.011654336523082627
101.576265335083,-0.00496690233727143
101.59202527999878,-0.0008106258565169079
101.60792708396912,-0.004005611802636425
101.62403202056883,-0.009706766161021091
101.63934707641602,-0.009789505295891544
101.6545069217682,-0.0038209228155974668
101.67062711715698,0.00038605385111046555
101.68564653396606,-0.002518342300480517
101.7012016773224,-0.008028702365607529
101.7173056602478,-0.007779602778945877
101.73229336738586,-0.0007498027543505516
101.74719047546388,0.005426679323889377
101.76331782341003,0.004454556258505146
101.77941799163818,-0.001084521489307079
101.79544568061829,-0.00432327264276564
101.81144309043884,-0.003490782503620221
101.8274576663971,-0.0028709747085605506
101.84244799613953,-0.005023452839625967
101.85845041275024,-0.006469169948883193
101.87446022033691,-0.0032844778125097032
101.89000034332275,0.002011480696297841
101.90553164482117,0.003066448667172192
101.9215304851532,-0.0012783529258077395
101.9375228881836,-0.0045010876523052055
101.95351338386536,-0.0007924964931278738
101.9695143699646,0.006753590305988698
101.9847822189331,0.009715707309065557
102.0003445148468,0.0054495916917960616
102.01633524894714,0.0008498050207488243
102.03233218193054,0.003375524849847565
102.04746341705322,0.011119561332375532
102.06343507766724,0.015197813132049534
102.07881140708923,0.01124939820566349
102.0941059589386,0.004667920872917021
102.11011672019958,0.002912981595015282
102.12623977661131,0.005823768220702804
102.142112493515,0.007018885554491691
102.15776634216309,0.0035539525640909037
102.17357087135316,-0.00028532932105863255
102.18959021568298,-3.767119011272198e-05
102.20510339736938,0.0019997667167672636
102.2211000919342,0.0004403241402523286
102.23710179328918,-0.0044352383298931555
102.25310468673706,-0.006195672300575954
102.26910376548769,-0.0014069245085086956
102.28511357307434,0.00464930141534657
102.30068397521973,0.0044432900969098455
102.31601190567017,-0.001622234728331012
102.3319742679596,-0.005508854689903255
102.3480281829834,-0.00225814092287387
102.36397242546082,0.0034634065384473636
102.37998819351196,0.0039600637178173696
102.39602446556091,-0.0009619798402215746
102.41202592849731,-0.004136726183890245
102.42807030677795,-0.0014340446435538497
102.44402527809144,0.0023929387327848205
102.45919299125671,0.0006488605125564962
102.47507429122923,-0.0055161488540865465
102.491117477417,-0.00842862672579046
102.506733417511,-0.004499938021208284
102.52268624305724,0.0008426178475125128
102.53873324394226,0.000807102085687642
102.55468821525574,-0.003370260404807486
102.57068610191344,-0.004471997153399659
102.58569669723512,0.00027715855725621383
102.60094714164734,0.0052204334119395936
102.61694622039796,0.004273220940576562
102.63227653503418,-0.0005030408590696311
102.64834642410278,-0.001888222027102957
102.66433000564577,0.0022599253378848393
102.68016052246094,0.006052034314605096
102.6959307193756,0.004009376645228892
102.71126246452332,-0.0011610607029697772
102.7272400856018,-0.0025076929006011372
102.74324703216551,0.0011659563584624664
102.75922751426695,0.003515322973404611
102.77517008781432,-0.0003412210994706028
102.79035329818726,-0.00680465896513572
102.80600237846376,-0.008751699513632099
102.82200717926024,-0.005468357646925805
102.83799982070924,-0.003477136982582702
102.85410833358765,-0.007053580476551081
102.87010169029236,-0.011864254540499154
102.88532829284668,-0.010829998436854692
102.90049862861632,-0.004084984188615882
102.9156265258789,0.0009253871506100517
102.93155646324158,-0.0005803801821621319
102.94760084152222,-0.004459675858924556
102.96361017227171,-0.003662084945358659
102.97977781295776,0.001967759566444442
102.99543857574464,0.005728606150297742
103.01148343086244,0.0037407393020024975
103.02739095687866,0.0005771579429420864
103.04348611831664,0.002843256664988066
103.0584831237793,0.009638364604752923
103.07450199127196,0.013304413314417169
103.0896339416504,0.009598203097087752
103.10527300834656,0.0033333145177384133
103.12117314338684,0.0018129885036078939
103.1372241973877,0.005216881900628111
103.15327548980711,0.007076269835965172
103.16923022270204,0.0037226437303720657
103.18453764915466,-0.0007562253938081893
103.20008420944214,-0.0007749905833207052
103.21515703201294,0.0025359252878125295
103.23061847686768,0.0029842905052166356
103.24595713615416,-0.0015560262663588476
103.26141953468324,-0.005647948721867848
103.277348279953,-0.0036371806198167624
103.29248452186584,0.0022940363650816335
103.30800080299376,0.004719047538295355
103.32402229309082,0.0008549202648754908
103.34000825881958,-0.003800488501284057
103.35610437393188,-0.003060161812364094
103.37111163139345,0.0016791296535055506
103.38633418083192,0.00383854543471615
103.40170073509216,0.0010398936481499548
103.41670727729796,-0.0018857349828679474
103.43267583847046,-0.000267756610984729
103.44840979576112,0.0035290906190989504
103.4645311832428,0.003662305689729913
103.47969675064088,-0.0005122831712741005
103.49570155143738,-0.0033736229208698046
103.51164388656616,-0.0011615593467660373
103.52778244018556,0.002560317771169279
103.5436589717865,0.002124523880927832
103.55964922904968,-0.0018860102642879887
103.5757839679718,-0.003388651818695119
103.59181690216064,0.000231181813152289
103.60718488693236,0.0038820757294768886
103.62318277359007,0.001685430771086722
103.63931703567503,-0.004485875344928006
103.65518093109132,-0.00704910328967735
103.67119765281676,-0.00287644566199385
103.68723225593568,0.002360079844380778
103.70275235176086,0.0017087519678054433
103.7184727191925,-0.004001953336989231
103.73447179794312,-0.007894189825241437
103.75047087669373,-0.006757979226019734
103.76653671264648,-0.004944836880919632
103.78167796134947,-0.007166836304783844
103.7974374294281,-0.010831950366585151
103.8133156299591,-0.009216253680209823
103.82933282852171,-0.0012101834845065782
103.84532833099364,0.006251462359009065
103.8613166809082,0.006848186429720708
103.87633204460144,0.0027831809863592292
103.89235877990724,0.001077920814961642
103.90790748596191,0.0036166814690451465
103.92400002479552,0.0049435393499486086
103.93990349769592,0.0007628499678211257
103.95533490180968,-0.005033041236287315
103.97134590148926,-0.004964298604576878
103.98737120628356,0.0019446199032056612
104.00286889076231,0.008494129595009899
104.01888585090636,0.008440431050933197
104.03488516807556,0.004025271337343143
104.05087423324584,0.0019142172080948297
104.06688475608826,0.003674606956870028
104.08288598060608,0.004215439750530445
104.09881234169006,5.4774138821670794e-05
104.11426758766174,-0.00468095193310528
104.13024854660034,-0.00340771980072219
104.1462516784668,0.0035029646289736855
104.162250995636,0.008245048262996288
104.17824864387512,0.005291468278180709
104.19327569007874,-0.0014034364658578173
104.20885491371156,-0.0033968214081186087
104.22491693496704,0.0014930956115431736
104.24030375480652,0.006723886226171221
104.25596618652344,0.005822509856983445
104.27197647094728,0.0005937331658366599
104.28800344467165,-0.0018980659278083564
104.30350351333618,0.0010609253702958399
104.31950569152832,0.00480186099765979
104.33550429344176,0.004446543681905876
104.35150671005248,0.0017842099563634209
104.3675091266632,0.0022218019176022796
104.38361716270448,0.006520725242900516
104.3993434906006,0.00938238253497655
104.41531467437744,0.006952183102486131
104.431307554245,0.0024178197726706565
104.44641256332396,0.0015786754885594874
104.46154928207396,0.004657776862535847
104.47754955291748,0.0060461774446889565
104.49311089515686,0.002362472651049235
104.50863456726074,-0.0026553987693271734
104.52463436126708,-0.0034282248651400114
104.54075741767883,-0.0005229543090981646
104.55677485466003,1.7004085430059228e-05
104.57275223731996,-0.004824116855153982
104.58865547180176,-0.010582735438758272
104.60440135002136,-0.011166747540808639
104.62038207054138,-0.006875697009113342
104.63638424873352,-0.003535499317651855
104.65239715576172,-0.00424404827312945
104.6673867702484,-0.005501083825043015
104.6834466457367,-0.0030180292580459477
104.69933032989502,0.0014594689848817658
104.7151973247528,0.0024249772129167914
104.73062562942503,-0.001138098850446489
104.74626612663268,-0.003530429768962556
104.76235818862916,0.00023551957620858693
104.77839398384094,0.007505687488056116
104.79451823234558,0.011277911954248274
104.8102524280548,0.00932709408411876
104.8252499103546,0.006679782247381065
104.84114909172058,0.008196821442599752
104.85724902153017,0.011756747552816478
104.87326502799988,0.011555758617192848
104.8893539905548,0.006702963803474406
104.90490698814392,0.002796911599093424
104.92091012001038,0.004160872576053995
104.93690800666808,0.007748993380546269
104.95288133621216,0.0074145938190347625
104.96818089485168,0.0024962340887871486
104.98393559455872,-0.0014693794180440738
104.99961614608765,-0.000813895910247533
105.01559495925903,0.0011043849522615005
105.03149485588074,-0.00087800814786216
105.04668354988098,-0.005697128593156721
105.06279110908508,-0.007015708430578422
105.07868480682372,-0.0021512637127577626
105.09393334388731,0.0036573437644611207
105.10966444015504,0.0040311977007307055
105.12555813789368,0.0001326764300454827
105.14168095588684,-0.0009003093075199668
105.15666341781616,0.004114628157208355
105.1726620197296,0.009707182422469988
105.18867087364195,0.008917307002818346
105.20435070991516,0.0027049050529578938
105.22028923034668,-0.001214373045158687
105.23639678955078,0.0014082294790867134
105.25230121612547,0.005893683989640389
105.2683925628662,0.00520016822397494
105.28451895713806,-0.0005821945349702273
105.30031490325928,-0.004636075479495539
105.31562733650208,-0.00275108040634314
105.33079481124878,0.0014461766214330474
105.3468894958496,0.0021804633248251578
105.36288952827454,-0.00044218565164720613
105.37878274917604,-0.0014629463541787383
105.39482641220091,0.0008601605108046091
105.41038107872008,0.002115107357962992
105.42637395858765,-0.0015841325751902741
105.44239258766174,-0.007070179475445204
105.45830059051514,-0.007617950839257127
105.47429013252258,-0.0020127700434914952
105.48942852020264,0.003477885744109728
105.5053551197052,0.003184597562255225
105.5208170413971,-0.0008637585014148229
105.53685903549194,-0.0024146725984324473
105.55277752876282,0.00017459839881969665
105.56777238845824,0.002227879112453098
105.58380675315856,0.00022351149491765983
105.59950590133668,-0.0026345922806155658
105.6146330833435,-0.0009619786243124822
105.6305170059204,0.004659175291244135
105.64617490768433,0.00786616682348214
105.6620614528656,0.005170828931102226
105.6771960258484,0.0009410840209340961
105.6923282146454,0.0014300903799491322
105.7078776359558,0.005953190575342505
105.72341012954712,0.0075634319392228165
105.73930668830872,0.0025802368710620338
105.7553060054779,-0.003989352284022385
105.77041673660278,-0.00471387144994305
105.78556942939758,0.0005679387909130022
105.80132389068604,0.0045900705368276135
105.8173487186432,0.002178706613606384
105.833349943161,-0.0033669745980187686
105.84934282302856,-0.0053503414499070645
105.86433410644533,-0.0028364709759815805
105.88033890724182,-0.0012669368323097213
105.89624571800232,-0.00414006682123672
105.91172409057616,-0.007789733380145726
105.9273407459259,-0.0066012133353368935
105.94337344169617,-0.0010927546812185634
105.95937991142272,0.002699212206115087
105.97549533843994,0.0016698914524788588
105.99098086357117,-8.449548889007943e-05
106.00673246383668,0.0026957190180204697
106.0227165222168,0.008573673642692367
106.0387725830078,0.010938588449448904
106.0547103881836,0.007042666975415142
106.0707266330719,0.0020317778093447165
106.08673048019408,0.002176084914074389
106.10215044021606,0.00645939778124799
106.11805510520936,0.008096199967622997
106.13405418395996,0.0039036988275030237
106.14956831932068,-0.0013924447790879223
106.16518473625185,-0.001773019998085107
106.18118596076964,0.0018610781180079866
106.19719552993774,0.0032321602144556824
106.212819814682,-0.0005382310068966457
106.22882294654846,-0.005465154923877248
106.24483132362366,-0.007089657156169286
106.26081705093384,-0.007004487845831535
106.27572083473206,-0.009919536265182946
106.29094171524048,-0.015775359451006197
106.306631565094,-0.01882239789849556
106.322607755661,-0.015450263716885557
106.3386206626892,-0.009592410287338446
106.35385155677795,-0.007662042315612559
106.36996555328368,-0.009890804033942432
106.3859760761261,-0.010259894264877431
106.40171766281128,-0.005179414446601943
106.41783165931702,0.0012548683448020846
106.43390941619872,0.0027296206873934064
106.44880652427672,-0.0008754387530704342
106.4652614593506,-0.0038675622619804796
106.48038983345032,-0.003027996992418896
106.49612665176392,-0.001781485378182263
106.51173114776611,-0.004375893336781758
106.52671647071838,-0.00875718547944607
106.5427348613739,-0.008860767747765598
106.55873131752014,-0.0034583289364117182
106.57402348518372,0.001129014161763398
106.59003639221191,-0.001079802925935209
106.60556554794312,-0.007732760881067995
106.62110781669617,-0.011145694118286274
106.6365888118744,-0.00843109315947551
106.65287017822266,-0.0050419575082016
106.66885709762572,-0.007037845315900002
106.68445205688477,-0.012821929569872378
106.69957828521729,-0.015604676376012119
106.71521854400636,-0.012854944978602689
106.7312114238739,-0.009476405188073394
106.74722695350648,-0.010529063379678058
106.7632246017456,-0.014015635553056694
106.7793276309967,-0.013898105610251264
106.79534673690796,-0.008839501771971547
106.81092500686646,-0.004118102944435196
106.82692766189577,-0.004046556199792609
106.84193706512453,-0.00583110948277645
106.85793590545654,-0.0037513615747879893
106.87393760681152,0.002247562426964951
106.8899416923523,0.005925583803209511
106.90571928024292,0.003306243330239991
106.92063212394714,-0.0014869586045081883
106.93590760231018,-0.0015484925772557123
106.95190787315369,0.0034056114338682515
106.96789789199828,0.006497514257587974
106.98389506340028,0.0028534422945008775
106.99890041351318,-0.00398233752607187
107.01471066474916,-0.0069244024087889815
107.03059339523315,-0.0045502924082073464
107.04669046401978,-0.0021162059489706394
107.06259059906006,-0.0035774375159691044
107.07759523391724,-0.006159374665954266
107.0929274559021,-0.004961210542283579
107.10877513885498,-0.000653128803523661
107.12476134300232,0.0009972920115058632
107.13990187644958,-0.0027477932756892103
107.1559009552002,-0.007388000437324079
107.1719024181366,-0.0070648374554426055
107.18793106079102,-0.002480787870648761
107.20349383354188,0.00016070069680381935
107.21950888633728,-0.00220414311755024
107.2355124950409,-0.005173738096448706
107.25079226493835,-0.0028676184376319556
107.2668070793152,0.003916478502683997
107.2821123600006,0.008498203693488313
107.29810833930968,0.006978058086259415
107.31396484375,0.0030233143302348334
107.32991027832033,0.00248696070290966
107.34600377082825,0.0055510681769950195
107.36190915107728,0.007218802371918311
107.37789940834044,0.0050499417623445005
107.39293050765993,0.002897804035512858
107.40848660469057,0.005276822472734926
107.42448616027832,0.010446312309687369
107.44048309326172,0.012238684420013506
107.45648241043092,0.008330298860868042
107.47248864173888,0.003442737931222936
107.48851275444032,0.002913138022550739
107.50407910346983,0.005529218069795743
107.52007389068604,0.005590422517163119
107.53712821006776,0.0012464763911719922
107.55142784118652,-0.0026520645937038916
107.56729507446288,-0.00122340776813781
107.58330011367798,0.0036918390059576863
107.59889674186708,0.0062377314218682815
107.61489939689636,0.004765588195767729
107.63091564178468,0.0037587189784441654
107.6469340324402,0.00673465791868028
107.66280674934389,0.010509529822284494
107.6788957118988,0.00944485596693423
107.69496440887453,0.003930712842760644
107.71029424667358,0.0008505880424602163
107.7264199256897,0.004691516053914677
107.7423996925354,0.011196689139776414
107.75839710235596,0.012431156008308634
107.7744002342224,0.006781222829199961
107.79004263877869,0.0006723019719209894
107.80583667755128,-6.818767095315235e-05
107.82113456726074,0.0026015889936575297
107.83713388442992,0.0026509168797097566
107.8531243801117,-0.0011423177971242393
107.86902499198914,-0.0037411210525362727
107.88402843475342,-0.0015763443997152886
107.89942121505736,0.0018828893378518797
107.91502666473389,0.0008830103490874747
107.9311273097992,-0.0041984552513960015
107.94714164733888,-0.006865880807144257
107.96312642097472,-0.003267731821499297
107.97912406921388,0.002402457105648071
107.99525594711304,0.0034932082375263547
108.01082301139832,-0.0001558455464117899
108.02684664726256,-0.0022611352536136024
108.0428204536438,0.000993840220119324
108.05882787704468,0.005634790721825882
108.07483220100404,0.005518065541008852
108.09044194221497,0.0009071266938513543
108.10586285591124,-0.0020410297523387896
108.12161040306091,-2.9153002956107225e-05
108.1362886428833,0.002854390854509837
108.15229558944702,0.0012346612376415243
108.168372631073,-0.0035810076295640213
108.1842806339264,-0.005246530617513439
108.1994330883026,-0.0014380934792064138
108.21508812904358,0.0025574099831529
108.23098254203796,0.001017176452304822
108.2469961643219,-0.00425115439474465
108.26299571990968,-0.0063936379196639
108.27897906303406,-0.0030160526016054312
108.29461860656738,0.0006177110571164556
108.31003189086914,-0.0008506445454494515
108.32524275779724,-0.005230256818426468
108.34128499031068,-0.005851389083823834
108.3565776348114,-0.0010724924812387602
108.37191820144652,0.0031642482000538265
108.38782620429993,0.0014799766943982607
108.40447878837584,-0.003339654449544329
108.42050170898438,-0.003978509899260525
108.43660879135132,0.0013650405646765864
108.45194125175476,0.006332924322090927
108.4679901599884,0.004864888044300666
108.48395109176636,-0.0008083238790789981
108.5000524520874,-0.0034524784942106465
108.515483379364,-0.0005435847605235657
108.53148412704468,0.0030457738373813204
108.54757165908812,0.0025114700030076406
108.5635757446289,-0.0003737283084022107
108.57957339286804,-0.0007376979312397952
108.59473967552184,0.0017293010449084068
108.6100742816925,0.002531692962907954
108.62557721138,-0.00023621228077453597
108.64155101776124,-0.0021917843472810633
108.65754246711732,0.001311585949475949
108.67255187034608,0.007861178707839214
108.68856263160706,0.010263121424518105
108.70456957817078,0.00595118328902214
108.72019100189208,0.0006948911650482687
108.7361958026886,0.0012119438903287734
108.75218057632446,0.006461700401759598
108.76819324493408,0.009296346147270327
108.78419470787048,0.006033416228373797
108.80019688606262,0.0008539725814852316
108.8157217502594,-0.0005910447133084893
108.83116507530212,0.0010496027687374055
108.8471667766571,0.0005877241206775167
108.863201379776,-0.003433435230746648
108.87920117378236,-0.0062681617818850805
108.89432311058044,-0.003942395384606906
108.9103753566742,0.0006486917162317474
108.92642736434937,0.0017015883778807056
108.94193196296692,-0.0010017443196564035
108.95789980888368,-0.0014986552453244684
108.97389721870422,0.0037628507102292355
108.98991131782532,0.010236597999098786
109.00504684448242,0.010919980985217424
109.02076745033264,0.005881199677189505
109.03675150871275,0.0024014807648405296
109.05275654792786,0.00516317642547861
109.06865310668944,0.009792160180361494
109.08374881744383,0.008760954836754285
109.0998067855835,0.0017813443235947615
109.11534142494202,-0.0034903115123572862
109.13134169578552,-0.0014928349154675774
109.14733123779295,0.004053378769006011
109.1628315448761,0.005465360098998259
109.177964925766,0.0014705359686569735
109.1949713230133,-0.0015438480019895767
109.20980930328368,0.001202502915687598
109.22507643699646,0.006163523363211687
109.24107050895692,0.006515868315486384
109.25665521621704,0.0016684046473582838
109.27263760566711,-0.0021395949962768777
109.28863787651062,-0.0007834680493689176
109.30466890335084,0.0020860397057272427
109.32024216651917,0.0006488146703407557
109.33632802963255,-0.004398302765147436
109.35218667984007,-0.006659461622826903
109.36747980117798,-0.0032613485549155352
109.38348054885864,0.0008148550041897095
109.39960837364195,-0.0002865035208355054
109.41539096832275,-0.004866166740706742
109.4307107925415,-0.0059966752491864474
109.44618678092957,-0.001529020957272728
109.46218514442444,0.002491018848224333
109.47821259498596,0.0001653225440497166
109.49320530891418,-0.005696895827063963
109.50894474983215,-0.006981915923595819
109.52484250068665,-0.0012595990339210883
109.54094171524048,0.004693293407684451
109.55695748329164,0.0037495250013083966
109.57294273376463,-0.002382904448589529
109.58894300460815,-0.006040883489337061
109.6048436164856,-0.004196788522184638
109.62057447433472,-0.0019087569534341378
109.63570380210876,-0.004189737162974282
109.6516969203949,-0.008338656759981446
109.66767477989195,-0.007882360997294764
109.68357300758362,-0.0023633512462565205
109.69873118400574,0.001382913153765334
109.71449899673462,-0.0013368220850132955
109.73048186302184,-0.006295435677923416
109.74543261528017,-0.0061819832320416665
109.76069927215576,-0.0011201703011096582
109.77670693397522,0.0010787507132258177
109.79283666610718,-0.004264812091209273
109.80797410011292,-0.011661208271567565
109.82394695281982,-0.01215746889615769
109.83994936943054,-0.004884601264736439
109.85598754882812,0.0021126957597688255
109.87196707725523,0.0026068866789534916
109.88795518875122,-0.0002841133388712517
109.90396094322205,0.0004017717869797149
109.91948986053468,0.005329276571196192
109.93554353713988,0.00842215046267459
109.9515299797058,0.006179003833354923
109.9674108028412,0.0029104158641234
109.98319220542908,0.00428436871630473
109.99842429161072,0.008717207477653501
110.0138339996338,0.009371871785701081
110.02991271018982,0.004150831262435601
110.04583430290222,-0.0007277416110620903
110.06183218955994,0.000885941583660386
110.07785248756409,0.006273140258943719
110.09384393692017,0.007205177131499579
110.1098608970642,0.0012589737876103355
110.12586092948914,-0.0044423117574766205
110.14188051223756,-0.0025292265822701243
110.15795516967772,0.004709225686177795
110.17404341697691,0.008302096970315179
110.18960165977478,0.004446554713965343
110.20461130142212,-0.0008456255648846655
110.2197561264038,-0.0003693521998124659
110.23524951934814,0.004571690222195916
110.251158952713,0.006732310365057048
110.2672564983368,0.003696429920659141
110.2831485271454,0.0013302606662845774
110.29926681518556,0.005026450295338229
110.31515693664552,0.011421691522896817
110.33015894889832,0.012704056260204391
110.34614396095276,0.007588127485593917
110.36204719543456,0.0032505678126443275
110.3780801296234,0.0052410225143519895
110.39350938796996,0.009672370826773372
110.40911102294922,0.008947581019366888
110.4250819683075,0.002920159857409943
110.44071984291077,-0.0006270134196790524
110.4558527469635,0.002822575729217509
110.47182655334473,0.007573877243244387
110.4878249168396,0.005309734258346004
110.50295615196228,-0.0031335286834490283
110.51862025260924,-0.008504555648311294
110.53450894355774,-0.005689947488545191
110.55050897598268,-0.0005854443880130126
110.56652164459229,-0.0015774901154406579
110.58250951766968,-0.007604462319510142
110.59753251075745,-0.009698213894062401
110.6130871772766,-0.0038935288364958156
110.62862491607666,0.0027902245788787123
110.64462637901306,0.0019541456950678358
110.6596326828003,-0.004349834521437448
110.6747670173645,-0.006286174518408894
110.69080638885498,0.00011381434266509189
110.70699977874756,0.007336577603630888
110.72278499603271,0.006702599684566862
110.73874187469482,0.00022853038007886097
110.75378727912904,-0.002512980612823754
110.76979851722716,0.0020057356826756988
110.78577399253844,0.006442457690557993
110.80189442634584,0.0033306990550074364
110.81751680374146,-0.003880797620216802
110.83267498016356,-0.0052919498067068305
110.84833550453186,0.0015708486339451782
110.86443543434144,0.00800366733819522
110.8804383277893,0.005980344099047928
110.89654755592346,-0.0008424052066186884
110.912109375,-0.0023946286145092046
110.92724132537842,0.003580807190698647
110.94311618804932,0.008297253273386727
110.95921206474304,0.004329748101051932
110.97522258758544,-0.0036776490635604185
110.99122214317322,-0.005163899698018861
111.00635933876038,0.0017205968862852817
111.02202582359314,0.0074344203901684945
111.0380449295044,0.004216608202164119
111.05402660369872,-0.0031698692923322336
111.07002806663512,-0.004143517912477262
111.08605098724364,0.0028973021182808175
111.10203337669373,0.008434314390077342
111.11766862869264,0.005373742228356964
111.13366985321044,-0.0008099350200741619
111.14867210388184,0.00022404993659160682
111.16466856002808,0.008820485452831251
111.180673122406,0.014336948751222742
111.1966950893402,0.009806705576554105
111.21200704574584,0.0019259782958814468
111.22809410095216,0.0021275612561077618
111.24407839775084,0.010716274441686281
111.26008296012878,0.016047306715034057
111.27597904205322,0.010358339451552918
111.29198217391968,0.0009398333207184604
111.30723357200624,0.0013226637524991966
111.32299971580504,0.013860174044561361
111.33898878097534,0.026154751989608503
111.3548903465271,0.025003211181974204
111.37099051475523,0.009518840574626633
111.38589000701904,-0.010938184286616297
111.40191125869752,-0.027049057931450154
111.41826224327087,-0.033862605924194156
111.43325972557068,-0.0288546079114831
111.44838666915894,-0.013099036571373141
111.46408867836,0.004707382526952073
111.4800672531128,0.01191936347265655
111.496173620224,0.004399364897598101
111.51180267333984,-0.007454919784392088
111.52782416343688,-0.009873665361554675
111.54281067848206,-0.001973969889653159
111.55882477760316,0.0038759764154311527
111.57482933998108,-0.0014464745610789642
111.59069681167604,-0.012073455537670526
111.60670971870422,-0.015499047935181712
111.6218581199646,-0.009327131116859712
111.6369616985321,-0.0037500258146062034
111.65296459197998,-0.0069819815230742835
111.66886854171752,-0.014093981441035108
111.68459844589232,-0.014480610015141547
111.70061159133913,-0.0071094710752831435
111.71634078025818,-0.0020550644623693257
111.73231840133668,-0.006222366871522462
111.7473211288452,-0.013357789268916922
111.7633183002472,-0.012457908207702862
111.779221534729,-0.0030115408935602324
111.79536604881288,0.003978041240976138
111.81108474731444,0.0005439983315569706
111.82706928253174,-0.008057242815025054
111.8430712223053,-0.011049353588332023
111.8580765724182,-0.006570521419281902
111.8739731311798,-0.003058576875332595
111.89009308815002,-0.0065644691505894305
111.90614771842957,-0.012346419329032063
111.92191934585573,-0.012248966505840399
111.93682503700256,-0.0066976419341536276
111.95283365249634,-0.003955889000319649
111.96883487701416,-0.00792033229066056
111.98483324050903,-0.012221062096800225
111.99991536140442,-0.00929129019928842
112.01545596122742,-0.0015546232763677791
112.03144264221191,0.0013671640248747847
112.04658460617064,-0.004136719703788908
112.0624499320984,-0.01045224440773666
112.07834649086,-0.009002441389548754
112.09344506263731,-0.0019063692516121979
112.109548330307,0.001095429905352309
112.1253216266632,-0.0038309594992426473
112.14126968383788,-0.009386936894881848
112.15671968460084,-0.007377577658899077
112.17243909835815,-9.386188788078256e-05
112.18842959403992,0.002905242144909879
112.20447063446044,-0.0020860562598611207
112.21967148780824,-0.008198170087898792
112.23566770553587,-0.007884404085926021
112.25166869163512,-0.003209197031212872
112.26765608787537,-0.0021994923886604037
112.28278350830078,-0.006880577181712566
112.29794669151306,-0.010217449603370133
112.3135862350464,-0.006273418182369227
112.32958722114564,0.0009390995301771449
112.34479355812071,0.0025683910320832316
112.36082744598389,-0.0030673733478575518
112.37674880027772,-0.008317535804539424
112.3920509815216,-0.006769123785413211
112.40810561180116,-0.0016890389835828492
112.42367911338806,-0.0007805691280171972
112.4396469593048,-0.005099313273538511
112.45475125312804,-0.00794326860218553
112.4706494808197,-0.005010277562764586
112.4867458343506,-0.0009622109863504547
112.50194454193117,-0.00276285308232752
112.51753115653992,-0.00925989935158177
112.53352808952332,-0.01213976178679537
112.54942798614502,-0.00733546700894014
112.56555104255676,-0.0009127386026134307
112.58153510093688,-0.0009046775071467291
112.59754729270936,-0.006265176595175421
112.61317658424376,-0.008366096722555599
112.62927746772766,-0.0030706738205411458
112.64429020881651,0.003384951218580677
112.66028881072998,0.0029227586839122247
112.6762671470642,-0.003222810433843872
112.69227361679076,-0.006130604598882039
112.70829129219057,-0.0012799589407067585
112.72353506088255,0.005554180148881427
112.73885488510132,0.00642373243428333
112.7548315525055,0.0017583200900296151
112.77073097229004,-0.0011541175128178213
112.7867305278778,0.0010493449586415063
112.8029363155365,0.0034103068415714624
112.81875324249268,0.0006811452981239051
112.83473229408264,-0.004182689151035647
112.8507227897644,-0.003676870543290532
112.86573505401611,0.003367378418719701
112.88071846961977,0.00922298256842758
112.89672422409058,0.007190423707599993
112.91295051574708,0.0006582395856695135
112.9292402267456,-0.0012162060356419439
112.94484782218932,0.004455492032849087
112.9608371257782,0.010730447138569443
112.97686910629272,0.01036577528197605
112.99286723136902,0.00530120692343778
113.00884127616882,0.0033355620550035983
113.0244164466858,0.007032266647289985
113.0404360294342,0.01036403576816203
113.05631709098816,0.007467101667612451
113.07231426239014,0.0009759376672274517
113.08831119537354,-0.0016878688665111123
113.10334300994872,0.0013885073246231077
113.11916041374208,0.004274229744919279
113.13506698608398,0.001885936464345712
113.15081572532654,-0.0028000053476124886
113.16609859466551,-0.003193686336082492
113.1812264919281,0.0013414446072830648
113.19705247879028,0.00456812079036403
113.21218085289,0.002389641006965061
113.2274911403656,-0.0011897411402368168
113.24358677864076,0.00018484649587022142
113.25948643684389,0.005877767625592092
113.27450323104858,0.008736746184156381
113.28950595855711,0.004982077336516615
113.30552577972412,-0.00030347419764272616
113.3213381767273,5.2207619320988885e-05
113.33647680282591,0.005498379106795069
113.35244631767272,0.008477692431407103
113.36844635009766,0.0047206914115791995
113.3844394683838,-0.0010610985296797045
113.40035057067873,-0.0018133781322366856
113.41561484336852,0.0022767718824463967
113.43161606788637,0.004509778352796328
113.44761657714844,0.0013542914442121034
113.46362447738647,-0.0027124114100593403
113.47993874549866,-0.0018503414610314337
113.49510669708252,0.0027387008918114296
113.51031279563904,0.004662086534945975
113.5258674621582,0.0015750994464317353
113.54175806045532,-0.0016400640885529513
113.55775666236876,-0.0002835176562571984
113.57288575172424,0.003116270663441517
113.5878586769104,0.0025943659218864916
113.60297226905824,-0.002051555152719607
113.61848402023315,-0.004285507115924379
113.63460874557497,3.0774361640086706e-05
113.65053105354308,0.006357180998471893
113.66659426689148,0.007332362001862322
113.68228006362916,0.0028410665348219868
113.69840359687804,0.00015212178039742432
113.71379780769348,0.003767811934270622
113.72892141342165,0.009092028946644976
113.7449278831482,0.008799898278129322
113.76088881492616,0.003068682490579608
113.77680444717409,-0.000639867333740095
113.7929220199585,0.002006518861287868
113.80782580375671,0.006170456309276999
113.8234236240387,0.004676834589617274
113.83948826789856,-0.001850577112783391
113.85546255111694,-0.005796452199871368
113.87145590782166,-0.0031830277535713596
113.88645720481873,0.0008172248737548802
113.90144181251526,-0.0007574690196391013
113.9171895980835,-0.006743832264962117
113.93320202827454,-0.009330814406329744
113.94918131828308,-0.004944017298986019
113.96518278121948,0.0006694339072362207
113.98108196258544,0.0003494151604733469
113.99720168113708,-0.004523234370520943
114.01385951042175,-0.00593348163991287
114.02987265586852,-0.000454868087615452
114.0459713935852,0.00571772105061912
114.0618770122528,0.004869827235798649
114.0778660774231,-0.0021288647962930335
114.09300088882446,-0.007373892138323117
114.10903453826904,-0.006553487495475084
114.12514400482178,-0.0038729918909352757
114.14114427566528,-0.005026584230716787
114.15714502334596,-0.008810769892754845
114.17315769195557,-0.009387517784373935
114.18916201591492,-0.00553838635471579
114.20520114898682,-0.00308365955161033
114.22102904319765,-0.0065386035240305234
114.23610329627992,-0.011868335247342892
114.25199699401855,-0.01118573152708855
114.26810002326964,-0.003500670524459236
114.28411102294922,0.003295314059021085
114.29946947097778,0.0023388588938409362
114.31563138961792,-0.003582919338217703
114.33114671707152,-0.006230650346320104
114.3472318649292,-0.0029913824136896037
114.363135099411,0.0003098596549131242
114.3782651424408,-0.0017183823809733424
114.39419102668762,-0.006282608115006765
114.41025495529176,-0.006623217192776693
114.42580270767212,-0.0018893975127779522
114.44179964065552,0.0015535341043989683
114.45780992507936,-0.0008378829330133496
114.47380065917967,-0.005404635950651993
114.4897973537445,-0.005595579893468053
114.50583744049072,-0.001238344132443378
114.5212335586548,0.001458539105825889
114.5366027355194,-0.0009724742412398173
114.55218958854675,-0.004139110399009037
114.56719994544984,-0.002008042525730933
114.58420014381409,0.004368826348599733
114.5991940498352,0.008019337091245375
114.61488628387453,0.005526310563396918
114.631023645401,0.0015154427306382332
114.64701676368712,0.0019075949971395787
114.66292691230774,0.005537142828495023
114.67891550064088,0.006001547231134817
114.6949257850647,0.0010736847937273296
114.71016669273376,-0.003762146078486309
114.72531986236572,-0.0027949580766676676
114.74132204055786,0.0019325998027806338
114.75731945037842,0.003471078652597513
114.77321481704712,-0.0003340680888560569
114.7893135547638,-0.0039823052697253395
114.80469632148744,-0.0022636369198954886
114.82042098045348,0.002422342688545457
114.83642911911012,0.0038323793368448583
114.85156297683716,0.0011780768470432013
114.86726641654968,0.00037287221064300565
114.88323831558228,0.005248081895868835
114.89924502372742,0.0113610204910088
114.91537404060364,0.01155725713086187
114.93111157417296,0.005750902008427937
114.94600772857666,0.0012128982194290813
114.96113514900208,0.002844015159916653
114.9771444797516,0.006898570140959023
114.99311256408691,0.006738518457430755
115.008291721344,0.0023312245089137907
115.02442932128906,6.547274332509713e-05
115.0404176712036,0.003271103675360717
115.05640363693236,0.007074335710657843
115.07176494598389,0.005081767434243585
115.08776450157166,-0.001526799303992815
115.10377216339111,-0.005522366200223014
115.1197497844696,-0.003725387524767625
115.13541841506958,-0.0012912464548567456
115.1509120464325,-0.003989425626976756
115.16689920425416,-0.009474524869401747
115.18289613723756,-0.010128755363104976
115.19804334640504,-0.0036505841257762246
115.21406483650208,0.00349980782712688
115.22962617874146,0.004716730439812118
115.24562191963196,0.0019499844633726047
115.26162219047546,0.0024475225249393218
115.27773714065552,0.008266553042431185
115.29361867904665,0.013299451888495122
115.3097312450409,0.011874183744269393
115.3254327774048,0.0067316111970855625
115.34042286872864,0.005150295278911521
115.3558714389801,0.008711557734224239
115.37188291549684,0.011142055743115588
115.38797879219057,0.007329446270910827
115.40412211418152,0.0008817343458062789
115.41982436180116,-0.0005034543033548395
115.43571782112122,0.004380494486430863
115.45173263549805,0.008362964197019748
115.4677209854126,0.005400481972675625
115.48308658599854,-0.001534225639292515
115.49908089637756,-0.004818607627385662
115.51419138908386,-0.0024472886199581457
115.5297498703003,-1.54553393511399e-05
115.54586267471312,-0.0021992626191895378
115.56188464164734,-0.006127099673694663
115.57785964012146,-0.005896129383595297
115.59385228157043,-0.001450254010388942
115.6092610359192,0.0010572425938749168
115.62509751319884,-0.0019996186941237688
115.6400830745697,-0.006357696873996423
115.65609312057497,-0.005639966459944062
115.67209720611572,-0.00023335571373652147
115.68811416625977,0.0032570588883243864
115.7042007446289,0.001280448717271539
115.71966195106506,-0.0016742276069752647
115.73474979400636,0.0005848670209519743
115.75077390670776,0.007153256077532895
115.76675057411194,0.011103420198091728
115.78275561332704,0.00898966519912126
115.79788184165956,0.005551904156203019
115.81301069259644,0.0069635212229656775
115.82874155044556,0.011902208203447315
115.84474635124208,0.012988122801071571
115.86084485054016,0.006984631669875285
115.8768503665924,-0.0001336535048761479
115.89185690879822,-0.0005076772799693986
115.90795397758484,0.0054404390338270514
115.9237380027771,0.009601610485591749
115.93975400924684,0.006723342513645658
115.9547402858734,0.0008044383346377188
115.97009682655334,-0.0008702605812474264
115.9860851764679,0.00255135119520678
116.00121188163756,0.005215470522826963
116.01700830459596,0.003365069134205168
116.03311491012572,0.00042087223476857294
116.04912638664246,0.0014658921805202644
116.06503319740295,0.005599747717514595
116.08111596107484,0.007378977673847639
116.09629368782043,0.005074345411588708
116.11231780052184,0.0034402842439886254
116.12788486480711,0.006669410994052193
116.14340138435364,0.01166382646143269
116.15852761268616,0.011729672862312511
116.17395973205566,0.006033774838070289
116.18993020057678,0.0015049467007080498
116.20586395263672,0.003904728816575575
116.2213864326477,0.009956836375886537
116.2371792793274,0.011480523134110292
116.25268816947936,0.0062133599425188
116.2687120437622,0.0007167714809257334
116.28477430343628,0.001506235604562786
116.30075550079346,0.0066415112419199755
116.31727004051208,0.009093794878717535
116.3332941532135,0.006662926942173327
116.3488552570343,0.004378791301146093
116.36482048034668,0.006459737847665676
116.38079953193665,0.009851117174641062
116.3966896533966,0.008769353968100834
116.4128394126892,0.0035288324537443958
116.42860221862792,0.0006187870336804074
116.44458603858948,0.003639051730637624
116.46048283576964,0.008050318270942014
116.47595167160034,0.007425203794916978
116.49196743965148,0.0024436996751262853
116.50807523727416,-0.00017694152176115708
116.52360582351685,0.0026446518518564374
116.53906393051147,0.005846278736103622
116.55496025085448,0.003390954209107099
116.57106280326845,-0.0029663975846256447
116.58707809448242,-0.0057784334773798365
116.60319876670836,-0.0020680074647528076
116.61883354187012,0.002619845710287317
116.63483881950378,0.0018906320242622066
116.65075516700745,-0.00289649861218656
116.66582989692688,-0.005063117875548589
116.681823015213,-0.00241002561279742
116.69784283638,-0.0003795196563156488
116.71394777297974,-0.004098359063514608
116.729083776474,-0.010646433179906146
116.74518656730652,-0.012661287578549224
116.76137375831604,-0.008402710279009733
116.77706265449524,-0.0041848452436545995
116.79362559318542,-0.005644907851312627
116.80876970291138,-0.009941880574910661
116.82438850402832,-0.009806339705218351
116.84044218063354,-0.0038792934906409712
116.85559701919556,0.001070167914571069
116.87090110778809,-0.0007698180300145206
116.885910987854,-0.00641572397424913
116.90105414390564,-0.008306555763376761
116.91729760169984,-0.004583019442484925
116.9327356815338,-0.0011660807647017935
116.94806981086732,-0.0031204768329694734
116.96368551254272,-0.007734152030536944
116.97870254516602,-0.008869851917077351
116.99470496177672,-0.005951929631090216
117.01073002815248,-0.004611406275856819
117.02659392356873,-0.008230144693405623
117.04258513450624,-0.012699549762964033
117.05857181549072,-0.01204890590392139
117.07377123832704,-0.006973040091305095
117.08890056610107,-0.0040133789325157
117.1039080619812,-0.006355080265216015
117.11943316459656,-0.009220139428912404
117.1354432106018,-0.00657030123554918
117.1515612602234,8.974646273319196e-05
117.1624400615692,0.003211753484325414
117.17754292488098,-0.0008009481476205192
117.19337010383606,-0.006775074209873647
117.20861887931824,-0.007698458793808705
117.2247748374939,-0.003748627449811745
117.24085116386414,-0.0011097415012962118
117.25684595108032,-0.002780869855465473
117.27202677726746,-0.00465431502613856
117.28818988800047,-0.002198182223788344
117.3043336868286,0.0023259021473679238
117.3202269077301,0.0028718311963653763
117.33619046211244,-0.0013783487133790743
117.3522629737854,-0.004217882092029884
117.36789345741272,-0.0009172957520197384
117.38387370109558,0.0047990982905987654
117.39988088607788,0.005423605488265138
117.41519808769226,-9.721583115286127e-05
117.43120431900024,-0.004678828414029609
117.44724178314208,-0.002528978826838569
117.46220111846924,0.0030754522605043744
117.47824382781982,0.004278447107289202
117.49424409866332,-0.0007642723099587998
117.51021099090576,-0.005668132978727909
117.52603530883788,-0.004828715468984602
117.54208183288574,-0.0010446203191361988
117.55808234214784,-0.0012873082257565263
117.57419276237488,-0.006809615716050076
117.58978295326231,-0.01152491555695603
117.60589718818665,-0.010622183739006735
117.62148594856262,-0.006914358764193932
117.63687515258788,-0.006048203728615709
117.65288162231444,-0.007923449311451683
117.66890835762024,-0.007008993138626367
117.68488192558289,-0.0011122662255968665
117.70088505744934,0.004368351646801644
117.71692872047424,0.0034218882022662516
117.73249816894533,-0.0018776499488274223
117.74853944778442,-0.0034781481878824834
117.76449584960938,0.0020490440622515597
117.77956533432008,0.008787420681814182
117.79549765586852,0.009254944723296177
117.81149888038637,0.004202606783455608
117.82715582847597,0.0011429828789489235
117.84314894676208,0.003820429890691538
117.85815572738647,0.007217012109900981
117.87410640716551,0.004820329463028476
117.89015984535216,-0.002182548950319529
117.90611100196838,-0.006602054733697194
117.92172145843506,-0.0052578594129328565
117.93771934509276,-0.0031622629380051673
117.95372009277344,-0.0061031495991617415
117.96972513198853,-0.012202173468493364
117.98579955101012,-0.014375369061509938
118.00114512443542,-0.010199923795794364
118.01717257499696,-0.005256351647231463
118.03313565254211,-0.00522579193524022
118.0491201877594,-0.007903578401163163
118.06524682044984,-0.0064818740849795515
118.08119702339172,0.0004315130615682129
118.09722352027892,0.006249565092448393
118.11235904693604,0.005199170512474355
118.12880277633668,0.0003936565622345532
118.14490056037904,-0.00016731582139165903
118.16038703918456,0.0056089037104374625
118.17587852478027,0.011065415976831323
118.19189476966858,0.009743108833497414
118.2071442604065,0.0038051766589506627
118.22270035743712,0.0006014781025670706
118.23876547813416,0.0025763374076287976
118.25400924682616,0.004620665749834531
118.26999950408936,0.002064731419925732
118.28612542152403,-0.002467215138018096
118.30151438713074,-0.003086194976530125
118.31753420829772,0.0004958831000009675
118.33305501937866,0.002215661000017943
118.349054813385,-0.0017427317383724552
118.36505508422852,-0.007263592314331351
118.38105750083923,-0.007780908026126946
118.39802098274232,-0.003322893940174648
118.41219878196716,-0.00039278031316522305
118.42776274681091,-0.0028488882725407755
118.44376373291016,-0.006577841258024351
118.45977187156676,-0.005342036850314301
118.47497010231018,0.0005158242359027928
118.49095559120178,0.004673206415650217
118.50696778297424,0.003650847949213382
118.5227117538452,0.0012781716574367292
118.53782033920288,0.0026563955572134843
118.55338597297668,0.006539211891653821
118.56934022903442,0.007202522916921035
118.58527755737305,0.003109464209504932
118.60040760040285,-0.00022218873432603868
118.6155595779419,0.0024059461666134253
118.63122940063477,0.008426573895023607
118.64662194252014,0.01055532332613514
118.66196751594543,0.006463213332825729
118.67723798751832,0.0019199264863860904
118.69311380386353,0.0030293861877992174
118.7083420753479,0.008108592088869684
118.7242910861969,0.010253044797957423
118.7402892112732,0.006864483023940654
118.7563054561615,0.0028685682849750984
118.77230310440063,0.0033694433432814655
118.78729104995728,0.006346740381822879
118.8033037185669,0.00571317887755763
118.8193426132202,0.00017132513604409347
118.8348822593689,-0.004871919794555828
118.85087633132936,-0.004942627333989241
118.86688089370728,-0.0025496788096703894
118.88187575340272,-0.0029770974132301486
118.89786887168884,-0.0061479822059931286
118.91389894485474,-0.0065989919557015225
118.9294445514679,-0.0017279795690676842
118.94575452804564,0.003744014743451937
118.96085572242735,0.003933101827814818
118.9769515991211,8.529552538772203e-05
118.99305844306946,-0.0009567453613230615
119.00913763046265,0.003608036301356466
119.02480483055116,0.008213826929938677
119.0398051738739,0.006301819771903515
119.05534291267396,-0.0005382402677661163
119.0712432861328,-0.004391340623891829
119.0873327255249,-0.0015350646314280796
119.1033329963684,0.00274035223001585
119.11922955513,0.0016308631737332211
119.13503360748292,-0.003755701182997173
119.1509735584259,-0.006039403785644234
119.16701674461363,-0.0018586479133901796
119.18202137947084,0.0035090253079994274
119.1971583366394,0.003482853538095975
119.21304845809937,-0.0008286385859213709
119.22882270812988,-0.00241447612596844
119.24480152130128,0.0017091799338763208
119.2607913017273,0.006314948550752007
119.276700258255,0.005303808470383933
119.2928068637848,0.00024763097748755226
119.30842280387878,-0.0018291077884560125
119.3235764503479,0.0017441870153092846
119.33958840370178,0.005715930354011838
119.35510230064392,0.004518081263028029
119.37101697921752,0.0001325249530198594
119.3870084285736,-0.0010011580573910162
119.4020059108734,0.0024019940571553128
119.41803240776062,0.0041189009406274405
119.43357300758362,-0.0011004886010581262
119.4495813846588,-0.009933267914410843
119.46488785743712,-0.014362388850593415
119.4808864593506,-0.01175922762587267
119.49687767028809,-0.0074988943861322216
119.51292896270752,-0.007008489339179982
119.52870154380798,-0.008659500142773141
119.54435706138612,-0.007197818131229838
119.56029629707336,-0.002256059519858321
119.57576847076416,0.0005594822920512955
119.5910279750824,-0.0023407556463183356
119.60645699501038,-0.006984633543147019
119.62166213989258,-0.006935303868978875
119.63708877563477,-0.0020512447021165123
119.65241742134094,0.0014436627632476238
119.66832113265993,-0.00026378257237258916
119.68423581123352,-0.003296406713626879
119.70048189163208,-0.001707620623033696
119.71589684486388,0.003997240872080376
119.73122549057008,0.007484285856753739
119.7464244365692,0.005406535733112814
119.762211561203,0.0019059142440935762
119.77736306190492,0.00250998820267787
119.79272413253784,0.006180270145652717
119.8079388141632,0.006822521526903743
119.82348895072936,0.002141380550582963
119.83898687362672,-0.0026968827116041504
119.85471487045288,-0.0019195918464814136
119.8705644607544,0.002897587425636049
119.88657999038696,0.0048553293309424985
119.90271067619324,0.0010266834369414956
119.91814112663268,-0.003763261735197048
119.93374109268188,-0.003778451186369962
119.9496431350708,-0.0001528564473139895
119.96517515182497,0.0012492127761997394
119.98062515258788,-0.0013616085757352505
119.99608492851256,-0.0029673620027935938
120.01143527030943,0.0008319625388156096
120.02738881111144,0.006787940045991554
120.0433747768402,0.007728826360819602
120.05879783630373,0.0023643789095511296
120.07432627677916,-0.0023782945983947526
120.09012460708618,-0.00011137680637218848
120.10591793060304,0.006733834854882096
120.12129783630373,0.010183516575933227
120.13682651519775,0.007073245225176199
120.1520450115204,0.002576440021011515
120.16751527786256,0.0025135147324895782
120.1829981803894,0.005357688020115509
120.1990602016449,0.00490012982257136
120.21509766578674,-0.0005544147750698751
120.23085927963255,-0.0056154508366593105
120.2467155456543,-0.005397127622225639
120.26278853416444,-0.002330209393234933
120.2778205871582,-0.002489462823125379
120.29380798339844,-0.0067980980850389245
120.30928421020508,-0.009758013421181062
120.32494115829468,-0.007449060228786448
120.3409104347229,-0.00318915203061707
120.35672497749329,-0.0026625285764331446
120.37170648574828,-0.005555515004007914
120.38766288757324,-0.005893598366047967
120.40345740318298,-0.0008443630570189398
120.41948437690736,0.00458894747930013
120.43507289886476,0.004033013888713127
120.4505205154419,-0.0014077337831787879
120.46557235717772,-0.0044076391027179865
120.48060417175292,-0.0013069194999216216
120.49640345573424,0.0030271176483548552
120.51240801811218,0.0021900382919190714
120.52776646614076,-0.0026019051118182984
120.54375314712524,-0.004005959196507704
120.55927634239195,0.0012573808405803872
120.57511973381042,0.00763684827497965
120.59112095832825,0.008069241220713931
120.60627460479736,0.003309983448407161
120.6222128868103,0.00048490312427717326
120.63786911964417,0.003122766392692246
120.65487670898438,0.006621222949251041
120.66927337646484,0.005164351044557879
120.68442487716676,-2.9708780099545543e-05
120.69962644577026,-0.002804674888393732
120.71563673019408,-0.001189337869125568
120.73082828521729,-0.00020294452073251553
120.74582529067992,-0.004205197696951235
120.7618489265442,-0.009856970653375974
120.77795910835266,-0.01012399293706113
120.79312539100648,-0.004019921373963816
120.8088641166687,0.0016482278487907121
120.82443952560423,0.0012512890635499236
120.83961892127992,-0.0022857796454225495
120.85461711883544,-0.0018767254294130872
120.86978960037231,0.003757849434616177
120.8850953578949,0.00841223295297315
120.90109825134276,0.007182843044590602
120.9163122177124,0.0032922243805262917
120.93163561820984,0.003397848648166088
120.94762182235718,0.008060410074638105
120.96285057067873,0.010836871260151554
120.97803258895874,0.007347119737829787
120.9935746192932,0.001635670791776452
121.00956463813782,0.0008389164498033802
121.0253598690033,0.005463453481141169
121.04104018211363,0.008736452272788648
121.05707788467409,0.005899987816442688
121.07307767868042,0.0005111101411917609
121.08873558044434,-0.0009579457206388342
121.10474610328674,0.0015184999595369095
121.12045574188232,0.0015385298159051246
121.13560485839844,-0.004245390201383885
121.15085482597352,-0.0106315971764834
121.16659593582152,-0.01039355894838817
121.18259525299072,-0.003955307602339011
121.19818329811096,0.00117700523691809
121.21418476104736,0.0003671031902682262
121.22964525222778,-0.0025909761259966142
121.24521732330322,-0.0016003615993555411
121.26122641563416,0.003044335429390599
121.27673316001892,0.005621171109730775
121.29200768470764,0.0036649040895217503
121.30819272994997,0.0015387638973120832
121.32235383987428,0.0038176036794373928
121.33787631988524,0.008289858032596478
121.35390949249268,0.008927562092824404
121.36894869804382,0.004728297648191268
121.38428974151611,0.0016522015197718936
121.40033102035522,0.004467662836535
121.41634321212769,0.009739521665395675
121.43239164352416,0.009948166446891319
121.44755339622498,0.003288660468652527
121.46301317214966,-0.004290109479232778
121.47862672805786,-0.007399522367454749
121.4946267604828,-0.008001106971666304
121.5104603767395,-0.01123169929688524
121.52605962753296,-0.01671610135553611
121.54126715660097,-0.0183675551912813
121.55705952644348,-0.013331327608152366
121.57218503952026,-0.007149561397639628
121.58756041526794,-0.007091766122091199
121.60304713249208,-0.012346658571714433
121.61836647987366,-0.014740779665994689
121.6344051361084,-0.009421649407435626
121.65042448043825,-0.0011133455817743994
121.66630578041077,0.002467823180111202
121.6819236278534,0.0008036981278468323
121.69804310798644,0.00035906856667479285
121.7140748500824,0.004658474566362265
121.72978258132936,0.008908938458758356
121.74516558647156,0.006848027764372388
121.76042866706848,9.041863520247231e-05
121.77571272850037,-0.0034670472980764494
121.7917172908783,-0.00028272694288402397
121.806734085083,0.003946019733184167
121.82273292541504,0.002128604141001994
121.83790302276611,-0.004430281422182491
121.85388374328612,-0.00788902478300898
121.86910009384157,-0.004758610743571815
121.88499927520752,-0.0006710725575715232
121.90113306045532,-0.002523097097023078
121.91631937026978,-0.009086808759167272
121.9318733215332,-0.01309545274943541
121.94708895683289,-0.011569661939751905
121.96282124519348,-0.009697028661452181
121.97853946685792,-0.012890733386735617
121.9938817024231,-0.018439809174176994
122.00992393493652,-0.01876868435432024
122.02533006668092,-0.011932078066191813
122.0406608581543,-0.004666949463775187
122.05668067932127,-0.0036004064791909183
122.07240867614746,-0.006690218958664888
122.08764338493349,-0.0066126744038991925
122.10302877426147,-0.0011497263643110694
122.1190185546875,0.0039714380353824495
122.13438034057616,0.003512296403271304
122.14940929412842,0.0002654692760799427
122.16543292999268,0.000944743819113933
122.18110942840576,0.006290611267435682
122.1971640586853,0.009566266279993744
122.21319222450256,0.005838205281257009
122.2286126613617,-0.0008793799772945296
122.24419450759888,-0.002783178817299314
122.26003241539,0.0012428574415187278
122.27603960037231,0.004351411705631972
122.2913372516632,0.0013913057736455832
122.30648756027222,-0.004027982767006487
122.3214180469513,-0.004889314242881049
122.33700489997864,-0.0008575766142490436
122.3544008731842,0.0011820447691781128
122.3683078289032,-0.003124872786580319
122.38429951667786,-0.00931698139582901
122.39976835250854,-0.01011809751278872
122.4145655632019,-0.0052695534456648815
122.43060851097108,-0.0014650586479097256
122.4459056854248,-0.002685681242756209
122.46163511276244,-0.00472015648441734
122.47774076461792,-0.001606022679055223
122.49312925338744,0.005271639733476684
122.50912809371948,0.008539827301161568
122.5243158340454,0.004977494287358166
122.53992295265198,0.00021599174551532115
122.55542850494383,0.0012628328023805554
122.5704152584076,0.007140267386019828
122.58594036102296,0.01052351175729856
122.60122871398926,0.007838849066867775
122.61657691001892,0.0036383573595204083
122.63256502151488,0.0035071774346809685
122.64779305458067,0.00607971476351628
122.6629602909088,0.005638521673772812
122.67854499816896,0.001168683935428334
122.69432473182678,-0.001668672145380974
122.71035838127136,0.0012470514095252261
122.7258279323578,0.006049494426044782
122.74139142036438,0.005913267675169809
122.7571291923523,0.0007526746582855104
122.7731068134308,-0.00228020564341599
122.78857588768004,0.0013964079533804194
122.80439972877502,0.007282859597818177
122.82042598724364,0.007877449274012852
122.83585047721864,0.0030680197040167455
122.85102534294128,0.0003368779712828247
122.86656379699708,0.004360517174622748
122.88169193267822,0.010432486126006436
122.89766955375671,0.01089209504141524
122.91296815872192,0.005608837020682531
122.9281406402588,0.0019377104858918424
122.94348621368408,0.004358616613564026
122.95888209342957,0.008429292976975738
122.9740469455719,0.007445160365778601
122.99010348320007,0.0021944956954348875
123.0061502456665,-0.00011507021909334145
123.02218294143675,0.003757151992489856
123.03760266304016,0.00816854426632695
123.05323934555054,0.006225621826351223
123.06890058517456,-0.0006887169661393185
123.08495473861694,-0.004840584486879358
123.10039734840392,-0.002763483914596964
123.11590099334715,0.0003258672973633159
123.1314573287964,-0.0016741064016816236
123.14747047424316,-0.006956255593013052
123.16310334205627,-0.008472074451198465
123.17910933494568,-0.004132173239304977
123.19486784934998,8.551637750683254e-05
123.210378408432,-0.0013885991684443391
123.22667264938354,-0.0056961000895024635
123.24276757240295,-0.005481318490295862
123.25881481170654,0.0006255902445985477
123.27414917945862,0.005721943617504705
123.29024243354796,0.003893103383944413
123.30549693107604,-0.0017781818873267314
123.32062220573424,-0.0035560543967280596
123.33644151687622,0.00031582327265477876
123.35182762145996,0.0034468481991816674
123.36760306358336,0.0005136944429896166
123.3834228515625,-0.005070386626031419
123.39952063560486,-0.0057834124273108195
123.41512775421144,-0.000484626205986864
123.4314112663269,0.00389798206163392
123.44696617126463,0.0018594030962650761
123.46297025680542,-0.0032713755054454294
123.47800087928772,-0.004290698448419319
123.4929883480072,-0.00034316284857837265
123.5081992149353,0.00197777509880033
123.52348184585573,-0.00194405978270408
123.53901720046996,-0.008149381443235622
123.55403590202332,-0.0095016603171064
123.56939649581908,-0.005315516599188753
123.58516144752502,-0.001771908774084002
123.6006019115448,-0.0029601914345509196
123.61563205718994,-0.005497278025294726
123.63032388687134,-0.004154539410905135
123.64628839492798,-6.395192123180397e-06
123.66154909133913,0.0008804939554689333
123.6770408153534,-0.0035582627255281293
123.69171404838562,-0.007721322761617024
123.70668506622314,-0.0056558992963630095
123.72207951545715,0.0006101296339244165
123.73754739761353,0.0034462330678527715
123.75275444984436,-0.00026543188333609177
123.76875615119934,-0.005030443832412017
123.78375506401062,-0.004275453403630004
123.79986715316772,0.0008023100324427062
123.81579780578612,0.0031203508707492323
123.83158659934998,-0.0005066719912020096
123.8471326828003,-0.005316244372476115
123.8631203174591,-0.005586334734754961
123.87913155555724,-0.002410258756567544
123.89513087272644,-0.001265911186648727
123.91113138198853,-0.003323400364994969
123.92606568336488,-0.003469110779330368
123.94177651405334,0.0018635210336341197
123.95778822898863,0.00846967995672868
123.97304129600523,0.009293329482919499
123.988920211792,0.0042093438862075404
124.004554271698,0.0009458691194446798
124.02037167549132,0.005191396946969788
124.0358943939209,0.012960871538129064
124.05137372016908,0.015658243452053855
124.06672048568726,0.011161353225604506
124.08273482322691,0.0060824397545516514
124.09813594818117,0.006497799391770439
124.1142191886902,0.010118213118349685
124.12976503372192,0.010371801053279414
124.1445701122284,0.0060076562498815956
124.15994906425476,0.0024601486285474295
124.17522835731506,0.00344556335614718
124.1907708644867,0.005328060368375081
124.20725011825562,0.0025857641323473587
124.2214126586914,-0.0035733941938183716
124.23644638061523,-0.006238973629917979
124.25245070457458,-0.0025007658962231723
124.26832318305968,0.0019050665416950486
124.28444027900696,5.288558707700281e-05
124.29921531677246,-0.006578102393877248
124.31508493423462,-0.009714761717172893
124.33103322982788,-0.005167418475733543
124.34661293029784,0.0017375411246218866
124.36252236366272,0.00336769642032863
124.37787699699402,-0.00048424114482207
124.39252662658691,-0.0035416454711600194
124.40797472000122,-0.002632651786927339
124.42324495315552,-0.0019600525855277837
124.43884325027466,-0.00614163504769856
124.45422387123108,-0.012413729445174118
124.46963739395142,-0.013587506805987321
124.48509502410889,-0.007838379590392887
124.50063037872314,-0.0014962841300871302
124.51585602760316,-0.0008012670599125459
124.53137683868408,-0.004065208016586885
124.54696440696716,-0.004954751451048475
124.56185007095335,-0.001897078183376348
124.57784867286682,-0.00018330942327423683
124.59345817565918,-0.0039043054982842527
124.60895681381226,-0.009331608721679072
124.624671459198,-0.009407101614589103
124.6404149532318,-0.0033901892013519937
124.6564154624939,0.001733301561152866
124.67223834991456,0.00029213002048538925
124.6875774860382,-0.004787983825395301
124.70271515846252,-0.0063335202326255235
124.71778917312622,-0.0027754771973948307
124.73386645317078,0.0001222971394750016
124.74993085861206,-0.0021637176373212694
124.76542592048644,-0.00626211244768134
124.78012537956238,-0.0055973584913017686
124.7951319217682,0.00018376353585788062
124.8102707862854,0.004373686539902497
124.82609963417052,0.002245690812857055
124.84186601638794,-0.0025725868683939062
124.85763216018675,-0.0032047857664192275
124.8730525970459,0.001072477161473931
124.88850140571594,0.004168593050294947
124.90403938293456,0.001973749856500743
124.91964554786682,-0.0018501612635742687
124.9351098537445,-0.0012074081317230835
124.95113372802734,0.0035463407999035065
124.96685028076172,0.00577268904482893
124.98229122161864,0.0016724947406094731
124.99770998954772,-0.004326053610717756
125.0137231349945,-0.005434493659149647
125.02953052520752,-0.0014788479292786425
125.04543614387512,0.0013823891288296994
125.06086039543152,-0.0004886903011786514
125.07656574249268,-0.003348067741584027
125.0919840335846,-0.0018403503326548357
125.10811614990234,0.003084125692128575
125.1237576007843,0.005471413558943837
125.1392891407013,0.003005883234846998
125.1544222831726,0.0006089542849459298
125.16943717002869,0.0036768436136587488
125.18501257896423,0.010325543043834541
125.20019483566284,0.013630428000414294
125.21581172943117,0.010968913189602974
125.23184323310852,0.007525133128834536
125.24793577194214,0.009018570266522231
125.26497220993042,0.013773974977868137
125.27949905395508,0.01519459372831509
125.29490327835084,0.011093211195663784
125.31042742729188,0.006735750237341683
125.32566380500792,0.00739271285856394
125.3408875465393,0.010990185547022658
125.35698699951172,0.011182145100377594
125.37261939048769,0.006340417294039963
125.38863229751588,0.0016952699269917888
125.40470504760742,0.0017925109742782273
125.42075181007384,0.004225358946795753
125.43654227256776,0.0035725725775549015
125.45260739326476,-0.00031425375950494897
125.46739196777344,-0.0018454213873849918
125.4833641052246,0.0020504125391345353
125.49875736236572,0.006840170376436348
125.51430082321168,0.006182051159551659
125.52966976165771,0.0007917717750088142
125.54495787620544,-0.002168338274480844
125.5606632232666,0.0013964230378670202
125.57667970657349,0.007180418123517928
125.59228849411012,0.008551857156864228
125.60784935951231,0.005358504017368223
125.62309002876282,0.0032801629974696187
125.63877296447754,0.0051465183672373275
125.6545422077179,0.006924058972433618
125.670583486557,0.004118115393526918
125.68573570251463,-0.0008319286422057825
125.70179390907288,-0.0012392630794893864
125.71719574928284,0.004408253874342776
125.73262357711792,0.009602411139444388
125.7481243610382,0.007935403038040065
125.76376748085022,0.0012358962862379966
125.7792227268219,-0.0033096514232206094
125.79401206970216,-0.002817014409219282
125.80935478210448,-0.001766682014894641
125.82419204711914,-0.004628015647581805
125.83987474441528,-0.008820347946437653
125.85512900352478,-0.008114308114451702
125.87015199661256,-0.0017284834831065485
125.88614273071288,0.003808677427768449
125.9012701511383,0.002997978867098356
125.91737461090088,-0.0013895742687839935
125.93263483047484,-0.0021234542690132733
125.94815349578856,0.002848124744373178
125.9640884399414,0.008058488292315438
125.97926115989684,0.00833785725501294
125.99526286125185,0.00566926562707542
126.01047229766846,0.005690450523578156
126.02564072608948,0.009152597725161322
126.04083442687988,0.010621047964434869
126.05638599395752,0.006355758617275678
126.07242465019226,0.0002720549148388339
126.08841729164124,-0.0006445747520593295
126.1037278175354,0.004493767068122919
126.11895895004272,0.009174055346136809
126.13485503196716,0.0078317528687824
126.15056276321413,0.0025359922270821993
126.16579961776732,-0.0007506865993834877
126.1811466217041,-0.0005692530435868716
126.19897270202635,-0.001168640539513165
126.21292877197266,-0.0053410697115913045
126.22873425483704,-0.009639901625608375
126.24461817741394,-0.008995845096485077
126.25995874404909,-0.0040566996646567086
126.27565741539,-0.0006256542967631879
126.29099225997923,-0.0018132327782295274
126.30705571174622,-0.003881340374435879
126.32260966300964,-0.0016446584415860202
126.3379044532776,0.004076384846356569
126.35349798202516,0.0073447990124286345
126.36871337890624,0.005132545404749968
126.3841245174408,0.0013592698284612347
126.40017509460448,0.0013681416898106585
126.41500902175903,0.004580010838098628
126.430921792984,0.005569562703266928
126.4459629058838,0.0019462163805391169
126.46195936203004,-0.0021439878611531444
126.47678351402284,-0.0018263197165754217
126.492018699646,0.0016836447178300695
126.50800132751463,0.0029456050130864607
126.52407908439636,0.000123732523510966
126.53973960876463,-0.0024483912471846576
126.5552167892456,-0.0006340185465678458
126.57126474380492,0.0033560356142260713
126.58626770973206,0.003884984301042293
126.60141825675964,-0.00022530725907168175
126.61641764640808,-0.004043540601124903
126.63252115249634,-0.003430874921057185
126.64813208580016,-0.0007011766874993196
126.6641731262207,-0.001101426187477857
126.67988896369934,-0.005189345397604425
126.6949098110199,-0.00789984285601115
126.710102558136,-0.005570064146703623
126.72491979599,-0.0009379289424326352
126.7404510974884,0.0009364478589646398
126.75645160675047,-0.00014187404714215493
126.77256441116332,0.00033877903594013476
126.7874653339386,0.004342469395097923
126.80336451530457,0.00771437967531313
126.81806659698486,0.005911567565834809
126.8335027694702,0.0009863619372484714
126.8486828804016,-0.0005421693379781408
126.86387062072754,0.003476197019204736
126.87905192375185,0.007456415211319437
126.8946943283081,0.005117104180910869
126.90968775749208,-0.0024058121246510362
126.92462348937988,-0.008216376140758565
126.94007205963136,-0.008636238870859767
126.95531892776488,-0.007279238022141039
126.97074961662292,-0.009074305822072352
126.9861183166504,-0.012998486940513027
127.00133275985718,-0.0137101233948433
127.0164670944214,-0.009470321705247161
127.03245759010316,-0.004896362455453646
127.0483124256134,-0.004644372501703477
127.06434464454652,-0.0071498641787662185
127.0794985294342,-0.007361750511181982
127.09549641609192,-0.004296160993218162
127.11052584648132,-0.002237805435569358
127.12585282325745,-0.0037866036588743413
127.14152598381042,-0.005121899868826351
127.15703988075256,-0.0009697578326044265
127.17250633239746,0.007364826523012565
127.18820452690125,0.012552249655399986
127.2034592628479,0.01032040235270172
127.21877813339232,0.004882595563121664
127.23395204544067,0.0032246003569462284
127.24976563453674,0.005997039710451224
127.26575422286987,0.007338571729970095
127.28122997283936,0.0035068121157283026
127.2971556186676,-0.001876402521480379
127.31311297416688,-0.0030845565498110123
127.3282380104065,-0.00029053050656173765
127.34434461593628,0.0010555049170854849
127.35959672927856,-0.0017482603609609588
127.3755943775177,-0.0050428567724242765
127.3913323879242,-0.004749099126269495
127.40726041793825,-0.0028018719684572576
127.42337036132812,-0.004210944560071737
127.43942070007324,-0.008884465446100203
127.45502209663393,-0.010574030480812095
127.47025847434998,-0.005272377572013932
127.4855523109436,0.0026167477341888894
127.5014946460724,0.005485952542798646
127.51700162887572,0.002314801625224092
127.53222489356996,-0.00047297462930552666
127.5474956035614,0.0017695762819955538
127.56350827217102,0.005651612061057618
127.57949352264404,0.005218006445006079
127.59467840194702,0.0010897819086240598
127.61070156097412,-0.00014413301710587993
127.62604451179504,0.004350392936512997
127.6419882774353,0.0089182363543242
127.65800976753236,0.007001330785408432
127.67339777946472,0.0005818388816799351
127.68941354751588,-0.0022005854053993865
127.70467281341551,0.0016464029176597537
127.71984696388245,0.005641435485626388
127.73597836494446,0.0029094951676785184
127.75167798995972,-0.0038471731907643303
127.76694679260254,-0.0056413633906264695
127.7824523448944,0.000429725598155537
127.79794692993164,0.006787261370556414
127.81333112716676,0.005263281694468514
127.82852554321288,-0.002076623190252721
127.84368324279784,-0.005922530796303892
127.85966110229492,-0.00226237341310927
127.87500023841858,0.0029200946041337056
127.8906316757202,0.003022656020301471
127.90587091445924,0.0005382938441520783
127.9210286140442,0.00295093711250778
127.93658924102785,0.010795173296408115
127.95184183120728,0.015747810517767004
127.967942237854,0.012407178236360613
127.98344159126282,0.006947187321022043
127.99942445755003,0.009215145137355118
128.014990568161,0.018483863097866995
128.03025126457214,0.023265611117148
128.0463626384735,0.016590316397468448
128.06236338615415,0.00597227331575129
128.0780746936798,0.003739564569485064
128.09408926963806,0.010502021423628431
128.1097104549408,0.014543265190139518
128.124906539917,0.008154692512281432
128.1409592628479,-0.00172725831505481
128.15704655647278,-0.003495708589913789
128.17224955558777,0.0025001006008202892
128.18737769126892,0.004326433223243665
128.20304775238037,-0.0042488574941190755
128.21906971931458,-0.01398146573948296
128.23449277877808,-0.012469074900373953
128.25008296966553,-0.0018849600408048764
128.26571798324585,0.003193821503504433
128.28133273124695,-0.004237410500729211
128.29668736457825,-0.013574645475044417
128.3125319480896,-0.011211377543670973
128.32779240608215,0.00012601782200093696
128.3435981273651,0.004699958728403591
128.3585343360901,-0.004214866220313209
128.37454080581665,-0.014368933444161701
128.38977575302124,-0.011321731164042172
128.4053406715393,0.0009292023977709022
128.42115664482117,0.004751701455372374
128.43644762039185,-0.006664963259949882
128.4514570236206,-0.01921221458212148
128.46667861938477,-0.017144858034564357
128.4817521572113,-0.00557935493625386
128.4973340034485,-0.0042630642876766885
128.5132074356079,-0.020036427757464226
128.52865409851074,-0.0360010234575522
128.54402709007263,-0.03361760366650195
128.55948948860168,-0.01846430747048275
128.57501411437988,-0.014056797993541346
128.59108901023865,-0.030799847940408586
128.60630464553833,-0.05089096190365151
128.621967792511,-0.04889192457241996
128.63701343536377,-0.021217708021708543
128.65268325805664,0.0110840418486083
128.66734433174133,0.025007647563377616
128.68269443511963,0.014265089708831946
128.6985092163086,-0.010870955558545982
128.71350836753845,-0.03244496426010296
128.72872138023376,-0.0343111776600301
128.74468517303467,-0.0140780194532747
128.75958967208862,0.01060127570629784
128.7756564617157,0.016139136725107348
128.79103875160217,-0.0012590994787234108
128.80634093284607,-0.019771727782240605
128.82203650474548,-0.017387369559322158
128.83790707588196,0.001581662599448524
128.85342621803284,0.013024517412670493
128.86875772476196,0.004168471668838523
128.8840262889862,-0.011383894429930827
128.89966464042664,-0.013357518307074805
128.91492319107056,-0.0015261236453301312
128.93005323410034,0.006112124884922669
128.94590735435486,-0.0007327273801226567
128.96079063415527,-0.01113245410578053
128.97680497169495,-0.00945550431081269
128.99274587631226,0.0024432651528909647
129.00795602798462,0.008328586861999263
129.023503780365,0.0006755415097147034
129.03917598724365,-0.009039970429012941
129.05477809906006,-0.006740676614441038
129.0708076953888,0.004682000984417537
129.08631992340088,0.009741768899600232
129.10230207443237,0.0018508840718683074
129.1171669960022,-0.008195864321005393
129.13231825828552,-0.0077937250599438455
129.147803068161,0.0003277502021842454
129.1629660129547,0.003018147371307794
129.17880725860596,-0.004203984010973107
129.1948163509369,-0.011045867136233171
129.20996141433716,-0.0073411069521109595
129.2251856327057,0.002539621412424246
129.24084520339966,0.005879018073883026
129.25696349143982,-0.0007256142645278669
129.2723250389099,-0.0070259085371380155
129.2877962589264,-0.0037468717595510676
129.3027741909027,0.004583117635171856
129.31877851486206,0.0062966369735490664
129.33396816253662,-0.000961202889130651
129.3494737148285,-0.006967650277697296
129.36462950706482,-0.0030527526687179115
129.3806791305542,0.0062159131878503525
129.39609169960022,0.009714073187124427
129.41208577156067,0.005012607563015718
129.4279489517212,0.0009597995118990311
129.4434998035431,0.004572454363117989
129.4591670036316,0.011000531718633187
129.4743902683258,0.010455358805961162
129.49040722846985,0.002063544587184744
129.50640535354614,-0.004727987406991599
129.52239084243774,-0.002897961304020591
129.53752827644348,0.0030374012719720893
129.55281949043274,0.0037891572269028494
129.5679452419281,-0.0019599124466371477
129.5833065509796,-0.006467758864988151
129.59864401817322,-0.004299018193473855
129.61413478851318,0.00027881725478491354
129.6291861534119,-2.799102750448675e-05
129.64503526687622,-0.004816902918283571
129.66034746170044,-0.0065458104623028444
129.6763870716095,-0.0013193369529422554
129.69244647026062,0.005509431771933385
129.7082281112671,0.006702093366334195
129.7238712310791,0.002935361958548613
129.74067568778992,0.0013493812061970561
129.75543475151062,0.00518360724092714
129.77089977264404,0.009245930206820028
129.7869336605072,0.007474028672057463
129.80211687088013,0.0017374829590882086
129.81693816184998,-0.0005559450525091918
129.83283710479736,0.0034183412563068994
129.8480417728424,0.00825355805839283
129.86362981796265,0.007967917835839923
129.87844252586365,0.003952012741515497
129.89391493797302,0.002250176463515546
129.90981698036194,0.004614009550775417
129.92589211463928,0.006293482891867102
129.94169569015503,0.003354763047500907
129.95715022087097,-0.0014211840727083392
129.9732015132904,-0.0025381236366042456
129.9885754585266,0.0004161452647905954
130.00398659706116,0.002591697222467856
130.01922941207886,0.001385297331351002
130.03446531295776,0.00044547911288241054
130.05024671554563,0.004135729094433807
130.06626057624817,0.010409776983794108
130.08143258094788,0.012654195330140922
130.0969696044922,0.008418301036616147
130.1130154132843,0.0029529702327371022
130.12855696678162,0.0024066946648264535
130.1440954208374,0.0058673346700433915
130.16009998321533,0.007091069880930798
130.1760232448578,0.003319132993316265
130.19201946258545,-0.0011435386648615705
130.20720171928406,-0.001319862218014836
130.22322392463684,0.0014195014772643351
130.2385573387146,0.0016804561422156118
130.25458884239197,-0.0018485624317763467
130.2706036567688,-0.004346396814204291
130.28581929206848,-0.0018968905161527395
130.30105137825012,0.00253139289567036
130.31621170043945,0.0029166445825736433
130.33225893974304,-0.001409475007468096
130.34829449653623,-0.004650995600677831
130.36364126205444,-0.0024137364536531494
130.37965512275696,0.0023716755275246743
130.3948073387146,0.00364179197970408
130.41023635864258,0.0005379666063059247
130.42633843421936,-0.0017291312497835596
130.44136571884155,0.0005282744828612991
130.45695686340332,0.0042577487830593504
130.4718358516693,0.004095039434091792
130.48785424232483,6.825226282809564e-06
130.50343346595764,-0.0027044871885676704
130.51879620552063,-0.0009036948422013096
130.53429627418518,0.0021196625709541676
130.54965710639954,0.001590420170080529
130.5657148361206,-0.0018384226413067743
130.58109736442566,-0.00310148528796735
130.59612584114075,-9.440775847343371e-05
130.61159372329712,0.0032375024601151905
130.62672686576843,0.002512524186543011
130.6425302028656,-0.0008608187633805369
130.65821242332458,-0.0018359974290965025
130.6737401485443,0.0007956183945998551
130.68900203704834,0.002456162657012064
130.70505452156067,-0.0005577596939046834
130.7204074859619,-0.005202819259114573
130.73555064201355,-0.005316326096286806
130.75102972984314,-0.0001230452255462644
130.76672768592834,0.004246549091630077
130.78201866149902,0.002697142287635289
130.79710006713867,-0.002118676587335585
130.81310558319092,-0.0034747162660011804
130.82855939865112,0.00044882844888801017
130.84388327598572,0.004503705134574392
130.8596122264862,0.003865129147438705
130.8756284713745,0.00026030077853892927
130.8903889656067,-0.0012864786875187006
130.9064965248108,3.298171277140143e-05
130.92195773124695,6.168673033544829e-05
130.93714690208435,-0.0033473314512108138
130.95389556884766,-0.006042454071055891
130.968688249588,-0.0027767367855572457
130.98448395729065,0.004945095017403456
130.999591588974,0.009623495638580119
131.01558017730713,0.006911388659823289
131.03133392333984,0.0011893956290916167
131.04692125320437,-2.720498584165426e-05
131.06195831298828,0.004455032337480776
131.07801461219788,0.008620334402642992
131.09370374679563,0.007646858475350888
131.10934567451477,0.0039049207439468673
131.1244215965271,0.002743260313028375
131.14015102386475,0.00467244006837415
131.155668258667,0.005158738296354181
131.17098712921145,0.0018924763474320247
131.18640327453613,-0.0013898174396962512
131.2025203704834,-0.0002586710757622934
131.21784448623657,0.003662488438939851
131.2335011959076,0.004579137537173413
131.248952627182,0.0006972781637819055
131.2639684677124,-0.0028941490932739705
131.2794930934906,-0.0009890094473537945
131.29479384422302,0.004553839290476809
131.3102867603302,0.0072314138657128815
131.3259198665619,0.0046978564831845196
131.3419065475464,0.0018179816943504753
131.3573672771454,0.0037473216149323677
131.3733675479889,0.008670596702316718
131.38951778411865,0.0102862156941225
131.40508198738098,0.006449397001978904
131.41988825798035,0.001799788958490632
131.43594622612,0.0008855565015296035
131.45196080207825,0.001913881836368913
131.46696138381958,0.00021110271902766804
131.4830446243286,-0.003856037571276307
131.4989876747131,-0.004535172739821656
131.5143699645996,0.000996123154590833
131.53020572662354,0.00755518523162756
131.54513430595398,0.00794549706073093
131.5603790283203,0.00216267444053709
131.57594275474548,-0.002865267232269074
131.5919942855835,-0.002559306296047929
131.6071650981903,-6.612644474565665e-05
131.62320947647095,-0.0006234201447186385
131.63902354240415,-0.0035005174952697123
131.65424275398254,-0.0033012189784155897
131.66961193084717,0.0013613032681879748
131.68542575836182,0.004732783506602297
131.70152640342712,0.0014815161919472025
131.71697616577148,-0.0054204062367816
131.73200011253357,-0.007947077644150289
131.7479112148285,-0.003531118210622974
131.7631130218506,0.0014118636984023175
131.77915596961975,-7.07445825035586e-05
131.79433965682983,-0.006386298961735133
131.80914187431335,-0.009839820017144299
131.82443690299988,-0.00693984976521897
131.83948802947998,-0.002386402908285726
131.85506105422974,-0.001777458481373932
131.87009978294373,-0.0038176392479709453
131.8854899406433,-0.002985377581772404
131.90058255195618,0.0016704348236570507
131.91555047035217,0.004693993228617826
131.93026280403137,0.0022203154394076696
131.94550800323486,-0.0017688275405347625
131.96104288101196,-0.000369831696565643
131.97625923156738,0.006597907454317207
131.99143815040588,0.011745935557157621
132.0071668624878,0.009584306622316628
132.0230631828308,0.003485666601674419
132.03819584846497,0.0007440008183687299
132.05373764038086,0.0027442337332860608
132.06978631019592,0.003799461353448419
132.0852632522583,-9.902611712935515e-05
132.10070061683655,-0.0051949338280159844
132.11670470237732,-0.0051650293356131066
132.1319122314453,-0.00019665973129853308
132.147362947464,0.0029639728816434623
132.16337823867798,0.00021076657771323948
132.1793348789215,-0.004267809793876613
132.19454908370972,-0.0037996572449415676
132.21061611175537,0.001505341892864923
132.22638034820557,0.004854365665391349
132.2416627407074,0.002097971932858998
132.25727581977844,-0.0026123942752890633
132.27259230613708,-0.002645772937117888
132.2881269454956,0.0019083942287578884
132.30412697792053,0.004426861974912013
132.32005047798157,0.0010185455087840132
132.33555245399475,-0.004043100776706561
132.35139274597168,-0.004208962206096249
132.3673665523529,0.00046227362655585757
132.383287191391,0.0037612507957285836
132.39854264259338,0.002181648661988292
132.41356110572815,-0.00046277555541293343
132.42879390716553,0.001007916975324115
132.44395089149475,0.005380670961089187
132.45951390266418,0.006671669022136216
132.47555446624756,0.0028146533513427317
132.49150133132937,-0.0010318849865033571
132.50750851631165,0.0005594074294856819
132.5221483707428,0.005714469036731985
132.53752064704895,0.00773434557366235
132.5530686378479,0.004310047585086229
132.5686321258545,0.0007077819090843817
132.58382153511047,0.0024795281356763503
132.59870529174805,0.007826504570444058
132.61472940444946,0.010146361925863438
132.62974452972412,0.006969461306701197
132.6450526714325,0.0027042510637620195
132.66098642349243,0.0017435923705513392
132.67706394195557,0.0022933048200622936
132.6930634975433,-0.00014354648418271696
132.70890164375305,-0.00512305576157723
132.72454953193665,-0.007150909000578837
132.74057626724243,-0.003593641453972578
132.755756855011,0.0010141255585936343
132.7717661857605,0.0009596596907917242
132.78777527809143,-0.0026542549459558223
132.803307056427,-0.003479175292289388
132.81870245933533,0.0008517935344695832
132.83386278152466,0.004880776547961386
132.8499047756195,0.0026476056948557575
132.86519980430603,-0.0037800287747178796
132.8802194595337,-0.0066031127143784734
132.89559364318848,-0.0025993552957559517
132.91165351867676,0.0025952523814816043
132.92698526382446,0.0020832335545032266
132.9418649673462,-0.0032924066398692057
132.9573519229889,-0.0067457599548538996
132.97300934791565,-0.005161604141211527
132.9885447025299,-0.002845330882635997
133.00460505485535,-0.0044347491763342016
133.0204815864563,-0.007520740849932325
133.03634095191956,-0.005816825250784237
133.05147862434387,0.0014874271687869657
133.06751251220703,0.007584487842334347
133.0829894542694,0.00658916676369279
133.09907031059265,0.0012641126052218244
133.11513662338257,-0.0007058091044317961
133.13121438026428,0.0030542775582142875
133.14631986618042,0.0066954076671815735
133.1614851951599,0.004380933611545664
133.17738127708435,-0.0016661639398802362
133.1933934688568,-0.004241513568892977
133.20869326591492,-0.0009259363565414565
133.22384357452393,0.0029920705879533955
133.23986530303955,0.0022567512036856
133.25618505477905,-0.001011667646795729
133.27032947540283,-0.000718318409939413
133.2855224609375,0.003932002055248077
133.30087113380432,0.006551209364512039
133.31673622131348,0.002154469212201713
133.3327944278717,-0.005417258120870668
133.3478965759277,-0.00774912280801285
133.36388874053955,-0.002580761537303425
133.3796510696411,0.003164629918476159
133.39502143859863,0.0021314203972709867
133.41035556793213,-0.004475324821776169
133.4253447055817,-0.00924906186851987
133.44073247909546,-0.008466798852549764
133.45590138435364,-0.005944074253939766
133.47146320343018,-0.006327596573558893
133.48747181892395,-0.008060154623049268
133.50340223312378,-0.00606928012574501
133.51944613456726,0.00016242115446891536
133.53476405143738,0.005187697491388879
133.550124168396,0.005005752603594685
133.56558871269226,0.0025756667844909443
133.58058500289917,0.0034473720831704703
133.59535360336304,0.007744661544769273
133.61054944992063,0.009939759408298427
133.62575721740723,0.006738695746559678
133.6409764289856,0.0018880295354335443
133.6565887928009,0.0010822185722779406
133.67259120941162,0.004138524948102525
133.68838119506836,0.005452571130561914
133.70379328727722,0.00207745729233437
133.7191128730774,-0.001978543571954358
133.7344663143158,-0.0013409083034666867
133.7500021457672,0.0030993730571695086
133.76662874221802,0.005288546368163329
133.78139686584473,0.0023446584032876276
133.7962908744812,-0.0015513098578177377
133.81165552139282,-0.0011000713402470456
133.82772135734558,0.002766476207343521
133.8432912826538,0.004412439885575616
133.85877394676208,0.001555373833491202
133.87480092048645,-0.001646811164644195
133.89082169532776,-0.00072667904113446
133.90622878074646,0.0026968799073336528
133.92119598388672,0.003447698730652703
133.93622040748596,0.00047402312589290424
133.95131134986875,-0.0015463343863140581
133.96734380722046,0.0008829315894914756
133.98343896865845,0.004619392767016166
133.99945497512817,0.003995197396057911
134.01545667648315,-0.0010266675053260885
134.03095197677612,-0.004253029363008916
134.04698634147644,-0.0014591358387936303
134.06259679794312,0.003820039802338416
134.0786120891571,0.0050160281273438885
134.0942783355713,0.0012783970707463998
134.1104073524475,-0.001885347623417459
134.12632369995117,-0.0007576950242144838
134.1415195465088,0.001404934755189565
134.15682816505432,-0.0004540957090936608
134.17201375961304,-0.005226559482917452
134.1880145072937,-0.006585397237441937
134.20501518249512,-0.0018734451486243264
134.2196183204651,0.0035468233304707638
134.2351143360138,0.002978758134995389
134.25126814842224,-0.002681058136345663
134.26628160476685,-0.005966341692695587
134.28182864189148,-0.0026260178789412362
134.29782676696777,0.0029356813512763603
134.31380486488342,0.0037532390118554236
134.32927536964417,-0.0005445141275316262
134.34536051750183,-0.003914394527071041
134.36139059066772,-0.0026985825737383894
134.37733054161072,-0.00047730021656253825
134.3924744129181,-0.0022989762431024005
134.40812158584595,-0.00680304345132889
134.42364144325256,-0.007730873316927432
134.43840217590332,-0.002880103869262018
134.45356249809265,0.002218220513767178
134.46955919265747,0.0014157735911511631
134.48466396331787,-0.0037624320779076226
134.50066423416138,-0.006143100438154192
134.51678895950317,-0.002607116135024908
134.53255677223206,0.001756745802224613
134.54787969589233,0.0006543159781289818
134.56313133239746,-0.00493608658189034
134.57792401313782,-0.00835168803538592
134.59319496154785,-0.006421553401495449
134.6080083847046,-0.0034242670466741584
134.62300753593445,-0.004623201119991282
134.63838720321655,-0.00878687654654959
134.65375423431396,-0.010186864640084163
134.66966795921326,-0.006909431900620156
134.68474054336548,-0.003490154743153147
134.6999316215515,-0.0042407875521351356
134.71590542793274,-0.006994988693386422
134.73121070861816,-0.006312378239234463
134.7467701435089,-0.0015767968605740331
134.76205492019653,0.00166479633905843
134.7780396938324,-0.0007044556829081134
134.7940480709076,-0.0053891112244364575
134.81005215644836,-0.005883273416041978
134.82505774497986,-0.0012829584063073027
134.84106850624084,0.0024868676649469753
134.85649180412292,0.0008356344688819827
134.8713800907135,-0.0032331993360906423
134.88637804985046,-0.003469459990277858
134.9015247821808,0.000796560862135756
134.91722917556763,0.003738821503340716
134.9322280883789,0.0012978230701897013
134.9472405910492,-0.0030030203075660164
134.9628028869629,-0.0029050609077676216
134.97885155677795,0.0018018201024243606
134.994610786438,0.004852221102631741
135.00926613807678,0.002101485335017978
135.02474784851074,-0.0027568557974283797
135.04078269004822,-0.0032330052794803596
135.05637288093567,0.0011952148859880633
135.07150030136108,0.0046361450111615495
135.08709955215454,0.00302220631492781
135.10228943824768,-0.000536197626529658
135.1176254749298,-0.0005551408623489487
135.1336793899536,0.0028865364608127667
135.14971685409546,0.004350839526019204
135.16545629501343,0.0010326009469364857
135.18139052391052,-0.002871961414434538
135.19749402999878,-0.001763932352895885
135.21349024772644,0.0035377483996046726
135.22895431518555,0.006729290796564665
135.244943857193,0.004419716086217355
135.26004242897034,0.00024962292422568873
135.2756531238556,-0.00082235299550712
135.2909233570099,0.00040425406529415436
135.30659985542297,-0.0008231190181922114
135.32195138931274,-0.005308552270263576
135.33736944198608,-0.0077301753712514226
135.3534300327301,-0.003888909755363983
135.36876678466797,0.002695796291365295
135.384117603302,0.004588954749065902
135.39940190315247,4.5056885675754006e-05
135.4143877029419,-0.004604436701471916
135.43003845214844,-0.0032959938642003707
135.44606494903564,0.001829503787628447
135.4613380432129,0.003606428219751318
135.4767882823944,-0.00030517072388261575
135.4926574230194,-0.004404083449988083
135.5076801776886,-0.0031021598300215044
135.52339124679563,0.001688577547891439
135.53941822052002,0.00353421541622021
135.55487251281738,0.0004602250613691605
135.57091856002808,-0.0028087116621319007
135.58691501617432,-0.002133450365671504
135.60220956802368,9.164192934768209e-05
135.61754179000854,-0.0010127572442153784
135.63289594650269,-0.004842188393554006
135.6484534740448,-0.005409924162399087
135.66401624679563,0.00010007349616758445
135.67944741249084,0.006475125637408721
135.6946403980255,0.006749859263548472
135.7106416225433,0.0014435982448408372
135.72669887542725,-0.001969022381833117
135.74272441864014,0.0011117372203517314
135.75801038742063,0.006537913738483024
135.77388882637024,0.007347261821069593
135.78891944885254,0.0031551239778001426
135.80492663383484,9.640545702600399e-05
135.8208465576172,0.0017725412777443994
135.8358714580536,0.004207866294979957
135.85101079940796,0.0019474349034100304
135.86653065681458,-0.0035247972793974267
135.88184785842896,-0.005291186667087314
135.89775824546814,-0.0006206593795170844
135.9129502773285,0.004784444462972024
135.92863130569458,0.004096241583398153
135.94462823867798,-0.0017346761648479245
135.95961689949036,-0.005716967107412419
135.97431111335754,-0.004576135041583633
135.98978114128113,-0.002796098298456943
136.00537371635437,-0.005449314408784759
136.02089643478394,-0.01023296422358073
136.03698086738586,-0.010256974407514517
136.05358624458313,-0.0038580785679337773
136.06874704360962,0.0024041722109992554
136.08479404449463,0.0020382201119873446
136.09985971450806,-0.0030880478514149438
136.1151783466339,-0.005769861889366517
136.13095450401306,-0.003395221348702189
136.14699411392212,-0.000964792515276014
136.16306567192078,-0.0033443857930692414
136.17901849746704,-0.008040121259896164
136.19420266151428,-0.008792293113640375
136.20977330207825,-0.004697333763572509
136.2247564792633,-0.0016372574588124893
136.2407751083374,-0.0038315943916148523
136.25549387931824,-0.0075529785624901934
136.27063751220703,-0.006106245138428196
136.2861156463623,0.0008128543300857148
136.30185723304749,0.006528281164793789
136.3178527355194,0.006375238134218854
136.33301401138306,0.0036738275208164097
136.3489396572113,0.0045070102796067974
136.36446118354797,0.008955543519394819
136.37946367263794,0.011212820980722992
136.3953001499176,0.008154695161124432
136.4103546142578,0.003906024657618973
136.42592406272888,0.003798864506442002
136.44095015525818,0.00644921976554552
136.45703840255737,0.00555450728478349
136.4723734855652,-0.0008356302603782905
136.4881715774536,-0.006749755592912601
136.5036423206329,-0.00588681968432315
136.51922512054443,-0.00014209784325695373
136.53448033332825,0.0027542330807178773
136.54982900619507,-0.0005637801565996012
136.5654218196869,-0.004898185422489177
136.5813958644867,-0.003913816699668219
136.59655165672302,0.0011177788523667343
136.6124405860901,0.0032398582024578074
136.62835431098938,-0.0004692010398575095
136.64339637756348,-0.004940254504146049
136.65870332717896,-0.004245346413771303
136.6739478111267,0.0003305807667176213
136.68998336791992,0.002476519221016293
136.7054145336151,-0.00010314110127032476
136.72112321853638,-0.0027507864432585404
136.73724579811096,-0.0010339088049605245
136.753244638443,0.002571789811493771
136.76934790611267,0.002363207232801208
136.78491044044495,-0.001838070066415778
136.80072855949402,-0.003798522991851643
136.8163137435913,0.00039427679617285317
136.83130645751953,0.0062819147780779645
136.8467628955841,0.006602015513111981
136.86160898208618,0.0011193798931375468
136.8772783279419,-0.0029054778720542474
136.89250135421753,-0.00045544491616875647
136.90782189369202,0.0046274259914761235
136.92391920089722,0.005192559198113789
136.93922185897827,0.0006336498364699454
136.95473909378052,-0.002722217029691987
136.97081232070923,-0.000999429869747913
136.9868199825287,0.0016385510772723095
137.00241136550903,-0.0006810129229952201
137.01816272735596,-0.006376730814661103
137.03319573402405,-0.00789010317564525
137.04888224601746,-0.0022412989006348203
137.06446504592896,0.004147472841636201
137.0796036720276,0.0035999096234126575
137.09507417678833,-0.0025198915737760213
137.11014890670776,-0.005497989539845141
137.12590312957764,-0.0008269339534013442
137.14193391799927,0.005943960925222951
137.1571066379547,0.006808504987983268
137.17314291000366,0.0018242899760516065
137.18922591209412,-0.001661266928370007
137.20445561408997,0.00043982942429636115
137.22015404701233,0.0034648706197915073
137.23588371276855,0.001015454589493675
137.25084686279297,-0.005659272299751887
137.26638865470886,-0.00923213983581346
137.28247952461243,-0.006549922522372072
137.29845595359802,-0.0030007677137553527
137.31379461288452,-0.004796727392405073
137.32943177223206,-0.010093879553517274
137.34545254707336,-0.011507713182965427
137.36066913604736,-0.006476678325842214
137.3763632774353,-0.0009099739488642965
137.39234280586243,-0.0010874730252474095
137.40766620635986,-0.005250995395403416
137.42303133010864,-0.006548453547472851
137.43905377388,-0.002880626287018628
137.45448875427246,0.00036968067264187443
137.4699831008911,-0.0015622690783328574
137.48599481582642,-0.005591111764555217
137.5015275478363,-0.004857179355763894
137.51669788360596,0.0015353074607516665
137.53166913986206,0.006889337048690002
137.54771733283997,0.005798455339911828
137.56284976005554,0.001149593538287903
137.57807278633118,-0.0003888124217502711
137.59407234191897,0.0023379715031175002
137.61008524894714,0.0041602499047631945
137.62483978271484,0.001963535900020219
137.64089012145996,-0.00037667445282421955
137.65603160858154,0.0020851575463424407
137.67154598236084,0.007308648634927563
137.68698358535767,0.008279352516249476
137.70297527313232,0.0028719817762761744
137.71877431869507,-0.0023350368616845267
137.73477506637573,-0.00023656391645186358
137.7507483959198,0.007368146690532572
137.76652240753174,0.011915062639312347
137.78228735923767,0.009037614238841318
137.7974181175232,0.0036972134650683436
137.81330513954163,0.002890528626017458
137.82846093177795,0.0062684522179347465
137.8439221382141,0.007476536409057596
137.8594651222229,0.0038236168068546267
137.87450408935547,0.0003599875656421893
137.8905050754547,0.0026067722157665837
137.90574479103088,0.008333562758290936
137.92188024520874,0.010154030451945337
137.93797755241394,0.005485582709516969
137.95400643348694,7.458610243708699e-05
137.96958351135254,0.0002628494845710117
137.98474550247192,0.004745953031102843
138.00079941749573,0.0070120562957902595
138.0169141292572,0.004632039030141844
138.03197193145752,0.0022150502411344857
138.04685854911804,0.004080895669417031
138.06242322921753,0.007413218897752287
138.07806181907654,0.006026601259718463
138.0932595729828,-0.00036799030212113833
138.10881662368774,-0.004799321378974803
138.12412285804749,-0.0021353725065712294
138.14014720916748,0.0037825833403162456
138.15531826019287,0.005111522514725075
138.1713490486145,0.0004182017213108357
138.18678307533264,-0.0038260561339633794
138.20180535316467,-0.0025356892980345183
138.21726441383362,0.0011300378857167482
138.23331022262573,0.0008649628525249377
138.24908900260925,-0.003311248623343743
138.26429915428162,-0.004924645957977604
138.2796528339386,-0.0005020414370264124
138.29474258422852,0.004956777569210726
138.31017208099365,0.004517148125474005
138.3256859779358,-0.0011463490851302697
138.34173727035522,-0.004590917718717384
138.35766696929932,-0.001708677454300072
138.37368416786194,0.0029713781328115623
138.38998889923096,0.003000267329428311
138.40536856651306,-0.0009106036026850367
138.4213683605194,-0.0022228664876119755
138.4374189376831,0.0017712728895063938
138.4525909423828,0.00580504917962674
138.46779704093933,0.0039511755235090845
138.48311400413513,-0.0019319231792926878
138.49874925613403,-0.004602834400150069
138.51361966133118,-0.0013879786428861477
138.52911114692688,0.002260435943483818
138.54411578178406,0.0005277388337215192
138.55944728851318,-0.004710982712560621
138.5754451751709,-0.006940753643652887
138.59083652496338,-0.004705141620899017
138.60684895515442,-0.003908256440133555
138.6222460269928,-0.009125285975203174
138.63783812522888,-0.01616250795900459
138.65486764907837,-0.0167902357553127
138.6699151992798,-0.009627273885256186
138.68567442893982,-0.002302966875687974
138.7008616924286,-0.0018144279732599123
138.71686244010925,-0.006101273355804236
138.73206686973572,-0.007928943689965858
138.74743342399597,-0.005086523977843313
138.7623689174652,-0.0026223754153703385
138.7781686782837,-0.00460009570484937
138.79368782043457,-0.007670522972535641
138.8097677230835,-0.005786042413151278
138.8249135017395,0.0007795801966668384
138.8405783176422,0.005183837025999001
138.85653924942017,0.0031604084931899463
138.87255001068115,-0.0012342176143691256
138.88798093795776,-0.0013986174526261245
138.90365529060364,0.002587417185277793
138.91838192939758,0.004235623551288976
138.93410086631775,4.11263890403241e-05
138.9494171142578,-0.00519197993978612
138.96461844444275,-0.004634354517507687
138.98046588897705,0.0013365394226059401
138.99654293060303,0.005722515096765966
139.01183462142944,0.004366237466465082
139.02730107307434,0.001061581121806768
139.04338431358337,0.0014303817919305694
139.0586404800415,0.0046103418076470825
139.07461214065552,0.004734292842935705
139.09046077728271,4.9147285467856204e-05
139.10543537139893,-0.0035422286815186338
139.12147736549375,-4.5238864876572665e-05
139.13737225532532,0.00809180691138714
139.15342926979065,0.01236539953482887
139.1689007282257,0.008719436973250779
139.18490195274353,0.002275548954323465
139.20055198669434,0.0001487261532395383
139.21658039093018,0.0022962675183263725
139.23177528381348,0.0027298149020304942
139.2478051185608,-0.00111756488745188
139.26329040527344,-0.004304283074560677
139.27872467041016,-0.001372992017681261
139.29416298866272,0.005482503752240896
139.31004786491394,0.008724939264133674
139.32515025138855,0.005242992739208676
139.34119415283203,8.938458173394993e-05
139.35632848739624,-0.0008338644600391762
139.37171149253845,0.00132777816918468
139.38771152496338,0.0009491484279853528
139.40287113189697,-0.0031177630708937726
139.4188723564148,-0.0054317276738483425
139.43485569953918,-0.001914451129191822
139.44986176490784,0.003694939684792805
139.46539115905762,0.0045550867455750755
139.48139572143555,0.00025034426142932394
139.4973804950714,-0.002423420654526939
139.51350235939026,0.0011789221159437023
139.52929377555847,0.00704409733852739
139.54431748390198,0.007989993896204032
139.56013560295105,0.0034678105628404418
139.57535123825073,-1.9311239420592976e-05
139.59055399894714,0.0017478176833276233
139.60679960250854,0.004982501289583481
139.6224570274353,0.0038448202588546743
139.63770604133606,-0.0006092667708079433
139.6538028717041,-0.0015263638335739032
139.66977214813232,0.0038604195724696493
139.68516445159912,0.009601478680418569
139.70040893554688,0.008663804482083709
139.7161407470703,0.002566103144206249
139.73177886009216,-0.00046682531125366957
139.74725031852722,0.003423817004593756
139.7622721195221,0.008569532571997496
139.777841091156,0.00758636087820159
139.7929883003235,0.0013377990516325803
139.8087408542633,-0.0026155975987910618
139.82449078559875,-0.0006641759355341921
139.84040474891663,0.002068016631957391
139.85639786720276,-0.0006317097739673852
139.8718876838684,-0.0069028039339868565
139.88789701461792,-0.009124033852745237
139.90311241149902,-0.004510303838047619
139.91811203956604,0.0008890321802325224
139.9337990283966,0.00043675160970421765
139.9493396282196,-0.004124600969322082
139.96472191810608,-0.005445668902407946
139.98045706748962,-0.0009878674240191183
139.99560499191284,0.003613858302168968
140.01169872283936,0.00273481773167876
140.02723503112793,-0.0013549712764656186
140.0430929660797,-0.002071626916706531
140.05875253677368,0.0017814123348165395
140.07387924194336,0.004244413807388945
140.08934497833252,0.0009680447244612587
140.10536217689514,-0.004097439326621429
140.1213309764862,-0.003920458837506321
140.13735008239746,0.0016472931057905336
140.1533703804016,0.005348794199901343
140.16889595985413,0.0024804743298765843
140.18490648269653,-0.002504858626133608
140.20026969909668,-0.0020973173709600145
140.21629190444946,0.003820518195196328
140.23228335380554,0.007629058580502352
140.24827933311462,0.0042033148552948745
140.2639570236206,-0.0023343035376175492
140.27977895736694,-0.004394739320367158
140.29597783088684,-0.0009506088180949992
140.31101393699646,0.0019662631084540064
140.32700324058533,0.00036094849003197836
140.34264612197876,-0.002307367238787465
140.35866522789,-0.0008986299409370147
140.37389945983887,0.003220701788051875
140.3897545337677,0.0037756685578018137
140.40515613555908,-0.0010791593423736413
140.42076182365415,-0.005227864380570003
140.43597102165222,-0.0025711326185562833
140.45200276374817,0.004213766536161273
140.46772003173828,0.006613202760529546
140.48328852653503,0.001469392945827039
140.49828791618347,-0.00469721420609431
140.51350593566897,-0.004282074868041039
140.52934646606445,0.001452923837201042
140.5449297428131,0.004461655007050175
140.56010246276855,0.0009038172188044211
140.57529878616333,-0.004080006226988945
140.5904562473297,-0.0039617820623556455
140.6064178943634,0.00022322163178925894
140.62173700332642,0.0020027895641043
140.63740491867063,-0.0008205871171504016
140.65253496170044,-0.0029763053315015157
140.6688539981842,0.0004247258912300732
140.68491196632385,0.006411853801814225
140.70051789283752,0.007970111144120532
140.71665978431702,0.003857712174649189
140.73190093040466,0.0003856510283606403
140.7469301223755,0.0024712746116072578
140.76219153404236,0.0066491314285595
140.77764105796814,0.006078531126272523
140.7931611537933,0.0005009936346839624
140.80874466896057,-0.0031062347346371673
140.82346415519714,-0.0003086593416378588
140.83866214752197,0.004379591347462646
140.85381174087524,0.0036899104245863594
140.8693490028381,-0.002177480034677228
140.8854043483734,-0.0057150516953543
140.9010148048401,-0.002525052948024787
140.91745471954346,0.00259804592496226
140.93264365196228,0.0024057422701817483
140.94866609573364,-0.0028204931888994615
140.9645299911499,-0.00606379001351205
140.98027729988098,-0.0037461463835139906
140.99638104438782,-0.0006069981648323558
141.01157021522522,-0.002385614167834251
141.0268154144287,-0.00701732917176311
141.04210138320923,-0.0072579202021361205
141.05710339546204,-0.0012361530466527123
141.07261395454407,0.004173532986143915
141.0886116027832,0.002367098046542991
141.10405349731445,-0.0039613563712944735
141.11970925331116,-0.006513297922572275
141.13501572608948,-0.0028532984526751133
141.15082669258118,0.0002641984244843012
141.1659517288208,-0.00363617683886008
141.1813349723816,-0.011613823371820403
141.19705843925476,-0.015099775338927774
141.21226930618286,-0.011234705617653913
141.2277774810791,-0.006129675372873344
141.2438633441925,-0.005918898711330461
141.25996470451355,-0.008399584208442733
141.27554154396057,-0.006853081552925697
141.29079961776733,-0.00029003275273158796
141.30679297447205,0.00461127090512174
141.32245016098022,0.0026886954090371232
141.3381781578064,-0.002406713714400192
141.35421657562256,-0.0031710586757883233
141.3697054386139,0.0014873951296760007
141.38470578193665,0.0050695118398554305
141.40015268325806,0.002861193802200204
141.4152958393097,-0.0015219253290965243
141.4301586151123,-0.0015650316448023215
141.44557070732117,0.0027340918041169494
141.46117615699768,0.005000166336767005
141.4771921634674,0.001833747021869008
141.4931998252869,-0.002204712107062436
141.50919270515442,-0.0012027631501038511
141.52520275115967,0.0034506452352909044
141.5407211780548,0.004945810307023239
141.556743144989,0.0009833586110591912
141.57241559028623,-0.0023980446208870096
141.5877811908722,0.0010918084328292131
141.60341477394104,0.008919659954994965
141.61876845359802,0.012333984936548512
141.6343777179718,0.00752006461050736
141.6505823135376,0.00046761518158358736
141.66659593582153,-0.0008886080933691656
141.68257689476013,0.0033595380945457103
141.6981999874115,0.006136136411705556
141.7137966156006,0.003375996824332948
141.72902989387512,-0.000955454611835957
141.74432969093323,-0.0011986586949276827
141.76022338867188,0.001918888134547484
141.77581143379211,0.002991669131356088
141.79168510437012,0.00047039523164848097
141.80768537521362,-0.0008411021772520007
141.82295846939087,0.002779003398687749
141.83795952796936,0.007512712406111276
141.85398507118225,0.006489404627146493
141.8691604137421,-0.0004838551498263727
141.8841519355774,-0.00571648923614873
141.89952969551086,-0.0032931644446559057
141.91486644744873,0.003290827865865021
141.93040370941162,0.005950682091363459
141.94638848304749,0.0026701296257982125
141.96229815483093,-0.0005687162284381264
141.97821855545044,0.0011470644375235674
141.99419593811035,0.004609536336750845
142.0103087425232,0.003345226440053175
142.02550530433655,-0.002685380132341318
142.04065370559692,-0.00647407233026668
142.0561327934265,-0.0035245365290239887
142.07161831855774,0.0017758030746484544
142.08705139160156,0.002016710908615434
142.10218286514282,-0.003173347458140131
142.1173505783081,-0.006770872843222697
142.13344717025757,-0.004054186315556535
142.14948320388794,0.0012003866225454261
142.1646752357483,0.0024040986629593154
142.18071699142456,-0.0006248142046670875
142.1967840194702,-0.001941712619776023
142.21224403381348,0.0014581465912028649
142.22735404968262,0.004997276772375487
142.2433564662933,0.003048921785339737
142.25907635688782,-0.0026866373216871313
142.27459526062012,-0.0051072370445646095
142.28959560394287,-0.0015480952330682784
142.3050549030304,0.0022646030775919945
142.3204002380371,-1.949073326689213e-05
142.3358714580536,-0.006478149940337304
142.35137677192688,-0.009304146241787296
142.36692571640015,-0.005296938318123962
142.3823366165161,-1.718734766336695e-07
142.39832997322085,0.00011961702348271298
142.4143295288086,-0.003547381378513027
142.4296154975891,-0.0041863512632234375
142.4450330734253,0.0004283693985209034
142.4609730243683,0.004526869912402922
142.47606658935547,0.0023399770784056145
142.49204564094543,-0.003741169275332086
142.50805401802063,-0.006280291722770796
142.5237011909485,-0.002809670988212129
142.53906226158142,0.0011960698329634195
142.55452394485474,0.0002907153321283669
142.57058477401733,-0.0034713366632742465
142.58655762672424,-0.004013571390303183
142.6015982627869,-0.0003807169828116425
142.61667251586914,0.0017245473492389146
142.63253831863403,-0.0017562755243306699
142.648095369339,-0.007052863631219241
142.66397285461426,-0.007527347550044271
142.67934131622314,-0.0028985016481921358
142.69526982307434,0.00035965011418887113
142.71026945114136,-0.0018823403460556118
142.72629356384277,-0.005583547579828803
142.74197125434875,-0.00419777642145969
142.75681734085083,0.002055082066717043
142.7720239162445,0.00624425117468829
142.78788709640503,0.004112493075692807
142.80295991897583,-9.75635615477078e-05
142.81810402870178,0.0006118075051784206
142.83404755592346,0.006507787305186795
142.8493890762329,0.010775544317664096
142.86494326591492,0.00861100722669476
142.8800914287567,0.003273549046486508
142.89583373069763,0.0011411805526877327
142.91184496879578,0.0031029111505301334
142.92784309387207,0.004238707369868506
142.9428412914276,0.001589040622195663
142.95784735679626,-0.0015081703678886636
142.9729926586151,-0.0006076736511223496
142.98838806152344,0.0029934699677638243
143.00449419021606,0.003931732328718557
143.0205500125885,0.0006843629427574849
143.036550283432,-0.001774901221258539
143.0519254207611,0.0012858104987096197
143.06711792945862,0.00753329838655623
143.08253121376038,0.01036308489995034
143.09765028953552,0.007603494340207027
143.11340737342834,0.004056893936648087
143.12847924232483,0.004443638479605248
143.1433756351471,0.006869595280454598
143.15867519378662,0.006089800059801325
143.17422533035278,0.0017079122568052375
143.189377784729,-0.0007403888918195147
143.2052924633026,0.0023095546734070204
143.22070288658142,0.006786698793650011
143.23610758781433,0.005956448640691262
143.25171828269958,-0.0005496991889779495
143.26780128479004,-0.006152122240631006
143.28380513191223,-0.006027744691881994
143.29956245422363,-0.0030620286619376194
143.31514024734497,-0.0030428203149214265
143.33115363121033,-0.006217723422433481
143.34729266166687,-0.007177890076105281
143.36375522613525,-0.0029970523789104404
143.37963557243347,0.002098530545471703
143.394864320755,0.002203660111916231
143.41085600852966,-0.002326551505167307
143.4262182712555,-0.005596261522823166
143.4421865940094,-0.0044692529116531566
143.45734119415283,-0.0027062450496438207
143.4724953174591,-0.005099890556256972
143.4880928993225,-0.009977331936744287
143.50334787368774,-0.01092201724118081
143.51912999153137,-0.005651001743952638
143.53430247306824,0.00029837245988118075
143.54979038238525,0.0004973562931342617
143.56534481048584,-0.004092100067840976
143.580806016922,-0.006734789081223294
143.59633445739746,-0.0040920071638309114
143.6117069721222,-0.000313830954225304
143.6268322467804,-0.0007100313290578459
143.64182806015015,-0.004177031951083893
143.6571433544159,-0.005040004159820381
143.67250227928162,-0.0015532949286359717
143.68768644332886,0.0010737600549852394
143.70321369171145,-0.002431923275144802
143.7183883190155,-0.010017842607138198
143.7343771457672,-0.014578506602799506
143.75029969215393,-0.012771081797408542
143.7655611038208,-0.008462213781890859
143.7814121246338,-0.006623223203371863
143.79742312431335,-0.006688851702814701
143.8126540184021,-0.004582007148209632
143.82804799079895,0.00014300243158099288
143.84336733818054,0.002848748921352502
143.8583698272705,0.00033362434163563626
143.8742105960846,-0.004177908648332049
143.88918614387512,-0.005016679501406454
143.90514492988586,-0.0015830453132642578
143.92116403579712,0.0011723186889372804
143.93672370910645,-9.860182005479688e-05
143.9529194831848,-0.0025703928720105856
143.96841263771057,-0.001724313881360675
143.9835908412933,0.0016603120358365288
143.99951267242432,0.0022428616253801293
144.0154321193695,-0.002176256763799762
144.0315294265747,-0.006891204821400036
144.0468144416809,-0.0061284526974417705
144.06228113174438,-0.0006866255300254477
144.0775077342987,0.0031330440545059963
144.09276056289673,0.0018068278407012803
144.10828161239624,-0.0013313283207826874
144.12437343597412,-0.0015222694728236812
144.13957262039185,0.0005721158374594184
144.15512657165527,0.0003887623669755775
144.17037773132324,-0.003157132738702725
144.185533285141,-0.005444331830994874
144.20154356956482,-0.0025869401420957733
144.21756720542908,0.0026143298544122765
144.23282432556152,0.00398047014215885
144.24829292297363,0.00028361263544821914
144.2643916606903,-0.002905511362510216
144.28001594543457,-0.0005983502402445049
144.29544806480408,0.004934944872656854
144.310932636261,0.007204850979255198
144.32621264457703,0.004071019072293279
144.34222412109375,0.0002830731083179705
144.35735511779785,0.0008304420451024017
144.37216186523438,0.004416631267888526
144.3876805305481,0.005806597790910289
144.40377259254456,0.00327180555551003
144.41976952552795,0.0005297516295857203
144.43500185012817,0.0008502472460039201
144.45101642608645,0.0023002431114367474
144.4670693874359,0.0010989895282539214
144.4825828075409,-0.0021790292141520857
144.49861931800842,-0.003142935853895779
144.5137701034546,-0.00032420553571496777
144.52933835983276,0.002034679494540717
144.54535508155823,-0.00015598476002395465
144.56108617782593,-0.004507584419580589
144.5766315460205,-0.004903872419640201
144.59214735031128,-3.346378825270493e-05
144.60719680786133,0.004350598552145569
144.62228655815125,0.0030469563222087154
144.63778376579285,-0.0015922257620418013
144.653826713562,-0.003184767474254572
144.6691267490387,-0.0003773845086790526
144.6849603652954,0.0015600067685408074
144.70010948181152,-0.001083160806676553
144.7161090373993,-0.004479616904619911
144.7321286201477,-0.0025940712743777513
144.7481608390808,0.0034905270256782254
144.76318049430847,0.005982294980556134
144.77858972549438,0.000824931279966403
144.7937309741974,-0.006186872847230078
144.8088984489441,-0.006685718006391224
144.8237805366516,-0.0008867329256810486
144.8390667438507,0.002731190909639319
144.85433053970337,-0.001044146402719623
144.8703806400299,-0.0072012025142992285
144.88583993911743,-0.007583794938293718
144.90165877342224,-0.002021279143791489
144.91668224334717,0.0019003981686445126
144.93248629570007,-0.0002605753939307156
144.94796657562256,-0.003829454875303487
144.96318340301514,-0.0023203534508640183
144.97922372817993,0.0027292773112039324
144.99477005004883,0.003850030142577959
145.01041221618652,-0.0011412874312856651
145.025719165802,-0.005243422615639932
145.04085850715637,-0.0020589000899951006
145.0566017627716,0.004419048244224944
145.07246780395508,0.0046399828747225045
145.0880424976349,-0.00304278351341566
145.1041030883789,-0.009315177004960781
145.12015223503113,-0.006335820499488795
145.13582110404968,0.0012372332649137824
145.15171551704407,0.0022606272227245075
145.16717171669006,-0.00572531368393358
145.1832950115204,-0.013110122712527334
145.1986105442047,-0.011418503245735142
145.21452713012695,-0.004736484199303613
145.23056745529175,-0.003385644905843853
145.24646282196045,-0.008911369492836375
145.26159119606018,-0.011907667912039661
145.27749514579773,-0.005996670209443744
145.29349875450134,0.0021360421015808886
145.30945992469788,0.0016270257011024194
145.32496523857117,-0.006911172499017482
145.34095692634585,-0.011521855107950537
145.3570945262909,-0.005349622092178415
145.3726246356964,0.003659724330170577
145.38786911964417,0.003930951940758199
145.404625415802,-0.0031473455469442097
145.41866445541382,-0.004977784615435748
145.43478298187256,0.003972486652502563
145.45032787322998,0.013205158518317208
145.46550345420837,0.01014513386314628
145.480717420578,-0.001811566318792054
145.4965579509735,-0.0069132441018722405
145.51189279556274,0.0016073266620285197
145.52752804756165,0.011857917599473735
145.5430977344513,0.009380752990751553
145.55880665779114,-0.0027424249929922386
145.57463884353638,-0.007854216334201723
145.5903515815735,0.0012531080192053927
145.60640001296997,0.012175035996346454
145.62170457839966,0.010093241181974827
145.63696789741516,-0.001487605946475132
145.65303993225098,-0.005831040345558126
145.6695258617401,0.0028210606356517563
145.6855320930481,0.01033369544966541
145.70153546333313,0.0028687010693275983
145.717538356781,-0.01153364819506561
145.73318147659302,-0.0116518767193075
145.7488534450531,0.00750237120013191
145.76357340812683,0.024407475738735432
145.77969789505005,0.01611201988739394
145.79510283470154,-0.011945074519123891
145.8106334209442,-0.029044722512902726
145.82606673240662,-0.011394682292276942
145.8422532081604,0.03431898700286885
145.85639595985413,0.07845267177762186
145.8720076084137,0.09267717465586157
145.88728094100952,0.06775607325501774
145.90334963798523,0.018334514825553663
145.91888999938965,-0.024377163974052183
145.93498373031616,-0.03346208939022936
145.95105600357056,-0.00973200495408775
145.96592116355896,0.01772680895993969
145.98148250579834,0.02108474347764528
145.99692249298096,0.0025707963689721087
146.01221108436584,-0.01197666061634857
146.02743196487427,-0.006519494781388531
146.04350566864014,0.007296636564185177
146.0586483478546,0.008957161483713935
146.07382321357727,-0.002744719860110474
146.08920812606812,-0.00996097882450226
146.10453414916992,-0.002001061408075098
146.12015652656555,0.009796301391174118
146.13560438156128,0.008465695421576517
146.15142703056335,-0.0047311102909500845
146.16660404205322,-0.012236623162911454
146.18202686309814,-0.0045697878227343395
146.19766688346863,0.007005578423451153
146.2132875919342,0.006544172083209923
146.22935223579407,-0.004721418700839152
146.2453510761261,-0.010809923195524047
146.26040315628052,-0.0034074812721351776
146.27605676651,0.007215663182765953
146.29189538955688,0.007160423171215793
146.30796360969543,-0.0020224389501092544
146.32355427742004,-0.006511359990032755
146.33904099464417,-0.00012076190339892711
146.35425662994385,0.007455932169421682
146.37023186683655,0.005029843764056948
146.38547158241272,-0.004076450216333289
146.40088820457458,-0.006936487325762502
146.4165976047516,0.0005937099560538945
146.4317524433136,0.008095886999098132
146.44689989089966,0.005208452146393047
146.46234226226807,-0.004174854897543955
146.47795009613037,-0.0077813537501454765
146.49320340156555,-0.002156051831834185
146.50901532173157,0.002975448095819872
146.52400755882263,-0.0012246652970615475
146.5390226840973,-0.010318766225563486
146.55480480194092,-0.012988156650713446
146.57032084465027,-0.006710536332430399
146.5863802433014,-0.0007136573752358714
146.6018054485321,-0.0026591768533721473
146.61730408668518,-0.008231524747161647
146.63292574882507,-0.007961289585251755
146.64864325523376,-0.0009286462021713951
146.6641445159912,0.004211329229776911
146.68024682998657,0.00180006487317752
146.69572520256042,-0.0029736884558017934
146.7117428779602,-0.001961233924234214
146.72676134109497,0.003956256697865456
146.74215698242188,0.00599949509539888
146.75789999961853,6.723344497081918e-05
146.7736794948578,-0.0071341256458059684
146.78896069526672,-0.007055196516551785
146.80496335029602,-0.0007598565008385285
146.82099151611328,0.0029774053180690635
146.83617067337036,-0.00012496548013125885
146.8513503074646,-0.0045413521201849195
146.86630392074585,-0.0034706013661495796
146.88169288635254,0.0013901429144621482
146.89692902565002,0.0026473389465038227
146.91245818138125,-0.0018457498313324823
146.92844557762146,-0.005752930640078947
146.94406247138977,-0.003221656886005861
146.95957970619202,0.002857339463380943
146.97487711906433,0.004907052843702252
146.99024939537048,0.001031775644294054
147.0051131248474,-0.0029597567221160007
147.02029728889465,-0.0022937759583952647
147.03531980514526,0.00012192639667177796
147.05096125602722,-0.001368193688242399
147.06699752807617,-0.006034746953468841
147.0825333595276,-0.006946182650664932
147.09783053398132,-0.0006079783252449147
147.11335158348083,0.007527683499010346
147.1285047531128,0.009697349357697414
147.14441537857056,0.005621530399132312
147.16014194488525,0.0021116137287275592
147.1756649017334,0.0034480260107659345
147.19099879264832,0.006086033845914408
147.2066445350647,0.004604294257573379
147.22180819511414,-0.00013293313453526488
147.2375841140747,-0.002269962472627486
147.25262832641602,0.0004713873681515086
147.26786375045776,0.0034406893828813085
147.2834222316742,0.0017625247640046244
147.2985801696777,-0.002520749883251365
147.31456446647644,-0.0031664948229875554
147.33067059516907,0.0014205379099047712
147.34653282165527,0.0057202940908217675
147.36213970184326,0.004558469958693616
147.3774950504303,5.28230628920978e-05
147.39347910881042,-0.0016029278656314494
147.4087290763855,0.0012331066608435091
147.42450857162476,0.0038435037157288814
147.44054222106934,0.0024202819219143294
147.45637035369873,-0.0003134096910640475
147.47149848937988,0.0007310511003136263
147.48715686798096,0.0051575023825789984
147.50320100784302,0.007041533230181158
147.5190601348877,0.0030641072956581576
147.53437638282776,-0.0025495565712183752
147.54968523979187,-0.003346719708038394
147.56614446640015,0.0010122096242548774
147.58129739761353,0.004798247040497475
147.59710121154785,0.004320974006921742
147.61310720443726,0.0026240269615527747
147.6282444000244,0.004328626590217481
147.64425802230835,0.008242196511433323
147.660338640213,0.008514866938809769
147.67567992210388,0.002897177434218555
147.6908175945282,-0.003631494469625817
147.70595049858093,-0.005256477823791204
147.72145462036133,-0.002967763799084914
147.737242937088,-0.0027139630077138883
147.75300097465515,-0.0066167773151937165
147.7688925266266,-0.009687664991244682
147.7846188545227,-0.006805937426217112
147.79985547065735,-0.00014628487835487104
147.8158929347992,0.0034776829048146865
147.83140349388125,0.0016433645234938347
147.84665441513062,-0.0009338422830486145
147.86166214942932,0.0004450141194040731
147.8769726753235,0.003804990146039514
147.8929705619812,0.0037720421919571383
147.90849614143372,-0.0001690445635752682
147.9240336418152,-0.0025702616643432617
147.9395513534546,0.00011628357558992903
147.95545935630798,0.0040188612099194485
147.9714503288269,0.002931205807135213
147.98658227920532,-0.0029364972638044476
148.00208806991577,-0.007040557623687104
148.01736450195312,-0.005515336569059342
148.0332908630371,-0.0024232603729922946
148.0493199825287,-0.003791130034965287
148.06478095054626,-0.00889587863057352
148.0806303024292,-0.011193887743931163
148.09605288505554,-0.007593019126311999
148.1111357212067,-0.0029051688488795496
148.1261444091797,-0.0031449435009569208
148.14177536964417,-0.007158651207916873
148.15728855133057,-0.008439269216100423
148.17391085624695,-0.0045392763348802954
148.189519405365,-0.0006982134031693133
148.2049798965454,-0.0024362998245960376
148.22099137306213,-0.007497639592940017
148.23658061027527,-0.008637351437183347
148.25179386138916,-0.0036135458704212265
148.26706743240356,0.0014865553404825196
148.28311681747437,0.00033957899534133983
148.29848265647888,-0.005203622549999766
148.31359100341797,-0.00792445157524849
148.32894253730774,-0.005160538353364391
148.34392833709717,-0.0019985112075329298
148.35961031913757,-0.003607073021967242
148.37534594535828,-0.007829292066789364
148.39050459861755,-0.008421950585459196
148.40563011169434,-0.004017017059195824
148.42169213294983,4.6522567002848494e-05
148.43759846687317,-0.0006100797161206414
148.4539120197296,-0.003450338748745212
148.46832394599917,-0.0032638738981783833
148.4835422039032,-0.00020086418672480514
148.49953770637512,0.0003020316823191815
148.5155429840088,-0.004207789669738756
148.5315375328064,-0.00874642581426091
148.5471546649933,-0.007142829535199097
148.56260347366333,-0.0005896549118564031
148.57816553115845,0.00359378763644245
148.59416151046753,0.0016458234079069645
148.6101770401001,-0.001731553944504121
148.62625575065613,-4.977317732873538e-05
148.6414091587067,0.005912648978793975
148.65646743774414,0.009190866900700598
148.6716866493225,0.006271518688372537
148.68744254112244,0.0018554971888863365
148.70246815681458,0.002210955595564951
148.71853613853455,0.006534819113734557
148.73355388641355,0.008398407490987893
148.74882650375366,0.005070823814458301
148.76404643058777,0.0014444595844985268
148.77921056747437,0.003027907650008009
148.7953062057495,0.00804883451814067
148.81133890151978,0.009959207541376922
148.82681679725647,0.00674237964873394
148.8424186706543,0.0036938080317048226
148.8579273223877,0.005726935225472818
148.87323474884033,0.010253214178487229
148.88849925994873,0.010831276297381226
148.90399408340454,0.006391701609074211
148.9193937778473,0.0028737940718814867
148.93439483642578,0.004862658142854897
148.94957399368286,0.009045171046729743
148.96506643295288,0.008808707268895065
148.98029017448425,0.0035557888160201614
148.99605774879456,-0.000398615783760286
149.01137924194336,0.001390114237067871
149.02737641334534,0.005425328521557738
149.04345202445984,0.005420605065857115
149.05949544906616,0.0012629146764717323
149.0745644569397,-0.001036378638162784
149.08978462219238,0.0016592443219929842
149.1056227684021,0.0046883033099711716
149.12106728553772,0.002150170146904427
149.1362099647522,-0.004164307248018959
149.15173411369324,-0.006424103032173559
149.1672568321228,-0.0012493641731531058
149.18327283859253,0.005347111201070958
149.19867157936096,0.00560427517931885
149.21476697921753,1.1253866796445515e-05
149.2307484149933,-0.0037975527099055532
149.24672889709473,-0.0014410871647906384
149.2619390487671,0.002868223415405261
149.27801489830017,0.002933140646071912
149.29398322105408,-0.0006851310566230329
149.3091585636139,-0.002095905525176774
149.324871301651,0.0008293658511207011
149.34120726585388,0.0030659046949061356
149.35715675354004,-0.0002617747310868076
149.37202334403992,-0.0063571676777287875
149.38693618774414,-0.007998089823079424
149.4025707244873,-0.003313966116860716
149.4186556339264,0.0015519740368297444
149.4347460269928,0.0007312780581049077
149.45079350471497,-0.0036099311484960143
149.46643543243408,-0.0047989053573112865
149.4817774295807,-0.0013930601608498332
149.49730825424194,0.0006858434565656562
149.51238131523132,-0.0032666445869245966
149.52777671813965,-0.009509373163996988
149.5438735485077,-0.010386770263333546
149.55924701690674,-0.004664421536183394
149.5744593143463,0.0005714449775924375
149.5899522304535,-0.0007471812983767144
149.60530042648315,-0.005732146017156949
149.62053155899048,-0.006748111794658241
149.63607788085938,-0.0018510433462872416
149.65210962295532,0.0028477373796425096
149.66766571998596,0.0017987386750638909
149.68346405029297,-0.002611766631489268
149.69866514205933,-0.0039762456068755045
149.71469736099243,-0.0010417597503897813
149.72994565963745,0.000998824972427572
149.74549055099487,-0.0013808388587393128
149.76064085960388,-0.004487281648553017
149.7758994102478,-0.0025452708971709734
149.79118371009827,0.003755830777975573
149.80652618408203,0.007558246970737783
149.82251691818237,0.004824772830779602
149.83752012252808,-0.0003535655121279283
149.85221219062805,-0.001452718802934046
149.867445230484,0.001724236299908765
149.88349413871765,0.003331777691346953
149.89858222007751,0.000201921276552843
149.91471672058103,-0.0034111487441984348
149.92969703674316,-0.001807968154552057
149.9457836151123,0.0038927480032315918
149.96143054962158,0.006921562045750265
149.977121591568,0.0039168170980848314
149.99229764938354,-0.0007370843038245947
150.00757360458374,-0.0012116792977974675
150.0231318473816,0.0018333145085689916
150.03853392601013,0.0027750274814474897
150.05404376983645,-0.0004780801831134043
150.06945729255676,-0.003359073908126721
150.084956407547,-0.001367788789905062
150.10060477256775,0.003137525450831724
150.11600613594055,0.004114703870768699
150.13195633888245,0.000726893776197811
150.14801168441772,-0.0008811483621863525
150.16401267051697,0.0038988612427234975
150.18006467819214,0.01088471242488663
150.19584703445437,0.011654329363741639
150.2118468284607,0.004436234669125256
150.22705507278442,-0.0031954682873759992
150.24315524101257,-0.0036526760490609347
150.2585437297821,0.0015894157716281735
150.27367210388184,0.004925471339944655
150.28976559638977,0.00294076621864325
150.30550336837769,-0.0001285617542926211
150.3214509487152,0.0001508288065805944
150.33680057525635,0.0013881079891478283
150.352201461792,-0.0019239912184806284
150.36733675003052,-0.00939447794200255
150.3825068473816,-0.013746135888617107
150.39842557907104,-0.009969503450033002
150.41358590126038,-0.0021935876832331258
150.42936038970947,0.0014084632953494252
150.4463493824005,-0.0010477337841377325
150.4605050086975,-0.003567037561895492
150.47657179832458,-0.0013085008079729557
150.49185252189636,0.0025257709843424935
150.50701022148132,0.0014853299630684662
150.52308559417725,-0.004609177370239119
150.53907179832458,-0.008970824541783263
150.55410861968994,-0.007024367123591342
150.56937074661255,-0.00256847452705376
150.58494997024536,-0.0022832105463015243
150.6003658771515,-0.006369300268480645
150.616286277771,-0.008509495346051322
150.63163924217224,-0.005061683410915229
150.64769220352173,-0.0002924321906937152
150.66374921798706,-0.00021206442097101812
150.67901253700256,-0.003944296036850335
150.6945207118988,-0.005088678528352084
150.7102370262146,-0.001144891190537697
150.72555112838745,0.0025863187922379105
150.74095964431763,0.00042043052620026507
150.75608777999878,-0.005367836799680668
150.77125573158264,-0.007247556161570003
150.78680801391602,-0.0026949253031116264
150.80235838890076,0.002253246824874635
150.81828832626343,0.0012097306681361979
150.8334619998932,-0.003962624788128161
150.84934210777283,-0.006091319728855467
150.865464925766,-0.002916074761046393
150.8804783821106,-0.00015383642452052818
150.8964855670929,-0.003147751794967169
150.91166639328003,-0.009001338947798913
150.9275186061859,-0.010411068987591853
150.94349765777588,-0.005843375816806917
150.95884037017822,-0.0016903722063587336
150.97386860847473,-0.003311623340972282
150.9898397922516,-0.0075496022758354915
151.00547647476196,-0.007311210306225743
151.02152514457703,-0.0018251989956985701
151.0375955104828,0.0019565268694314644
151.0527741909027,-0.000956011061086082
151.06878423690796,-0.006270214535766835
151.08458161354065,-0.005909738257997628
151.09964179992676,0.0009822957035279817
151.11464428901672,0.006659595569181687
151.13002634048462,0.004987385856891759
151.1454792022705,-0.00066799504764863
151.1615195274353,-0.002453731745162681
151.17707228660583,0.0012768631047872106
151.19304895401,0.004289853099957686
151.20864963531494,0.0015686596307535475
151.22464537620544,-0.003937291055635396
151.24064993858337,-0.006122021621009284
151.2559633255005,-0.004646577393481235
151.27198028564453,-0.004956404615683217
151.2875669002533,-0.009507999897412153
151.30393624305725,-0.013127151356054
151.31951427459717,-0.00960752591642431
151.3347887992859,-0.0005651777837403296
151.35069036483765,0.005941825156398437
151.3667449951172,0.005434003271255836
151.38275909423828,0.002093183238417357
151.39780378341675,0.0021877476696694244
151.4138147830963,0.005282458258390915
151.42991590499878,0.005530435232218372
151.4459285736084,0.000875355371034706
151.4619288444519,-0.0033216700847715245
151.4769549369812,-0.0016714045601936229
151.4926826953888,0.0033989796014448174
151.5086624622345,0.004782637298314536
151.52394032478333,0.0005428444902879697
151.53986167907715,-0.0034925104788535435
151.55588626861572,-0.0020215347788025916
151.57154989242554,0.0024383618164745607
151.5868034362793,0.0035506396582586116
151.60247540473938,0.0004526088858512779
151.61808705329895,-0.0011944174405106817
151.63331866264343,0.0021114065758981986
151.64935541152954,0.006047379761535041
151.66453337669373,0.004377268609250633
151.68005633354187,-0.001786952496277655
151.69561958312988,-0.004856944361365839
151.71133041381836,-0.0010880716052504005
151.7273075580597,0.004006904268378379
151.74419856071472,0.0030095170877793625
151.75906229019165,-0.003294148653595702
151.7746615409851,-0.0070904005357305105
151.789977312088,-0.004321398326559605
151.80542540550232,3.159374395898286e-05
151.82098817825317,-0.0005751607884849639
151.8370041847229,-0.0047800290912632035
151.85260462760925,-0.005335716548080788
151.8685383796692,0.0002985752015074233
151.8840618133545,0.005921476851975154
151.89945721626282,0.004978696866865088
151.9154839515686,-0.00036112018801111485
151.93079805374146,-0.0022461624164915902
151.94679522514343,0.0019128047987853171
151.96194648742676,0.005916373281269373
151.9779176712036,0.0035809802360848206
151.99380254745483,-0.0025008510557606905
152.00914216041565,-0.004541954862351837
152.0251636505127,-0.00047896102234261124
152.0412414073944,0.0030717539636129364
152.05698895454407,3.0735769602711904e-05
152.07306551933289,-0.006541995860394849
152.0886197090149,-0.008450351980063747
152.10438466072085,-0.0034516904170687306
152.1195194721222,0.0018846243596432007
152.13554620742798,0.0013263630618808374
152.15106463432312,-0.0027210965739618807
152.16649460792542,-0.003122138818386371
152.18163514137268,0.0017848487204978059
152.19680619239807,0.006205625139386817
152.21274733543396,0.005659606428596015
152.2278139591217,0.0036545993804322423
152.24328541755676,0.006493263169713605
152.25888299942017,0.013548206596419223
152.2747941017151,0.017105614834639404
152.29056668281555,0.012561934938219835
152.30626702308655,0.005041697386947826
152.3218171596527,0.003099408471237388
152.3371181488037,0.007831188853073223
152.35212326049805,0.011999409622216975
152.3681297302246,0.0100327237465998
152.3839111328125,0.005055807027508085
152.39891481399536,0.003669671715665756
152.41364097595215,0.006410146837230768
152.42939805984497,0.007455516240971368
152.44541144371033,0.003578171450850887
152.46095252037048,-0.0008708548290350788
152.4763150215149,-0.00023841717868189338
152.49222922325134,0.003955784637095347
152.50793552398682,0.004754138212869468
152.5235948562622,-0.0003501500726212385
152.53882956504822,-0.005250100977053333
152.55395770072937,-0.0030540525952998743
152.5700166225433,0.004483224146376291
152.58539843559265,0.008881421153221065
152.60115242004397,0.005892555250120966
152.61635375022888,0.00089199891228171
152.63150024414062,0.0015791997834863078
152.64657998085022,0.007925515030748728
152.66196966171265,0.012737743768292207
152.67807626724243,0.011554466948714967
152.69406509399414,0.008075431733526681
152.70941162109375,0.008001785671967535
152.7250039577484,0.01052293794669533
152.74018096923828,0.009739401401026263
152.755512714386,0.003821780894585748
152.77084851264954,-0.0015512221703465794
152.78696870803833,-0.0007320869021306339
152.8016848564148,0.003996080746108395
152.81681323051453,0.005457551854720078
152.83146119117737,0.0013525580351133855
152.84752011299133,-0.0029726355176896346
152.86307549476624,-0.00248377628343175
152.87917113304138,0.00034046945052946306
152.89454460144043,-0.0006701551163009974
152.91062211990356,-0.006117947281235252
152.92561197280884,-0.009792399811309058
152.94049072265625,-0.007459384572337344
152.9564607143402,-0.0031618724266542
152.9725375175476,-0.0037748112141156457
152.98859453201294,-0.00927362962536036
153.0039963722229,-0.012519160148515882
153.01972270011902,-0.009028934692323376
153.03499150276184,-0.0030399672828180318
153.05042219161987,-0.0014012158144751622
153.06584858894348,-0.004091219679191598
153.0817003250122,-0.0048457564147708024
153.0972671508789,-0.0007888095742491661
153.11313247680664,0.0030033272001218875
153.12915658950806,0.000794516548028327
153.14420676231384,-0.0050175078713664625
153.16024827957153,-0.006447378426155007
153.17590832710266,-0.0007400142845024361
153.19120335578918,0.0055108692331719555
153.2068555355072,0.004910140300294489
153.2220585346222,-0.001074578190942815
153.23722076416016,-0.0045008453915851565
153.25266480445862,-0.0019175529839954779
153.26824975013733,0.0013220311076749453
153.28433084487915,-0.0008630332615903926
153.3003227710724,-0.006437756399646137
153.31552004814148,-0.008145847479233723
153.33065843582153,-0.00395626254197366
153.34630608558655,-0.0001982079057962292
153.36214399337769,-0.002804963162976638
153.37767100334167,-0.008826897528996864
153.39315557479858,-0.010143637240554476
153.40880823135376,-0.004395294618945451
153.42474484443665,0.0018721956713835378
153.44064283370972,0.0020432959178461364
153.45628118515015,-0.0020662952918809744
153.47160720825195,-0.003568775254872393
153.48712301254272,-0.0004974264675151078
153.50256824493408,0.0017946177485058665
153.5178258419037,-0.0011287061508696182
153.53392457962036,-0.006035524905252076
153.54922103881836,-0.006498011930129232
153.56516933441162,-0.0020812633379605288
153.5802140235901,0.0009772171930083943
153.5962872505188,-0.0014637521039517739
153.61146473884585,-0.00579765604649222
153.62707591056824,-0.006126767871975398
153.6422884464264,-0.00287545470664065
153.6583034992218,-0.0021421527137863044
153.67357325553894,-0.006660412170364906
153.68961358070374,-0.011300142842788788
153.70492553710938,-0.009746760690794588
153.72091960906982,-0.003219794065069532
153.73701643943787,0.0009488469040772621
153.75230026245117,-0.0009297603793281886
153.7676281929016,-0.004175937028390444
153.78335571289062,-0.002508887665381869
153.79858136177063,0.0030691110639998985
153.8140516281128,0.005551056873638377
153.83011507987976,0.0016002132639469672
153.8452491760254,-0.003732333071067096
153.86125493049622,-0.003697159223963498
153.87724447250366,0.0013838686451235187
153.8928565979004,0.005219124637415813
153.90896773338318,0.004452572662004075
153.9248514175415,0.0026200542776080664
153.94085121154785,0.004010788191447863
153.95685291290283,0.006914492664646457
153.97238111495972,0.006317055247623843
153.98806524276733,0.002037498401233589
154.00405764579773,3.714838864182215e-05
154.01934671401978,0.004282642399966604
154.03537321090698,0.010459383641538318
154.05050945281982,0.010924771938322805
154.06570196151733,0.004738139259338619
154.08080101013184,-0.0008895076587508808
154.09607887268066,1.0890604666911538e-05
154.11210751533508,0.004503748120416956
154.1275918483734,0.00513830672302611
154.14362740516663,0.0002530741579653741
154.15886759757996,-0.003972785764660424
154.17491722106934,-0.002302875879150024
154.19093084335327,0.0024273023031410198
154.2061173915863,0.0037351927852047814
154.22146368026733,0.0008944242141041741
154.23752522468567,-0.00018159744267065667
154.25335669517517,0.004259073436388943
154.2693886756897,0.009996951658177915
154.28461074829102,0.010403993487215013
154.30005431175232,0.005602132040260143
154.3161211013794,0.002319886831852471
154.33128809928894,0.004625091716733155
154.3467354774475,0.008506066422598378
154.36192202568054,0.0078026041984681545
154.37764143943787,0.0030218971079741326
154.3924822807312,0.0005904483430678771
154.4075312614441,0.003671350808437112
154.4233739376068,0.007624346202383475
154.4386923313141,0.006573871596001417
154.4540150165558,0.0017294314173296917
154.46998238563538,-0.0004278213869739614
154.4851427078247,0.002455957854641675
154.50054097175598,0.0050522824106369
154.5160312652588,0.0018687982830708208
154.53162956237793,-0.0046795797342961245
154.54678773880005,-0.007179695287987621
154.5627851486206,-0.003301852339062876
154.57807683944702,0.0009484576876923334
154.59328174591064,-0.0005678609871743586
154.60886907577515,-0.0057953004357594725
154.62490677833557,-0.007570564566720166
154.64101266860962,-0.00376178818784536
154.65633940696716,-0.0002810511754474624
154.67183804512024,-0.0027709159825047014
154.68792819976807,-0.008576952790727961
154.70348119735718,-0.010217680638831286
154.71923112869263,-0.005560782462092244
154.7352752685547,-0.0006468786232762594
154.75080013275146,-0.0013840237782511578
154.76686573028564,-0.005706139651519033
154.78240180015564,-0.006878489193435763
154.7983169555664,-0.002959015543187073
154.81338214874268,0.0009165997442084525
154.8282618522644,0.0002721186797223444
154.8434681892395,-0.002304716694300501
154.85904455184937,-0.0012625585021306006
154.8745315074921,0.0033769741274977862
154.89060950279236,0.005565558186678036
154.90588521957395,0.001820406231622695
154.92117190361023,-0.0033043804022165613
154.93653964996338,-0.002968580507626244
154.95179510116577,0.002658732340875496
154.96721410751343,0.006482818118994664
154.98327112197876,0.003989474676015645
154.9986219406128,-0.000843204170810572
155.01390624046326,-0.001227067058423611
155.0290596485138,0.0031981816592134083
155.0449502468109,0.006285848400676544
155.06041955947876,0.004193581174041919
155.0754358768463,0.0005309896815173104
155.09089279174805,0.0007918160700668649
155.1059455871582,0.004290225824441074
155.12155055999756,0.005218944113638913
155.13693523406982,0.001307500232349823
155.1529402732849,-0.002397151391500177
155.1688756942749,-0.00032798591218571394
155.18438816070557,0.005550795474319354
155.19985270500183,0.00786979418693741
155.2158720493317,0.0036270077124276453
155.23136496543884,-0.0016659552521119565
155.24733901023865,-0.0012545980485278068
155.2629427909851,0.003975336409682386
155.27812576293945,0.007045761265241685
155.29339981079102,0.004606135327313465
155.30865693092346,0.0013686131504466526
155.32475757598877,0.0032021820842813393
155.34079575538635,0.008637715971339215
155.35685992240906,0.010731660632463665
155.37287378311157,0.0066973394091453635
155.38840579986572,0.0018138511580224992
155.40398836135864,0.0021846756315432115
155.4198865890503,0.006554539708759884
155.43543314933777,0.0085376075657627
155.45128560066223,0.005777731213763007
155.46734142303467,0.0029213555140418478
155.48294925689697,0.004437594727019785
155.49846482276917,0.007920990768246249
155.5136113166809,0.007628398987218678
155.5292251110077,0.003108633675847754
155.54469990730286,0.0003184738472080365
155.56009125709534,0.003321838389847275
155.57558226585388,0.008309650619551304
155.59212493896484,0.008637406286821223
155.60719847679138,0.003939659090935121
155.6232373714447,0.0004052485493234715
155.63905453681946,0.0017465326919826833
155.65505361557007,0.003728211684903906
155.6710033416748,0.00021927857411033203
155.68646597862244,-0.007671348270872032
155.70200324058533,-0.012385465235501093
155.717129945755,-0.009712891960202294
155.73304533958435,-0.003997534379211234
155.74876022338867,-0.0017100034719543704
155.76421451568604,-0.0027184854785468875
155.78022122383118,-0.001560552173742743
155.7956025600433,0.0034756138428605945
155.8109667301178,0.006901829132594262
155.82614183425903,0.0036156214476204193
155.8410758972168,-0.0030718897967422698
155.8563117980957,-0.0047846102377472124
155.87184309959412,0.0010277847928456488
155.88716864585876,0.007316360526044276
155.90318393707275,0.006179334305386957
155.9185085296631,-0.0013024845304857903
155.93400883674622,-0.006987384016057959
155.9494879245758,-0.0063230855162815834
155.96501278877258,-0.003280599030027592
155.9807424545288,-0.0035450697891125146
155.99606275558472,-0.006191501251496347
156.01158547401428,-0.005634018311543913
156.02708649635315,-0.0006673219148380979
156.04253721237183,0.002780048145557697
156.05860805511475,-0.00045221247051784475
156.07384037971497,-0.007218822611689314
156.0891342163086,-0.009716176182418143
156.1046335697174,-0.005485623353957093
156.12057900428772,-4.337176367220734e-05
156.13650751113892,0.0011371092489949226
156.15170168876648,-0.0003003341498955536
156.16680932044983,0.0007542313651305093
156.18252801895142,0.004357097828320436
156.19794058799744,0.004892376185429714
156.21394538879397,-0.0005170430708992917
156.22995948791504,-0.00679832448849393
156.2459647655487,-0.00697079954209638
156.2613866329193,-0.0015152752205767539
156.27653169631958,0.0020206960562496427
156.29259276390076,-0.0009555785578113304
156.3086428642273,-0.005977775246074108
156.3235034942627,-0.005725908184338301
156.3391489982605,-7.55762203383855e-05
156.3551847934723,0.0037846417882250903
156.37103080749512,0.0012600633540632922
156.38603830337524,-0.0034417492107157994
156.40071415901184,-0.0033343028069942227
156.4165556430817,0.0015657633695968995
156.43212175369263,0.00432469044783486
156.44726824760437,0.0008399432428811927
156.46245336532593,-0.004412423527778431
156.47781658172607,-0.004615962411817479
156.49346780776978,-3.090955454478853e-05
156.50953793525696,0.0025618108841866175
156.52504062652588,-0.0005646915131166559
156.54105591773987,-0.005044097777060298
156.55605459213257,-0.0048546367316135266
156.57106685638428,-0.0008919793416270168
156.5870852470398,0.0004899379203509278
156.6028549671173,-0.0032934880042524576
156.61882519721985,-0.0073302560598531834
156.63455748558044,-0.006275007887394916
156.64967584609985,-0.0020466451170040524
156.66556978225708,-0.0010985304438208246
156.68102192878723,-0.005080951389737306
156.69626665115356,-0.008225296320217502
156.71175479888916,-0.005341551246807209
156.7270336151123,0.000783697444049011
156.74252128601074,0.0031025110696850976
156.75772738456726,-3.211649558920119e-05
156.7724094390869,-0.002909785564117741
156.78777766227722,-0.0009746977302564691
156.80341696739197,0.0023633045268542166
156.81941628456116,0.00046922374910706105
156.83540081977844,-0.006791873381414634
156.8504776954651,-0.01215164738776275
156.8657717704773,-0.010381299162169929
156.8807773590088,-0.005080000715907574
156.89593696594238,-0.0034910466692364547
156.9124345779419,-0.006719452325250259
156.92674612998962,-0.00896339968854227
156.94293189048767,-0.006441659663927048
156.9570963382721,-0.002982771684286816
156.97238397598267,-0.004237915447438538
156.98790550231934,-0.008993440764435387
157.00336265563965,-0.010368788643679148
157.0187258720398,-0.005486128747324718
157.03389143943787,0.0001789456708248295
157.0498926639557,0.00020509478387840084
157.06591033935547,-0.003940702859483138
157.0812566280365,-0.005197556801620983
157.0968689918518,-0.0011571545292141218
157.1121883392334,0.002320338279974158
157.12799644470215,-0.0005596990678694751
157.14397621154785,-0.006910027137252705
157.15928483009338,-0.008615260118485513
157.17536115646362,-0.003401485224440336
157.19135856628418,0.0017757953041763344
157.20728850364685,-6.142659016662114e-05
157.22319412231445,-0.006564945392094734
157.23794102668762,-0.009328465412535476
157.25371718406677,-0.005237135479833152
157.2697150707245,-0.00036866307532397663
157.28468227386475,-0.0013862778107201108
157.30020546913147,-0.006595672954781347
157.3155174255371,-0.0088966138640176
157.33093929290771,-0.006002394247792462
157.34646439552307,-0.0033491162803839522
157.36246848106384,-0.005799604660174382
157.37769675254822,-0.010194475316498747
157.39314150810242,-0.009534755665936846
157.4086947441101,-0.0030211260950160595
157.4238317012787,0.0022707309975907412
157.43983006477356,0.0007090589471940474
157.45583128929138,-0.004376606992095712
157.47052359580994,-0.005404632595093568
157.48616671562195,-0.0009336754104280033
157.50126934051514,0.002649916634424123
157.51674818992615,0.00030926284013593243
157.53274130821228,-0.004546724257998592
157.54746413230896,-0.00491034784268055
157.5634400844574,-7.136994729079783e-05
157.57945132255554,0.003286272091703062
157.59523630142212,0.0002878546623189919
157.6103811264038,-0.005404484898420892
157.62638068199158,-0.0065428623528997094
157.64242601394653,-0.0018983643585152995
157.65840816497803,0.002683330655228343
157.67379808425903,0.0027230484863309664
157.68980932235718,0.000809934855822118
157.70532369613647,0.0017559247823482078
157.72132396697998,0.0048002240665406
157.7367594242096,0.004560443084464379
157.75282907485962,-0.0006064103357299863
157.768474817276,-0.0052689620187679285
157.78448820114136,-0.003963489484151735
157.800217628479,0.0011495859556911866
157.81608247756958,0.0030605130361013077
157.8319091796875,-0.00044004230629579155
157.84758806228638,-0.00362887790166817
157.86258172988892,-0.0007126479748579334
157.87763166427612,0.00610612840729301
157.8930048942566,0.00946174654002878
157.90895414352417,0.006609048606812605
157.92493748664856,0.0027165973476059946
157.93994975090027,0.0033875604359701493
157.9559428691864,0.007051224234615132
157.9713294506073,0.007722485049878626
157.98689126968384,0.0038461110139249547
158.00231051445007,0.0004962811954633925
158.0184679031372,0.0019356657171254107
158.03443503379822,0.005421820726444029
158.0504925251007,0.005262866475544342
158.06652760505676,0.0012194312735153215
158.08169031143188,-0.001022695105627838
158.09772491455078,0.0018805741365523028
158.113046169281,0.0058841803735632464
158.12910676002502,0.005201494649748676
158.14543175697327,0.0006978362031857342
158.1604242324829,-0.0011138346706946205
158.1758050918579,0.0026618012070231583
158.19154334068298,0.006889532852120908
158.2067909240723,0.0054126334616862535
158.2220675945282,-9.210094209149023e-05
158.237398147583,-0.0019895933601468867
158.25239539146423,0.0028910971388345016
158.26832151412964,0.008575354149156241
158.28388786315918,0.007637169648409022
158.29939889907837,0.0008949203978778995
158.3153862953186,-0.004010284111610734
158.33040165901184,-0.0029278946145484077
158.34520602226257,-0.00010861257179048921
158.3610339164734,-0.0012730400707343403
158.376788854599,-0.004979193859771932
158.39219069480896,-0.00458755098068301
158.40778279304504,0.001959690938593485
158.42312574386597,0.00840865819756344
158.43784856796265,0.007995664438277011
158.453289270401,0.002198353838522539
158.46907472610474,-0.0015353949617442218
158.48452138900757,0.00012824553641778164
158.5005497932434,0.0023885088311809575
158.51595044136047,-0.0003396746482824146
158.5319471359253,-0.006189187309439365
158.54795098304749,-0.00826098782351016
158.56334972381592,-0.0042211965273305126
158.57805228233337,0.00041349879497880153
158.5940535068512,-0.0001418604168777586
158.60925006866455,-0.004145000202768866
158.6252748966217,-0.005155337913591131
158.64042353630066,-0.0013586467118421883
158.65645933151245,0.0017940192242839827
158.6724534034729,-0.0006432497384167455
158.6885313987732,-0.00584994422902743
158.70405340194702,-0.006780439997641028
158.71932458877563,-0.0017572372630419528
158.7344696521759,0.0031489459844950326
158.74979281425476,0.002312404658507705
158.7657985687256,-0.0019257988892361425
158.7808814048767,-0.002688665595937775
158.79614686965942,0.0019408140268092067
158.81222820281982,0.006486086320968523
158.82828903198242,0.005808410641030107
158.84356141090393,0.002015363654939027
158.85889220237732,0.0010506506272164738
158.8741991519928,0.004141496395176329
158.88944220542908,0.006304592118830237
158.90550351142883,0.0037994021824793566
158.92052912712097,-0.00033558917159298273
158.93590879440308,-0.0006271462832711642
158.95117330551147,0.0029064843813384035
158.96619296073914,0.0047190752453314866
158.98219966888428,0.001745028761353597
158.997718334198,-0.0020119472379877667
159.0135374069214,-0.0010324640335415071
159.02849864959717,0.003759302243355001
159.04350018501282,0.0059560434027647975
159.05817103385925,0.002413795749830361
159.0734465122223,-0.0022950168839127585
159.08930492401123,-0.001884930448258504
159.1048424243927,0.0034366807493591833
159.11997532844543,0.007666018917315351
159.13503766059875,0.00726946213392023
159.15109276771545,0.005402261726975496
159.16646695137024,0.006531799019958386
159.18252515792847,0.009597465839289124
159.19807076454163,0.009697596277957623
159.2140736579895,0.005790570791057423
159.2298138141632,0.0030292172307156877
159.2458324432373,0.005885300921672555
159.26158356666565,0.011506443606400383
159.2770721912384,0.012896142918734269
159.2926046848297,0.008058472778664439
159.30872797966003,0.002787142159315451
159.324697971344,0.00319524760121348
159.34071803092957,0.008014628261661754
159.35669875144958,0.010936283256947212
159.37169861793518,0.009401892589396261
159.38674879074097,0.007520824998921513
159.4019694328308,0.009355566786269282
159.41794967651367,0.012553308058480438
159.43343019485474,0.01166656740039751
159.44948196411133,0.0063971658309368885
159.46546912193298,0.0026748134651516566
159.4807231426239,0.004630822869597807
159.49624133110046,0.008728811254203654
159.51159501075745,0.008535152037216805
159.5273475646973,0.003586016880875539
159.54278206825256,-0.00010683206058484114
159.55888295173645,0.0013938080145159074
159.57497382164,0.004484206112024472
159.59099960327148,0.0033920825335509337
159.60690021514893,-0.0013214825683732449
159.622896194458,-0.0033692931849603346
159.63889408111572,0.0002940497917619019
159.65389347076416,0.004933529037150526
159.66891241073608,0.004537891204891786
159.68492150306702,0.00026794574084606886
159.70048642158508,-0.0011543032366858343
159.71648454666138,0.0030119472950070423
159.73249673843384,0.007412160128381103
159.7484278678894,0.0057623188551411565
159.76445984840393,-0.000568727049778079
159.77947854995728,-0.004411901664408692
159.7948796749115,-0.00248807352908341
159.81045126914978,0.0004260828484708586
159.82579827308655,-0.001542483451590232
159.84092664718628,-0.007049154200298306
159.85693073272705,-0.009353529080790365
159.87247705459595,-0.0056429524057128025
159.88752675056458,-0.000913527524222555
159.90278315544128,-0.0011270908466933178
159.91878533363342,-0.005235654809780631
159.93378233909607,-0.007106960158596545
159.94978547096252,-0.004442075913526246
159.96576714515686,-0.001988083857565562
159.9807665348053,-0.004473723764066579
159.99677085876465,-0.009324968609940372
160.01194834709167,-0.00972167372078068
160.02710700035095,-0.0040741286158427524
160.04210662841797,0.0012195729334560825
160.0581076145172,-0.00016491592808311455
160.07410836219788,-0.00634968674819296
160.09014344215393,-0.009930626022070309
160.10566210746765,-0.007597578454321267
160.12166500091553,-0.0036774434489075013
160.13765239715576,-0.0033969929071316273
160.15343356132507,-0.005773156310396609
160.16875648498535,-0.005844924601657978
160.18479704856873,-0.002361400740297184
160.2003846168518,0.0003949657079867615
160.21637105941772,-0.0009539109864178151
160.2323932647705,-0.0038104307260835237
160.24838042259216,-0.003368277174208551
160.26438283920288,0.00026988851206782155
160.27990245819092,0.002028181553927616
160.29523491859436,-0.0009104131722228806
160.31079173088074,-0.004887568913665433
160.32676768302915,-0.004694398117344223
160.34177470207214,-0.0007982954107414045
160.35779237747192,0.0012931969613366792
160.37376976013184,-0.0013049564445509372
160.38977479934692,-0.004850081185332384
160.4053111076355,-0.0041993338449690925
160.4213056564331,7.29834366822368e-05
160.43730974197388,0.002605156497613818
160.45231127738953,0.0008059153852375562
160.46731042861938,-0.0016512534213298092
160.4831018447876,-0.00025335343614098097
160.4989664554596,0.0037627977354400682
160.5140311717987,0.005018427951074953
160.52933311462402,0.0016000430734876689
160.5449242591858,-0.002010295174769528
160.56094527244568,-0.0008942650760118496
160.5759518146515,0.0036637707552860665
160.59193968772888,0.006057844085458941
160.60777306556702,0.004050841956294445
160.62384176254272,0.001457846789818583
160.63979244232178,0.0021858168971270343
160.65570211410522,0.00433415225900019
160.67139267921448,0.0029533672276689914
160.68704986572266,-0.0024272181222496324
160.7029325962067,-0.006393826710043543
160.71905732154846,-0.0046363516565647795
160.73512625694275,0.000393934518989298
160.75055027008057,0.0030633114924718654
160.76561665534973,0.0021752722418958994
160.7806737422943,0.0017689567903189079
160.79660892486572,0.0041749892322375535
160.81246066093445,0.005717947395688121
160.82816529273987,0.0017467421768485227
160.8434841632843,-0.005938014186350981
160.85873103141785,-0.010170675377102027
160.87386775016785,-0.0072177908737581405
160.88989090919495,-0.0014339459381465087
160.90550255775452,0.0006876813211113598
160.92088508605957,-0.0010217911880196747
160.93588018417358,-0.0009776731880294972
160.95190739631653,0.003557637779118615
160.9675989151001,0.00798294884222426
160.98287510871887,0.006344011587935185
160.99856400489807,-0.0004408854625464172
161.0139353275299,-0.005465164381271617
161.02949452400208,-0.0045601257169109585
161.04557061195374,-0.0009325346650717668
161.0608401298523,0.00018149664513512388
161.07689499855042,-0.0012195373436867576
161.09280562400818,-0.00097563393305725
161.10877633094788,0.001962619110246166
161.12477469444275,0.0032168918912717755
161.13999581336975,-0.0005967237709157934
161.1559054851532,-0.00600695639465521
161.1719183921814,-0.006425894104271155
161.18765354156494,-0.0009285875202344109
161.2036213874817,0.004081292399586158
161.21936869621277,0.0029954820475745266
161.2352797985077,-0.0019153120546483698
161.2507841587067,-0.0039722326234797566
161.2667863368988,-0.00120089479217168
161.28269958496094,0.0014101286094420871
161.2993185520172,-0.0006847316920040787
161.31485676765442,-0.0050672528286166505
161.33034706115723,-0.005779719483714398
161.34545040130615,-0.0017561339219123902
161.36147093772888,0.0015493455095689954
161.3767318725586,-0.00046704117713164016
161.39236044883728,-0.005472659447334606
161.40771484375,-0.007683815703541837
161.42371702194214,-0.005721181584939643
161.4393892288208,-0.0037328874012847843
161.45531582832336,-0.0046144390072627856
161.47112607955933,-0.005559877505434831
161.48717379570007,-0.002596223532578063
161.50262904167175,0.0026345195380060573
161.51812767982483,0.004220403868939678
161.53404879570007,0.00014466984534895278
161.54987692832947,-0.004307090091045923
161.56487727165222,-0.0032683562848701414
161.5808756351471,0.0017835121814029475
161.5966091156006,0.003941835022619918
161.6125922203064,0.00023773863660963386
161.62864542007446,-0.004334333084881494
161.64440965652466,-0.0036931658009638785
161.65976428985596,0.0010137859419526388
161.6753215789795,0.003100917226336941
161.69065594673157,-0.00037064180882596465
161.70666098594666,-0.004610616132710219
161.7227234840393,-0.0038667417783989225
161.7388277053833,0.0006298331267113435
161.75493502616882,0.0026569155724012034
161.77057266235352,-5.788517306592675e-05
161.7852659225464,-0.0027195648341749416
161.8012101650238,-0.000510820058414884
161.81655097007751,0.004432056823443272
161.83233904838562,0.0061469609040584305
161.84835958480835,0.0034673036837628065
161.86392045021057,0.0015667875918850451
161.87933707237244,0.004130412668421777
161.8947250843048,0.007605339132859922
161.91009616851807,0.0061831357046882324
161.92545866966248,0.0005576974348017651
161.94061994552612,-0.002371880712745407
161.95593404769895,0.0010566963744562704
161.97192788124084,0.005943577364972759
161.98791456222534,0.005454913762377408
162.003431558609,0.00033110569196887927
162.0204303264618,-0.0021755003777136615
162.03542733192444,0.0013849572542565928
162.0514326095581,0.005675814066587289
162.06748223304749,0.004201603200817686
162.08270645141602,-0.001137798732754775
162.0986828804016,-0.0023789814891751176
162.11436891555786,0.0031684782366083854
162.13038086891174,0.00860053077797934
162.14630460739136,0.006657950209990732
162.16198253631592,-0.00014871654735373148
162.178053855896,-0.00287933597335073
162.19406127929688,0.0014958234015394105
162.21012902259827,0.006129287842333566
162.22566866874695,0.004366238266389013
162.24178409576416,-0.0005842631231586268
162.25669956207275,-0.00047049703898765626
162.2726800441742,0.0054499874462883985
162.28841876983645,0.00850844501457186
162.30442881584167,0.00284073971701702
162.32047080993652,-0.005478442933966644
162.33580589294434,-0.006058818885811352
162.3519253730774,0.0014308638549130493
162.36718487739563,0.006486467515296118
162.38262391090393,0.002315144463829124
162.39857029914856,-0.0045350767932930205
162.41398358345032,-0.0034461398381163705
162.42923974990845,0.004773246741258047
162.44525289535522,0.008328860716706877
162.46091890335083,0.0009482227605933889
162.4765317440033,-0.008551506962947635
162.49249839782715,-0.00773881383106035
162.50857090950012,0.0022209041558979388
162.52452278137207,0.007662478375917781
162.54012250900269,0.0008932616647184487
162.55555701255798,-0.009248038088607604
162.57150077819824,-0.00951291457294458
162.58724975585938,-0.00043759120175635075
162.60276126861572,0.004648303820260668
162.61886930465698,-0.0015355175209911106
162.63493704795837,-0.009934068320268129
162.6510043144226,-0.008040390078417923
162.66649436950684,0.002109380616408171
162.6818037033081,0.0064638783536074655
162.69730591773987,-0.0011668705358021426
162.71268844604492,-0.009954624782251594
162.72849202156067,-0.007063052190344676
162.74389791488647,0.0039524570706227285
162.7589671611786,0.007618657326942202
162.7742838859558,-0.0017047577302997394
162.78930854797363,-0.011277616736749948
162.8041639328003,-0.007368165014796667
162.82021808624268,0.005200034889088158
162.83625626564026,0.009069982373335051
162.85167360305786,-0.0016447221381165394
162.8668351173401,-0.012687789638490831
162.8821427822113,-0.009008155367766156
162.89751935005188,0.0043779746276383195
162.9131326675415,0.009363191785808453
162.9292151927948,0.0003296986805480075
162.94421648979187,-0.007570470934003872
162.95947980880737,4.709978210177667e-05
162.97489738464355,0.015015292381732562
162.99095726013184,0.01603816055813756
163.0065381526947,-0.0017690395711451304
163.02174997329712,-0.017261502555311108
163.03739619255066,-0.008376535343030603
163.0522871017456,0.01920845279083396
163.06836223602295,0.03603259556787338
163.0839774608612,0.020031182592776656
163.09955644607544,-0.022063329700137642
163.11550283432007,-0.06310688143612493
163.13068413734436,-0.0780295868146591
163.1464807987213,-0.05846343424995871
163.16250205039978,-0.016022252689837275
163.1785078048706,0.02284214308316661
163.19424748420715,0.033345717322012566
163.20952367782593,0.013774892708824822
163.225506067276,-0.011118397128710268
163.24090456962583,-0.015134531819598101
163.25680541992188,0.001378242231277976
163.27235674858093,0.014648777133111959
163.28823494911194,0.008415861882094273
163.30373430252075,-0.006634000481646849
163.32019019126892,-0.009082900042992548
163.33524990081787,0.004298444850246736
163.35043621063232,0.015547257792225835
163.3657398223877,0.010773388851185457
163.38098049163818,-0.0018299552075559337
163.39648628234863,-0.0050031247754202595
163.41162252426147,0.003188731292131146
163.42758584022522,0.00778027736868867
163.4435760974884,-0.0007346848786677429
163.45899391174316,-0.012284848354374
163.4745810031891,-0.011065796691525274
163.49067163467407,0.0024030259352116976
163.5066115856171,0.01178400911526314
163.5216782093048,0.006899377638178451
163.53778529167175,-0.003408834410770838
163.55314826965332,-0.004623012113702003
163.56842970848083,0.0033416671104266283
163.58416485786438,0.0071389901837680715
163.5995728969574,-0.00031786461383475836
163.6156141757965,-0.00970752401238395
163.63079595565796,-0.008643525033330178
163.64649176597595,0.0008087408596142891
163.66161394119263,0.005152973387231007
163.67770624160767,-0.0015488270764563183
163.69284629821777,-0.009571135409120805
163.70837950706482,-0.0074603612254647
163.72364282608032,0.0018238757725325583
163.73918294906616,0.00513827106264842
163.75435519218445,-0.002428645820072228
163.76976704597473,-0.01075095435306201
163.7850456237793,-0.008677710674162882
163.8005440235138,0.0008818449796897236
163.81576776504517,0.0054884841830660416
163.8315236568451,0.000415420766999121
163.8467025756836,-0.005507794773779847
163.86269521713257,-0.002969963610482865
163.87821197509766,0.004690630701356793
163.89356970787048,0.006573274374458535
163.90952014923096,-9.619540886091809e-05
163.92557072639465,-0.005891822235797249
163.94070482254028,-0.0023068955117692943
163.9563910961151,0.0063957308740710565
163.97229075431824,0.009031983007203963
163.9882936477661,0.002738466744637379
164.00356435775757,-0.0034996524845376325
164.0196557044983,-0.001565377591647453
164.03563475608826,0.004740592354903645
164.05163979530334,0.005421584193533009
164.06767225265503,-0.0016694396373785692
164.08289670944214,-0.008105760952568923
164.09823656082153,-0.006798358863631244
164.11405086517334,-0.0014524745914357832
164.12929964065552,-0.000519665551176037
164.14514231681824,-0.004770128320133815
164.16100025177002,-0.00637504070915547
164.17661571502686,-0.0006592619804062284
164.191668510437,0.0064816848467703515
164.20753574371338,0.0063496327649341915
164.22353959083557,-0.00037973114152288316
164.23892664909363,-0.004281707473893935
164.2548623085022,7.254918203265749e-05
164.27090668678284,0.006929093187895637
164.28678393363953,0.007618434399421407
164.30281949043274,0.002619935671419773
164.31849431991577,0.0006501149576620697
164.33447527885437,0.006271645604819917
164.3501181602478,0.013381304394711075
164.36611700057983,0.013435361291428692
164.3818953037262,0.006778547699443464
164.39752006530762,0.0015988215302772234
164.4130356311798,0.002597172610593886
164.42866349220276,0.005390469110603457
164.4440643787384,0.0038736660819579756
164.4590666294098,-0.0005736172993542827
164.47452306747437,-0.0011605567500836572
164.4899718761444,0.004300098112846503
164.50530195236206,0.009965619714630211
164.52089285850525,0.009978820216407468
164.53641653060913,0.006408510330158884
164.55160212516785,0.00585539527033659
164.56678366661072,0.00975408031639175
164.58225464820862,0.012349117198044608
164.59826493263245,0.009210429737738238
164.61408758163452,0.0039542395391392185
164.62946462631226,0.003348105339442218
164.64466214179993,0.007659423100019052
164.6601324081421,0.010058157904968222
164.67576384544373,0.006081773562339193
164.69106578826904,-0.00014288675212167142
164.70687222480774,-0.0016353115246963618
164.72216773033142,0.0019172444681933823
164.73824048042297,0.004164796350901961
164.7536780834198,0.0012789902234415867
164.76966857910156,-0.00286208164834334
164.78532552719116,-0.002615659956931475
164.80052661895752,0.001196296970646456
164.81595516204834,0.0026555634861412246
164.83097004890442,-0.0004008826613833604
164.8469774723053,-0.002999324718001102
164.86295652389526,-0.0001736562950768704
164.87895488739014,0.005584702905098496
164.89498019218445,0.0074080316126364214
164.91042709350586,0.003441359350093832
164.92544984817505,-0.0008283047411015046
164.94155311584473,-0.0006515403199854669
164.95750737190247,0.0010751578287374773
164.97282457351685,-0.001935352178142927
164.98780846595764,-0.009904517833320413
165.0038321018219,-0.01586868430963432
165.01920342445374,-0.014721235478090023
165.03422379493713,-0.00982835647684526
165.05020427703855,-0.008024449394145743
165.06521844863892,-0.010163701623535953
165.08077001571655,-0.010505625188870937
165.09616041183472,-0.005516597369470416
165.1116726398468,0.0006415564897028019
165.12688970565796,0.001775089900192717
165.1429159641266,-0.0016451116904845024
165.15890550613403,-0.0031942245444969244
165.17424702644348,0.00036326936853240364
165.18941950798035,0.00449973183891177
165.2054784297943,0.003446193442473114
165.22125363349917,-0.00142357104913519
165.23638200759888,-0.003263966706086642
165.25152897834778,0.0007858339068080407
165.26682329177856,0.005599541171758032
165.28292179107666,0.005050323805513333
165.2989604473114,0.0001263844653214656
165.31482315063477,-0.003010919081108637
165.33009433746338,-0.001818055813031307
165.3461835384369,-0.0003564261377763375
165.36180424690247,-0.0025821335553054946
165.37731552124023,-0.0060842971650215995
165.39336943626404,-0.005574471627274519
165.40893721580505,-0.00111758468709406
165.42428922653198,0.0010414462583684624
165.43963813781738,-0.003152275725320706
165.45521783828735,-0.009488807312669345
165.47037744522095,-0.01050685769999466
165.48642778396606,-0.005107986576694366
165.50242471694946,0.0002497930400398786
165.51851773262024,0.0002618170415455258
165.53469443321228,-0.0026798223102744694
165.5498366355896,-0.002819242413605376
165.56496453285217,0.0004112096639246731
165.5809931755066,0.0019115497950087336
165.59696698188782,-0.001034293992207805
165.61225247383118,-0.004031753846372177
165.62779903411865,-0.0013466055206617276
165.64293837547302,0.005698662163688744
165.65855526924133,0.009661509968953513
165.6739366054535,0.006412319313428937
165.6890664100647,0.0003740777696266762
165.7050838470459,-0.0014493634145412528
165.7206826210022,0.001633261809945703
165.73660159111023,0.004112563165942761
165.75174498558044,0.002515694223420323
165.76692295074463,-0.00013180473067388957
165.78180241584778,0.0005011950746414348
165.79774022102356,0.003312565457096176
165.81266498565674,0.0034567578424890763
165.8273365497589,-0.0001587076042222019
165.8436210155487,-0.002785737436354717
165.85921812057495,-0.00048276677857981426
165.87525010108948,0.004060008563251915
165.89064025878906,0.005157756657848922
165.90664219856262,0.0022694533143822753
165.9218533039093,0.0009319342235664175
165.9378752708435,0.004879093203901497
165.95297050476074,0.010468050072285077
165.96843338012695,0.01151124989601945
165.9838829040527,0.007822088296823047
165.99910187721252,0.00531802302006305
166.01431488990784,0.007457721895890537
166.02942419052124,0.010236619767643076
166.04484128952026,0.008015895276240886
166.06012535095215,0.0019765795651375444
166.0758650302887,-0.0009794234954180825
166.09186625480652,0.002306673210946535
166.10771870613098,0.006543619823192766
166.1231825351715,0.004823921320403896
166.13898420333862,-0.0021329712346156385
166.15473222732544,-0.006937650619375823
166.17076325416565,-0.0054216533085662865
166.18590903282166,-0.001971837908866977
166.20194602012634,-0.003119771237067282
166.2175488471985,-0.008387943488738954
166.23349905014038,-0.011069263912345582
166.2488672733307,-0.007685898372311222
166.2641384601593,-0.002821011592428866
166.27947568893433,-0.002639828853430117
166.2955985069275,-0.006293759878913949
166.31075024604797,-0.007277523828564123
166.32634472846985,-0.002755361005050746
166.34134078025818,0.0023163710481048858
166.35665225982666,0.0020583541420026103
166.37164878845215,-0.0021978056020279454
166.38725018501282,-0.0039984851829055635
166.40319442749023,-0.0010824212400469008
166.41881895065308,0.0013274040790801013
166.43391013145447,-0.0019948637940285464
166.4490611553192,-0.008545149684874808
166.46513104438782,-0.011106139249175353
166.48112297058103,-0.007437368562261472
166.4965341091156,-0.0031409505064476503
166.51215267181396,-0.003725736864679469
166.52739191055298,-0.006992690180041526
166.54352569580078,-0.006371989958437764
166.55892324447632,-0.00048487298828502924
166.57394695281982,0.004491647577938374
166.5900011062622,0.003033062355166574
166.60601782798767,-0.0022855349913515643
166.62194919586182,-0.004387686320738913
166.6369695663452,-0.0013277578261101093
166.65230584144592,0.0013411519338329186
166.66768431663513,-0.0013951900455535472
166.68307280540466,-0.006837422599510948
166.697913646698,-0.008198097107607091
166.71345233917236,-0.0038751656051156163
166.72896265983582,0.0005349007061928432
166.7446801662445,0.0001457207127230284
166.7601490020752,-0.0025434530198998966
166.7755217552185,-0.0015201175863783052
166.79163932800293,0.003866553972361522
166.80729293823242,0.007642345871252447
166.82231616973877,0.005477068150283961
166.83733558654785,0.0008983274890378315
166.85336589813232,0.0006059084946879677
166.8691763877869,0.005307172433163167
166.88516497612,0.00879703189404012
166.90083408355713,0.00651441019207984
166.91689682006836,0.0016931494130325213
166.9319121837616,0.0007157491640914209
166.94803094863892,0.004299410867034552
166.96317744255066,0.006740123606204245
166.97888922691345,0.004055807583386079
166.99408507347107,-0.00046351800987744956
167.00971746444702,-0.0009739318830573728
167.02481079101562,0.002709473915633951
167.04086208343506,0.004979962411387298
167.05624556541443,0.0025029493428522977
167.07233572006226,-0.0009575995905943186
167.0883710384369,0.00018308541101162527
167.10439205169678,0.0053544009012376536
167.11992645263672,0.00844700372823195
167.13524341583252,0.006275766775215556
167.1505424976349,0.003064307408834811
167.16654586791992,0.004608058641802764
167.18172335624695,0.01018085029544156
167.19702863693237,0.013406079202600148
167.212415933609,0.010828618867370111
167.22852849960327,0.006277114167354218
167.2436752319336,0.005145407936967811
167.25909805297852,0.00688102227005612
167.27456951141355,0.006282564330721564
167.29054141044617,0.001500997595016101
167.30576014518738,-0.0029429796499627946
167.32131814956665,-0.00255149703855167
167.3374319076538,0.0006204088633584197
167.35303378105164,0.0008815941399645559
167.3686842918396,-0.002818556422940437
167.3847301006317,-0.005253802142738302
167.40009927749634,-0.002465377381704852
167.41594648361206,0.0023022446675843755
167.43149542808533,0.0029447319940065996
167.44667673110962,-0.0009388321440751447
167.4626567363739,-0.003537687524960413
167.478004693985,-0.0012534677295819455
167.4929850101471,0.0019169295981803216
167.50954794883728,-0.00010857250103833357
167.5243194103241,-0.006677803128579467
167.53999400138855,-0.01076061836865937
167.55601692199707,-0.008203847219212072
167.57152199745178,-0.0030793498844881788
167.58671855926514,-0.0017638560337606612
167.60239696502686,-0.0041838891949349324
167.61790585517883,-0.004540594970580435
167.63391876220703,-0.00032180385312774364
167.64992141723633,0.003410324200140975
167.6659495830536,0.0008365371256228433
167.68201994895935,-0.006156213576392141
167.6973955631256,-0.009992276763334015
167.7128074169159,-0.007475649004197742
167.72881197929382,-0.0039943376450402145
167.7442319393158,-0.005857599999504727
167.76031732559204,-0.011284571706293755
167.77631425857544,-0.012619860701523027
167.79164242744446,-0.0068654835326459815
167.80707836151123,-3.81435572408093e-05
167.82200741767883,0.000707113703462282
167.83695077896118,-0.0035596950438539516
167.8523428440094,-0.005435666344424595
167.86833381652832,-0.00154295150862025
167.88435316085815,0.003019004307263179
167.9003975391388,0.00215087486003161
167.9155819416046,-0.002462671148191403
167.93113231658936,-0.0036626345579837726
167.9471890926361,0.0009949847449827534
167.96240139007568,0.005517273008774965
167.97840976715088,0.003550028742730303
167.99445176124573,-0.002932161445687521
168.01050639152527,-0.0063538502634687445
168.0257031917572,-0.003811051472769122
168.04121661186218,-0.0007034274024330026
168.0567831993103,-0.0030162490377452344
168.07281112670898,-0.009210120903136781
168.0886001586914,-0.012735883291681365
168.1040391921997,-0.011093774704961801
168.12014389038086,-0.00855834096181926
168.1353578567505,-0.009187512087351576
168.15146255493164,-0.010631476510194804
168.1667838096619,-0.007811006882322713
168.1822953224182,-0.0010255388366461823
168.19796752929688,0.0035489992627392945
168.21315956115723,0.0021098025374906276
168.22857880592346,-0.00139349814553186
168.24458169937134,-0.0005467455881604461
168.25983309745789,0.004846992219505759
168.2753324508667,0.008779248266515025
168.29048991203308,0.007543888998097947
168.30594873428345,0.0046576751947234925
168.3214557170868,0.0054162148135460785
168.33686423301697,0.009097808926440893
168.3520863056183,0.010024606423668973
168.3679552078247,0.0059032485097270755
168.38274574279785,0.0014159569478252771
168.39780497550964,0.0017664074626673743
168.41323161125183,0.005233423208393854
168.42878937721252,0.00538092290599644
168.4448926448822,5.1535928539436435e-05
168.46089577674866,-0.005384381462074414
168.47640562057495,-0.005183202801719771
168.49167251586914,-0.0009399813543881363
168.50770330429077,0.0008224009281160066
168.52310490608215,-0.0022215244179336867
168.5387318134308,-0.005123400129250293
168.5538682937622,-0.0028721907609685644
168.5692548751831,0.002369898968832054
168.58469915390015,0.00427307351046286
168.6006851196289,0.0012739168538462887
168.6163775920868,-0.0013305669718990457
168.63249683380127,0.0009097544868012274
168.64747619628906,0.005213495796958593
168.66286849975586,0.005725419244235096
168.67788743972778,0.0022020237017687317
168.69338750839233,0.0005660288524988664
168.70871806144714,0.004299508723281958
168.7242875099182,0.008967279379469732
168.7398293018341,0.00800199389568078
168.7558102607727,0.001919532252805865
168.77098536491394,-0.0020249595184522223
168.78630352020264,0.0004806647690843262
168.80231833457947,0.00514440958998902
168.8175585269928,0.005253210467575019
168.83257269859314,0.0009745557887121704
168.84880685806274,-0.0012394016696610937
168.86387610435486,0.0018701158843817314
168.8785593509674,0.005577487244335396
168.89454698562622,0.0039479194187497894
168.90959000587463,-0.001439420597376814
168.9249186515808,-0.0033565981656123174
168.94012761116028,0.0010063286914947164
168.95526003837583,0.0058802132703390025
168.97082567214966,0.004658157861999842
168.98572659492493,-0.0010952018351132473
169.00057435035706,-0.003841543017161839
169.01610040664673,-0.00039203912400680857
169.03188610076904,0.003956529272229561
169.04683542251587,0.0030818969772997934
169.06284499168396,-0.0013109278752677202
169.07790112495422,-0.0021354730994021386
169.0939178466797,0.0029741467406497546
169.10949897766113,0.008044274523353673
169.12501859664917,0.0067832643338706965
169.1410415172577,0.0012034363413219
169.15703439712524,-0.0011366997322486588
169.1730329990387,0.002494923476900171
169.18846774101257,0.00638264633856694
169.20370769500732,0.004461421025826949
169.21976113319397,-0.0012280025424116821
169.23504948616028,-0.003472387548462582
169.2505922317505,8.821430246233261e-05
169.26660656929016,0.003931164310580546
169.28253364562988,0.0026368730862369226
169.29857277870178,-0.001542861754142916
169.31435084342957,-0.002112406639793248
169.32959270477295,0.0022892136851745378
169.34485960006714,0.005883273274373851
169.3600103855133,0.003923201126669932
169.37582325935364,-0.0005406642580142239
169.39190649986267,-0.0009623165421159036
169.4076910018921,0.0032550184125425072
169.4232051372528,0.0055380866755123485
169.43903398513794,0.0012256939794940205
169.45464420318604,-0.005490655506170481
169.4699034690857,-0.006642194247047438
169.48505878448486,-0.0009722367036337984
169.5006079673767,0.004391257261769012
169.51581382751465,0.0033563165457046766
169.53111004829407,-0.0014322251071814422
169.54629397392273,-0.002838049771290941
169.56237983703613,0.0008454275153220074
169.57846665382385,0.004020580092155845
169.59452199935913,0.0020832035512836494
169.6098883152008,-0.0020938978641461066
169.62540698051453,-0.0025122477275080638
169.64143085479736,0.001231712871021984
169.65665316581726,0.003379367616839585
169.67269206047058,0.00037055395485243326
169.68878197669983,-0.003859059183440223
169.70409297943115,-0.0033079503362449633
169.71972751617432,0.0015514570771813204
169.7352855205536,0.00424349730113595
169.75049424171448,0.0011669040675713806
169.76525568962097,-0.0036157803440104294
169.78048038482666,-0.004334357911584924
169.7964949607849,-0.0016123740238478206
169.81205821037292,-0.0011596941837785386
169.82755947113037,-0.005032325767029001
169.84261441230774,-0.008142797090938727
169.85859441757202,-0.00527593618441183
169.87401866912842,0.0012068227562801294
169.8900876045227,0.004037609106204362
169.90525603294373,0.0006387521206436264
169.92063784599304,-0.0036466444878386272
169.93576383590698,-0.0031883280955576675
169.95179915428162,0.00011848863204828343
169.96782636642456,-0.00022392470840425357
169.98394322395325,-0.005841333035635994
169.99991250038147,-0.010866067700831622
170.01558876037598,-0.009895437900626088
170.0307559967041,-0.0052837830787609875
170.0468556880951,-0.0034617497185522425
170.06185722351074,-0.00558897110594224
170.07769012451172,-0.005972442161904646
170.09370875358582,-0.0006081150367232904
170.1096549034119,0.006398820521112618
170.12520051002502,0.007935243262457535
170.14078545570374,0.00347652791989301
170.1559190750122,-0.00039609834867155013
170.17124152183533,0.0007137700944962848
170.18666410446167,0.003155252235415065
170.2027087211609,0.0011053277827435702
170.21789073944092,-0.004353205662224933
170.23393940925598,-0.006175293943813888
170.249577999115,-0.0012674088188117045
170.26569533348083,0.004654675861623051
170.28142786026,0.004420734322586261
170.29742312431335,-0.0010398251394030372
170.3124644756317,-0.004229674126552316
170.32801389694214,-0.0015807777753654838
170.3440203666687,0.0017507095751864567
170.3596897125244,-0.0005308660126002156
170.3756296634674,-0.006610921302123553
170.39108991622925,-0.008740139915806584
170.40626859664917,-0.0038935867697874006
170.4213993549347,0.0019680884914319904
170.43736743927002,0.001999684637731978
170.45252561569214,-0.0023574602348797238
170.4680769443512,-0.0038449554276666145
170.48419189453125,0.000152652063216587
170.50009846687317,0.003929700503789368
170.5151343345642,0.0016478290391354483
170.53073406219482,-0.004260749976433615
170.54617047309875,-0.0063323170814140895
170.56170678138733,-0.0023347413106254273
170.57768392562866,0.0018768826937041521
170.5927376747131,0.0007827778969558578
170.6085443496704,-0.003093252382564946
170.6242699623108,-0.0030224239575709225
170.64049220085144,0.002097601391740608
170.65650463104248,0.005889736294653943
170.67230820655823,0.0032651615124367856
170.68841528892517,-0.0025213344557528956
170.70447397232056,-0.004392670864350394
170.72029304504397,-0.0010927412161881372
170.73735070228577,0.0015878125440488525
170.75234842300415,-0.0005020789998021018
170.76827263832092,-0.003796319604942231
170.78341245651245,-0.002215486619404466
170.7994556427002,0.0038445185258097116
170.8151819705963,0.0076722598322010015
170.8300805091858,0.005457254071359618
170.84512281417847,0.0015459116230191394
170.8611717224121,0.0022729352032764766
170.87637186050415,0.007068590052065596
170.8915514945984,0.009395582589249059
170.90665197372437,0.006153814393245077
170.92225408554077,0.0021894294658707358
170.93834352493286,0.0034385056542317882
170.9543418884277,0.008355318610962378
170.96943545341492,0.009855320342958922
170.98433685302734,0.005270928541304728
170.9998857975006,0.00040269867678494574
171.01510882377625,0.0017904534419123904
171.03071665763855,0.007749955474105363
171.04603505134585,0.010563916793756218
171.0613603591919,0.0068300163006032606
171.07736039161682,0.001759888059827328
171.0924973487854,0.0017350283253921798
171.10772109031677,0.005689260640489096
171.1238021850586,0.0072125196569501155
171.13900184631348,0.0040075638246171875
171.15503549575806,0.001070426381396889
171.17031931877136,0.0031273426360877675
171.18625354766846,0.007353092447537547
171.20223426818848,0.007107228528616897
171.21728467941284,0.001645325232582916
171.23283672332764,-0.0021042969917588095
171.2484269142151,0.001279169032818884
171.2644407749176,0.008093371256025963
171.28441190719604,0.010175377404598005
171.29566168785095,0.005614539012925705
171.3114104270935,0.0008607329783245847
171.32663011550903,0.001556634399512027
171.3426456451416,0.005027584300858224
171.35844612121582,0.004698398185044576
171.3735806941986,-0.0002530990155200511
171.3893539905548,-0.003849626374967956
171.4054093360901,-0.0021206443241127415
171.4213969707489,0.0011264395322300837
171.43739461898804,-5.5191914339797025e-05
171.45304536819458,-0.004868605960322449
171.46806859970093,-0.006621851806472853
171.48409700393677,-0.002374470991326441
171.49960207939148,0.002387212811125289
171.5154628753662,0.0010666268478113756
171.53145265579224,-0.004757860151080295
171.5466270446777,-0.007239234751236658
171.5618929862976,-0.00297111905673768
171.57704901695251,0.002345305045506814
171.59220242500305,0.0018160372950462764
171.60829997062683,-0.0031544422151674172
171.62334775924683,-0.004995704926637884
171.6391625404358,-0.000682588403934677
171.6551787853241,0.003943470663983728
171.6711630821228,0.0022080917101163855
171.68637585639954,-0.00425029968403897
171.7016086578369,-0.00786403241426544
171.71680879592896,-0.005520579623007653
171.73221945762634,-0.002424428581996753
171.74864959716797,-0.004313860245070302
171.76324915885925,-0.009251066248408213
171.77925610542297,-0.010553193991708912
171.79543256759644,-0.006533952294484593
171.81141591072085,-0.0031110396847056614
171.82666063308716,-0.005488543333045728
171.842755317688,-0.010643547765101558
171.8582479953766,-0.011309916873896046
171.87471771240234,-0.005971166850551868
171.8907630443573,-0.0008928580964491042
171.9067952632904,-0.0014185019390156898
171.92231678962708,-0.0047979518017973125
171.93835401535034,-0.004522346567663735
171.95312643051147,0.0001695719888057043
171.96900010108948,0.0031721959149048195
171.98456239700317,0.0003229862681521636
172.00030303001404,-0.004449141231908161
172.01542401313782,-0.004426270185927354
172.0310230255127,0.0006160233621741677
172.04706621170044,0.004201762238952139
172.06252145767212,0.002215418511003748
172.0785219669342,-0.0015451825142901287
172.09454822540283,-0.0010116139950717682
172.11030530929563,0.003396248800409415
172.1257405281067,0.005281238824387964
172.14111495018005,0.0013749842826822466
172.15677046775818,-0.0035781589979569667
172.17251586914062,-0.0031900433106049645
172.18774890899658,0.0017099885364244274
172.20309925079346,0.0041708273445751395
172.2187638282776,0.0008038371620086191
172.23433566093445,-0.0034382994095520495
172.2498598098755,-0.0021929834759132323
172.26544308662417,0.0032420475387251544
172.28045082092285,0.005409923572882477
172.2961609363556,0.000837270011635631
172.3121645450592,-0.005143990907911498
172.32773876190186,-0.005506273545527673
172.34300303459167,-0.0007344770876666863
172.35801911354065,0.002377349335895533
172.3735682964325,0.000271135727272419
172.38923978805542,-0.002913119394728398
172.40450620651245,-0.0018269670422100376
172.42043900489807,0.002292691784592341
172.4356164932251,0.00367109158711032
172.45128464698792,0.0006643501254372233
172.4668571949005,-0.0016912641993479228
172.4828324317932,0.0009363773300983006
172.4985065460205,0.005530899811837473
172.51382851600647,0.005643130607549007
172.5296814441681,0.0005577450808356222
172.54542803764343,-0.0033826184606163883
172.5611696243286,-0.001488174277975188
172.57716965675354,0.0026380437689478894
172.59271717071533,0.0019748022645322424
172.6077480316162,-0.004173983554274586
172.6231894493103,-0.009120813574199412
172.63826417922974,-0.007867281382660867
172.6542830467224,-0.0035996337806549214
172.67019987106323,-0.002642328375313523
172.68488121032715,-0.005250904425654552
172.7002239227295,-0.0054458194388052
172.71623039245603,-0.00010632445153498527
172.73156833648682,0.005808448921525716
172.74722146987915,0.005686852192712954
172.76295161247253,0.0005125986321284047
172.77829456329346,-0.002195369996422871
172.79328870773315,0.0014361893221088821
172.8084955215454,0.006402770401818825
172.82434511184692,0.005822304891739499
172.8404083251953,0.0003944677922664277
172.8555645942688,-0.0028509300726621244
172.87103533744812,-0.0006141090971035837
172.8865089416504,0.0020604339510367532
172.9026141166687,-0.0008758902618741932
172.91823172569275,-0.007585244382814754
172.93375945091248,-0.010557338552827252
172.94875812530518,-0.0069776404405315585
172.96399664878845,-0.002773041255690419
172.97998118400574,-0.0045899598522558625
172.99597835540771,-0.010743743924909038
173.0113024711609,-0.013611127412305801
173.0267312526703,-0.010053420032253867
173.04241824150083,-0.005426405470668529
173.057710647583,-0.005837281489380126
173.0731339454651,-0.009671889312127955
173.08883428573608,-0.010186618408434798
173.10484671592712,-0.005272438528162038
173.12040901184082,-0.0005118756001076505
173.1362726688385,-0.001286561307199419
173.1523241996765,-0.005205931824032105
173.16838669776917,-0.00560034858248396
173.18357610702515,-0.0010517290722861913
173.19907665252686,0.002624094735082245
173.21426725387573,0.0006933152521230593
173.22980284690857,-0.0038199599018134173
173.24532771110535,-0.00456497413888079
173.26131963729858,-0.0009003701362199868
173.27646470069885,0.0014499310438611183
173.29244303703308,-0.0010442760993121447
173.3084740638733,-0.004339672988272659
173.32400274276733,-0.002497236998609751
173.34007120132446,0.0034647746266496682
173.3552827835083,0.006173495213502122
173.37076926231384,0.001612350003994133
173.38682866096497,-0.005190262499396608
173.40235924720764,-0.006467360848061157
173.41708827018738,-0.0017088166865989276
173.43294978141785,0.002072411909157417
173.44818687438965,1.0402876317684717e-05
173.4641547203064,-0.00427633565822327
173.4803500175476,-0.004160775793884548
173.49549388885498,0.0006022746786516729
173.51077604293823,0.0036844214617501284
173.52664875984192,0.001245666930252077
173.5426526069641,-0.0026238230994488744
173.55801343917847,-0.0017045082032221418
173.57319378852844,0.0035906090933462594
173.58845615386963,0.0068686360083489145
173.60391116142273,0.004789183347695066
173.62007594108582,0.0016121246606775417
173.63545179367063,0.002908563355902183
173.65143609046936,0.007553707590807308
173.66754269599917,0.009433787506976127
173.6830153465271,0.006261710900139928
173.69842195510864,0.0027314689860399536
173.71546840667725,0.003512643837731994
173.72968769073486,0.006315820318166991
173.74571132659912,0.005204275221461108
173.76123571395874,-0.00046852815385743825
173.77687454223633,-0.004419724908005257
173.7925009727478,-0.0017931693421528857
173.80813646316528,0.00409795845440236
173.82371139526367,0.00617057864385007
173.83911323547363,0.0029764025546139498
173.85508918762207,-3.8126742435208886e-05
173.8710899353027,0.0010906274134697197
173.88684344291687,0.0030618869346927865
173.90218424797058,0.0005222114269499054
173.91810035705566,-0.005299702366766671
173.93364763259888,-0.007325569386016558
173.94885540008545,-0.002264503425885639
173.9648563861847,0.004314281237247333
173.98084115982056,0.004974899677741257
173.9965102672577,0.00012041385981969958
174.0116629600525,-0.002955869577870158
174.0271496772766,-0.0003191619796932459
174.0433759689331,0.003350182206079101
174.05900025367737,0.0017439944113607664
174.07428431510925,-0.0037976485162243296
174.08973741531372,-0.005907503486642056
174.10575532913208,-0.001552843183459704
174.12099766731262,0.0034169282337296694
174.13647174835205,0.002084769960063802
174.15222454071045,-0.004075346521635423
174.16829252243042,-0.007204019529271301
174.1832935810089,-0.003778784842125324
174.199147939682,0.0007274411370516943
174.21458554267883,-0.0004065888135750097
174.2301881313324,-0.005773353843659752
174.24532198905945,-0.00776714769221108
174.26130962371826,-0.0031084668855117523
174.2768259048462,0.0025638896529693155
174.29224252700806,0.0023249760428055246
174.30768179893494,-0.002729377300773549
174.32346487045288,-0.005291268315675921
174.33836698532104,-0.0021420112547317675
174.35403084754944,0.0013934831589335706
174.36945724487305,-0.001011966776474909
174.38434553146362,-0.007670067639856701
174.39948177337646,-0.010890987712910515
174.41462659835815,-0.007172957364180541
174.43032670021057,-0.0014971410350833178
174.44571495056152,-0.00010853701331459305
174.46105408668518,-0.0021915014394052563
174.47606348991394,-0.001973313651481786
174.49193859100342,0.002262275716150873
174.50795197486875,0.005457157260732177
174.52340459823608,0.003218362439147509
174.5390763282776,-0.0015145440092084834
174.55441212654114,-0.0024122723838366795
174.5703947544098,0.0012717703128239648
174.58577275276184,0.003692633208561591
174.6015236377716,0.0009445426016685306
174.61720061302185,-0.003107436938953911
174.63242745399475,-0.002192419126512501
174.64759826660156,0.003315112215290966
174.66366362571716,0.006546203035717277
174.67887234687805,0.0034458534871019647
174.69487237930298,-0.0017333341184081427
174.71089458465576,-0.0024199256174961383
174.72650337219238,0.001189927379831715
174.7417197227478,0.0025992160624817217
174.7577407360077,-0.0017126895316617518
174.7737798690796,-0.007197963046287493
174.78876733779907,-0.007408232947709042
174.80469751358032,-0.0027618473598965336
174.8208134174347,0.00030704827842209504
174.83685612678528,-0.0014839506639393058
174.85196328163147,-0.0036905806012484657
174.8675413131714,-0.0005423660422048237
174.8836588859558,0.006703630754870974
174.8991985321045,0.011135891203798884
174.91505980491638,0.009306575683167864
174.9300718307495,0.005398625890317168
174.94601225852966,0.004916186888600999
174.96139883995056,0.007149679968741491
174.9768373966217,0.0070908671973484855
174.9926097393036,0.003636400355624932
175.0083508491516,0.0017731006367084476
175.0243284702301,0.005278123130767732
175.04012441635132,0.010570741745777823
175.0553538799286,0.011078895109167437
175.07081365585327,0.006327804683968001
175.0868239402771,0.0027672258793711157
175.10280513763428,0.004837320169790432
175.1186821460724,0.0087568960963453
175.13431787490845,0.007926192991859456
175.15030932426453,0.0024951494942525416
175.16629076004028,-0.0004246504656689777
175.18203163146973,0.0034929872158270276
175.1975564956665,0.00946362105218608
175.2127959728241,0.009550476667672718
175.22878909111023,0.0028989275784048665
175.24478960037231,-0.003593037940277939
175.26002287864685,-0.004712824981342654
175.27603721618652,-0.003184677057870052
175.29128766059875,-0.004348646570815568
175.30728602409363,-0.007430908524026341
175.32277417182922,-0.006306996760286012
175.33849430084229,0.0011301095553520688
175.3545525074005,0.008588000982320142
175.36983036994934,0.008906458780581938
175.38524293899536,0.003530442619354656
175.40125727653503,0.0007258117288149845
175.41685318946838,0.004695528507049153
175.43293285369873,0.010358526799423236
175.44853115081787,0.01072441288141225
175.46454000473022,0.0064166683396213965
175.48042583465576,0.0041832200177961965
175.49645400047302,0.006850949426971439
175.5115888118744,0.00913748901743348
175.52749681472778,0.0053270107648821
175.5434968471527,-0.0020082526125331703
175.5586392879486,-0.004698803030413945
175.57401204109192,0.00028364728783232627
175.5888249874115,0.006675515695406957
175.60481762886047,0.007097054328893399
175.62053799629211,0.002479644197013094
175.63575553894043,6.032200859744548e-05
175.6515595912933,0.00303220651885734
175.6671426296234,0.006268870444579171
175.68240237236023,0.0038395876574362784
175.69768261909485,-0.0024183783214127893
175.71313667297363,-0.005288257232576135
175.7286388874054,-0.002066339386196067
175.7446415424347,0.0019080628102360955
175.76574110984802,0.0008314066454047147
175.77663850784302,-0.0037005885462881942
175.79265642166138,-0.005464098395493984
175.80794167518616,-0.0026812643200954233
175.82370924949646,-0.00026979265247354685
175.83912062644958,-0.0022055412553701687
175.8547224998474,-0.005291243479547048
175.8697075843811,-0.0036142235497328345
175.88554048538208,0.0025593727263922405
175.90122652053833,0.006400708531441486
175.91652131080627,0.0036554278503458408
175.93254446983337,-0.0013689942953709609
175.94857478141785,-0.0015225802600348187
175.9640510082245,0.003513545198401076
175.97943305969238,0.006925718669245128
175.9947633743286,0.004154661470834456
176.01079726219177,-0.0010789500496607772
176.02604460716248,-0.002260620824717229
176.04211497306824,0.0009077123346911947
176.05735683441162,0.0026345063955807773
176.07296013832092,-0.00019480765093825986
176.08868312835693,-0.003330091761880251
176.1045982837677,-0.0013229402902936141
176.11972498893738,0.004237822938807791
176.13548302650452,0.00630617843588543
176.1515393257141,0.0018997961456035206
176.16762590408325,-0.0035998111733980655
176.18283247947693,-0.003482357223725898
176.19860863685608,0.0014528018189090665
176.214275598526,0.00428276936695345
176.2302052974701,0.001484338272513713
176.2454071044922,-0.0025989174595930607
176.26141262054443,-0.002252364432233629
176.27708435058594,0.0015985893661087415
176.2931182384491,0.003143353024874403
176.3086359500885,0.00039576596343700483
176.32382225990295,-0.0018284524845991125
176.33979153633118,0.0010288649439904925
176.3555703163147,0.006417607031768627
176.37043142318726,0.008041451771386947
176.38622117042542,0.004701103131616634
176.40146279335022,0.001889931253345298
176.41635465621948,0.003802579357027657
176.43164110183716,0.007312103119978149
176.44759941101074,0.006724582626683321
176.46289348602295,0.0024733515927732475
176.47815990447998,0.0009226209080719518
176.49368023872375,0.0050994154418214106
176.5093388557434,0.009555042502236346
176.52443194389343,0.007249190149926827
176.539785861969,-0.0005959728213712724
176.55580163002014,-0.005430773566371148
176.57119941711426,-0.002291668904202825
176.58700966835022,0.003936530640155286
176.60237789154053,0.005313252565352679
176.61845302581787,0.0012961284962882602
176.63447380065918,-0.0013243143587178788
176.6500473022461,0.0015516717928950067
176.66604852676392,0.005585880870793352
176.6815891265869,0.004455440799149253
176.6976592540741,-0.0008045906921518367
176.71299767494202,-0.0028909041523699974
176.72840762138367,0.0016513684576495167
176.74438905715942,0.007440001708028215
176.7596309185028,0.007462088553657044
176.77484011650083,0.002555659856711246
176.790061712265,5.4335102400500596e-05
176.80611324310303,0.003508090327765355
176.82209539413452,0.007737938202119061
176.83806085586548,0.006037411750883126
176.8540153503418,-0.0005245482057321654
176.869704246521,-0.004597124554042392
176.88473558425903,-0.0026395095406249202
176.90075731277466,0.0005047478769129512
176.91612839698792,-0.0012294810544841118
176.93137764930725,-0.006493373649413157
176.94687628746033,-0.008553672174326095
176.96266341209412,-0.004926085642260703
176.97768831253052,-0.0009074386679661821
176.99358940124512,-0.0021404665773105264
177.0095133781433,-0.006876310794852277
177.02504515647888,-0.008789468832933169
177.04034519195557,-0.006050818592282403
177.05609703063965,-0.0036134015966358558
177.07134175300598,-0.005627275839293711
177.08733654022217,-0.009115843119191606
177.1024980545044,-0.008156693340076168
177.1185643672943,-0.0026044061166285498
177.13464832305908,0.0012681256588412061
177.1506426334381,-0.0006290864775032011
177.16582345962524,-0.004463595101518354
177.18157052993774,-0.003847960653254862
177.19749784469604,0.0011031320372190583
177.21252012252808,0.003786597970964923
177.2283124923706,0.0003369896608910357
177.2434720993042,-0.004744450312965701
177.25949668884277,-0.004498998129455232
177.27502489089966,0.001083828334906359
177.29017400741577,0.005059079928356476
177.30620765686035,0.0028163477769389514
177.32122206687927,-0.0021450043302952923
177.33665943145752,-0.0035998968708884755
177.35183000564575,-0.001204649241191686
177.36711716651917,-0.0002833634191246712
177.38224530220032,-0.0035701246761712085
177.39779806137085,-0.007028287820443663
177.41366124153137,-0.005745643037010531
177.42897129058838,-0.0012828955599696649
177.44445490837097,0.00030774283999693286
177.4597156047821,-0.0027979263587925417
177.4745740890503,-0.0051927119439916375
177.4899342060089,-0.001616073446577799
177.50600004196167,0.00530634718848371
177.5220501422882,0.007908670363159596
177.53728580474854,0.0034385335333578823
177.553320646286,-0.002284106796294219
177.5689570903778,-0.002472675521124027
177.5849950313568,0.0020899874722793924
177.6007068157196,0.004937982290575483
177.61593675613403,0.003030919013969087
177.6311182975769,0.00023087296386315706
177.64629125595093,0.0008442497046236641
177.66151332855225,0.0030892626252555346
177.67762160301208,0.001939244923491996
177.6933295726776,-0.0031153683656092532
177.70933651924133,-0.006953800740748204
177.72496104240415,-0.006088209629773737
177.74094605445862,-0.003661023039360392
177.75692582130432,-0.0047171080805801
177.77295637130737,-0.008539051311269339
177.78880500793457,-0.00940467063530486
177.8042929172516,-0.005052224270555772
177.81988644599917,-0.0006739514673611666
177.83520460128784,-0.0022201637034948447
177.85036540031433,-0.008077806450158077
177.86550498008728,-0.010960311448220517
177.88067841529846,-0.007739311029151162
177.89645648002625,-0.003679667287377901
177.91158747673035,-0.005119949267361016
177.92739748954773,-0.01064679916631929
177.943354845047,-0.012959330281322547
177.95898604393005,-0.008861281453830345
177.97430419921875,-0.0035833467696086705
177.99004292488098,-0.003482374961621971
178.00605654716492,-0.0072464894936629136
178.02172088623047,-0.007809394433038395
178.03757214546204,-0.002325951862156688
178.05358862876892,0.003627729048908268
178.0693600177765,0.0034439687390803273
178.08536458015442,-0.0017613889255113343
178.10056924819946,-0.00500396434532178
178.1163990497589,-0.003040065858448154
178.13153409957886,-0.00029856019813584824
178.14686942100525,-0.0020297296140046155
178.16158938407898,-0.006758702621910787
178.1770462989807,-0.008701193056933204
178.19309639930725,-0.006266633617833921
178.20864415168762,-0.004159973408561742
178.22448778152466,-0.006131253511909366
178.24050974845886,-0.009114247666034693
178.25655102729797,-0.007512059862158797
178.27201676368713,-0.0016055877618234011
178.28801918029785,0.0021707933180264917
178.3037233352661,-6.544603556807218e-05
178.3189013004303,-0.004024509713630238
178.33405208587646,-0.002819604876157748
178.3497543334961,0.00365133793029836
178.36495113372803,0.008358242158661395
178.3798599243164,0.006398785326085138
178.39587020874023,0.001331311841291473
178.41188740730286,0.00011568403151636635
178.4274389743805,0.003778509527825695
178.44344568252563,0.006520693670651119
178.45944118499756,0.004076461758875171
178.4754228591919,-0.0005441895702430555
178.49076771736145,-0.0017012387883739055
178.50684905052185,0.0008565230087737765
178.5225007534027,0.0021049150618265666
178.53843641281128,-0.0004409460516079898
178.55343437194824,-0.002747263366483772
178.56888222694397,-5.1085613500748226e-05
178.5838565826416,0.0058512333681567975
178.59898471832275,0.008469776009395486
178.6148431301117,0.005347587481902282
178.63040947914124,0.0014483987239621832
178.64564323425293,0.0023113494699117257
178.66173386573792,0.006460631527972449
178.6769151687622,0.007699641141980636
178.69293904304504,0.004058865947558303
178.7083878517151,0.0007563008903690256
178.72373795509338,0.0028898465519248823
178.73944997787476,0.00807728211299476
178.75453329086304,0.00947401085835548
178.77056312561035,0.005084421072869298
178.78601670265198,0.00040919660670211185
178.80104112625122,0.0008176706206843918
178.8161416053772,0.004440088321682726
178.83226490020752,0.005422490462506909
178.8473551273346,0.0025371002932799112
178.86248874664307,0.0006561034048915628
178.87822198867798,0.003115207369620987
178.89382338523865,0.0063288549980519675
178.9097158908844,0.004861407770062611
178.92578625679016,-0.00015983314326828077
178.94124054908752,-0.0017969492570417901
178.95626521110535,0.0030980490824536154
178.97228860855105,0.008827275341063957
178.98832654953003,0.007998520598184827
179.00358986854553,0.0014758996806409556
179.0192461013794,-0.0026536874694588065
179.03529262542725,6.672848741093003e-05
179.04994297027588,0.004645173694995983
179.0650508403778,0.003899150751712774
179.08069348335266,-0.0013131092614716835
179.09668397903442,-0.003264321177128737
179.11184120178223,0.0015818976215068265
179.12733149528503,0.007170581431427512
179.14336466789246,0.005904566383333296
179.15881729125977,-0.0009826385728109385
179.17404437065125,-0.005241233066362794
179.1896903514862,-0.003015679400412933
179.20509147644043,0.00024103780674588184
179.22111082077026,-0.0018171091727069138
179.23640322685242,-0.006856073657090154
179.25200200080872,-0.007051605048388293
179.2680733203888,-0.0007025232603378308
179.28378629684448,0.004459534800375582
179.29882788658142,0.0015246026466875992
179.31406021118164,-0.005910529453635446
179.329265832901,-0.008446600048174244
179.3447732925415,-0.0037593687203806157
179.36063289642334,0.00022634785718108068
179.37662553787231,-0.0036040628683887124
179.3926911354065,-0.011584728260870222
179.408935546875,-0.014255257247472355
179.42334508895874,-0.009282516658078659
179.439439535141,-0.004214793353393019
179.4546902179718,-0.005385917376436816
179.4701211452484,-0.008924526091994001
179.48529410362244,-0.0067603670702722765
179.50128936767578,0.0010332124464927403
179.51661014556885,0.0055135052328479615
179.53217601776123,0.0012366874666464136
179.54756617546082,-0.005763923313603498
179.563551902771,-0.006106882526714971
179.57913899421692,-0.00019969170926462934
179.59472465515137,0.002284029958487567
179.60975694656372,-0.003702281173817306
179.62546396255493,-0.010761517986033947
179.64061975479126,-0.008799815118412284
179.65575194358826,0.0007690133260873032
179.6713740825653,0.006294814811086046
179.68734121322632,0.0014635813710524824
179.70339727401733,-0.006074913995464719
179.7192885875702,-0.005120900952298728
179.7348210811615,0.003742296547712861
179.7503137588501,0.009002454468581835
179.76553678512573,0.004086827012938384
179.78145360946655,-0.0037564234811877004
179.7966706752777,-0.0038502597923274016
179.81270027160645,0.0029257415154317684
179.82798099517822,0.0057086652084635415
179.8432126045227,-0.00045696725961791914
179.85928392410278,-0.007107546926809132
179.87534022331238,-0.004264629728673092
179.89047503471377,0.004915753792625363
179.90564060211182,0.007849507367377734
179.92090845108032,-2.013895275940116e-05
179.9365589618683,-0.00846600932538547
179.95260977745056,-0.0064178884815045
179.96871161460876,0.00249053279715597
179.98474550247192,0.004695674856694808
180.0003125667572,-0.00438402507670984
180.01548528671265,-0.013588725489608214
180.03111791610718,-0.011217273498380823
180.0463171005249,-0.001284180386195232
180.06230068206787,0.002001056146175109
180.07809376716614,-0.005841758910331889
180.09329628944397,-0.013057986738343762
180.10911965370178,-0.008068739310166141
180.1241159439087,0.0038348907006053277
180.1395137310028,0.00715513160854253
180.15547513961792,-0.002444078189928922
180.1714906692505,-0.011748471249952453
180.18730926513672,-0.008069259315735057
180.2024722099304,0.002990857572388385
180.2183132171631,0.0052284300794311
180.2336940765381,-0.00507055318796696
180.249324798584,-0.012941252241788761
180.2644515037537,-0.005184148157683146
180.28029942512512,0.009983173122373902
180.2954676151276,0.011728971681590483
180.3110489845276,-0.0064003221012701745
180.3264980316162,-0.026215679828628
180.3424849510193,-0.02443571283191811
180.35746932029724,0.0026452826710273852
180.37343764305115,0.0372885782810882
180.3894772529602,0.057915793864415796
180.4049651622772,0.053561115170721804
180.420006275177,0.026579767055295363
180.4358570575714,-0.0088090258741979
180.4516975879669,-0.03136413513482232
180.46771883964536,-0.0271057711906013
180.4833161830902,-0.004015152370721701
180.4989120960236,0.013352885595656708
180.5144295692444,0.00927403238088497
180.52971386909485,-0.006499339971723742
180.54511713981628,-0.012408544596373139
180.56041288375852,-0.0023148408066821714
180.57639718055725,0.008490716698944916
180.5924015045166,0.005152540460417412
180.60755729675293,-0.007085645962216551
180.62273645401,-0.01125551034087037
180.6383156776428,-0.0023033220038666006
180.6541178226471,0.006670194418917014
180.6695241928101,0.0031955393670452673
180.68491673469543,-0.007484828818317841
180.7003312110901,-0.010350374881044651
180.7157175540924,-0.001664687204323887
180.7314269542694,0.006334395412399808
180.7463998794556,0.0030075020570984406
180.76244354248047,-0.005932117551314749
180.77815461158752,-0.006903312015530188
180.79302072525024,0.002219651542808697
180.808691740036,0.0091048669674491
180.8246991634369,0.004204849128506478
180.8402771949768,-0.0059560376742752354
180.85586500167847,-0.007730253183246057
180.8714866638184,0.0011509902654156141
180.88662981987,0.00899541349190792
180.9024493694305,0.006479178040461142
180.9174842834473,-0.0010619725853582753
180.93297576904297,-0.0020097848129440174
180.9485273361206,0.004846477915037683
180.9640483856201,0.008745701650043758
180.9792170524597,0.0023706627632190213
180.995311498642,-0.00751235973686378
181.01134538650516,-0.00896800289023565
181.0269680023193,-0.0008675404918756795
181.04206252098083,0.006072083823740468
181.0580928325653,0.004158791338896519
181.07290697097775,-0.0013908081363749863
181.0879249572754,-0.0008794410940954001
181.1040146350861,0.00563234363114684
181.1200783252716,0.00848843379980087
181.13568568229675,0.002479667107581889
181.15166974067688,-0.005313031713538512
181.16765809059143,-0.004974726621586614
181.1836683750153,0.0028036813131134047
181.1996681690216,0.008008892938597283
181.21470642089844,0.005215541476838985
181.23070526123047,0.0005680010719204707
181.2468078136444,0.0024020225413501697
181.26282477378845,0.009079704502409375
181.2782542705536,0.011206314214113177
181.29429936409,0.004978145078070161
181.3103551864624,-0.0021810256515263434
181.3259966373444,-0.0016497089983015072
181.3418128490448,0.004646187606419676
181.35785961151123,0.007059368798133568
181.37395691871643,0.0016107663756689565
181.3891282081604,-0.004638156004934524
181.4048833847046,-0.003515575972180826
181.42025232315063,0.0029824029538023326
181.43546080589292,0.005635623759730857
181.4508991241455,0.0007758837622436196
181.466947555542,-0.004998879796763268
181.4828917980194,-0.004467930282346221
181.4980425834656,4.651664398265141e-05
181.513188123703,0.00029403001457495607
181.5287139415741,-0.005757605689011876
181.54392313957212,-0.010504275377882042
181.560005903244,-0.006994095499959656
181.57601881027225,0.0013536744611259348
181.5920052528381,0.00514410992795878
181.60754251480105,0.0014432354082635599
181.622394323349,-0.002894918225262971
181.6384925842285,-0.0013276360176943422
181.65447616577148,0.0031918119619735244
181.6698303222656,0.0026928087520726703
181.6856083869934,-0.004255666624624128
181.70081162452695,-0.010256856882350156
181.7158432006836,-0.009113944332914506
181.7311954498291,-0.003967224498197114
181.7464015483856,-0.002339110678328257
181.7624695301056,-0.005419317935109554
181.77806854248047,-0.006732931953482585
181.7932860851288,-0.001800396749740809
181.8084499835968,0.005060112683672805
181.82413148880005,0.00636728329274573
181.83980417251587,0.0015294998523402467
181.8562223911285,-0.0027163316892215073
181.8714337348938,-0.0017703717750731647
181.88675379753116,0.0009570392388981782
181.9024240970612,-0.0002188698379849926
181.91800999641416,-0.004504177854979112
181.93354320526123,-0.00556924323689899
181.94871592521667,-0.0008589435951240842
181.964777469635,0.00415050606231974
181.98085021972656,0.003103699006313005
181.9961943626404,-0.002483041255670338
182.01163840293884,-0.005089668499618816
182.02719449996948,-0.0011822942342580947
182.0428910255432,0.004352508924783487
182.05829215049744,0.005151140259214844
182.07368516922,0.0017915303469529013
182.08957767486567,0.00015126172308784413
182.1054563522339,0.0026066013277976953
182.1210482120514,0.004846215521013006
182.13624501228333,0.0025989674081653164
182.15223217010495,-0.0017412604594429955
182.16752338409424,-0.002266488904501736
182.1835412979126,0.002052590223693033
182.1990857124329,0.005790724209993485
182.214417219162,0.0045819118781298025
182.2304503917694,0.0010629768776496012
182.24606776237488,0.0008829560335671862
182.26150393486023,0.004524112119408705
182.2774879932404,0.006579436134109833
182.2928910255432,0.0035671118425882487
182.3080153465271,-0.0007639749866487685
182.32384634017944,-0.0003050920767764115
182.3396987915039,0.004950610792936647
182.35519433021545,0.008617352195156091
182.37036442756653,0.006333022560626423
182.38638925552368,0.0013792115376226337
182.4023811817169,-0.00010417878458334829
182.41800022125244,0.0024844371941831556
182.43357968330383,0.003842854399567822
182.44858121871948,0.0006843316386643799
182.4635829925537,-0.003397820396910115
182.47957396507263,-0.0029896229285074805
182.49556493759155,0.0014216734181608584
182.51156330108645,0.004049192411257079
182.52696442604065,0.0018242878014053995
182.5426971912384,-0.0015711412163420101
182.55869054794312,-0.0012457725391615167
182.5747194290161,0.0018830006815370734
182.5907037258148,0.0026496260791367835
182.60670399665835,-0.000592102239272186
182.6227135658264,-0.0032866065575536396
182.63827538490293,-0.0010461979924035864
182.65426325798035,0.003996791637961915
182.6702802181244,0.006001378884838216
182.6862733364105,0.0034920016455276346
182.7022626399994,0.001211053589960352
182.7175130844116,0.003088854967043252
182.7330355644226,0.006438259342946487
182.7490291595459,0.0058321578695272654
182.76503229141235,0.0011873525486687559
182.7800285816193,-0.0016870271271772566
182.79502773284912,0.0008457005326346911
182.81104397773743,0.004982990205510789
182.8270354270935,0.004677020243705352
182.8429288864136,8.889598784481752e-05
182.8579475879669,-0.002649946648909827
182.87315607070923,-5.3166583318307176e-05
182.88915061950684,0.00391192232114768
182.90429639816284,0.00359888283217036
182.9199457168579,-0.00018815454335746173
182.93563771247864,-0.001311840472268681
182.9516794681549,0.002790026656859558
182.9668848514557,0.0069855120645550385
182.98291897773743,0.005176289101923399
182.9979362487793,-0.001232414453138965
183.013742685318,-0.0048669055947262296
183.0297639369965,-0.0019933373028973946
183.0454602241516,0.0028212353261324323
183.06068921089167,0.0031915462186703344
183.07643103599548,-0.0005181504333159007
183.0923974514008,-0.002244739308420737
183.10796427726743,0.0008996722403627685
183.1239972114563,0.004514924154000751
183.13956713676453,0.003243572904984753
183.1549847126007,-0.0015371420737232081
183.1701669692993,-0.0035931473508587133
183.18558073043823,-0.0006265172538574976
183.20072984695437,0.0024769717961225244
183.2168335914612,0.000609657106753736
183.23235249519348,-0.004160965869472823
183.24853348731995,-0.005269086171556829
183.26355838775635,-0.0007779435686055105
183.2790174484253,0.003803069975902426
183.294930934906,0.002978147839300244
183.3105137348175,-0.0014056482988530888
183.32592058181763,-0.003106213923390785
183.3416759967804,-0.0003846039380153432
183.35732412338257,0.0017480013727909608
183.37327909469604,-0.0009702051295292901
183.38925790786743,-0.0055512117339298755
183.4050633907318,-0.005659538871844257
183.42055249214167,-0.0005956748610466914
183.43536567687988,0.0033432132215016775
183.45053386688232,0.0013180173038341092
183.46616196632385,-0.00340147734770199
183.481351852417,-0.0039052378983108916
183.4974148273468,0.0008610739005597738
183.5128788948059,0.004705156327578891
183.52830386161804,0.002803108550535219
183.5437543392181,-0.0016837697816675136
183.55899381637573,-0.0021767695269141215
183.57448315620425,0.0020344501397721306
183.59027814865112,0.00483758777113823
183.60579895973208,0.002009155032479121
183.62187242507932,-0.0026569149781982115
183.63756847381592,-0.0024689536824752827
183.652996301651,0.0028827171104118254
183.66827964782715,0.006843670419872978
183.68347811698916,0.005023626106635473
183.69942808151245,0.0011856327570402795
183.7148070335388,0.0018737477777442347
183.73083114624023,0.007164836817364649
183.74728560447693,0.010395510180267901
183.7624056339264,0.007259297209182938
183.7783880233765,0.0017273851692768006
183.79367876052856,0.0006758233865722142
183.8086907863617,0.0046750609062640456
183.8240578174591,0.007533844961473535
183.8395657539368,0.00493761182442104
183.85556602478027,7.81220762177473e-05
183.8708648681641,-0.001251676765274822
183.88676524162287,0.0012394825028296287
183.90276503562927,0.0025283160836514496
183.91788601875305,8.265294846688566e-05
183.93316054344177,-0.002316177775494089
183.9482979774475,-0.00037001922372440366
183.96351289749143,0.003910238028188195
183.9785349369049,0.0046777465993037785
183.99462008476257,0.0007973874656778315
184.0102565288544,-0.00197631109100334
184.02560567855835,0.001205146398845466
184.04168272018435,0.007359112071691307
184.0568253993988,0.009561935945947127
184.07267570495603,0.006315243153750993
184.0878517627716,0.003205732004888689
184.1038510799408,0.004640148504214007
184.1193404197693,0.007569365133172662
184.13487887382507,0.006152619012808544
184.15093779563904,0.0005384015504276618
184.16702580451965,-0.0029992538666160492
184.1823070049286,-0.0008856406767318798
184.1980149745941,0.002633023595098518
184.21366047859192,0.001534027789305678
184.22904324531555,-0.003348042736149994
184.24463176727292,-0.005535161850563908
184.2607102394104,-0.002367132246792863
184.2759871482849,0.0008301134047877107
184.2916359901428,-0.0019654812983663705
184.3076198101044,-0.008910453231546163
184.32309126853943,-0.012670355823290486
184.338476896286,-0.010545668331290841
184.3537919521332,-0.008060949423886292
184.369247674942,-0.01076962184491729
184.3847773075104,-0.01571882827510534
184.40028405189517,-0.014857768783489175
184.41576671600345,-0.006124204851990253
184.43271398544312,0.0030155603554052144
184.4478476047516,0.004695164268668577
184.4636878967285,0.0002449571009794224
184.47952342033383,-0.002521388512903552
184.4953854084015,-0.00019415182497442562
184.5113859176636,0.002244810771629206
184.5266444683075,-0.0005856546915394755
184.5419101715088,-0.006145058220517974
184.5571932792664,-0.007163110641793246
184.5721244812012,-0.0018303227604006362
184.58796310424805,0.0034101839964179887
184.6034634113312,0.002504941020694776
184.6186764240265,-0.0021293074785849186
184.63413190841675,-0.0033182472822979436
184.6502561569214,0.0006474991053078893
184.66547226905823,0.0036443351719272423
184.6816921234131,0.00046889035055246164
184.6966767311096,-0.005646427531197196
184.7113571166992,-0.007319557574075544
184.7269911766052,-0.0030826836673375447
184.7422072887421,0.0008093328230255605
184.7572231292725,-0.0008105911089146857
184.7734899520874,-0.005020643122188541
184.7880458831787,-0.0052767563609374376
184.8040511608124,-0.0008115963137113472
184.81917786598208,0.0023234425664704823
184.8348264694214,-0.00010989749231497554
184.850102186203,-0.004540468838694533
184.8655045032501,-0.004672819923409972
184.88052105903623,-0.000360196048083552
184.8960003852844,0.002332841447984271
184.91190481185916,-0.0001050725080193049
184.92691016197205,-0.0036049823268068924
184.94213247299197,-0.0024677701241163346
184.95734477043152,0.0022039482825448467
184.973406791687,0.003785907463262163
184.98927545547485,-0.00044737603628815497
185.0047526359558,-0.00507101592642453
185.0198996067047,-0.003688775789591857
185.0353484153748,0.0022456196365336686
185.05062103271484,0.00524209894670301
185.0661816596985,0.001845713852711684
185.0815696716309,-0.0028437641836508605
185.0966992378235,-0.0023318858772217845
185.1124331951141,0.0024472371203744063
185.1284441947937,0.004822484170501417
185.14403915405276,0.001969225672555747
185.15943264961243,-0.0012442938558271158
185.17524647712708,0.0005120037219221866
185.1912970542908,0.005211966131832977
185.2066969871521,0.006344080627827274
185.22195887565613,0.002344460869966604
185.2373764514923,-0.0010245284035992133
185.25343346595764,0.0011274165165091688
185.2695014476776,0.00575658860039474
185.28479027748108,0.006169566147702307
185.30011177062988,0.001665904262563557
185.31612730026245,-0.0012442924268486425
185.3313410282135,0.0020294870739441815
185.34744143486023,0.007530508373230057
185.36344861984253,0.008094194463065339
185.3793203830719,0.0032280867760155194
185.3954017162323,-0.0003645916859168147
185.4106152057648,0.0016940359667467018
185.425940990448,0.0053893809012532535
185.4416148662567,0.004217872367511659
185.4575572013855,-0.0014455605779431745
185.47276949882507,-0.004858024938203022
185.48828983306885,-0.002476763031819778
185.50432205200195,0.0011333944308493014
185.52004647254944,4.403654280568355e-05
185.5356011390686,-0.0043371997942086
185.5507440567017,-0.0051669496232685
185.56642508506772,-0.00013411705130820725
185.5825080871582,0.004699110264301577
185.5984389781952,0.0029597535355252273
185.61408352851868,-0.003125730920143675
185.6299204826355,-0.0055402154639715455
185.6460337638855,-0.001363275507691667
185.6618814468384,0.003255295060322991
185.67689442634585,0.0015819336921108367
185.6928927898407,-0.004423052290290026
185.70935916900635,-0.006826396159790381
185.72475719451904,-0.0026600622990972243
185.74011850357056,0.0020235262096784997
185.7553024291992,0.0004894261793026854
185.77130126953125,-0.005564937612300444
185.78723526000977,-0.008639167883886682
185.8026988506317,-0.005901335632636529
185.81833672523496,-0.0028415796495257955
185.83334350585935,-0.005207519807615087
185.8483417034149,-0.010710527534644996
185.8644213676453,-0.012119590173943977
185.88014149665835,-0.007294132458683085
185.89530777931213,-0.0020747963318898024
185.9113676548004,-0.002096382090178527
185.9273855686188,-0.005130526692323435
185.94294333457947,-0.004718840840979262
185.9590082168579,0.00013383307814987012
185.9750692844391,0.0030308683179397196
185.99037551879883,-0.0010714811344288994
186.00551104545596,-0.008596698542440403
186.0215630531311,-0.011742889647422858
186.03687143325809,-0.008525868955566715
186.05236625671387,-0.004754423179650181
186.0679836273193,-0.0056149860652863195
186.0835428237915,-0.00884911823286615
186.0994234085083,-0.008799194983072885
186.11544227600095,-0.005066291087684966
186.1315221786499,-0.0032307764782235513
186.14677262306213,-0.006679699941460376
186.16280150413516,-0.011372127398609868
186.1780083179474,-0.011201876276448404
186.1940987110138,-0.006485522928015782
186.20945572853088,-0.0035573611885113946
186.22489404678345,-0.00597222797498441
186.24042510986328,-0.00965255496537317
186.25561046600345,-0.008709743677981139
186.2714946269989,-0.003622961871313709
186.28743958473208,-0.00030944529808293766
186.3034896850586,-0.0016499156699583172
186.3188500404358,-0.0036039816896099378
186.3348655700684,-0.0012947140916568793
186.3501169681549,0.003816761063814152
186.36614418029785,0.006002017869150089
186.38164520263672,0.0036193745906258307
186.39697670936584,0.0017049061182686405
186.4122724533081,0.004849492484910367
186.4277822971344,0.010323608622131811
186.44386959075928,0.011380686821723236
186.45975518226624,0.006461995297248773
186.4756498336792,0.0015210657584362334
186.4906482696533,0.002052551037295962
186.5058376789093,0.00575385702715938
186.52118110656735,0.005947025335752318
186.53681087493896,0.0009449399169687237
186.5519390106201,-0.003665959263341514
186.5677888393402,-0.002853118110052982
186.58284640312195,0.0010228367061478963
186.59836792945865,0.0018556179748630316
186.61349821090695,-0.0014933469890545635
186.62866854667664,-0.003879580601198326
186.6439700126648,-0.0016611585882422932
186.65998721122745,0.0018106387980175208
186.67597246170044,0.0010503639428105867
186.69149351119995,-0.0032700312155156605
186.7068362236023,-0.0046449034716823535
186.72292685508728,0.0004134358579016978
186.73822021484372,0.007282334313128306
186.7532358169556,0.009110508604755681
186.76900601387024,0.005622507524989636
186.7850000858307,0.002774228708244571
186.7999987602234,0.004041393478893677
186.81542468070984,0.005744796717996287
186.83142256736755,0.0028918455735612897
186.8469536304474,-0.002982332100279945
186.8621895313263,-0.0053434135013639495
186.8782012462616,-0.0016244098171616255
186.89387226104736,0.002937363032555978
186.90997123718265,0.002108631523462778
186.92606210708615,-0.0032170096317729524
186.9411990642548,-0.006742460759709445
186.95650267601013,-0.0057210837372893
186.9725551605225,-0.004472210815210433
186.98861956596372,-0.007612767517927887
187.0039329528809,-0.012800831648698574
187.0191116333008,-0.01351022511339665
187.0344536304474,-0.008108593879960678
187.0505263805389,-0.002451021555891087
187.06662321090695,-0.0021420637580605697
187.0826268196106,-0.00506823715226478
187.09758496284485,-0.0045627192681106515
187.11300826072693,0.001125930854734559
187.1284408569336,0.006155949754521468
187.1430697441101,0.004974219022254211
187.15848350524905,-1.5374717438861214e-05
187.17436289787287,-0.0015036283575615898
187.1903605461121,0.0031091273970346263
187.20575308799744,0.00855304975455777
187.22176122665405,0.009011819508471786
187.23773503303528,0.005681733191657641
187.25298476219177,0.004380300658380029
187.26870346069336,0.007033782309313055
187.28398084640503,0.009167593892579873
187.2999231815338,0.006698467742675687
187.31568503379825,0.0020907318780373756
187.33110404014587,0.001006493199652269
187.34663844108584,0.004264473710494325
187.3616006374359,0.0066329839791315105
187.37657809257507,0.004201396694208056
187.39189314842224,-0.00015300130110702803
187.40789985656735,-0.0009221780082032435
187.42345523834229,0.00225707702671847
187.4385042190552,0.004271084042135719
187.45457768440247,0.001996467235750028
187.47004342079163,-0.0011798031892399246
187.4856927394867,-0.0002697452173600389
187.50091290473935,0.003987140920974113
187.51671051979065,0.005882226323326528
187.53195095062256,0.0026398583519583996
187.5479202270508,-0.0016010200597269516
187.563244342804,-0.0012947905479432226
187.57849073410037,0.003202568624721615
187.5940670967102,0.00655587193183765
187.6099488735199,0.005990199384476862
187.625913143158,0.004732387858553941
187.64188599586487,0.006721704249378493
187.65704774856567,0.010401834383932477
187.67278027534485,0.010604129872369375
187.687997341156,0.005933955343697759
187.7030138969421,0.0011421660002679942
187.71862745285037,0.0009013275945249275
187.7333829402924,0.003528169009883146
187.74941325187683,0.003490819903562632
187.76470565795896,-0.0006059995412964012
187.7807755470276,-0.0036796430460143436
187.7954108715057,-0.0010206531333764464
187.8106164932251,0.004875569315730474
187.82576966285703,0.006993241099294233
187.84100341796875,0.0026922658309648513
187.85629558563232,-0.0029487693581678512
187.87167882919312,-0.003685908578770772
187.886816740036,0.0002751261425660073
187.90189623832703,0.0034968706366432884
187.91713452339167,0.0030368135058365213
187.93264842033383,0.0017898917111439793
187.9487507343292,0.003251870559292871
187.96428990364075,0.005784450663420445
187.97951412200928,0.0049326504444452595
187.99489951133728,0.00046147754532203326
188.0109097957611,-0.0023566106301303137
188.02682185173035,0.0003675644778997726
188.04290318489075,0.005543244887371597
188.0579309463501,0.006894096187771066
188.07331323623657,0.0031829749701658026
188.08901500701904,-0.0004507723773618218
188.10453391075131,0.00018410855653298603
188.11991953849792,0.002695059716597636
188.1357533931732,0.0020158824063175166
188.151296377182,-0.0019069439560683177
188.1665642261505,-0.0037884658217946492
188.18170309066767,-0.0006082803061304674
188.1971719264984,0.003719960157380615
188.2126088142395,0.0034447762874532445
188.2279479503632,-0.0011637644921315754
188.24353456497192,-0.004255731267308417
188.2602231502533,-0.00261361176438773
188.2745680809021,-8.757106342326734e-05
188.29059839248657,-0.001909551969943685
188.305899143219,-0.0068497921207257865
188.32192611694336,-0.008439567519805232
188.33735275268555,-0.0038386468704057607
188.3528995513916,0.001970232602024848
188.36893391609192,0.002664845243642368
188.3849551677704,-0.001071978668899908
188.4000737667084,-0.002778006837517881
188.41550207138064,0.0008168167803217071
188.43145322799683,0.005518026800360703
188.44713807106015,0.005793304426082318
188.46226835250852,0.0024574484704221237
188.47776055336,0.0011166337834341649
188.4932131767273,0.0038136694356885655
188.50903797149655,0.005932099667060573
188.5246353149414,0.0028431325975133573
188.54028391838077,-0.003130618815253979
188.5555055141449,-0.005414361381486482
188.571280002594,-0.001969123871988638
188.5872633457184,0.0019898820550733136
188.60332536697388,0.0010954275006740473
188.6181845664978,-0.0031156805782048065
188.63429021835327,-0.004870620169161854
188.6492896080017,-0.002560682547312358
188.66455221176147,-0.0009442791047972589
188.6805558204651,-0.004083554937442172
188.695853471756,-0.00906359936315387
188.7118825912476,-0.009532665027475799
188.7279586791992,-0.004386810549303244
188.7432599067688,0.0003861313708769205
188.7588493824005,-0.0005735012417271241
188.77402305603027,-0.00509156109078717
188.78963470458984,-0.006674624672000269
188.8049213886261,-0.0033415400865352968
188.82027983665463,-1.5755650309779226e-05
188.83580207824707,-0.0014579818972738868
188.85059309005737,-0.005727512859703651
188.86593556404117,-0.007128385425767443
188.88194966316223,-0.004175721038770914
188.89712357521057,-0.0012781003729437346
188.9131364822388,-0.002031676731568668
188.92854809761047,-0.003958329436333584
188.9440712928772,-0.002260558888808514
188.9595851898193,0.0028693463301741216
188.9746232032776,0.005997312889688152
188.9898760318756,0.003841280297396812
189.00520181655884,-6.314243572881932e-05
189.02061700820923,-0.00015273176535133843
189.035391330719,0.0034592872059845473
189.05077147483823,0.00517310202326433
189.06690382957456,0.0018930831004426991
189.0824363231659,-0.0022790832972685686
189.0984809398651,-0.0014045669483492731
189.11452198028564,0.004064930959311344
189.1305911540985,0.007599409282423337
189.14574360847476,0.00524724597074411
189.16176509857175,0.0008664974777422951
189.17785120010376,0.0007208783339660799
189.19328832626343,0.004857253191742685
189.20875763893127,0.007153381293172805
189.2247748374939,0.0039311722671105396
189.24064183235168,-0.0008256185444496722
189.2559733390808,-0.0008489811131479957
189.2717125415802,0.003947375024072804
189.28685545921329,0.007559962938604059
189.30282139778137,0.0061653909519352595
189.31809639930725,0.002965196383818463
189.33399152755737,0.003149496529233466
189.3499825000763,0.006492109442647446
189.3659918308258,0.008102528916991843
189.38175415992737,0.005915963828203004
189.397353887558,0.0038354493806202214
189.4133539199829,0.005869383484821838
189.43036723136905,0.009815371028735217
189.4448802471161,0.009899926066524355
189.46042251586917,0.004908567647748546
189.47642183303836,0.00021707348668351882
189.4922797679901,0.0006072715165482759
189.5083978176117,0.0038770164344870068
189.5240194797516,0.0042306038530656774
189.53994464874268,0.0005538629007621181
189.5554037094116,-0.002297157184772163
189.5706443786621,-0.0010090979227017644
189.58545207977292,0.000871327571888846
189.60153079032895,-0.0021577557305880795
189.61717987060547,-0.009172502236739533
189.63250827789307,-0.013117005273475214
189.64790034294128,-0.009899156582109072
189.66353678703308,-0.0038481721775809508
189.6790428161621,-0.0019071874609239178
189.69449400901797,-0.004559016360412492
189.70993304252625,-0.005977231918642788
189.72579097747803,-0.0028583911501535407
189.7410204410553,0.0007891730994121623
189.7566888332367,-0.0003147947839896286
189.77280235290527,-0.00465350793689587
189.78803205490112,-0.005607431146365293
189.80334949493408,-0.0007696167358472797
189.81936812400815,0.0042992654020876375
189.8353726863861,0.0034187015574128387
189.8510479927063,-0.0018282663776075375
189.86677622795105,-0.004310597099088426
189.882089138031,-0.0010813406681896868
189.8972327709198,0.002839564384485979
189.9124155044556,0.0017186757987972426
189.92770624160767,-0.002855992825010553
189.94304966926572,-0.004347097838276555
189.95912432670596,-0.0005553332514736812
189.97426342964167,0.0033270750024538896
189.98955154418945,0.0021364374028287315
190.0048644542694,-0.0019614049030053596
190.0199024677277,-0.0026630872389532432
190.03520226478577,0.0013392535181016513
190.05074381828308,0.004298320590978275
190.06625866889956,0.001467472510239428
190.08151507377625,-0.004011653221704977
190.09726357460025,-0.005171236570906136
190.11246538162231,-0.000738725543498373
190.127676486969,0.0030388607762369423
190.14283275604248,0.0007959257861177883
190.1583957672119,-0.004883762380415516
190.1744029521942,-0.007310729888918373
190.19018411636355,-0.004868962267798914
190.205904006958,-0.0027550832480780084
190.22068428993225,-0.005123300021607274
190.23661160469052,-0.008938019946640193
190.2517819404602,-0.008297298628275648
190.2669961452484,-0.0030732282565134918
190.2828414440155,0.0004956736584668434
190.29843711853027,-0.0017081285233139865
190.31389904022217,-0.005980604006202983
190.32926487922668,-0.0059495474185651265
190.34476375579837,-0.0014347638429496696
190.36002612113955,0.001327431203832328
190.3749716281891,-0.0016568552662350354
190.3904299736023,-0.006698103504604723
190.4054434299469,-0.007667307218411874
190.4201333522797,-0.004422690042067649
190.43530869483948,-0.0026460333224221327
190.45074152946472,-0.005567345267571059
190.4668128490448,-0.00943167587609858
190.48242688179016,-0.00905466277276055
190.497859954834,-0.005354899750472465
190.5135924816132,-0.003956646367184954
190.5293235778809,-0.006812253090580521
190.5451741218567,-0.008962719654831707
190.5612063407898,-0.0054132065458998456
190.5772261619568,0.0013867977978773574
190.59245705604556,0.004203762271455339
190.6084897518158,0.0005476492799739103
190.62445425987244,-0.003935006664568171
190.6396677494049,-0.0029398261222142387
190.655748128891,0.00232060946805223
190.67173504829407,0.005290743160406567
190.68697023391724,0.00327452257936514
190.7021489143372,0.0007592300815073091
190.71726822853088,0.0024566811497458586
190.7331702709198,0.006215546776758094
190.7490608692169,0.00601931574387508
190.76405882835388,0.0008061667199923163
190.7798810005188,-0.0035586854146961487
190.7959630489349,-0.0021455808723197974
190.8116364479065,0.0023661829921620805
190.82684516906735,0.003602411292411835
190.842360496521,0.00041114698564624803
190.8577780723572,-0.001867818822589671
190.87377977371216,0.000503100912968537
190.88892030715945,0.003907426680411158
190.90492582321167,0.0024012443117357985
190.9205675125122,-0.003482107581616943
190.93585634231567,-0.0068140301204302565
190.951188325882,-0.003530651419564405
190.9667057991028,0.0019218846020519166
190.98228478431705,0.00254833535801021
190.9976758956909,-0.001792027523815896
191.0135006904602,-0.004535635846908306
191.028817653656,-0.0017370343250900319
191.04430270195007,0.00258807556866664
191.06021118164065,0.0024375387705398194
191.0762145519257,-0.0015786610913383521
191.09169507026672,-0.0032594824569994307
191.10779213905332,9.969873500954678e-05
191.1232872009277,0.0036041142638137628
191.1392376422882,0.001648062388542208
191.154794216156,-0.0038296079499825584
191.1701626777649,-0.005525516154290346
191.18530583381653,-0.000686239535856119
191.2009084224701,0.004910735267646066
191.2165627479553,0.004575167035900427
191.23223161697388,-0.0004119802207344552
191.24780011177063,-0.002801205579444809
191.2638022899628,0.0005657537860511049
191.2795534133911,0.004542926341138101
191.295254945755,0.003038271606745365
191.31135416030884,-0.0023697666572428007
191.32657527923584,-0.004512043596409277
191.3419167995453,-0.0004589289126823038
191.3575820922852,0.0045002156898304516
191.37366199493408,0.004095749805661283
191.38906264305115,-0.0006019068166791932
191.4047975540161,-0.0031936469937491516
191.4208233356476,-0.0011514120364439044
191.4365701675415,0.000871446485215121
191.4517991542816,-0.0018422765265410541
191.4673538208008,-0.006813518129558802
191.48330354690552,-0.0074177589323072435
191.4987757205963,-0.0020706699365916543
191.5138509273529,0.003328372391851085
191.52900433540344,0.003148720684002122
191.5444667339325,-0.000756705686031498
191.5602917671204,-0.0021774814136910113
191.5757508277893,0.000721738102298349
191.59117364883423,0.0033638793657395707
191.60640025138852,0.0018816875617538188
191.62191820144653,-0.0011386985378988414
191.637047290802,-0.0005759854401030935
191.6523129940033,0.0034186564589496014
191.6675131320953,0.005162489901860236
191.68328619003296,0.0013718662653726173
191.69868755340576,-0.003912011108672639
191.7140097618103,-0.0045538099366388635
191.73006772994995,-0.0005453103171260635
191.7461564540863,0.0022654449346338522
191.762113571167,0.0005355624347430903
191.7776861190796,-0.0019023664939719098
191.79325532913208,0.0003446950177233661
191.80840063095093,0.006241906083736932
191.82442545890808,0.009268382873766658
191.8404643535614,0.006092707063208637
191.8560175895691,0.0009705708728303423
191.87203454971316,-0.00015220646922870038
191.88803052902225,0.002466319553676044
191.9037926197052,0.0033671606305956986
191.9198398590088,0.00010522371176674428
191.93510031700131,-0.003041231646750687
191.95032811164856,-0.0010958360617740943
191.96549201011655,0.004414080405742008
191.9806227684021,0.007298038477359992
191.99597573280332,0.005040344927507041
192.0117213726044,0.0019540459045813995
192.0273873806,0.002852720181478463
192.0430493354797,0.0063241017797237885
192.05892395973208,0.007079605162369873
192.07491207122803,0.003820706498057113
192.09091019630432,0.0012532916781110147
192.10691618919373,0.0033780591421356506
192.12302017211917,0.0077268886416977855
192.138946056366,0.008819071311982948
192.1545317173004,0.005860114739871886
192.16987991333008,0.003617503056593352
192.18587565422055,0.005194269676536197
192.2010078430176,0.0071281177783917545
192.216162443161,0.00410678100676448
192.23139142990112,-0.0031286478632565704
192.2470231056213,-0.007990903809484688
192.26259875297544,-0.006480922820431523
192.27794694900516,-0.0022910953347165925
192.29392313957212,-0.0014684703752547903
192.3097472190857,-0.004083509848323598
192.32537603378296,-0.004570384128340629
192.34040594100952,-0.00020613740540460085
192.35591220855716,0.004373648326436108
192.37094902992249,0.0032886579988751366
192.3859934806824,-0.00219605383533409
192.4020767211914,-0.004871584587680012
192.41767573356628,-0.0010448376787273433
192.4328544139862,0.004652064831634413
192.4484360218048,0.0056579288777263235
192.46385860443115,0.0021641883278090863
192.47910809516907,0.0001713531433668246
192.49455761909485,0.002588095646458179
192.50992345809937,0.005083191587265677
192.5260343551636,0.0025127512274981775
192.5423355102539,-0.003259846513324633
192.55755162239075,-0.00536884639171699
192.57292413711548,-0.0012085568025298043
192.58819484710693,0.003887136017264122
192.60426020622253,0.0037457614328821067
192.6192259788513,-0.00048107479801493946
192.63463401794436,-0.002252550726841682
192.65067648887637,0.0011624799250141617
192.66655826568604,0.004986835677082016
192.68175053596497,0.003684937814783042
192.69768810272217,-0.0013882454983834436
192.7134084701538,-0.004014971280560801
192.72839164733887,-0.0017484833028922632
192.7430808544159,0.0010114282614088962
192.7592203617096,-0.0003978013157366119
192.7742245197296,-0.004211757812180261
192.78981232643127,-0.004972927132368734
192.8057837486267,-0.0016818309375142048
192.8210408687592,0.0004067737831000425
192.8364543914795,-0.002894061401459238
192.8523466587067,-0.008498239456460346
192.8681766986847,-0.009805572860537537
192.88379216194156,-0.005418376924350535
192.8990306854248,-0.0009046322504837297
192.9140901565552,-0.001309033003201847
192.92912578582764,-0.004764298096456648
192.94515562057492,-0.005739898530122583
192.9612579345703,-0.0029522892974834635
192.976667881012,-0.0007433768506196405
192.99230527877808,-0.0023071005761994313
193.00831294059756,-0.00474618203871107
193.0244278907776,-0.003180089570494828
193.04045248031616,0.001929983486626775
193.05589175224304,0.00481387323018872
193.07090854644773,0.0020636050357635744
193.08691430091855,-0.002599709108332649
193.10302710533145,-0.003153305846023035
193.118421792984,0.0008243990749835948
193.1344397068024,0.003904905487504786
193.14961791038516,0.002375351688793796
193.1656119823456,-0.0008891560515686832
193.18089485168457,-0.0008270955258885011
193.1960909366608,0.002525340342853292
193.2112505435944,0.0041590063293656465
193.22692704200745,0.0013472829682745079
193.24353432655332,-0.0023394005703782665
193.25843334198,-0.001999482564445031
193.27341747283936,0.0016844317746150935
193.28910541534424,0.0034285149470570696
193.3043546676636,0.0009483239125606131
193.32018446922305,-0.0015364460835094484
193.33630776405332,0.0009717104543607146
193.35152173042297,0.007104852489344611
193.36626386642456,0.01058288919011551
193.38166427612305,0.008452874968444974
193.3969316482544,0.004833811421631547
193.4129548072815,0.005049378421071352
193.42855954170227,0.00834236644359176
193.44410228729248,0.009272226964339261
193.45933175086972,0.005736102369163786
193.47447419166565,0.002284567152315092
193.48961853981015,0.003960985357907557
193.50474214553836,0.009159672689925614
193.5199019908905,0.011467629331502055
193.53590202331543,0.008064480941897384
193.55140662193295,0.0032333616974054573
193.5664265155792,0.0023509640966824195
193.5824408531189,0.0048020080615676156
193.59822630882263,0.00547685288121965
193.61422324180603,0.002404331792602208
193.62942481040955,-0.0003737055638038712
193.64474511146545,0.0013328025628887583
193.6599109172821,0.005703430134413136
193.67590522766116,0.0072690461129728155
193.69197940826416,0.0044404192409978685
193.70785212516785,0.0014898060654442136
193.72333073616028,0.0022319596678066064
193.7387568950653,0.004551211656781153
193.7546327114105,0.0037135808880475346
193.76992988586423,-0.0002542514661090633
193.78573656082156,-0.001898906902630282
193.8004331588745,0.0022099064764435957
193.81578516960144,0.008218515789816713
193.83182072639465,0.009546411629645087
193.847149848938,0.005302857669327473
193.86418509483337,0.0011110981436553017
193.87797474861145,0.0013255634624988527
193.89296054840088,0.0034725638014583967
193.90855813026428,0.002436856495638448
193.92454147338867,-0.0018261294160063718
193.9405841827393,-0.004105918862386471
193.956399679184,-0.0014946629113856257
193.97152662277225,0.0022077322818063955
193.98746466636655,0.0016763660594344846
194.0029654502869,-0.002457991752659379
194.01811957359317,-0.004505796390441446
194.03417682647705,-0.0017820264908284468
194.05028080940247,0.0015969804599136107
194.0654525756836,0.000579504338901202
194.08145570755005,-0.0035991257188190563
194.0967092514038,-0.005076924188890089
194.1120278835297,-0.0016011750553717743
194.12783575057983,0.002237392145376894
194.1428642272949,0.0013062300946163558
194.1584255695343,-0.003076550419148059
194.173278093338,-0.005216317958056029
194.18862390518188,-0.0031453612079363545
194.20408511161804,-0.0012622151967855502
194.2199187278748,-0.0038049169484723417
194.2358500957489,-0.008462161870108105
194.25182962417605,-0.00926289032229431
194.26756739616397,-0.004787361805736983
194.2831530570984,-0.0002281739704697134
194.29840207099917,-0.00044554850218948144
194.3153932094574,-0.00369469800701191
194.32971024513245,-0.004577743241122567
194.3454022407532,-0.0017606961032250686
194.3611068725586,0.0004709849444686359
194.37632822990415,-0.0012569021457790042
194.3917591571808,-0.004378745663945819
194.40752291679385,-0.004181612812585225
194.42362904548645,-0.000977508377013746
194.4400415420532,-0.00016713833450382768
194.45525193214417,-0.004701605997201866
194.4713447093964,-0.01041901373735328
194.4865038394928,-0.011023541525695844
194.5025599002838,-0.006109884914870581
194.5179078578949,-0.0014011507482444537
194.5335714817047,-0.0011512228736177913
194.54855751991272,-0.003228194001277947
194.5638337135315,-0.003160701532748122
194.5793309211731,-0.000812719317131263
194.5947391986847,-0.00016018993046997584
194.6104819774628,-0.0028721921153787525
194.6261293888092,-0.005273132714607652
194.64201998710632,-0.0033541778844096543
194.6579251289368,0.0011439280883549742
194.67292380332947,0.0024487521571404346
194.68836307525635,-0.0015897035461711981
194.70388531684875,-0.006279670382027322
194.7193157672882,-0.005929717484928487
194.73512291908264,-0.0010725479620572846
194.75164461135864,0.002529505394828975
194.76596808433533,0.0015680964556163183
194.78161025047305,-0.0008947749137399614
194.7968313694,-0.00036309204722787154
194.81304717063904,0.002384284141397521
194.8290536403656,0.002186220640394262
194.84422183036804,-0.003207691928670902
194.859445810318,-0.009513595652022649
194.8748276233673,-0.011057023681160676
194.8908302783966,-0.0078055333192618235
194.9060211181641,-0.004873740075676919
194.92163968086243,-0.0054061259070066125
194.93685841560364,-0.006663224515126519
194.95233154296875,-0.004458159449256161
194.96834683418277,0.0005205030662322812
194.9840066432953,0.003382476305454019
194.9995954036713,0.0016800720121515431
195.01460981369016,-0.0013010665748855897
195.0307343006134,-0.0011413081274670145
195.04670333862305,0.0017424741390920182
195.0622930526733,0.003091913780934409
195.0782835483551,0.0011850785598935664
195.09363269805908,-0.0006170815244336523
195.1087477207184,0.0011484238864565314
195.12403535842896,0.0047247707288623625
195.1391787528992,0.005311070173248177
195.15498685836792,0.0018849175705179882
195.1710357666016,-0.0010327662059945884
195.18668508529663,0.000568801870292417
195.20221519470212,0.004664730350616389
195.2173717021942,0.005992647555875193
195.23312401771545,0.0033269156254129816
195.2481694221497,0.0010553268223537071
195.264212846756,0.0029043228307201654
195.2788751125336,0.00670864356859222
195.2942366600037,0.0075702450422341395
195.30977129936215,0.004845683298148343
195.3258421421051,0.002982788013423073
195.34192824363708,0.004970314267176788
195.35668635368347,0.00774797074951627
195.37254667282104,0.0062940947758079215
195.38806676864624,0.000810515419643801
195.40411186218265,-0.0031591145767385026
195.42016506195068,-0.0020258892966274165
195.4355473518372,0.0012442965256840104
195.4517924785614,0.001585971816813599
195.466912984848,-0.0010398899997790213
195.48297142982483,-0.0019348458016020652
195.4983057975769,0.0011709945742265802
195.5139000415802,0.004446292497455686
195.52921414375305,0.003164568918798059
195.54474544525144,-0.0015229174815583404
195.56050157547,-0.0039042237356184694
195.57546997070312,-0.0014159508938694854
195.59146761894223,0.0019527167061367404
195.60716366767883,0.0012481392048060052
195.62316012382507,-0.0027002761077293165
195.63927698135376,-0.004713304019832979
195.65480947494507,-0.0026908610435761073
195.67047357559204,-0.0005111938624814041
195.68627667427063,-0.002379253730922035
195.70152401924133,-0.006697096810745215
195.7171893119812,-0.008143302029111675
195.733193397522,-0.005002264060749999
195.7491295337677,-0.001427506913088065
195.7647466659546,-0.0015610836405113822
195.78070497512817,-0.003885926745715227
195.79663395881653,-0.003724347560106893
195.8125038146973,-0.00021377428303467286
195.8285820484161,0.002199556366551791
195.843608379364,-7.314547785683932e-05
195.85908842086792,-0.004572209482870547
195.87444186210632,-0.005889486515864684
195.8901767730713,-0.002806835070023328
195.9062693119049,0.00037735369906544787
195.92214798927307,7.5316845559170176e-06
195.9374325275421,-0.0020336256481296036
195.95300483703613,-0.0014631615301326625
195.968722820282,0.0019559577431184577
195.98422932624817,0.003986549302778734
196.00019192695615,0.002063739057600794
196.01619243621823,-0.0008926725784229807
196.0314874649048,-0.0005314798975300315
196.04751062393188,0.002768744814516606
196.06272649765012,0.004390894066304917
196.0782434940338,0.0018966895149412407
196.09323287010196,-0.0017184031410410424
196.10912609100345,-0.0023905171201157793
196.1251964569092,-0.0005369264117383588
196.1407971382141,0.0001339414562458825
196.15640473365784,-0.0014591813740101626
196.17210268974304,-0.001980702189811302
196.18749332427976,0.0012665084770536114
196.2035501003265,0.005838946308799703
196.21884202957156,0.006979506893468034
196.2349059581757,0.00405249000975871
196.25108337402344,0.0015157294485704724
196.2661623954773,0.002888446893484021
196.28142070770264,0.00605876473823456
196.29689407348636,0.006460437299557793
196.31288027763367,0.0035577176815571694
196.32824301719663,0.0014398829635885234
196.3432650566101,0.0028136752420124494
196.35884857177732,0.005157234257465974
196.37398052215576,0.004580951842939166
196.38980722427368,0.001674168718416798
196.40540075302124,0.0007000004854102188
196.4205996990204,0.003239738432689699
196.43662786483765,0.005607208499995483
196.45235013961792,0.004002940906107902
196.46753811836243,0.00011511948430894571
196.48323678970337,-0.001026886827185356
196.4988396167755,0.0018292602314489773
196.51390171051025,0.004157090370408332
196.5287239551544,0.0018693736601764327
196.543981552124,-0.002826555406588843
196.5597541332245,-0.004293422967855868
196.5757691860199,-0.0012031206128947903
196.5911147594452,0.0017550870781157637
196.6071689128876,0.0006798833056233835
196.62279152870175,-0.0019718672509964614
196.6388189792633,-0.0011904002646856695
196.65435934066767,0.0028347060795241687
196.66990280151367,0.004475372900557465
196.68514585494995,0.0007111317672689631
196.70105123519895,-0.004078609386801914
196.7163372039795,-0.003947986576133351
196.7323527336121,7.95578266266886e-05
196.74789929389956,0.0011640915855299235
196.7638912200928,-0.0036098632915393383
196.7789032459259,-0.00861068222917678
196.79498744010925,-0.00713437301862282
196.81095552444455,-0.0007962724773104828
196.8258967399597,0.0024869062309139205
196.84123635292053,-0.0006489542702344318
196.85640144348145,-0.004547894867173117
196.872132062912,-0.002860448250131246
196.887859582901,0.002112953543797808
196.902948141098,0.002564855407846324
196.9179458618164,-0.0033405332706360202
196.93336844444275,-0.00803526679042904
196.94854068756104,-0.004602759279369831
196.96415185928345,0.0034306957037124764
196.97910165786743,0.006511504576339165
196.99558758735657,0.0019146822731524477
197.0116164684296,-0.002806885804500871
197.02694821357727,-0.0006763572444997623
197.0429847240448,0.004808202998756138
197.0585262775421,0.004799384954780824
197.0737943649292,-0.0019589716763075923
197.08888721466064,-0.006941263545694678
197.1048605442047,-0.003879257812078851
197.1209077835083,0.0020123034719480297
197.1363837718964,0.0011734692018727526
197.1519284248352,-0.006492155567042176
197.1671621799469,-0.010916998692064427
197.1832628250122,-0.005916177318867019
197.198844909668,0.0016791570957615976
197.2145338058472,0.0012428569797334251
197.23054766654968,-0.006581800828283476
197.24657106399536,-0.01047960337249034
197.26178193092343,-0.004503961349895949
197.27792644500727,0.0030045747482869136
197.2937812805176,0.0008528777434953308
197.30981516838077,-0.008837307109001429
197.3258368968964,-0.012884719035197889
197.3412947654724,-0.00534615351287474
197.35657334327695,0.0037468231578624417
197.3722467422485,0.0021435486314333807
197.3877689838409,-0.007283821839559373
197.40375351905823,-0.010429160628423376
197.4197654724121,-0.0022615234717030842
197.43540453910828,0.005206242199830556
197.45114374160767,-0.0004708423492733741
197.46720504760745,-0.013725863356683854
197.48325324058533,-0.01741211778369579
197.49916434288025,-0.006550054668407478
197.5149986743927,0.003579737008948442
197.53107023239136,-0.002164179271590268
197.5468451976776,-0.016551464916329015
197.56239581108093,-0.01698431377173292
197.57807087898252,0.005292555794819003
197.593088388443,0.03063158188795895
197.60909032821652,0.02983653870844585
197.62462162971497,-0.005675422139008449
197.6406443119049,-0.05508429923248051
197.6558003425598,-0.08574652207531269
197.6722068786621,-0.07717990412778744
197.68778467178345,-0.03434726720080595
197.7038173675537,0.014855873819369918
197.7199206352234,0.03825851541996135
197.7369077205658,0.02522358795418002
197.7513883113861,-0.0035210912602252915
197.76731133461,-0.016834105257053415
197.7824647426605,-0.005418266008684663
197.7977352142334,0.011433943336135625
197.81342005729675,0.012253745846895115
197.82841897010803,-0.0006981729032758174
197.84387373924253,-0.007881647482601563
197.85904359817505,-4.5645484292754446e-05
197.8740611076355,0.010681325675449594
197.88976216316223,0.009215161561391357
197.90548038482663,-0.0016285891149524457
197.9215476512909,-0.006193164259383094
197.9372546672821,0.0016601389251174104
197.95229148864743,0.010561955569480957
197.96742749214167,0.00823350689236279
197.983412027359,-0.0014914651383201101
197.9989628791809,-0.00479304150507761
198.01501035690308,0.0024558656258805303
198.0308723449707,0.009391310784672233
198.0458800792694,0.00593164271032412
198.06144642829892,-0.0031947361102310956
198.0772230625153,-0.0054786007468375034
198.0926389694214,0.001994569480081975
198.10865688323972,0.009274687516091288
198.1239120960236,0.008083695123360431
198.13976311683652,0.00292781318481803
198.15595626831052,0.0033770599413255413
198.1719708442688,0.009386402569666281
198.18729901313785,0.011074040129105062
198.20329666137692,0.0032005248212277067
198.2189359664917,-0.006475595708767133
198.2349369525909,-0.007021610217941563
198.2510061264038,0.0011858605299680971
198.26702451705933,0.007236156096140426
198.282261133194,0.004416426209458833
198.2980794906616,-0.0014794525224053542
198.3138077259064,-0.0012688018612346246
198.32954788208008,0.004464362801933826
198.3451087474823,0.006690067864730389
198.3605709075928,0.0012819653661005096
198.3760449886322,-0.004919788963740001
198.39166522026065,-0.003731573017553491
198.4077262878418,0.002995273763114308
198.42285656929016,0.00615607680391706
198.4382944107056,0.002018462475822357
198.45367002487183,-0.0030279791889349164
198.4688446521759,-0.0017342061883054336
198.4840476512909,0.004017146423060912
198.4991946220398,0.006088390645924573
198.51424527168277,0.001297817385721879
198.53036546707156,-0.004490380971640625
198.54628777503967,-0.004338101577909094
198.56141662597656,0.0011412563805092034
198.5773017406464,0.00581982895349753
198.59341835975647,0.006818130250219737
198.6090428829193,0.007250394169199356
198.6240429878235,0.00964731128285467
198.63976526260376,0.010528196494821323
198.65535068511963,0.004880520434683998
198.6708836555481,-0.005504496093442824
198.68605947494507,-0.012297388406966665
198.70129776000977,-0.010186231632882587
198.71641278266907,-0.003076483686484024
198.7320821285248,0.0013543710912202007
198.74796652793884,0.001087084214806599
198.7634677886963,0.0005863790199240469
198.7788293361664,0.003014584876016863
198.7943832874298,0.005595406352421333
198.81023526191711,0.004516279454546564
198.82627701759336,0.0015911370984685248
198.84155321121216,0.0023884512465278994
198.8570704460144,0.008107727136016771
198.8731701374054,0.012898969237432039
198.8885767459869,0.010954441822760543
198.90357613563535,0.003998213522764651
198.91958832740784,-0.0009009545897957476
198.9344470500946,-4.440328422059513e-05
198.94955945014956,0.0034016642298658048
198.9655451774597,0.005034070053538832
198.9810299873352,0.005104723721980729
198.9966406822205,0.006436107923809318
199.01263856887817,0.00857474783805881
199.02848029136655,0.007787225764114474
199.04302263259888,0.0030697048149650316
199.0590932369232,-0.0012319296881123125
199.0751392841339,-0.0007952958322914707
199.0903167724609,0.0027109346607535017
199.10631847381592,0.0038539629341671593
199.1219162940979,0.0010616326637794163
199.1375892162323,-0.0011395086760424711
199.15282320976257,0.0013708405871424864
199.16851902008057,0.006232047595649723
199.1839797496796,0.007695337861481242
199.19996619224548,0.004606726074799043
199.2159748077393,0.0019470984885862166
199.2320241928101,0.0036242865276480433
199.24772119522092,0.006624310974090326
199.2632677555084,0.004947084112456105
199.2786784172058,-0.0017921210086148482
199.29389476776123,-0.006904594872508554
199.3094379901886,-0.004643066254887486
199.3246965408325,0.0027670830368678994
199.3398516178131,0.008239784674913868
199.35539722442627,0.008639252348183064
199.3705687522888,0.007466721898800173
199.38660860061648,0.00849795092747376
199.4019479751587,0.010071717051319942
199.417733669281,0.00820474165758835
199.43373036384585,0.003416104595488364
199.4500241279602,0.0006510799722403912
199.4649753570557,0.0021748243721151804
199.4801456928253,0.004093739960905986
199.49537420272827,0.00198234591740376
199.51146936416623,-0.0024551598711129797
199.5268881320953,-0.0035645444205872996
199.54202723503116,0.00010083166160367203
199.5576090812683,0.0033137324223102534
199.572776556015,0.0011636915385624452
199.58826994895932,-0.004148791026345156
199.6035852432251,-0.00625774840292955
199.6189033985138,-0.003310058007986034
199.6342749595642,-0.00036553948185668694
199.65005660057068,-0.0021881683053322967
199.66548323631287,-0.006418747640367854
199.68059730529785,-0.006667160582359978
199.6960277557373,-0.0013590786331503435
199.7120144367218,0.0038597737183611886
199.72717308998108,0.0034885820727041444
199.74288868904117,-0.0008328683826000021
199.7582905292511,-0.0031041313717950175
199.77338027954104,-0.0011891821870052268
199.7889354228973,0.001099335988295973
199.8049440383911,0.0004484344678029892
199.8202753067017,-0.0007436185666497754
199.83527779579163,0.0020108445685138717
199.8510866165161,0.008250229514853616
199.8667898178101,0.012501848959720972
199.88282942771912,0.01152061490111392
199.8978705406189,0.00859668517298249
199.9139153957367,0.008735950394770407
199.9298985004425,0.011451811283127031
199.94596242904663,0.011419754244651716
199.9612436294556,0.006246063597190866
199.97642827034,0.0004626616760248607
199.99176216125488,-5.2349267173345225e-05
200.0070402622223,0.004336600289570011
200.0230338573456,0.007813212843572271
200.03826022148127,0.006933726506247931
200.05417108535767,0.004508482687294437
200.069748878479,0.004553086102576171
200.08490204811096,0.006092856727227129
200.10089230537412,0.004898404668455017
200.1162691116333,0.0004585244932723961
200.13126921653748,-0.0023108117004838288
200.1467022895813,0.00033664304360358794
200.16237020492557,0.005221247582950922
200.1778945922852,0.00583017037617168
200.19365096092224,0.0008097563716162656
200.20974135398865,-0.004203274640217325
200.22578263282776,-0.004008009219964116
200.24129176139832,-0.00042899088109250687
200.257009267807,0.0007310435929416707
200.27206993103027,-0.002192042441215433
200.28754115104675,-0.004843938267171492
200.30256032943728,-0.0034808304624512386
200.31809425354004,-0.00047275717247774376
200.33407354354856,-0.000854780342491519
200.35002994537356,-0.00486107406623482
200.3655300140381,-0.007151713340860887
200.38052892684937,-0.004114490409884447
200.39553380012512,0.0008342307216342429
200.41053175926208,0.001535525531907877
200.4265353679657,-0.0026593871811738303
200.4415543079376,-0.005955073784699087
200.4567403793335,-0.003831158578625298
200.47225093841556,0.0011684982929394167
200.4879314899445,0.0033607185110917396
200.50382041931152,0.00171961182756475
200.51968121528623,0.0005104461247667034
200.53511500358584,0.002268902325074487
200.5504331588745,0.003718443474582881
200.56596493721008,0.0008202781775951923
200.5820803642273,-0.004449925382817306
200.59695148468015,-0.005949183645246403
200.61294960975647,-0.0017879761173147774
200.6283769607544,0.0026254414848715995
200.64437246322632,0.00162486815997275
200.6592228412628,-0.0031653382471536935
200.6743540763855,-0.005287578991462155
200.69000673294067,-0.0025196577677373926
200.7059941291809,0.00011011436659516798
200.7211308479309,-0.0023943841303766056
200.73691058158877,-0.007622007208110576
200.75212740898127,-0.008780526721374996
200.76791501045227,-0.004146531955030017
200.78298544883728,0.00020235195445639318
200.7982997894287,-0.0015370488505370003
200.8143508434296,-0.006882087295091514
200.8303475379944,-0.008202325776052882
200.8455011844635,-0.0030015889442229233
200.8609583377838,0.002514415216005476
200.87668776512143,0.001523423275811011
200.89134097099304,-0.004415744186566647
200.90645241737369,-0.007441272991965883
200.9216637611389,-0.003660965146741157
200.936984539032,0.002117443680948623
200.9522070884705,0.0031818088820182912
200.9680972099304,-0.00033904139160221766
200.98411536216736,-0.0024905326642724666
200.99971270561215,-0.0001864703719517526
201.01487135887143,0.002827266255954945
201.03058385849,0.0019244781417648827
201.045884847641,-0.0014725829176226073
201.06145906448364,-0.0019842656748689015
201.07678031921387,0.0017570698778265328
201.0920321941376,0.0048438244877142544
201.10809683799744,0.0029656152087144455
201.12343335151672,-0.0012457963945575377
201.13940691947937,-0.001568808410057072
201.1548717021942,0.003110383107318087
201.17041778564453,0.006806052678951867
201.1864550113678,0.004201086407921414
201.2025046348572,-0.002228870280081252
201.2183442115784,-0.005477375937406211
201.23348188400269,-0.00327747201625847
201.24953293800357,-0.0007674410375151271
201.26559805870056,-0.0030468782745857676
201.28036618232727,-0.008043179354426323
201.295392036438,-0.009507421355949015
201.31075429916385,-0.005711549223088937
201.32626366615293,-0.0015997841306701318
201.3421766757965,-0.0016484996511476743
201.35789942741397,-0.0038261645850228444
201.3734505176544,-0.003173385079689781
201.38871216773987,0.00046862965641187443
201.404705286026,0.0019887266439235093
201.4200203418732,-0.0014220170928271325
201.43525767326355,-0.0056952537827899795
201.4504632949829,-0.005220692632735436
201.46598863601685,-0.0007416324092763141
201.48205065727237,0.0014488026594751259
201.49805212020877,-0.0018743855736305121
201.51374793052676,-0.006375732866199996
201.5297267436981,-0.006116849684001283
201.54514956474304,-0.0017891636796800335
201.5607323646545,0.00016845407531133785
201.57679557800293,-0.003568490198573286
201.59287524223328,-0.008484684628944838
201.60851383209229,-0.008127916669240697
201.6245150566101,-0.0026582682131920683
201.64008045196533,0.001495094410242112
201.65603828430176,0.0002967610663344635
201.6712465286255,-0.002726563010959645
201.6863324642181,-0.001739808760206202
201.70238256454468,0.003100541876365313
201.71844029426572,0.005795742117272271
201.7345304489136,0.0028435944474447397
201.74995493888852,-0.0018865730386795469
201.7660269737244,-0.0024988441993333073
201.78119349479675,0.0009959709811890056
201.79694819450376,0.003291279206830584
201.8123483657837,0.001734119278566159
201.8282916545868,-1.4492123370746192e-05
201.8437168598175,0.0022049640172943207
201.8589289188385,0.006473621919381399
201.87445092201236,0.007334007817509356
201.8905746936798,0.003940352100911135
201.90623497962952,0.0017968734167846227
201.92223525047305,0.005084173174444617
201.9379498958588,0.010350411320597466
201.95400595664975,0.01082620118513165
201.96950125694275,0.0056186366449391505
201.98451972007751,0.0009174177947148456
201.9995367527008,0.001485657688229277
202.01557612419128,0.004396655587175026
202.03156852722168,0.003709028191989554
202.0470395088196,-0.0007858624729319098
202.06320357322693,-0.003296201783389263
202.07918238639832,-0.0005478653912817889
202.0944058895111,0.0032786278753921126
202.10968208312988,0.002461123472505873
202.1251847743988,-0.0019310548569784558
202.1412534713745,-0.0034348623210056486
202.15693855285645,0.000421271284732962
202.1727659702301,0.004179755894496104
202.18820524215695,0.0018830469675374271
202.204204082489,-0.004452642901527826
202.220237493515,-0.007371177988261143
202.23621535301208,-0.004087987409707376
202.2521743774414,-1.8389850021205065e-05
202.26824069023127,-0.0008666006609673567
202.28354859352112,-0.00455900250619317
202.2986316680908,-0.004443208087489196
202.3146314620972,0.0008475909812668426
202.3305399417877,0.0049685903503178894
202.346554517746,0.0025019525237658284
202.36255359649655,-0.0034169867369774915
202.37825226783752,-0.005275616676221427
202.3942403793335,-0.0013897648468163982
202.40962314605716,0.0020726143058238844
202.4247887134552,-9.54124960190015e-05
202.4407210350037,-0.004968211021259823
202.4558036327362,-0.005916078486844032
202.47144985198972,-0.002198841849583789
202.4864308834076,-0.0001007326581068948
202.50176000595093,-0.003925661882683572
202.51712322235107,-0.009487601753178674
202.5324182510376,-0.00942586323838791
202.54817962646484,-0.003216096966077496
202.56328177452087,0.0019489714659051622
202.5788106918335,0.0006962233905083914
202.59352850914,-0.0036465695934316924
202.60904812812805,-0.004089031242597102
202.6250491142273,0.0003173659432976917
202.64073419570923,0.003528735796874532
202.65573716163635,0.001293149657509235
202.671094417572,-0.0028150553201877378
202.68649244308472,-0.0024983225763044936
202.70260858535767,0.0023383348486450267
202.7184841632843,0.005430995401694966
202.7344660758972,0.002911624522627402
202.7492995262146,-0.0014151270289275764
202.76463270187375,-0.0016188740481606523
202.7800567150116,0.001979928934407545
202.79538488388064,0.0034768863396771894
202.81078553199768,4.27416926943331e-05
202.82603812217712,-0.00381542221771391
202.84215259552,-0.002533562317423213
202.85795545578003,0.002541680305195526
202.8738386631012,0.004889420606842469
202.88911890983584,0.0020117577575699064
202.90515422821045,-0.0008507311412155566
202.92069745063785,0.0020417728952870848
202.93606162071228,0.008650632287216796
202.95209169387817,0.011438031214447524
202.9676253795624,0.007268986708842869
202.98313164711,0.0014799186973763361
202.99796724319455,0.0007053098689094178
203.01362299919128,0.004394243011860503
203.02910542488095,0.0063774399828396295
203.04536366462708,0.003712842566941881
203.0608992576599,0.0002446651350227673
203.07656168937683,0.00034446924432070345
203.09261393547055,0.0024084460703747406
203.1078643798828,0.001674140868490484
203.12286376953125,-0.0019715033083991347
203.13829350471497,-0.0030643968133970433
203.15362334251404,0.0015022017036952218
203.16914749145508,0.0069534252401529835
203.1851577758789,0.006129438674860585
203.2011444568634,-0.0008269620317334532
203.2171449661255,-0.005947124972292231
203.23273754119876,-0.0032973441431921914
203.24778056144717,0.0037907233090640584
203.2635695934296,0.007575797215766374
203.27899265289307,0.0058602058004391805
203.29440474510196,0.003520701528160784
203.31044244766235,0.004267437460226337
203.32641553878784,0.004887368664105849
203.341744184494,0.00028355727632126517
203.35704565048215,-0.008049859922430153
203.37313961982727,-0.012613333093718725
203.38835215568545,-0.00930512606345125
203.4035153388977,-0.0027506850843215815
203.41882371902463,-0.0001129638292488291
203.4348452091217,-0.001965161926879193
203.4508924484253,-0.002764645775095361
203.46642446517944,0.00026131653094434073
203.4824175834656,0.0028194335112743905
203.4975793361664,-4.402038478674812e-06
203.5130591392517,-0.005962016043513559
203.5286264419556,-0.008000271461817084
203.5443708896637,-0.0038627271196094047
203.5598328113556,0.000491018704517896
203.57535648345947,-0.0012323600657260124
203.59049534797668,-0.007135649748418593
203.60593795776367,-0.009789114027362888
203.62201261520383,-0.006485038941187366
203.6377034187317,-0.002880390719982323
203.65382289886475,-0.004921397314307313
203.66960072517395,-0.010232217952669723
203.68566036224365,-0.010999786924602408
203.7013988494873,-0.004539641707584479
203.7174654006958,0.0028623725901520893
203.7325820922852,0.003959269157434583
203.7482213973999,-0.0006108988583206224
203.7635498046875,-0.004376070120224148
203.77876996994016,-0.004396363017530986
203.79390931129456,-0.004577021779856374
203.80925703048703,-0.008718725524463629
203.82442569732663,-0.01385981691780952
203.8404631614685,-0.013833406796837897
203.8565194606781,-0.008054294170605289
203.87178468704224,-0.0028496758796159203
203.88687133789065,-0.0031496901124834324
203.9024691581726,-0.006058958188050417
203.91803359985352,-0.005310930158920252
203.9328286647797,-0.0003691313006543911
203.9488606452942,0.002636100131816896
203.9644231796265,-0.0004435622927374018
203.97992038726807,-0.005669759050528874
203.99561858177185,-0.006213818098744299
204.01167225837708,-0.001733895379400587
204.0277271270752,0.0012350557559852263
204.04327630996704,-0.001522558042423192
204.05930590629575,-0.006001026341549603
204.0752809047699,-0.005534529830982289
204.09142017364505,7.389219281632182e-05
204.10749340057373,0.004461471679034076
204.12272000312805,0.003440127944198852
204.13751363754272,0.0002820184019566101
204.1525056362152,0.0005367681975030208
204.16798782348636,0.004118195996989042
204.1831791400909,0.005881112285772027
204.1990728378296,0.0035144138024231467
204.2145926952362,0.0011258091626037512
204.2300591468811,0.0032387931264230042
204.245365858078,0.00786602461605823
204.2606439590454,0.00882933228761468
204.27644896507263,0.004354133680800381
204.2918791770935,-0.00013120051578799016
204.3077220916748,0.0008712787475579718
204.323317527771,0.005604576683924683
204.33936071395877,0.007620063851359621
204.35537004470825,0.00459613287576922
204.37001514434812,0.001139953199293846
204.38540601730347,0.0018287064175927324
204.4007303714752,0.004548728473595897
204.41601252555847,0.0037568123182857294
204.43206477165225,-0.0009585245847636634
204.44705772399905,-0.003509291783174719
204.46176052093503,0.0003643562439629546
204.47707176208496,0.006555319043579395
204.492240190506,0.007389291022995442
204.50741243362427,0.0017295663903629838
204.5228481292725,-0.003312167311959341
204.5385274887085,-0.0016099239558227917
204.5543737411499,0.004097028540768952
204.56953859329224,0.006124651139673143
204.585058927536,0.0019952034263744315
204.60120725631717,-0.002940642650693262
204.6166317462921,-0.003441721642114653
204.63219928741452,-0.001334911763474344
204.64755129814148,-0.001839494100682612
204.6626102924347,-0.005066076225010726
204.67782139778137,-0.005441499085388944
204.6939115524292,-0.00019449030657694467
204.70915007591248,0.005499678404372346
204.7252163887024,0.004820100769281951
204.7408442497253,-0.0012379629844029424
204.75595235824585,-0.004603201413271275
204.77143621444705,-0.0005742989873071596
204.7875134944916,0.006067709181426502
204.8032944202423,0.007520704893955905
204.81928753852844,0.00305579016766552
204.8348274230957,-0.0009083108200619698
204.85025477409363,-0.00025843341748297156
204.8653118610382,0.0013566157192893401
204.8808925151825,-0.0015435624782744193
204.8969087600708,-0.007785270528870531
204.91302132606504,-0.010737994490884473
204.9282071590424,-0.00751541301661644
204.9438433647156,-0.0031040525173118595
204.9594924449921,-0.0035061364457580025
204.975590467453,-0.00747955145085535
204.9906406402588,-0.00843762649028416
205.0063877105713,-0.0038045657432157712
205.02244353294373,0.0012873467072573048
205.0376174449921,0.0010605262712980279
205.053010225296,-0.0030534799739226947
205.06836700439453,-0.0047145244570936514
205.0839071273804,-0.0017290291179831024
205.09893536567688,0.0009588732999446634
205.1149649620056,-0.0015089247036500688
205.13100123405457,-0.006759812632727138
205.14657735824585,-0.008251083252216573
205.162513256073,-0.0041580025172229034
205.17768454551697,0.0004564600559817211
205.19313859939572,0.0009838523472607674
205.20917415618896,-0.0006340172389388806
205.2244212627411,0.00029940761237338617
205.24036240577695,0.0034758925335309178
205.25647044181824,0.0036208302396911205
205.2723517417908,-0.0013419877833840254
205.2884111404419,-0.005928768481205145
205.3044586181641,-0.003632610751794479
205.3197486400604,0.004079262220759597
205.33531165122983,0.008895971973230353
205.35063195228577,0.005941381346933281
205.36598753929135,-0.00034869481974445296
205.38136553764343,-0.002430029568300924
205.39654636383057,0.0005809380210839588
205.41243076324463,0.002519673941973253
205.42758798599243,-0.0008476288749534296
205.44337725639343,-0.005954429915891659
205.4586639404297,-0.006446830673700946
205.4737861156464,-0.0018356937918253481
205.48949694633484,0.0021509434462596037
205.50511574745175,0.0016579729814198097
205.52076172828677,-0.000291631520866825
205.53610253334045,0.001277928146745851
205.55132341384888,0.0057694390418729724
205.567355632782,0.007718591030495891
205.5829041004181,0.004622357137188613
205.59894251823425,0.0005952563632917857
205.6149399280548,0.000596022612979313
205.63019704818728,0.0034814067225506116
205.6462140083313,0.0038016548220328934
205.6619212627411,-0.0002872301253179091
205.67768335342407,-0.004396116536723902
205.69369769096372,-0.0043324258310626475
205.70945000648496,-0.0021996969050469893
205.7244517803192,-0.003141364620723566
205.7398750782013,-0.007309682767956881
205.75491666793823,-0.008871089947574955
205.77104234695437,-0.003971375856591351
205.7870500087738,0.003414582787490362
205.801970243454,0.0062086023333186875
205.81800079345703,0.003277325334108449
205.8334288597107,0.00039885255253283795
205.84842681884768,0.0018439482880277438
205.8644416332245,0.004303013912088736
205.8799660205841,0.001733203288432507
205.89496564865112,-0.005502556827024667
205.91100335121155,-0.010083889229904067
205.92676305770877,-0.006957306669956133
205.9427673816681,0.00012060372456731711
205.95867156982425,0.003624080245432293
205.9743411540985,0.001831070283221375
205.98995304107663,-0.00012457345677763481
206.00493478775024,0.00147661196216061
206.0205044746399,0.0035419640298219946
206.035906791687,0.00127443663694157
206.05192279815677,-0.003919591027922275
206.0673017501831,-0.0055499809210246285
206.08284950256348,-0.0010050738277395926
206.0989475250244,0.004364090217590674
206.11482048034668,0.004185361545230781
206.13067173957825,-0.00035428282368239056
206.14618587493896,-0.0021836188383611444
206.16147661209104,0.002014210339951845
206.1768312454224,0.007495375488380021
206.1926200389862,0.008238876551006472
206.20785903930664,0.005143641437403859
206.2232196331024,0.004213877964181504
206.23839473724365,0.007563702246921236
206.25440764427185,0.010192829101103175
206.26958441734317,0.007234574725367525
206.2852921485901,0.0014155052943348487
206.3005449771881,-9.936451364209306e-05
206.31601071357727,0.00451726272379137
206.33101439476013,0.0088717584207091
206.3460144996643,0.006597384925320355
206.36144590377808,-0.0003442172178051402
206.37706899642944,-0.004470531120917394
206.39254307746887,-0.0026734577911920877
206.40809059143064,0.0002150688443723289
206.4234390258789,-0.0014066468902583862
206.4390931129456,-0.006179460209247677
206.45440864562988,-0.007932832236578546
206.4705262184143,-0.0043295983939849085
206.48617029190063,5.183700745926075e-05
206.50220942497253,0.00023357690211652914
206.51759362220764,-0.002320783383564771
206.5326232910156,-0.0020768907232390373
206.5492148399353,0.0024885321157950393
206.56350994110107,0.006650607689341429
206.57860350608823,0.006226443520320493
206.59405374526975,0.0035893001854910957
206.6101598739624,0.0041266039704725916
206.62534379959104,0.008118311527260927
206.6413106918335,0.009837334104419894
206.6569230556488,0.005607814385493612
206.6724209785461,-0.0003574944527698562
206.688143491745,-0.0009257499739701077
206.7036666870117,0.004521791014731269
206.71903705596924,0.00906234409058108
206.73443627357483,0.00722448002362192
206.7497539520264,0.0019508554379453747
206.76562094688416,0.000270024263753452
206.7806706428528,0.003753985189812881
206.79636931419373,0.006664386238087875
206.81204056739807,0.003987955803371091
206.8270628452301,-0.0017572879280115458
206.84206199646,-0.003994393643883512
206.857586145401,-0.000698603878315082
206.87376499176025,0.003636566228038403
206.8897929191589,0.004735091038883514
206.90562510490415,0.003965150558130774
206.92111539840695,0.005009342431846442
206.9365954399109,0.007391847908062918
206.9526641368866,0.006878877742426237
206.9678602218628,0.0022563728660771926
206.9831349849701,-0.0018056399412136564
206.99850177764893,-0.0006609128001654869
207.0137538909912,0.003702898781337961
207.02916288375852,0.005035983055995303
207.04452204704285,0.0013648285312087734
207.0605936050415,-0.0021527197723831357
207.07604551315308,-0.000286724574429585
207.0912482738495,0.004952588254520781
207.1065857410431,0.006932328846704012
207.12260603904724,0.003380710739865615
207.13799691200256,-0.000672470308485783
207.1539940834045,-3.3932270268552736e-05
207.1692686080933,0.0034070600923692615
207.18502593040463,0.0034457909464474367
207.20033359527588,-0.001567296525568711
207.21635031700131,-0.006265155127694459
207.2318844795227,-0.005661051251957243
207.24694848060608,-0.0018632005345784754
207.26300621032715,-0.0006268401307721549
207.2788393497467,-0.0029475094154089807
207.29397869110107,-0.004059687674673948
207.3101599216461,-0.0012765975391265728
207.3252112865448,0.0011284086692172953
207.34036254882807,-0.0022709812084879127
207.35516953468323,-0.00962119067371387
207.37058925628665,-0.013182261686213403
207.38639044761655,-0.00921169450628912
207.40197253227237,-0.0027915128018184466
207.4176425933838,-0.000945487051047984
207.4330096244812,-0.0035281409001560304
207.4489734172821,-0.004176438530551205
207.46499967575076,0.0003662175005396057
207.480840921402,0.005523506079433332
207.4966425895691,0.005200140912099422
207.5132715702057,0.0004272646048529812
207.52832436561584,-0.0016559521198900356
207.5435466766357,0.0026081501890740126
207.5596342086792,0.008172882979733669
207.57573914527893,0.007678942264363513
207.5907244682312,0.0009821904200418285
207.60616159439087,-0.004917028088510278
207.6218774318695,-0.005135984472418777
207.63794565200809,-0.0025511060938933914
207.6535382270813,-0.002504888521096835
207.66956067085263,-0.004768943653619253
207.68536019325256,-0.004422715423258693
207.70055317878723,7.700635872436544e-06
207.71657156944275,0.0034032215334275813
207.73266506195068,0.000781394114232972
207.7482750415802,-0.0055816714065258476
207.76360034942627,-0.008795499140403042
207.7794713973999,-0.006169874101637589
207.79532432556152,-0.0020768205541880063
207.81139087677,-0.001294201718140051
207.82703804969788,-0.0025666000523070637
207.8423113822937,-0.0014172399237424769
207.8578281402588,0.002270286607312302
207.8736388683319,0.0033219154668161243
207.88969254493716,-0.0012916957429946283
207.90550708770752,-0.007401615765726828
207.92053508758545,-0.00870723371927597
207.93570494651797,-0.005185275983001485
207.9508774280548,-0.0029382987529769917
207.96631050109863,-0.0054767777499493235
207.98228430747983,-0.00860628216019287
207.9976670742035,-0.006280168298006091
208.0130250453949,0.0005229354114039868
208.0285017490387,0.004359054523817968
208.0436725616455,0.0009883097760041595
208.05886721611023,-0.004831181697311768
208.0749237537384,-0.005417421239446045
208.09069657325745,-9.1420242060547e-05
208.10600185394287,0.004269063804112991
208.12116646766663,0.0026071508975623295
208.13615202903748,-0.0017461147367371505
208.15165662765503,-0.0019707055168073596
208.16761136054996,0.0029246815060927365
208.18325924873352,0.007123051303063406
208.1993055343628,0.006266494492046446
208.21465969085693,0.003194369329199714
208.229811668396,0.0033575286148540204
208.24481320381165,0.0068052053759945705
208.2599229812622,0.008252816631660113
208.27522253990173,0.00498041453511242
208.29055762290955,0.0010765271800198353
208.30656719207764,0.001802612422937532
208.32184433937076,0.006011302489636224
208.33661913871765,0.007424372486715682
208.3518886566162,0.0031671438828528293
208.36764693260196,-0.0022139477551147433
208.3835606575012,-0.0027696824598060082
208.39946961402893,0.0011482592254189392
208.4153594970703,0.003988098136067557
208.4302423000336,0.002993534380003737
208.4462285041809,0.001727716118809799
208.46124792099,0.004319325841430964
208.4764597415924,0.00878555438488558
208.49341440200809,0.009159753536352514
208.50758743286133,0.0038331796048169287
208.5235998630524,-0.0014871625945442571
208.5391011238098,-0.0007577593478249045
208.555100440979,0.0047225334180255665
208.56988143920896,0.008418806217673502
208.5853788852692,0.007427687796981108
208.60039591789248,0.00569880655825682
208.61636400222775,0.007373505489636744
208.631849527359,0.010110408248821949
208.6468484401703,0.00814165967517694
208.66285610198972,0.0007698718090229806
208.6785798072815,-0.005808794850501744
208.69455933570865,-0.006106594376066779
208.70996832847595,-0.0020053430175265854
208.72584676742557,0.0004212309042149285
208.74168634414676,-0.0008190375693340867
208.7577486038208,-0.0017222089087463519
208.773374080658,0.0010680820641705774
208.7885310649872,0.004885580809191463
208.80442261695865,0.004707375755959701
208.81986212730408,0.0005256834258112533
208.8350343704224,-0.0023663934016873857
208.8502938747406,-0.0008169570133489254
208.865695476532,0.0017191797426534812
208.88076519966123,0.0004332834790554468
208.8964955806732,-0.0032206949233904306
208.91249227523804,-0.002949423281861257
208.92854285240173,0.0031766999436308296
208.943864107132,0.008805392811293333
208.9587163925171,0.007057273544693803
208.97430896759036,-0.00020564786794277992
208.9892375469208,-0.004542531896805878
209.0049741268158,-0.0019921494513531843
209.02048635482788,0.0017756520556552417
209.03607392311096,-0.0008639005651473871
209.05130124092105,-0.009241713417005784
209.0673224925995,-0.015164883632515539
209.0828056335449,-0.013462399991958115
209.09883904457087,-0.008078010368535827
209.11420702934265,-0.0059174583627252895
209.12936544418332,-0.007545545305883176
209.1447367668152,-0.007631991519240989
209.1607208251953,-0.003712965114905074
209.17730712890625,-0.00012987121499903522
209.19245553016663,-0.0015030932980540333
209.2075972557068,-0.005485481410162295
209.22324013710025,-0.005543686888619271
209.23859906196597,1.2783000546811446e-06
209.25461411476132,0.005451516756619963
209.2705590724945,0.005302632516307041
209.2864668369293,0.0013451801576319735
209.30256915092468,-0.0004162243136422764
209.31811022758484,0.0016572006897024837
209.33412265777588,0.002945681685075476
209.34978461265564,-0.00024328512449405763
209.3649182319641,-0.004959757322323894
209.38064336776733,-0.00565995729139653
209.396591424942,-0.002230006004443889
209.4126431941986,-0.0003335266219384869
209.42847657203677,-0.003186330763919067
209.44446539878845,-0.0062983243752654785
209.4601023197174,-0.0031804822311856007
209.47540926933289,0.005255305776049792
209.49089765548703,0.010694848645638279
209.50608825683597,0.007476719791396896
209.521359205246,-0.0005020466557626529
209.53656721115112,-0.005100559254688879
209.5524516105652,-0.004001768762502821
209.56796431541443,-0.002127539954182339
209.58372330665588,-0.0035015562748028344
209.59925246238708,-0.005609027442909035
209.61471724510196,-0.0038552137096498455
209.63073873519895,0.0009831941384797847
209.6468231678009,0.003372716033024602
209.6621370315552,0.000881053188235682
209.6781826019287,-0.0020966366811703808
209.69426226615903,-0.0003819344787098461
209.7099776268005,0.004540813218735095
209.72594499588013,0.006398976123281244
209.7419445514679,0.0029956233795380783
209.75722789764404,-0.0004244503412515273
209.77286624908447,0.0016619897505503536
209.78899097442627,0.0072229962545323646
209.80501532554624,0.009268702496840218
209.82071471214292,0.005521102468813764
209.8357164859772,0.0017516585439919885
209.85084557533264,0.00392479807085737
209.86693120002747,0.00978486826678203
209.882981300354,0.011536288606799222
209.8990323543549,0.00620602721157542
209.9150402545929,-0.00028457649777023706
209.93019700050357,-0.0008367175158115817
209.9455988407135,0.003761172312839612
209.9614131450653,0.006441188706847458
209.9768075942993,0.0034684766953961984
209.99280452728271,-0.001150046118282732
210.0088038444519,-0.0018206476200654294
210.02420592308044,0.0012571581735656917
210.03953647613525,0.0036256130095085933
210.0547478199005,0.0036662632966026733
210.07062363624573,0.0042073550830628945
210.08564925193787,0.006631008680789311
210.1017248630524,0.007252120085789692
210.11657738685608,0.002422063856481522
210.13181710243225,-0.004806654221737559
210.1470093727112,-0.0070740316341647985
210.16300892829892,-0.0021130954489707752
210.1781463623047,0.003689333125256588
210.1936800479889,0.003141948126742861
210.20895838737488,-0.002689303340658188
210.22497701644895,-0.006424004927812985
210.24042534828183,-0.00454554520042363
210.25645661354065,-0.001785029344961347
210.2716579437256,-0.003875296745242095
210.28679728508,-0.009066160265074358
210.3024513721466,-0.010419455756134899
210.3174228668213,-0.005700885511303031
210.3325526714325,-0.000933348949642769
210.3479368686676,-0.0024284241613368998
210.3635714054108,-0.008185520944662718
210.37907433509827,-0.010528020482922533
210.3949604034424,-0.0063754170496964045
210.41109800338745,-0.0011607060999542244
210.427120923996,-0.0012966736438753202
210.4431915283203,-0.005709493119285098
210.458512544632,-0.007883050348965966
210.47350025177,-0.005172839944101426
210.4887080192566,-0.0022725201449316145
210.50401639938357,-0.004171848819774554
210.51976680755612,-0.008746975083035097
210.5345139503479,-0.00953904753911526
210.54943537712097,-0.004846645622368356
210.56502056121823,-0.00034379079555992616
210.58052587509155,-0.0014529349821967756
210.5963168144226,-0.005972200668547403
210.6117639541626,-0.0071456317928676755
210.627756357193,-0.0029270788120536973
210.64314818382263,0.0013090610778857326
210.65898895263672,0.0001862810757440169
210.6740641593933,-0.00448535180568374
210.6900839805603,-0.006511148494500221
210.70540952682492,-0.0038833099639160465
210.7211072444916,-0.0011322072849944784
210.73668098449707,-0.0024738922642445725
210.7520854473114,-0.005690300322303236
210.7674720287323,-0.0054202016616660695
210.7826466560364,-0.0010402863187587022
210.7990279197693,0.0022098317754715357
210.8140995502472,0.0005122590365374624
210.82903265953064,-0.003226598758879078
210.8446342945099,-0.003629872091426264
210.8599555492401,-0.0005495398919932587
210.87525701522827,0.0008684315814979997
210.89108777046204,-0.002089551792537423
210.90640258789065,-0.005318777709671754
210.9216041564941,-0.003440950865115689
210.93759751319885,0.002315939906931596
210.9527304172516,0.005225236379390927
210.96807622909543,0.002121922196065438
210.9840881824493,-0.0019772193239597537
211.0001156330109,-0.00036318958769482757
211.01546025276184,0.0063147561398821635
211.03035163879397,0.010661251439355028
211.0455422401428,0.008003281201257949
211.06149888038635,0.002064610678141
211.07698965072632,-0.00040751535278901047
211.0925452709198,0.0016275952662431316
211.10772824287412,0.0031457019740444587
211.12316465377808,0.0008718627808960303
211.13897585868835,-0.002031120565431079
211.15497612953183,-0.0008203506977102417
211.1710283756256,0.003631067154505615
211.1864490509033,0.0056838253451910025
211.20147728919983,0.0026997718157243298
211.2175235748291,-0.0012025935383136207
211.23332500457764,-0.0006811866510982333
211.2483856678009,0.0037278582685327513
211.2643845081329,0.0067110971861379445
211.2803966999054,0.005617585837012647
211.29590010643005,0.0035596217986769993
211.31189799308777,0.004011559762067736
211.3275752067566,0.005220011306694552
211.34272384643555,0.0030125510284488496
211.35796523094177,-0.0019624573082649265
211.37399983406067,-0.0036263110474525333
211.38924407958984,0.0016137266415617788
211.4052746295929,0.009171424102115619
211.4212956428528,0.01130800874096696
211.4373333454132,0.006759234820558737
211.4523358345032,0.0021722762069842473
211.46778106689453,0.003407788523998777
211.48357367515564,0.00833491431318429
211.4987223148346,0.010411718006130836
211.51453852653503,0.007542514229869093
211.5305619239807,0.0039737074082257726
211.5458927154541,0.003325018318597524
211.56181120872495,0.003343540043365701
211.5769181251526,-4.5274237064414635e-05
211.5924665927887,-0.005696431242546523
211.6075155735016,-0.008009121126707895
211.62333583831787,-0.004766636047910018
211.63895559310916,-0.0006565578672267525
211.65453481674197,-0.0010723124501714728
211.6698217391968,-0.004885055790707842
211.6854457855225,-0.006524036390168481
211.70103311538696,-0.004349877406997276
211.71641898155207,-0.003150242374733109
211.73162150383,-0.006920672934644495
211.74681758880612,-0.01217490168443329
211.7619450092316,-0.011751085100983619
211.77771186828613,-0.00447638325840756
211.79309940338132,0.0025432801429142427
211.8083245754242,0.0025893656144847085
211.82433915138245,-0.0023656177716612145
211.8403880596161,-0.004724260320988417
211.8556008338928,-0.0014085421332446454
211.87115168571472,0.0026021630658113904
211.8867225646973,0.001703249922014103
211.90229201316836,-0.0025401396525394568
211.9173069000244,-0.003870094487811392
211.9325160980225,-0.0002193654054033047
211.9482409954071,0.003551594721926717
211.9633755683899,0.002701942129051591
211.9794566631317,-0.0007101295219149656
211.99503827095032,-0.0010491078564333948
212.0110182762146,0.0023350578507611254
212.02660012245175,0.0034668579368554503
212.04223370552063,-0.002277888417719898
212.05791759490967,-0.011342347530400013
212.07392740249637,-0.01567810291794647
212.09003520011905,-0.012136224641407543
212.10508513450625,-0.005376979296835883
212.1211404800415,-0.0012604516195815988
212.137063741684,-0.00023169931557986707
212.1524741649628,0.0008973047248061021
212.16799974441528,0.0026977698450214426
212.1832091808319,0.0020914752023776864
212.19819688797,-0.002238709673842261
212.21345829963684,-0.006547541684089131
212.22902083396912,-0.006271397407395938
212.24512481689453,-0.002095447049370857
212.26092195510864,0.0008245131746477286
212.27678775787356,-0.0003010876264753926
212.2923142910004,-0.0023576147911026674
212.3081018924713,-0.0010665270263309585
212.324093580246,0.0025704142635650327
212.3401050567627,0.0033438092356403272
212.3558006286621,-0.0007300909856268337
212.37169528007507,-0.00495123273576115
212.3868184089661,-0.0036956853251136493
212.40146493911743,0.0020981419540558634
212.4161078929901,0.0059358075044671325
212.43145418167117,0.0040990066665404406
212.44687008857727,0.00017404380693673577
212.46217250823972,-0.00012440382421049275
212.47770285606384,0.0034777852249567942
212.4931857585907,0.006105984945871128
212.50863671302795,0.004912936423199705
212.52380108833316,0.002678239680567772
212.53931212425232,0.003021954672283167
212.5550925731659,0.004811371553389659
212.57006978988647,0.00421898059496133
212.5861053466797,0.0011281055558373708
212.60116267204285,-0.0001381747093640675
212.61720323562625,0.002606810313197822
212.6319994926453,0.005074805507444491
212.6478395462036,0.0014089964244206569
212.66298747062683,-0.007646616220230752
212.67837357521057,-0.014531267644761715
212.6944296360016,-0.013639484830259008
212.70998668670651,-0.007979868281934978
212.72600102424624,-0.005041035061840492
212.74087953567505,-0.007325517289398886
212.75693368911743,-0.009970347120955066
212.772962808609,-0.008095713234782337
212.78844165802,-0.0033746549322992633
212.80405402183533,-0.0009406318283529504
212.81911993026733,-0.0015766305218677364
212.83458614349365,-0.0005663696176783333
212.8496940135956,0.005231091526845911
212.86502695083615,0.01240370754642632
212.88108444213867,0.015383005174469586
212.89634227752688,0.013950996207630826
212.91182374954224,0.013091520373367365
212.92697191238403,0.015475106075474275
212.94216513633728,0.017497522710853426
212.9575572013855,0.014664830184618956
212.97283053398127,0.00860967789511003
212.98859095573425,0.005472611226722404
213.0040647983551,0.007560393454731525
213.01943135261536,0.009948201117802442
213.03546667099,0.007069600168058201
213.05151224136355,0.0003749315261246016
213.06669330596924,-0.0035863087098439786
213.08326292037964,-0.002117590913164117
213.09880805015564,-6.2402145402768415e-06
213.1143171787262,-0.002799133422512652
213.1304306983948,-0.00899914644556439
213.146018743515,-0.011895216866312886
213.1612813472748,-0.008439490760519471
213.1772944927216,-0.0030302881487333233
213.1933791637421,-0.0012520384531374737
213.2094223499298,-0.0024451041950344903
213.22507452964783,-0.0013943383099700836
213.2408132553101,0.0034933739922988413
213.25631165504456,0.007371269909876748
213.2722132205963,0.005713549047939278
213.28767347335813,0.0010139489707796938
213.3026897907257,-0.00043673546642476995
213.31853556633,0.002581283672266183
213.334557056427,0.004368533925857298
213.35047340393064,0.0004176401361746427
213.36649656295776,-0.0058802742948109435
213.38221907615664,-0.007603630463868274
213.39742517471316,-0.003751816143108169
213.4132554531097,-0.0004795198913951037
213.42913436889648,-0.002421301125046707
213.4452612400055,-0.006402163202245353
213.46085929870603,-0.0063451972119621235
213.47690868377688,-0.0022650171553754246
213.49247813224792,-0.00045808645713706303
213.50851202011108,-0.004540410753172743
213.524001121521,-0.010084125203197097
213.53989124298096,-0.010610021745033126
213.5553631782532,-0.006548999668362161
213.57081699371335,-0.004457369245950475
213.58606243133545,-0.007552683710109647
213.60205483436584,-0.011014751918022446
213.61726927757263,-0.008830074220458275
213.63312697410583,-0.0025487150943780718
213.64825677871704,0.0005984830426971982
213.66330432891849,-0.002159552922907683
213.67932105064392,-0.005027117108512111
213.69504976272583,-0.001689457896422014
213.7103540897369,0.005566669296382707
213.72541618347168,0.00863279245480697
213.7414209842682,0.004631447149151043
213.7570719718933,-0.00021221972648376077
213.7719407081604,0.0006501493061688581
213.7877526283264,0.0051094343202407345
213.80375909805295,0.00591915181143879
213.8196651935577,0.0014600292742161466
213.83499932289124,-0.001893597062045342
213.8508152961731,0.000779430675764079
213.8660454750061,0.0054778180650872695
213.8819801807404,0.004830253721880217
213.89749002456665,-0.0011412114870472377
213.91349625587463,-0.004703197954498126
213.92933440208435,-0.0014564968635364973
213.9453401565552,0.002930140621760183
213.96133017539975,0.00042484596424386127
213.9763553142548,-0.007613245029700146
213.991925239563,-0.011441608075089755
214.00707030296329,-0.0059981703724948324
214.0231237411499,0.0019201032090894075
214.0392301082611,0.002631064240704427
214.05522298812863,-0.0034357902793228064
214.0706944465637,-0.006671990436279138
214.08585000038147,-0.0018432840991967523
214.1008553504944,0.0047307495506509825
214.11603331565857,0.004520412757436615
214.1312634944916,-0.0006055503127698095
214.14644265174863,-0.0007895984849275418
214.16200256347656,0.00726810945654701
214.17824697494507,0.014353439698080613
214.1942448616028,0.010673569754752968
214.21017003059387,-0.00043602638164398676
214.22596526145932,-0.006487509266965783
214.2414240837097,-0.0025651869055204795
214.25745034217837,0.002316673288157973
214.27275848388672,-0.001769505921580353
214.28819704055783,-0.011404085067118454
214.30355739593503,-0.014415321905672645
214.319180727005,-0.006993742880585877
214.3348970413208,0.000859265926724704
214.35093712806705,-0.0004762659774478206
214.3669617176056,-0.00633274020501962
214.38239526748657,-0.004245225311096422
214.39799094200131,0.007636281302596908
214.41375708580017,0.016261085935187984
214.42877316474917,0.010679133879313796
214.44522166252136,-0.002483270074406347
214.4608423709869,-0.006934299122830246
214.47614645957947,0.0019064014559971657
214.49145007133484,0.011036535828152689
214.507022857666,0.007721013204023805
214.52201509475708,-0.003306175890454507
214.53800201416016,-0.006920538530924903
214.55397176742557,0.0009785711528171436
214.5692455768585,0.007715584085116715
214.58475422859192,0.001993891184005592
214.59972953796387,-0.009514828976176736
214.61567616462708,-0.010977129204648989
214.6310234069824,0.00013139545557812283
214.6461935043335,0.008556443416973005
214.6616759300232,0.001949693972901915
214.67770409584045,-0.01167053241082333
214.69380593299863,-0.01451912642758756
214.7093107700348,-0.003672826378556491
214.72475934028623,0.00459950334694673
214.74029779434204,-0.0024083432594997484
214.7560214996338,-0.015243478891145981
214.77145433425903,-0.014461964521586532
214.78698539733887,0.0019549851408586817
214.80300092697144,0.01341122630057451
214.81869769096372,0.002214755597023571
214.8339490890503,-0.022614481905661673
214.84984588623047,-0.033422749415137024
214.8656816482544,-0.013182975275981992
214.88103246688843,0.028585969776413315
214.8965344429016,0.06661041251209153
214.9122078418732,0.07963588399504454
214.92828822135925,0.06124824548316746
214.94366478919983,0.022147987488134856
214.95900797843933,-0.013483656661165602
214.9750552177429,-0.022703911742709675
214.99058723449707,-0.0041620220576073005
215.0066857337952,0.018662321954826935
215.02197241783145,0.021390790567991758
215.03722047805783,0.004960849186480298
215.05293321609497,-0.008084178664741678
215.0680515766144,-0.002901817965020135
215.08421111106875,0.010301293784362887
215.100301027298,0.012270170588122473
215.1154534816742,0.0009617002863818057
215.13101744651797,-0.007449668676822829
215.14631366729736,-0.0025145781386293857
215.1623511314392,0.005880829304731466
215.1777229309082,0.002253144806504086
215.1931140422821,-0.011771730731698635
215.20911145210263,-0.018830069100250604
215.22516250610352,-0.009352611957477244
215.24058866500852,0.005292695522981206
215.25590467453003,0.007897898705755583
215.27097845077515,-0.002168914229181247
215.28726887702945,-0.009499978318561038
215.30230593681333,-0.0044157616387118
215.31729459762573,0.0043742751960271845
215.33283805847168,0.002973341845920759
215.3477213382721,-0.00782850688876516
215.3630566596985,-0.013710987729235187
215.37888288497925,-0.006919601626325409
215.3943796157837,0.0029229477453641926
215.4101278781891,0.002136838078100146
215.42604994773865,-0.008265749995571538
215.44068503379825,-0.014218798453604638
215.45604920387268,-0.007908517718733913
215.47075510025024,0.00205949549747096
215.4854369163513,0.003071729497255298
215.5010461807251,-0.004393950992871081
215.5162971019745,-0.008493097037444807
215.53203678131104,-0.003169740151939488
215.5481057167053,0.0037479378031336713
215.5641028881073,0.0023641133874212445
215.5801265239716,-0.004895343192843961
215.59619092941284,-0.00674006178002182
215.6112756729126,0.0008428349637856327
215.62734293937683,0.008698799336864729
215.6425302028656,0.007135950436401823
215.6583244800568,-0.0006528496903382688
215.67359852790835,-0.003029019144771815
215.68898677825928,0.004128070808943606
215.70481371879575,0.012037102442404458
215.72075510025024,0.011260725315726756
215.7364411354065,0.004279654415823295
215.75169920921329,0.0012427498146211752
215.76693677902225,0.005452311893860008
215.7818419933319,0.009021811728319468
215.79735922813416,0.004410957988041725
215.8123869895935,-0.004624100932827564
215.82849407196045,-0.00795839741266767
215.84452891349792,-0.0028674930837784417
215.85965585708615,0.0025150298164675
215.8756456375122,0.0005284747617086195
215.89081263542172,-0.005943941371153597
215.9060411453247,-0.008395850430280212
215.9216446876526,-0.004974754966775419
215.9375331401825,-0.002512008223656436
215.9528031349182,-0.005860979059395977
215.9680867195129,-0.010302295223028807
215.9840908050537,-0.008100868237471815
215.9993941783905,0.00017274053432423482
216.01459956169128,0.005813551960983498
216.03063082695007,0.003586491072893664
216.04586052894592,-0.001447066549847974
216.0613934993744,-0.0013384788186620094
216.07701086997983,0.0035859028859495643
216.09296369552607,0.005428505768173719
216.1086015701294,0.00021477829984170365
216.1240329742432,-0.0060365324535933225
216.14010214805603,-0.005319001334109244
216.15612363815308,0.0013659799584081864
216.1712803840637,0.00537829928823788
216.1864686012268,0.002265068187192109
216.20200157165527,-0.0024502923908360902
216.21746492385864,-0.001411490624728031
216.23298597335813,0.0041801239210018555
216.24785137176517,0.006527490033168798
216.26335430145264,0.0025050888407084967
216.2792398929596,-0.00186484254419901
216.29463148117063,4.425609255718447e-05
216.31002283096316,0.006129781806969585
216.3255696296692,0.008539432846313633
216.34076738357544,0.0045187518327080905
216.3561763763428,-0.00018438007412496224
216.3717098236084,0.00024247328221251724
216.38720631599423,0.0037378657348952106
216.40237283706665,0.004072382578821059
216.41816544532776,0.00038177640297593204
216.4336700439453,-0.0015191639952501779
216.4490144252777,0.0020523064172588085
216.46508979797363,0.006620735981737286
216.48062348365784,0.00533304187319219
216.4966335296631,-0.0014158652805657435
216.5119798183441,-0.006186255076047837
216.52705335617063,-0.004414201655759009
216.54231905937195,-0.0002603507645839785
216.5577735900879,-0.00039080621761829843
216.57377409935,-0.004629336734460288
216.5892941951752,-0.0065879400284856995
216.60529446601868,-0.003118727698151177
216.62129473686215,0.0009778186864541323
216.63630032539368,-0.0003048090230360996
216.6523015499115,-0.005550981030291378
216.6682906150818,-0.007667763119296869
216.68360090255737,-0.0036477565055025784
216.6992678642273,0.001263462424611275
216.71536588668823,0.0007433167085224815
216.7305588722229,-0.004143832268504391
216.7456240653992,-0.00684814146608022
216.76073241233823,-0.004600440123608883
216.7760488986969,-0.0018836073170308137
216.79126739501956,-0.0034785438896316424
216.8065881729126,-0.007344876849637156
216.82158398628235,-0.007642947063421513
216.837708234787,-0.003493076560145506
216.85357069969177,-0.0007288990229845834
216.86905884742737,-0.003835134909220399
216.8848204612732,-0.009348665648740529
216.9007086753845,-0.0102307344620121
216.91616082191467,-0.005403153573490031
216.9317786693573,-0.0012554977424872407
216.94690418243408,-0.002932245422878524
216.9629385471344,-0.0073491777492774675
216.97890639305115,-0.00749854073452413
216.99480175971985,-0.002010251314879487
217.01025223731995,0.0031749818292412515
217.02530884742737,0.0030653315019525617
217.04185152053836,0.00015738128141156663
217.05737948417664,0.00029911669386451217
217.07328987121585,0.004021833727030353
217.08884119987488,0.005744976550605128
217.10417556762692,0.001977355492168085
217.120010137558,-0.0032053352858492177
217.1356420516968,-0.003379930480421524
217.1511483192444,0.0014667968930164865
217.1672775745392,0.004935995989672518
217.1824221611023,0.0030232354494762943
217.198068857193,-0.0005886343562155145
217.2130537033081,-6.99585330292251e-05
217.2286834716797,0.004153918985098351
217.2439169883728,0.006032894122385229
217.25959014892575,0.002537084977412739
217.275098323822,-0.002028676220240811
217.29085040092468,-0.0020889754420965988
217.3069009780884,0.0014984119097004624
217.32284092903137,0.0029949222973420543
217.3385832309723,0.00013975754449847052
217.3538856506348,-0.002775944652812972
217.36957478523252,-0.0014395470612842101
217.38490653038025,0.001963414363658409
217.4009108543396,0.0018888937279112144
217.4169447422028,-0.0021496966610846354
217.432962179184,-0.004223235293615721
217.448267698288,-0.00014284097461378376
217.46426463127136,0.006273190624838924
217.48028588294983,0.008007272658189367
217.4962749481201,0.004313235226763225
217.51192498207087,0.0015814397655408178
217.5271005630493,0.004261644144660253
217.5430490970612,0.008550382692725893
217.5586895942688,0.00779271926969165
217.574702501297,0.002119073945221626
217.59050107002255,-0.0012377075630573319
217.60563445091248,0.0023836638393948516
217.6217339038849,0.008675171934351127
217.6370358467102,0.010056256341642356
217.6517403125763,0.005581167135460081
217.66709160804749,0.0014700828616449344
217.68314242362976,0.0019324591438622737
217.6983065605164,0.003464141274008664
217.7139859199524,0.0005109493805409257
217.72960925102237,-0.005975940862514172
217.74506187438965,-0.00957069931647512
217.75987076759336,-0.007504475231041677
217.77531242370603,-0.0046502249263762055
217.7913548946381,-0.0064673614296431635
217.80697226524356,-0.010956192167404094
217.82246828079224,-0.01132305310323387
217.83805894851685,-0.005847721076387834
217.8540403842926,-0.0009515090573926032
217.86948609352112,-0.0027666281226468407
217.88478875160217,-0.008681516332673781
217.900283575058,-0.010620507437456475
217.9155368804932,-0.0056701441405134344
217.9315094947815,0.0003957058363802967
217.94711232185364,0.0012080697557614894
217.9631061553955,-0.001871413541307385
217.9787061214447,-0.002449303390172199
217.99459409713745,0.0014777874992630757
218.00954008102417,0.004791236448173418
218.02472853660583,0.0028291288168807442
218.04036474227905,-0.0017195179195324106
218.0563716888428,-0.0024385062100127806
218.0722539424896,0.0019056409758374708
218.08782601356504,0.005812992679818345
218.103310585022,0.004864623242784378
218.118677854538,0.0016240853919257596
218.1347315311432,0.0013552252653774065
218.14948678016663,0.00406506877618663
218.1646773815155,0.004589363817689983
218.1807668209076,0.0006193440491842339
218.19594764709475,-0.0031569906113036606
218.21124935150144,-0.0012306182760795144
218.22680926322937,0.0047221916311554445
218.24289631843567,0.007524391422893756
218.25875616073608,0.003976539421260073
218.275132894516,-0.0008500290015470801
218.28940510749817,-0.0005632312689554551
218.30501747131348,0.003798592296569171
218.32209634780884,0.005231062399978311
218.33637046813965,0.0004475446355700673
218.3524806499481,-0.005501232937109817
218.36825489997864,-0.005968505026982276
218.38372254371643,-0.0015273833986232414
218.39898371696472,0.00111407689063174
218.41481637954712,-0.0016849785366721366
218.43092894554135,-0.005999222528585307
218.44679737091064,-0.006478616873745839
218.4623656272888,-0.004095577688338067
218.4783580303192,-0.0044170143342342665
218.4938447475433,-0.008934529479434017
218.50972533226013,-0.011987177763542425
218.5252227783203,-0.00804431923046937
218.5409245491028,0.0005449216239700912
218.55673265457156,0.006142339572393971
218.5726969242096,0.0053634773300519365
218.588707447052,0.002670817318580072
218.6045801639557,0.003494483520408604
218.62058281898496,0.006809615532288905
218.63595867156985,0.007397461287021484
218.65146446228027,0.004035578113960147
218.66746354103088,0.0015623210831283447
218.6834931373596,0.0037890916860802044
218.6988570690155,0.007557276265762486
218.71496319770813,0.0067626415528950785
218.73045253753665,0.0009091259758211888
218.7464797496796,-0.003932671354218958
218.76159715652463,-0.00327083870014353
218.77715802192688,-4.839343054337513e-05
218.7924129962921,-6.39735322302856e-05
218.80796098709104,-0.003623508391694761
218.82400798797607,-0.00535844132677586
218.8395988941193,-0.002341171782944309
218.85543775558472,0.0013485620372988838
218.8704900741577,0.0003683404552178517
218.88580322265625,-0.004000157588304798
218.9013171195984,-0.005320934803427102
218.916729927063,-0.001066372863473046
218.93201661109924,0.0035268621039217032
218.94804120063785,0.0025077895954798133
218.96394538879397,-0.002539859078563458
218.9789206981659,-0.004635904948504268
218.9944815635681,-0.001004518666508857
219.01039481163025,0.0032945378782564677
219.02575707435608,0.002765143427344417
219.0418553352356,-0.0005738335823628829
219.0579171180725,-3.1404886584918286e-05
219.07392406463623,0.005927839160580503
219.0899999141693,0.010714617408905986
219.10503005981445,0.008063281143896425
219.12026739120483,0.000553782590673276
219.1360273361206,-0.0035126286198229376
219.1510796546936,-0.0007461971638560308
219.1671416759491,0.003482318549038116
219.18268465995789,0.0027926409622079547
219.19860124588013,-0.0017964446093689957
219.2139151096344,-0.004117053166475592
219.22969317436215,-0.002007912179855157
219.24558925628665,-0.00025044909444174417
219.26157450675964,-0.0032787869924755146
219.2770562171936,-0.008228682322928213
219.2928910255432,-0.008458813734346678
219.3086683750153,-0.0028609222995541767
219.32464957237244,0.00209101422132017
219.34070682525635,0.0006650854355082845
219.3567526340485,-0.004736465717247388
219.37275552749637,-0.0071445818781013005
219.3887813091278,-0.004396578247774821
219.4043469429016,-0.0013760562503484478
219.420346736908,-0.0024908625135216583
219.43609619140625,-0.005358214465011123
219.45141792297363,-0.004512674443381501
219.46672296524048,0.00046458270377050005
219.48277401924133,0.004099195470347304
219.49804019927976,0.0025939427353697344
219.51441740989685,-0.001020542977783063
219.5294406414032,-0.0014187670020666921
219.5446445941925,0.0013936543211576493
219.55989789962769,0.002289042850481736
219.5759139060974,-0.0012718454472856683
219.5925281047821,-0.005115499961095983
219.60755801200867,-0.003898263024406391
219.62324857711792,0.0012991146927381035
219.6393983364105,0.004028442426335307
219.654659986496,0.0009917806923715033
219.6707072257996,-0.0035342480881973806
219.68663501739505,-0.003417105549395368
219.70251512527463,0.0012375124365179846
219.71796655654907,0.004558549029110648
219.73396968841556,0.0031098469867485413
219.74931597709656,0.0004430429175173939
219.7652921676636,0.0018473659444010766
219.78015995025635,0.006829955792444601
219.79553389549253,0.00988108265178144
219.8109607696533,0.008283961858011077
219.82613945007324,0.005821371369782455
219.84145164489743,0.007155976753723753
219.8566324710846,0.010954942880620745
219.8718793392181,0.011629763309065804
219.8872208595276,0.007336661772718621
219.903293132782,0.0029352730742182313
219.91886854171756,0.003590594873312861
219.93400239944455,0.007817190960569605
219.94915580749512,0.009568090352907416
219.96448802948,0.006410349128843003
219.98053884506223,0.0025172345617794334
219.99607110023496,0.00254770582610956
220.0113489627838,0.005099731544830736
220.02651953697205,0.004908103059847953
220.04260969161987,0.000711341616151725
220.05811762809756,-0.002370869399579867
220.0739104747772,0.0003773382625766415
220.08940744400024,0.0065936241039537165
220.10546278953552,0.00973423788073826
220.1214978694916,0.007748758731142565
220.13674807548523,0.005520181773657773
220.15287590026853,0.0076867264313712
220.16844820976257,0.011994978209979374
220.18443393707275,0.012571860177538766
220.20040249824524,0.008379032450299648
220.21591806411743,0.004718102697582305
220.2315294742584,0.005624020734081529
220.2469072341919,0.00807109747740211
220.26213550567627,0.006355485704159124
220.2779905796051,0.00047065353873842596
220.29323840141296,-0.003476871078410348
220.3085057735443,-0.0015361604812022043
220.32405853271484,0.002701136634250535
220.33943676948547,0.0031389376195989733
220.35514378547668,-0.0004467055366731117
220.3707709312439,-0.002415425797960011
220.38683700561523,0.0005057712350394778
220.4020476341248,0.004531676440145927
220.41714334487915,0.004297051979172084
220.43232011795044,0.0005771940159386502
220.44783329963684,-0.000889216521479598
220.463894367218,0.0021214457017661543
220.47952342033383,0.004689309067626525
220.4945278167725,0.0014372354603656421
220.5105447769165,-0.005605022678661561
220.52585792541504,-0.009057170462178835
220.5413031578064,-0.005630996894163221
220.5569233894348,-0.00014082356090011454
220.57193851470947,0.0012565830888243636
220.5874743461609,-0.0009243522167003545
220.60302591323853,-0.001235016777864718
220.61841940879825,0.0021064510349070257
220.6344258785248,0.004242294910213856
220.6500165462494,0.0005936347969429105
220.66598749160767,-0.006304850037607894
220.68135166168213,-0.009957865464141586
220.69662475585935,-0.008714953004796544
220.71182799339292,-0.007794439550610412
220.72726368904117,-0.011607330670591725
220.74326133728027,-0.017141506391967612
220.7583074569702,-0.017798464421324933
220.77411246299744,-0.012544620187533693
220.7893478870392,-0.007753212575632166
220.80493211746216,-0.009044495964409325
220.82030653953552,-0.014103265683976124
220.8353042602539,-0.016089185631295185
220.8503427505493,-0.012764581282725266
220.8656063079834,-0.008855983704147061
220.8807978630066,-0.008849155407653174
220.8962292671204,-0.010699112415101887
220.9122233390808,-0.009247042569947381
220.9279747009277,-0.004160572179829307
220.9439558982849,-0.0008925584085621444
220.9595901966095,-0.0032148778941151323
220.97506165504456,-0.007854356666666167
220.9905335903168,-0.008807539934685204
221.00653171539307,-0.005325553857658358
221.0225315093994,-0.0024550760795164807
221.03788232803345,-0.0035397010997470814
221.0539083480835,-0.005445006045060614
221.06938362121585,-0.003406294328043741
221.0848195552826,0.001383802674474484
221.09980607032776,0.0025353527448865824
221.1152918338776,-0.002902091317393631
221.1306071281433,-0.009699244337550289
221.14660716056824,-0.010476224533186963
221.16247296333316,-0.0047303238394995565
221.17788648605347,0.00105235184458738
221.193971157074,0.0019479864823764678
221.20968222618103,3.9579256152210644e-05
221.22549653053284,-2.3315261513615765e-06
221.2415006160736,0.0019978184450115902
221.25653052330017,0.0022142966529581144
221.27191376686096,-0.0004653077989633216
221.28763818740845,-0.0019698380082604607
221.30313420295715,0.0011478321818662986
221.3183476924896,0.00606141793185195
221.3339011669159,0.006862841224324837
221.34993505477905,0.0026335910131517403
221.36537265777588,-0.0009887478320077681
221.38050603866577,0.0006666351493733657
221.3962013721466,0.004946433098881708
221.4121775627136,0.0055299078152600736
221.42701292037964,0.0010643639542819274
221.4426486492157,-0.003173612668417436
221.45851373672485,-0.0027840997874712834
221.47354793548584,-0.00029883397098469985
221.48933720588684,-0.0012394552077101659
221.50497817993164,-0.005765911255129101
221.52052307128903,-0.007892446542765049
221.5360696315765,-0.0036830312748954517
221.55141305923465,0.003027212912547069
221.567200422287,0.005652183624989979
221.5829472541809,0.003768911624201652
221.59822964668277,0.0033709071810762276
221.61370658874512,0.007980994030729417
221.62898325920105,0.0131266088961981
221.64439797401428,0.012164193508175204
221.66007494926453,0.005581180339013796
221.67577362060547,0.0008433569723401938
221.69092798233032,0.0027856959330966368
221.70659255981445,0.00757695622261922
221.72191762924197,0.00830899286982762
221.737978219986,0.004253604502446997
221.7540159225464,0.0010715640037900864
221.76956152915955,0.0021795405028275008
221.78499150276184,0.0037939493441335598
221.80003476142883,0.0006505127064433671
221.81604194641116,-0.0059486925649658955
221.83128547668457,-0.009470242176466127
221.84679555892944,-0.00718312996095548
221.861841917038,-0.004096923034464612
221.87700605392456,-0.006021664412398686
221.89307355880737,-0.011307895332137878
221.90881609916687,-0.012891489180178555
221.9244315624237,-0.008008606454848036
221.9395847320557,-0.002200326420729554
221.955139875412,-0.0020029398252962146
221.97122144699097,-0.0062915657034029624
221.9865522384644,-0.008065684214479008
222.002147436142,-0.0040211097634449185
222.0173819065094,0.0013670024723252462
222.0333752632141,0.0025894451919403474
222.04937314987183,0.0008078596479378854
222.0653862953186,0.001612080609853993
222.08140206336972,0.006335435896595241
222.0978021621704,0.009617766362908673
222.11268758773804,0.006846915621679224
222.12792253494263,0.00091476940653321
222.14378571510315,-0.0013806106349363865
222.158935546875,0.001643638567627101
222.17435836791992,0.004638646322552411
222.19043827056885,0.0029552236086978446
222.2058045864105,-0.0008688538090877379
222.22134399414065,-0.0008780734427874133
222.23837327957156,0.0036964905598602157
222.2533826828003,0.0071064783101880205
222.26940441131592,0.0048328165066859035
222.28510427474976,-0.00044044030052207625
222.30113768577576,-0.002811041246868212
222.316632270813,-0.0012781017188513918
222.3326985836029,-0.0005329165519657802
222.34876561164856,-0.00348653040454934
222.3643701076508,-0.006419118066093283
222.38024139404297,-0.003995540159336671
222.39537811279297,0.0027510067932250987
222.41148138046265,0.0069658162723018596
222.42725014686584,0.004808283164893937
222.44283747673035,0.0005792429874951826
222.4580082893372,0.0009578688591601377
222.47355484962463,0.0060867249377724465
222.489084482193,0.009608762489520556
222.5046458244324,0.007462229516507402
222.51987075805664,0.0032585078572590267
222.53503680229187,0.002950855557243304
222.5509185791016,0.006421033859739168
222.5656180381775,0.007782757490003629
222.58080291748047,0.003860115492812763
222.59624028205872,-0.0012157764206639052
222.6123094558716,-0.0018309816489867881
222.6273250579834,0.0011437835755246546
222.6433551311493,0.0016496764779281726
222.65855860710144,-0.0027092067501147113
222.6740894317627,-0.0068064996004586695
222.68882203102112,-0.004792605226346232
222.7048552036285,0.001781928220597028
222.7198750972748,0.0058706069492835185
222.7354741096497,0.004363764603584181
222.7510251998901,0.002079153048354951
222.76602244377136,0.004824504285699781
222.78203439712524,0.011193667916298018
222.79761219024655,0.014501340683198197
222.81284046173096,0.012082405385735049
222.82870769500727,0.008895239597525778
222.84392428398127,0.010452669807517747
222.85995149612427,0.015152903322694497
222.87565565109253,0.016808585939981083
222.89111018180847,0.01360694666802902
222.9063003063202,0.010598415619745106
222.92214465141296,0.01213447655440415
222.937513589859,0.015201467175089875
222.9526963233948,0.013468630553005474
222.9686014652252,0.006490722625672885
222.9840531349182,0.0008478744116093629
222.9991300106049,0.0012787412323198239
223.0151298046112,0.0042019000552539236
223.0310924053192,0.002887792628964902
223.04660749435425,-0.002889753800000009
223.0617778301239,-0.006396698612839461
223.07771277427676,-0.0034768937390239653
223.09374380111691,0.0013353764401801433
223.1092095375061,0.0008800996129438273
223.1245138645172,-0.004776404918936372
223.1402678489685,-0.008480488515720443
223.156147480011,-0.005863954670129992
223.1720907688141,-0.0011062856793004514
223.18772983551025,-0.0007394642793756992
223.2034740447998,-0.004515693512811359
223.2188336849213,-0.00619551997907232
223.23488020896912,-0.002790617634943057
223.2509069442749,0.0010984407404249813
223.2664053440094,-7.364688955185071e-05
223.28175115585327,-0.004846362182647514
223.29748010635376,-0.006894299142928313
223.31290125846863,-0.004097257327892095
223.32882857322693,-0.001463183724354596
223.3448390960693,-0.0036761725248236265
223.3609483242035,-0.00797837090092881
223.37644386291504,-0.007796123632307934
223.3916916847229,-0.002254933756892534
223.4068887233734,0.00190853698741561
223.42303919792172,-0.0008760242722951651
223.43813490867612,-0.007474565507686262
223.4532687664032,-0.010207721907714386
223.46917963027957,-0.007068202425964254
223.48530554771423,-0.004006620118093119
223.50130319595337,-0.0063299816085650735
223.51742672920227,-0.01130842437739003
223.53281664848328,-0.012185124729427031
223.5488760471344,-0.007718172768035528
223.56475806236267,-0.0038086136500250912
223.5805468559265,-0.005118128754111226
223.59644198417664,-0.008599800124770622
223.6122043132782,-0.00796020307589276
223.62819719314572,-0.0026199275057298206
223.6442513465881,0.0014642175661317418
223.6603202819824,0.00013170541629650267
223.67565155029297,-0.0034053708807226667
223.69068217277527,-0.0035933246861908834
223.70656180381772,-0.0007806962867355329
223.72174715995789,-0.0006473548809520675
223.73686528205872,-0.0054954086284508
223.75269842147827,-0.010018266897793837
223.7685871124268,-0.00810293980557536
223.7837815284729,-0.0014704178565353456
223.79950404167172,0.002099596644661018
223.81550359725952,-0.001076999485437386
223.83068704605105,-0.005834659969581636
223.8464059829712,-0.005295563597520829
223.8621687889099,-0.00011880798005951907
223.87771606445312,0.002682204421472774
223.8937177658081,-0.0005153074751636537
223.9097294807434,-0.005118294651141602
223.92556166648865,-0.004818206749670155
223.9415991306305,-0.0001015851011436893
223.95690655708316,0.0030032102589684913
223.9724600315094,0.001759096453640938
223.987868309021,0.00040000961819206893
224.0035095214844,0.0035279531115126692
224.0192561149597,0.008878243968889733
224.03531050682068,0.010051963096470573
224.05089044570923,0.005562347148286217
224.06692552566528,0.001274491489684343
224.08289742469788,0.002404307745090176
224.0990707874298,0.0061336192919138706
224.1150906085968,0.00539567002512527
224.13036179542544,-0.001203301973997331
224.14640069007876,-0.007136483022287378
224.16195130348208,-0.006588703172190411
224.1774415969849,-0.0020162026165558068
224.19344830513,-0.0002978428461649081
224.20948266983032,-0.0031687902432672955
224.22479510307312,-0.005431826248840002
224.24053597450256,-0.0031063481920122027
224.2558636665344,0.0005413199379979612
224.27188062667847,-9.664906566135166e-05
224.28785967826843,-0.004301579949835531
224.30357813835144,-0.005458247254653531
224.31913423538208,-0.0004964435862488976
224.3345632553101,0.00495134431550861
224.3492739200592,0.0035064762147859058
224.36525201797485,-0.003901024775196248
224.3806521892548,-0.008693023925424571
224.3959965705872,-0.0055186261178981925
224.41189002990723,0.0011256713599968001
224.42781162261963,0.003251034953443638
224.44376611709595,-0.00023858460389162076
224.45898127555847,-0.00322364936411675
224.47498726844788,-0.0018345182152553
224.49020838737488,0.0001352279112891131
224.5057003498077,-0.0025351615203552504
224.5211596488953,-0.00795200383575897
224.53655004501343,-0.009016976255513589
224.55139660835263,-0.003498512239124724
224.5676929950714,0.0020947004502825106
224.5836091041565,0.0009054615366641686
224.60001516342163,-0.004825212315155581
224.61510252952576,-0.006452566190357961
224.63075137138367,-0.00047828051042577563
224.64609694480896,0.00661894524799158
224.66167068481445,0.006823546221734367
224.6772632598877,0.0008330398687930751
224.69333505630493,-0.0035415715369406546
224.7085964679718,-0.0020342705161474663
224.7244770526886,0.0012079581747550363
224.74032974243164,0.0005949325133366695
224.7559037208557,-0.0027235866055658284
224.7713253498077,-0.0031118501336803986
224.7865917682648,0.0006354168105924228
224.8019533157349,0.002991944729766187
224.8169548511505,-0.00048033734424561374
224.8321511745453,-0.006446204217641911
224.84755778312683,-0.008045550328748399
224.86261677742004,-0.004251450088517631
224.87952589988708,-0.001103096896587847
224.89453864097595,-0.0030579798637099635
224.91016483306885,-0.006717471566264868
224.92606210708615,-0.005751663797983597
224.9412879943848,7.239479239605408e-05
224.95721435546875,0.004585441952526409
224.97329330444336,0.003986230525831554
224.9890673160553,0.0021532951432715196
225.0046148300171,0.004859831618968704
225.020115852356,0.01100395161033634
225.03609681129456,0.01340148760422507
225.0509910583496,0.008466024432585985
225.0662522315979,0.0015163937727214099
225.08155274391171,0.0001335885547013283
225.09764218330383,0.004405066991913473
225.11340832710263,0.0073269620122118
225.12892198562625,0.004683842036865074
225.1443283557892,0.0006617124360400693
225.15952396392825,0.0015187075490701767
225.17474842071533,0.0063855086029273
225.19008374214167,0.008260658180715941
225.20603847503665,0.003922325298011923
225.22205018997192,-0.0011730195486306869
225.23781061172485,-0.0001266478034976119
225.25382471084595,0.0058701597761482895
225.26922392845157,0.008947233196160401
225.2844364643097,0.005051025585714254
225.3010482788086,-0.0008835236666845758
225.31623888015747,-0.0019303199883270042
225.3315396308899,0.0017309813460528647
225.34741759300232,0.0041234228436554474
225.36352276802063,0.0026104697974728016
225.37940502166748,0.0014192538784585699
225.3945367336273,0.004713496753115205
225.41016387939453,0.009735858741749818
225.42609786987305,0.01040264537789043
225.441281080246,0.006308647833753578
225.4572310447693,0.003838181325801779
225.47250843048096,0.007267346892933019
225.488440990448,0.012394256130923986
225.503977060318,0.012041680459407591
225.5196452140808,0.006004492913694537
225.53481698036197,0.0014695551968602946
225.55076932907104,0.0031134329417470573
225.5658013820648,0.006633842625566565
225.58064484596247,0.004850193617926022
225.59673261642456,-0.0020529337539199645
225.6119270324707,-0.006497468312284408
225.62714624404907,-0.0038516219000547906
225.64262580871585,0.001246865253282584
225.65861320495603,0.0013758190067704192
225.67462015151975,-0.0035133560600798955
225.69013905525208,-0.006470307894143669
225.7056350708008,-0.003759642093150323
225.7212677001953,-0.00037597942310537216
225.7373125553131,-0.0029945429373048407
225.7530391216278,-0.010232849138886292
225.7690062522888,-0.014016014961291186
225.7846167087555,-0.010394795772111429
225.7997295856476,-0.004863244905267552
225.8151593208313,-0.00473396621247561
225.83116793632507,-0.009136274804491706
225.8471684455872,-0.010506675604414149
225.8628351688385,-0.0053402072260519216
225.87849521636963,0.0008742019654277673
225.89391446113584,0.0012568628214292186
225.90998697280884,-0.0031381603489225203
225.92512774467468,-0.005195993236339251
225.94088196754456,-0.0018083456631858156
225.9569275379181,0.0021610766302666627
225.9727292060852,0.001301560630388977
225.98808217048645,-0.0024279455069089375
226.00315737724304,-0.0026360305652493223
226.0189754962921,0.002025157616655166
226.03498935699463,0.005551495077062366
226.0508415699005,0.002976134702546826
226.06589603424072,-0.002325515685953243
226.0812661647797,-0.00294185436341439
226.0972573757172,0.0023790099660453354
226.1127052307129,0.006812316201127862
226.12812733650208,0.004612212398115087
226.1441466808319,-0.0012689493847152142
226.1601791381836,-0.00352476262921055
226.17534971237183,-0.0004969916976181668
226.1904559135437,0.002135215315392307
226.20578265190125,-0.00011551469858474186
226.22178053855896,-0.004267222244684449
226.23652839660645,-0.0046147269407644425
226.2525398731232,-0.0012311782994495236
226.26777005195615,0.00023441636577253088
226.283807516098,-0.002906972453049747
226.2988126277924,-0.006049104763879713
226.3143520355225,-0.0037363426637790124
226.32962679862976,0.0020919807436242475
226.3447597026825,0.003996193647713789
226.36078095436096,-0.00105619592933524
226.3767969608307,-0.007311939532657025
226.39226245880127,-0.007568690472876101
226.4078311920166,-0.0023655096742723
226.42391538619995,0.0012962639812968062
226.43988633155823,-0.00042743858369702174
226.4552230834961,-0.0036058634669540153
226.4712405204773,-0.0028305180330251978
226.4863007068634,0.0010059584649323569
226.50265836715695,0.0025181365870894
226.5181336402893,0.00021464986173848517
226.5341045856476,-0.0010353174045635433
226.54960989952087,0.0027222469072187986
226.5646107196808,0.007986107276094319
226.58073258399963,0.007776596734646972
226.59674048423767,0.0010868566432909307
226.6121561527252,-0.005226664061871283
226.62728834152225,-0.004994787299199404
226.64288759231567,-0.00032705021349923886
226.65869903564453,0.0018517488645792305
226.67480325698853,-0.0006689796756628999
226.6907844543457,-0.0028786513498228294
226.70592188835144,-0.0001556581040461193
226.721510887146,0.00497402132410877
226.7368206977844,0.006407346540097836
226.75244784355164,0.00312267514640136
226.76761031150815,0.0005549227529444531
226.78316497802732,0.002738387295811116
226.7981748580933,0.00645000557193005
226.81357836723328,0.005814395000360537
226.8295750617981,0.0009122621574245609
226.84535813331604,-0.001972799581735597
226.86046481132507,0.0009172090257265012
226.876501083374,0.005386532029775237
226.89152574539185,0.004974143773586444
226.90631914138797,-0.00012843997184139137
226.92147016525269,-0.0034802428810124146
226.9370720386505,-0.0015174809762199767
226.95183634758,0.0015778716026030315
226.9678132534027,0.00021052920046467187
226.9833903312683,-0.004165686066873918
226.99942088127136,-0.004739748178953734
227.01534414291385,0.0009033059866215502
227.030415058136,0.00673294296556402
227.046492099762,0.005940091410080594
227.0618016719818,-0.00010287310009841899
227.07729029655457,-0.0039479415829497665
227.0926878452301,-0.002206876009842187
227.1079907417297,0.0003919447228186569
227.1231272220612,-0.001605698346726369
227.13910841941836,-0.006254661990972842
227.15432834625244,-0.006909706771867679
227.17001748085025,-0.0019167209102559845
227.1861171722412,0.0024832169902712408
227.20143270492557,0.00040899695165604825
227.21679544448853,-0.005537322428472217
227.2316002845764,-0.007632919725516617
227.24735116958615,-0.003401128498627673
227.26315140724185,0.0012574278587420833
227.27830290794373,0.000384702997487758
227.29431343078613,-0.003910724063257419
227.310311794281,-0.004717047655564599
227.3260288238525,-0.00017353052146015444
227.34137058258057,0.0039014640292268834
227.35673427581787,0.0021154691081889583
227.3726944923401,-0.003057674059162005
227.38804173469543,-0.004736785040019056
227.40323877334595,-0.0009835747317316432
227.41930890083316,0.0029504278711196957
227.43538689613345,0.0022998532685051263
227.45085740089417,-0.0006732315063944882
227.46611380577087,-0.00042917424922450653
227.48218035697937,0.0034442786556394085
227.4982023239136,0.005334143663924934
227.51403141021729,0.0014803842761984824
227.53006172180176,-0.004639131619360849
227.54553031921387,-0.007017033572340594
227.56093382835388,-0.005100897938551312
227.57606315612796,-0.0037357257758818597
227.591561794281,-0.005441454304167823
227.60724520683289,-0.006443241431423267
227.62324929237369,-0.002406901529434283
227.6392629146576,0.004371646436941932
227.6552522182465,0.007049927118293579
227.6713547706604,0.0032486510872854427
227.68725109100345,-0.0014793736965796633
227.7024221420288,-0.0008562362959400366
227.7181785106659,0.003810547818055004
227.73416590690613,0.00546421487417373
227.74992299079892,0.0008622038286237666
227.7659821510315,-0.004960777968457942
227.78116250038147,-0.005283693869737991
227.7966275215149,-0.00044798805918862174
227.8121182918549,0.002949414181596769
227.82758164405823,0.0011458698483453513
227.84282660484317,-0.001879468118659412
227.85834550857544,-0.0002854924093768389
227.8743636608124,0.005270376273446613
227.88943886756897,0.008422341540629723
227.90462827682492,0.0057746907367613835
227.9203395843506,0.0012457096329460916
227.93548607826236,0.00024076379245622018
227.9507007598877,0.0022697452358108362
227.9667501449585,0.0024773628915939396
227.98285961151123,-0.0005717098357053869
227.99795246124268,-0.00254055983616857
228.0138030052185,-1.5502074028753317e-05
228.0293619632721,0.003623886598639328
228.04516339302063,0.0022853776589196466
228.06089115142825,-0.003979980637262311
228.07690596580505,-0.007985237751484043
228.0919165611267,-0.004432730231017183
228.1077642440796,0.0029825021066647783
228.1237828731537,0.006192562796058582
228.13900566101077,0.0031111539681862163
228.15413570404053,-0.00010772350262567047
228.17021226882932,0.0022416663111278325
228.1862564086914,0.007769548483520141
228.20126485824585,0.009703814745926196
228.21630883216855,0.006467395096469482
228.2322995662689,0.003615902691881736
228.24759197235107,0.005571561542686236
228.2629053592682,0.009086377207380598
228.278217792511,0.007884943852758074
228.29367756843567,0.0019113874483716788
228.30971431732175,-0.0021485615943498764
228.32569408416748,-9.536664099540383e-05
228.34126019477844,0.0037482355107454745
228.35726118087769,0.002383961867763072
228.37329506874084,-0.004058871571924949
228.388619184494,-0.00820807335134865
228.40432906150815,-0.0053653286256224115
228.41934537887573,0.00011933377194570582
228.4347836971283,0.0007536980755334026
228.4500148296356,-0.0040856397448985156
228.4660007953644,-0.007736574287416828
228.4813709259033,-0.005679787038912525
228.49743962287903,-0.00149725949664315
228.51266145706177,-0.0012301796996196518
228.52811431884768,-0.004460668317078966
228.5441837310791,-0.00495985089855245
228.5602281093597,6.8084218386860185e-06
228.5752279758453,0.005120028765017479
228.5904564857483,0.0040141515103178866
228.60575580596924,-0.0017781603360036312
228.6216971874237,-0.004610232985648133
228.63688731193545,-0.0010506010669636195
228.6529235839844,0.0034491566614528904
228.6688458919525,0.0020848147484278214
228.6834900379181,-0.0038815438338415846
228.6995756626129,-0.0067955157945743345
228.71563005447388,-0.003027869072174769
228.7316813468933,0.0022555566605976267
228.7469458580017,0.002337290005765372
228.7619535923004,-0.0021172713452684497
228.7779664993286,-0.004671877356106226
228.7932004928589,-0.0023932890769397764
228.80879616737369,0.0005238661089253673
228.82480192184448,-0.0005628776337306572
228.8402180671692,-0.0038644835624959827
228.85632252693176,-0.004008734989859592
228.87171864509585,-0.00020141719850275564
228.88781309127808,0.002377735651162033
228.90384006500244,0.00013135361259841195
228.91908836364743,-0.0033528579994102636
228.9340863227844,-0.00198201142585295
228.9500858783722,0.004232449711740128
228.96607422828677,0.008811369585891819
228.9814691543579,0.007403646219805129
228.99667882919312,0.0034394782703224837
229.0126585960388,0.0030304890231901806
229.0279545783997,0.006402542521577458
229.04412817955017,0.00790064752094529
229.06018257141116,0.0043195142463342
229.0751986503601,-0.0004740239190183285
229.09042763710025,-0.0011783319118441517
229.1062340736389,0.0013128801821828589
229.12206959724423,0.001388157579756408
229.13758039474487,-0.0028402007764746886
229.15325665473935,-0.006479417775897448
229.16847276687625,-0.0048303520279416165
229.18363189697263,-0.00041210907535696017
229.19932460784912,0.0002780160363505687
229.21448516845703,-0.004084001796384384
229.23057222366333,-0.007588672288877801
229.24649310112,-0.0052117202459600435
229.26237607002255,0.00025394857986847305
229.2784833908081,0.0022002292104858355
229.29451513290405,-0.0005649333090507799
229.30933690071103,-0.0024286526209946085
229.3245575428009,0.0006868252103702163
229.3396668434143,0.005224546484509323
229.3554139137268,0.004926533143666074
229.37074089050293,-0.00012012752440527553
229.38663172721863,-0.003195525368883008
229.40262579917908,3.8632312910746175e-07
229.4179549217224,0.005526669511479424
229.4340431690216,0.0066284120010225685
229.4488430023193,0.002701166430384477
229.46491360664368,-0.000612179023842391
229.48037314414975,0.00013807223651617247
229.4956603050232,0.0014933197581133012
229.5108642578125,-0.0013189149870329216
229.52608680725095,-0.006825038002987152
229.54139018058777,-0.008915237797742833
229.55747270584104,-0.005483012425916922
229.572909116745,-0.0016696769055239138
229.588969707489,-0.002803471518696753
229.60501766204837,-0.006854509985750637
229.620920419693,-0.007189872311824451
229.6364226341248,-0.0019795189392307257
229.65156745910645,0.002929099284283059
229.6668519973755,0.00185478812610185
229.68263840675357,-0.0029788879428435146
229.698349237442,-0.004548111020175326
229.71385264396667,-0.0006244084170420952
229.7290933132172,0.0034302062680778246
229.745489358902,0.0023593750133370415
229.76120591163635,-0.0016885226474577294
229.77715635299683,-0.0024018366272154385
229.79366493225095,0.0016228917144225103
229.80799961090088,0.0047871991519699625
229.82399797439572,0.002297297269339351
229.8398003578186,-0.0030637085572441988
229.8550205230713,-0.00460318704316292
229.87076687812805,-0.0006714937853841054
229.88650560379028,0.003423720100038744
229.9024982452393,0.0029053660703458706
229.91834831237796,-0.0001769543586559036
229.93439412117004,-0.000438870797816536
229.9504337310791,0.002866892355107087
229.96648597717285,0.004873690262023856
229.9816174507141,0.0024073000662401317
229.9976439476013,-0.0010797876558794987
230.01274251937863,-0.0002533499376738764
230.0277259349823,0.004235301176309282
230.04364800453183,0.005989578234313004
230.0589382648468,0.0013127200789252503
230.07431435585025,-0.00548940845537421
230.089763879776,-0.0072489155514527765
230.10506391525269,-0.0028002714705554228
230.12050986289975,0.0020284614833126447
230.13619089126587,0.002164657992744192
230.1522572040558,-0.0008351359332275298
230.16809058189392,-0.0021595763786318393
230.18408823013303,-0.0008167962659649981
230.19972610473636,-0.00034912949202387243
230.2152726650238,-0.002800219322802811
230.23137378692627,-0.005242244186045866
230.24712443351743,-0.004115061686209723
230.2616276741028,-0.000897783620353307
230.2774167060852,-0.00042196844823522085
230.292756319046,-0.003857471999531772
230.3083598613739,-0.006508556605554583
230.3243508338928,-0.004007506871631773
230.33935141563416,0.0015743666696254426
230.3553502559662,0.004372095449313346
230.37034797668457,0.002599881550894406
230.3853611946106,0.0007537580484229785
230.40141224861145,0.0031567674084676213
230.4167969226837,0.007919312004108572
230.43268871307373,0.009671729573341378
230.4479959011078,0.007097178322040099
230.4636137485504,0.004719576985224982
230.4792952537537,0.006597146135458935
230.49442744255063,0.010824321471334563
230.51045298576355,0.012376170308823303
230.52572631835935,0.010066884063110015
230.54151129722595,0.0078050638164712015
230.55668115615845,0.008595199672763312
230.5722723007202,0.010087428856254467
230.58798050880432,0.008178897433613032
230.60343718528748,0.003444535094717373
230.61920428276065,0.0008869081831074561
230.63459277153012,0.0030309939665294017
230.6499865055084,0.0061710809218642965
230.6660099029541,0.0053669197912300515
230.6816129684448,0.0013265071477762402
230.6963655948639,-0.0006232371986075042
230.7117509841919,0.001810650121413873
230.72788310050964,0.004477931650377985
230.7438604831696,0.0027060912203829193
230.75941014289856,-0.0016871615919351146
230.775105714798,-0.002445864082678482
230.7910821437836,0.002508050248942912
230.8076539039612,0.007903793822982369
230.82304859161377,0.00803148666490646
230.83915519714355,0.004225218152176394
230.85474061965945,0.00249934687303278
230.87027502059937,0.004772707330894137
230.88546657562256,0.006232289306019786
230.90126156806943,0.002644025741798394
230.9172670841217,-0.0029266140381413344
230.93324875831604,-0.0038890780596096473
230.94829773902893,0.0006934193236091046
230.963454246521,0.0045743994459024745
230.9784095287323,0.00279951707033267
230.99453210830688,-0.0017155197564060198
231.01004242897037,-0.0027909360700455895
231.02604007720947,-9.157130850733506e-05
231.04123258590695,0.00047317938113270895
231.0562365055084,-0.004216192523087668
231.07225847244263,-0.009108362327552806
231.08823490142825,-0.007497473384638367
231.10429739952087,-0.00062794123915293
231.11945176124573,0.0034051040318560846
231.1355559825897,0.0005180498741679839
231.1508927345276,-0.0036989337791811113
231.166912317276,-0.00171489091530873
231.18297696113584,0.00528763946255506
231.19901823997495,0.008756408284283696
231.21455001831052,0.004507879816048606
231.2306044101715,-0.0013966010861695183
231.24571228027344,-0.0009203915695543939
231.26145195961,0.004990763315330205
231.2770414352417,0.008010216681039782
231.2930407524109,0.004186088992391127
231.308589220047,-0.0008347721027031757
231.324120759964,-0.0004368397229914026
231.33937001228333,0.0030516288259746817
231.35513305664065,0.001741844055981887
231.37114143371585,-0.005725964337502831
231.38716173172,-0.011066432419161547
231.40230679512024,-0.007578253025008955
231.41784977912903,-0.00024449195190340625
231.43388748168945,0.00016453284674794151
231.4494149684906,-0.008332804850789688
231.46512603759768,-0.015764522549016658
231.4811544418335,-0.013298891394762324
231.49684357643127,-0.004880542196710567
231.51189494133,-0.0014404691910093214
231.5279316902161,-0.0057940258095801
231.54393076896667,-0.009288242925626806
231.5600073337555,-0.004746509940081368
231.5759973526001,0.0028036042960454424
231.59117102622983,0.003152012204079958
231.60718727111816,-0.004058078366645367
231.62237906455996,-0.007944446555199554
231.6384081840515,-0.001385860056787717
231.6539340019226,0.008469625097114701
231.66986536979675,0.00953232758981704
231.68569827079773,0.0014628917858606064
231.70118618011475,-0.003724598421575978
231.7166106700897,0.0015621762332941594
231.7317535877228,0.009749198982576538
231.74751257896423,0.008786774218969107
231.7628834247589,-0.00056404561471706
231.77887535095212,-0.005527844994672836
231.7939319610596,0.00046996012739484484
231.80978512763977,0.008054060022398024
231.82547402381897,0.005139793619796932
231.84057188034055,-0.0051828901678716306
231.85578274726868,-0.008040432310983201
231.871013879776,0.002338560818505011
231.8859133720398,0.013568552654275447
231.90184140205383,0.011581698632944977
231.91676664352417,0.0003075970805304126
231.9326560497284,-0.0033671008830840243
231.94821882247925,0.006819344905235633
231.96428442001343,0.017294979626468136
231.98037242889404,0.013570413107908573
231.99615168571472,0.001334912350405291
232.01219248771667,-0.0006564944818181154
232.0272591114044,0.012557621791441147
232.0426664352417,0.022966622889972664
232.0576057434082,0.012960841035411216
232.07317805290225,-0.008837237227106855
232.0891683101654,-0.015109857112517555
232.1052458286285,0.0063908008082094354
232.1212649345398,0.03477355794323073
232.1369547843933,0.03617077671781249
232.15286564826965,-0.0018791228501186781
232.1688952445984,-0.05903490410614522
232.18484544754028,-0.10013208857818369
232.19997215271,-0.10047226138201548
232.21549153327945,-0.06034224337868939
232.23101425170896,-0.005227777261303134
232.24671006202695,0.029332551058387397
232.26226091384888,0.024378634905097257
232.2777464389801,-0.0053291941652717206
232.2929172515869,-0.0257317894437726
232.30778789520264,-0.01888792207069307
232.32255125045776,0.0001540249943110814
232.33776259422305,0.005289407863035803
232.35381174087524,-0.007727979184308011
232.36970591545105,-0.018766312679360363
232.3848853111267,-0.012140639344351525
232.4003150463104,0.002888914461265886
232.41589188575745,0.006346198864338733
232.4317247867584,-0.004793131066020402
232.4470126628876,-0.013583792443660613
232.4629876613617,-0.007441001858470412
232.4787380695343,0.0048009993603917766
232.49393892288208,0.006136994082371056
232.50897407531735,-0.004611263384293806
232.5244028568268,-0.01164450520453274
232.5399966239929,-0.00473013298534275
232.55580735206604,0.006555148869761768
232.57131147384644,0.006494486607524398
232.58664894104004,-0.004765582328191494
232.6025152206421,-0.011527238709865896
232.6178152561188,-0.004245777256720021
232.63394284248352,0.007701041098817096
232.64995312690732,0.009322029549275334
232.6660358905792,0.00030649869017079605
232.68206596374512,-0.005565938787622167
232.696932554245,-7.61364398544663e-05
232.7121307849884,0.008495977889528597
232.72768473625183,0.007690234904389543
232.7436716556549,-0.0016221215517387096
232.7592251300812,-0.006933386452558546
232.77439212799072,-0.001826687187640326
232.7895052433014,0.005466393946460447
232.80491638183597,0.004168722241985662
232.82085967063904,-0.003871619476027677
232.8361070156097,-0.007153130922340692
232.85140442848208,-0.0008919293360531077
232.86744952201843,0.006414158831749391
232.8822448253632,0.005020681157656966
232.89753365516663,-0.0027476301553912693
232.91335821151733,-0.00631544459989736
232.9293386936188,-0.0017197576049980943
232.94415640830996,0.0035783793721129073
232.95963263511655,0.002021290589953751
232.9750871658325,-0.003347338871470082
232.9903633594513,-0.003960912030257294
233.00557494163516,0.001249384301598893
233.0206527709961,0.003960061664848108
233.0361144542694,-0.0014640737671149581
233.0516083240509,-0.009272416892432245
233.0676021575928,-0.009700886662835567
233.08359956741333,-0.0022711711000146105
233.09913849830627,0.003596742328204161
233.11462259292605,0.0014389580562110763
233.13061356544492,-0.003919362060827538
233.14590167999268,-0.0038659422718451877
233.16189575195312,0.0016449978828253116
233.17692279815677,0.004296378211639218
233.191921710968,-0.00043862145505307957
233.2073864936829,-0.0065567944727066806
233.22311234474185,-0.0056845412285615095
233.23915433883667,0.0014062472122571223
233.2546422481537,0.006013111341635135
233.2706925868988,0.0035269779968448377
233.28613114356995,-0.0006511093970606819
233.30226016044617,0.0007275448632012727
233.31746459007263,0.006416458592043231
233.3334505558014,0.008741040116855385
233.34906578063965,0.004794664283673872
233.36508440971372,0.0006377616302477944
233.3810636997223,0.0025664378536613
233.39676666259768,0.007986739917950885
233.4133942127228,0.008963199681108144
233.4284543991089,0.0034778011908928037
233.4438693523407,-0.001557978502400338
233.45994472503665,0.0001436035426316735
233.47547793388367,0.0055658143790741025
233.49154925346372,0.006735272267609867
233.5070765018463,0.0018662517952675304
233.52268600463867,-0.002340831236580807
233.5383427143097,-0.00021950365950845286
233.55383157730105,0.005092531441585488
233.5696432590485,0.006368176762763451
233.58541107177732,0.002484493842481824
233.60148286819455,-0.0003620094680554008
233.61735439300537,0.0021506519529902327
233.63342261314392,0.006172058087585664
233.64895629882807,0.005240712572891256
233.6650049686432,-0.0003150953903509053
233.68015027046204,-0.0035869720490080926
233.69626116752625,-0.000641515400815436
233.71157956123352,0.004085000164363662
233.72692108154297,0.004087416411785608
233.74338102340695,-0.00022490820638122917
233.7585587501526,-0.002513441356509311
233.77448320388797,0.00018652776977549392
233.78975081443787,0.0032774778464360983
233.80490040779117,0.0014767449448331227
233.82082295417783,-0.0032289391332905215
233.83640885353088,-0.004101849991489095
233.85243821144104,0.0008240669443959825
233.86849164962769,0.005752390878380165
233.8845489025116,0.004988073591935625
233.8999514579773,0.0006775283593996727
233.91514897346497,-0.0003000680674185353
233.9305884838104,0.004223824206604677
233.9463791847229,0.009077658539103766
233.96138191223145,0.009245146162217647
233.97710919380188,0.006666220444077534
233.99310660362244,0.006921167989148911
234.008237361908,0.010953099627603652
234.02350163459775,0.013854183237727623
234.0387101173401,0.012296337907972264
234.0548300743103,0.009643955459123185
234.0700733661652,0.011187468015876088
234.08507204055783,0.01630132895733935
234.100159406662,0.01892406999617454
234.11567497253415,0.015897127430965267
234.13129591941836,0.011317723099549799
234.14638304710388,0.01056846652690481
234.16177988052368,0.01243397105491395
234.17696475982663,0.010652403458741404
234.1928849220276,0.002977118141545191
234.20828986167908,-0.004958331020824961
234.22402262687683,-0.006609952216524598
234.23965311050412,-0.002843715904866982
234.25567150115967,-0.00022255128549174621
234.27136659622192,-0.0019078127525702909
234.2862873077393,-0.0039995405597929145
234.30183672904968,-0.0021361841957822383
234.3175253868103,0.0014980329663917252
234.3327867984772,0.0010170181031252117
234.3487856388092,-0.0045257861750752325
234.36413502693176,-0.009240418611613866
234.38009405136108,-0.008253310416683445
234.3959965705872,-0.0042952439944190565
234.41128754615784,-0.0036207679691615735
234.42661809921265,-0.007021717802837653
234.4419269561768,-0.00877544193255786
234.456995010376,-0.005029684435820439
234.47245264053345,0.0004602816670933492
234.48764204978943,0.0015347717171806715
234.50298380851743,-0.0017266518327895492
234.51837801933289,-0.003405025735508377
234.5344250202179,-0.0005694622047859752
234.54993557929996,0.0023350296856669383
234.56532168388367,3.544439715324598e-05
234.5813386440277,-0.005457034894204639
234.59611296653748,-0.0070554653778280236
234.61222624778748,-0.002404267244615315
234.62801051139832,0.0024613353938969075
234.6440622806549,0.001052940211769729
234.66003155708316,-0.004765331880270071
234.6757221221924,-0.0072743829024136675
234.6912806034088,-0.0033553263506811105
234.7065589427948,0.0014307656127464374
234.72207307815552,0.0006177777853355951
234.7375907897949,-0.004422652361076179
234.75281643867493,-0.0067633024414765295
234.7689483165741,-0.0036945327515834022
234.78406071662903,-0.00017205374822412732
234.79927492141724,-0.0013430385004599005
234.81482553482056,-0.00502261870600162
234.830748796463,-0.004888452645455312
234.8467321395874,0.00020907667578411344
234.8620564937592,0.004208946029196869
234.87740015983584,0.0021905293448514444
234.89351391792297,-0.0025967277880657143
234.90953755378723,-0.0030752121379724394
234.9252882003784,0.0018852098543589652
234.94128584861755,0.005947448033789134
234.9567618370056,0.0041895871885097
234.97280526161197,-7.276563129536302e-05
234.9879355430603,-7.000674320814483e-05
235.0034158229828,0.0048016841878358845
235.0192995071411,0.008030311585870904
235.03446698188785,0.00499707988713083
235.0499210357666,-0.000674927235420134
235.06520700454712,-0.0021862519573194223
235.0806839466095,0.0012444978725423385
235.09590411186215,0.003907137294639202
235.11127734184265,0.002135185904257359
235.1268680095673,-0.0005597060579449983
235.14285612106323,0.0009650306612898987
235.15804505348208,0.005442574571189105
235.17361998558044,0.0064822215690543
235.1893012523651,0.0016081291494396922
235.20471501350403,-0.003783059658754126
235.2204442024231,-0.0033882905803937014
235.2365396022797,0.0016808754983228726
235.25177240371704,0.004766685345701148
235.26717972755432,0.0029692123048609188
235.2832086086273,0.000767782164395427
235.29882073402405,0.003012794057468143
235.31416726112369,0.007433931664952716
235.3302550315857,0.0075060455800992805
235.3454840183258,0.001840174859198357
235.3614547252655,-0.003166668572001514
235.377179145813,-0.0015507668896126894
235.39323806762692,0.0041476752713545655
235.40854930877688,0.006072512356466898
235.4245753288269,0.0013605280454046026
235.4406714439392,-0.004277064437922664
235.45591473579407,-0.004398207950528931
235.4712116718292,-0.00027707702166397414
235.48722410202024,0.0014636593032474952
235.5029628276825,-0.0016566613459328893
235.51845908164975,-0.004827792847855184
235.53362250328064,-0.0033478619949917467
235.54885268211365,0.0003327365011846148
235.5645036697388,0.00015947703221141874
235.5797348022461,-0.004585083520601191
235.59518480300903,-0.008004659241346992
235.61108708381653,-0.005959235878567742
235.62701988220212,-0.0020728465347849435
235.643070936203,-0.0026305806232871246
235.65848517417908,-0.007503807818887241
235.67458724975583,-0.010072771632739598
235.6898455619812,-0.00647268790606191
235.70504593849185,-0.0012360330496767945
235.720737695694,-0.0013137071989955864
235.7360413074493,-0.0066418118651412165
235.7514328956604,-0.010241009529528229
235.7668812274933,-0.007667405686469047
235.78288769721985,-0.002828151834050575
235.79657673835757,-0.002338668934576388
235.81158542633057,-0.00640368150407976
235.8271026611328,-0.008818623192144015
235.84210753440857,-0.005851322297106942
235.85810947418213,-0.0013870450787848985
235.87326312065125,-0.0011115112098778
235.8883924484253,-0.004118589325229486
235.90356516838077,-0.004090041023019394
235.9201338291168,0.0014043190454213683
235.9348056316376,0.0067317872801879765
235.95080471038816,0.005501830477769467
235.9668893814087,-0.00047033384854982836
235.98297381401065,-0.0031219860819881474
235.9988434314728,0.001265346634512098
236.0149018764496,0.00713953431632526
236.03101801872253,0.00710739643531585
236.04700374603271,0.0015749360213443532
236.06252121925357,-0.0024042628168959588
236.07855772972107,-0.001078759327771476
236.09357619285583,0.0012302047907088842
236.10959720611567,-0.0010577527846041346
236.1247534751892,-0.0063110786094804595
236.1407880783081,-0.00767751012101264
236.15655374526975,-0.0027865853116828643
236.1718738079071,0.0025068971536113607
236.18773579597476,0.001695587436375899
236.20284247398376,-0.003924928389084409
236.21805834770203,-0.007511228758650975
236.2333352565765,-0.006217798524185572
236.25017523765564,-0.00457410115657872
236.2643482685089,-0.00720663899168697
236.28034496307373,-0.011566687080910316
236.29576802253723,-0.011211008432412186
236.3115577697754,-0.005096464647629039
236.3274095058441,0.0002856772044312831
236.34255290031436,-0.0008378746796712617
236.3573462963104,-0.006152194537590566
236.37285113334656,-0.008796777655454406
236.38800024986267,-0.006667612905789084
236.40344786643985,-0.004484278830844439
236.41808152198792,-0.00606172708020888
236.43340396881104,-0.008171439938819178
236.44900703430176,-0.005073839574413432
236.4640703201294,0.002585967783894097
236.4791121482849,0.00740918364248054
236.49458074569705,0.004511543463507434
236.50926995277405,-0.002082099513408326
236.52527904510495,-0.004676962256658262
236.54072403907776,-0.0016168526128242404
236.5558032989502,0.0016004296952867123
236.57129955291748,0.0007263152282479032
236.58604335784912,-0.001428977058766784
236.60179901123047,0.0002685767368158752
236.6170122623444,0.005229273128686464
236.6328930854797,0.007608385127439796
236.64823985099792,0.004726301459913717
236.6642546653748,0.0012907542688756777
236.68012952804563,0.0030714061974802124
236.6954357624054,0.008672862615880086
236.71058988571167,0.011008747943866201
236.7252526283264,0.0067286632598396925
236.74071669578552,0.0007469760890328901
236.75674176216123,-0.00032730612104178974
236.77159810066223,0.0032332449402869574
236.78675365448,0.005439627900949781
236.80277156829837,0.00351315450347913
236.8182423114777,0.0017701585583319748
236.83428597450256,0.005024681621428008
236.84912610054016,0.01113702634500395
236.8643271923065,0.013563485583649337
236.8803913593292,0.010351408587916364
236.89585089683533,0.006668187463105706
236.91190934181213,0.007224377769343195
236.92741584777832,0.009584210175420676
236.9426076412201,0.008112238550981865
236.9586765766144,0.0027921878209073957
236.97474575042725,-0.00014439957197446857
236.99078392982483,0.0029374215974898145
237.00617957115173,0.00747258984412899
237.0222132205963,0.006799153437393965
237.0376842021942,0.0016402265932606384
237.0537142753601,-0.00063467600821761
237.06942868232727,0.003672100462151537
237.0844433307648,0.009107909705317142
237.10028195381165,0.008384845219688287
237.1161060333252,0.0025114808137118006
237.1313066482544,-0.0004100900433922814
237.14692759513852,0.003786866430749042
237.16292905807492,0.009676853851507666
237.17893266677856,0.00973347377562359
237.1949188709259,0.004529847887964444
237.21023392677307,0.001545529627491334
237.2258062362671,0.0044708665456018905
237.24176287651065,0.008168123016923488
237.257865190506,0.006325732869287682
237.2729983329773,0.0007703195449174664
237.2889440059662,-0.0010068321746997204
237.30501222610476,0.0032514311341643523
237.3210892677307,0.006838190910106971
237.33662939071652,0.0032368202677689646
237.352685213089,-0.0044549840790733125
237.36783409118647,-0.007323279918341386
237.38308715820312,-0.0028705787153584256
237.3990912437439,0.0011488068558614625
237.41454672813416,-0.0031468929022098425
237.43009448051453,-0.013313815891974813
237.4457321166992,-0.019952754423629645
237.4618139266968,-0.019109579520278704
237.4770314693451,-0.016717228294477873
237.4930317401886,-0.019409667788736856
237.50903272628784,-0.024921428255748286
237.524840593338,-0.02546311691955434
237.54028010368347,-0.01901419561194008
237.55623960494995,-0.012482070829028958
237.57215666770932,-0.012357543038727827
237.58760023117063,-0.01608385887043278
237.60353112220764,-0.01612465031029093
237.6195995807648,-0.010719210778172814
237.635178565979,-0.00612761030675432
237.65092658996585,-0.007500194588160899
237.66693353652957,-0.011537741802872502
237.6822214126587,-0.011243060835677235
237.6978006362915,-0.005795231972047893
237.7133288383484,-0.0015216782488863413
237.72923970222476,-0.0027706609665813604
237.74623584747317,-0.0057808851197755345
237.76078701019287,-0.004260884574105877
237.77674388885495,0.001328333172710798
237.79274821281436,0.004119549023050174
237.80774402618408,0.0005417645438152065
237.82330918312076,-0.004224248701175946
237.8388900756836,-0.002907501628752236
237.85484886169436,0.004069046531133424
237.8703215122223,0.009159736912344453
237.88504242897037,0.007902349926568575
237.9010787010193,0.004762271538929191
237.91665410995483,0.006623770749022928
237.93237948417664,0.012981305397599636
237.94814538955688,0.01639956785246237
237.9638843536377,0.012562662313964244
237.97915291786197,0.006021237721469692
237.99473690986636,0.0038723942562473137
238.01005339622495,0.006375558913443292
238.02562308311465,0.007463598336759208
238.04167580604556,0.003991938353158466
238.05715584754944,0.00042893113804230785
238.0726108551025,0.002453075619602863
238.0880188941956,0.00873038853083577
238.1032133102417,0.012555541755614855
238.11893439292908,0.010884305733984499
238.1345148086548,0.007905354832811861
238.1498651504517,0.008370276501669953
238.1654074192047,0.010622456225306281
238.1814124584198,0.009464744716242745
238.19673824310303,0.004519549659733304
238.21192383766171,0.001555862763760927
238.2274947166443,0.004372346236892515
238.243558883667,0.008810954701346914
238.25879907608032,0.007968082997116174
238.2748064994812,0.0017995520242107222
238.2906286716461,-0.0023726376746857356
238.305769443512,0.00043102254927531586
238.32137775421145,0.006129922903080952
238.33624792099,0.007155445808084883
238.35140705108645,0.0026784583164904028
238.36675596237183,-0.0005912918043359449
238.381942987442,0.0019905412813488836
238.39692497253415,0.006466665394326306
238.41196727752688,0.005884327895249364
238.42753171920776,8.789050947983091e-05
238.44359588623047,-0.004017113443465185
238.45944356918332,-0.001951629865896374
238.47450351715088,0.002496745918521611
238.4895782470703,0.0030972385711850185
238.5055627822876,0.00012016234032848766
238.5208761692047,-0.00038612996141413247
238.53554701805115,0.00417138435595001
238.5505828857422,0.00856798795266566
238.5665686130524,0.006783158954848814
238.58212876319885,0.0006767381913413322
238.59714365005493,-0.0020532918120156423
238.6131567955017,0.0018438737710273377
238.62869572639465,0.006745523170137829
238.6447057723999,0.005753618421651213
238.65967655181885,-9.171884633841967e-05
238.6757915019989,-0.0035638833084247626
238.6913628578186,-0.001269206724481907
238.70746183395383,0.0021299001651770184
238.7239854335785,0.0011297381288125356
238.7393808364868,-0.0025409641299227173
238.7550463676453,-0.00262432701910309
238.77080297470093,0.002109939478791252
238.7866132259369,0.00535890860037761
238.8020341396332,0.0018340869696393215
238.8171203136444,-0.004976355866249107
238.8333613872528,-0.006974177470059411
238.8475716114044,-0.0021852734140738387
238.86299300193787,0.002597110662193482
238.8783302307129,0.0009694056166229884
238.8939549922943,-0.004539522671331731
238.90914106369016,-0.006081847434877682
238.92503547668457,-0.0011877834255912033
238.94080114364624,0.004040445033626354
238.95688772201535,0.0033245868094442695
238.97286581993103,-0.0015626831719280049
238.98894429206848,-0.003870633258881839
239.00505757331848,-0.0014503544393789682
239.02047729492188,0.0007584237502711935
239.03630185127255,-0.0015205138452608433
239.0523316860199,-0.005363450456862468
239.06820154190063,-0.004778862712789752
239.08332228660583,0.0005283135987541772
239.09931683540344,0.004443703095385403
239.11422514915463,0.0028528940719298756
239.12933731079104,-0.0008447230540681882
239.14534044265747,-0.000950803945665925
239.16131138801572,0.0021677105724705933
239.1766092777252,0.002634735012944096
239.19299721717837,-0.0022673430287938265
239.2083470821381,-0.007858667889729809
239.22436046600345,-0.008475292589731976
239.23985409736636,-0.005396912938312637
239.25528860092163,-0.0048435538561524185
239.27053999900815,-0.008770593514723032
239.28702974319455,-0.01164400308313496
239.30253171920776,-0.008122856915273296
239.31821537017825,-0.001091214583593061
239.3333740234375,0.0014345651422615834
239.34898567199707,-0.003215575792440641
239.36499190330505,-0.008631672122903838
239.38073134422305,-0.007558553080527289
239.39628386497495,-0.0011744713605734425
239.4121527671814,0.0028713642171227603
239.4277219772339,0.0007626112734159711
239.4429531097412,-0.0027869034033823938
239.4586756229401,-0.0014681565840338564
239.4736762046814,0.0038981415706777567
239.48946166038516,0.0067924546346074515
239.5049574375153,0.004233733396663411
239.52056503295896,0.0007323269655253851
239.53563737869263,0.00155726113587034
239.55170917510983,0.00509614262295402
239.5673882961273,0.0052532817190890976
239.58272457122803,0.00038205569112402613
239.59795784950256,-0.004147078136369008
239.61398553848267,-0.0035124433761552585
239.6297149658203,-0.00029709712139617313
239.64580416679385,-0.0006814564609287565
239.66103434562683,-0.0052973034255662695
239.6766459941864,-0.007923503754352534
239.69295597076416,-0.004182835135571112
239.70895218849185,0.00197775720770692
239.72480034828183,0.0033646869318508074
239.7405707836151,-0.0007702613570287759
239.75584721565247,-0.003970960560038803
239.77175402641296,-0.0017167666917629948
239.7866234779358,0.0025200943218592845
239.80265641212463,0.002730828868343943
239.8177440166473,-0.0007370372845080381
239.83310556411743,-0.0017533188729927413
239.84914326667783,0.002411166411645076
239.8639569282532,0.006709728731122028
239.8792142868042,0.005386241700182897
239.8952739238739,0.0005392906234818586
239.911278963089,-0.0003359650946130308
239.92686295509336,0.005156145923146449
239.94242477416992,0.01048307581896514
239.95811200141907,0.008746331731365938
239.97412061691284,0.002018533428304839
239.98936986923215,-0.0014483265437394359
240.0053663253784,0.0017113250117879418
240.02140355110168,0.00589179431984136
240.03731560707087,0.004810760323867969
240.053318977356,0.000359355883961702
240.0685076713562,-0.00034695148914132626
240.08451461791992,0.004649458424343924
240.1002032756805,0.00909408365707827
240.11535477638245,0.007105620837818705
240.13143682479856,0.001264785505620379
240.14659333229065,-0.0011778128342826342
240.16262865066528,0.001483075099397566
240.1785066127777,0.003280051082534502
240.1938269138336,-0.0005127002637096258
240.20942401885983,-0.006200170561954343
240.2254629135132,-0.006575297842335594
240.24118781089783,-0.0011175284544422195
240.2571985721588,0.0029314189786608033
240.27332520484924,0.00033841796080828074
240.2890810966492,-0.00499921213076983
240.30501055717468,-0.005511021049748789
240.3203811645508,-0.00045827011481604923
240.335857629776,0.003078606046636413
240.3515064716339,8.807403066718282e-05
240.3675048351288,-0.005325850693345266
240.38353323936465,-0.005479690240637344
240.3995764255524,0.0004534945382532272
240.41496753692627,0.005436652685060898
240.4306778907776,0.004153612720501813
240.44681334495544,-0.00015079969032167403
240.46284937858584,-0.000759742354986455
240.47870707511905,0.0029967345994799657
240.49478554725647,0.005168407662190758
240.5108380317688,0.002095378771875845
240.52754187583923,-0.0020196059379415923
240.5418131351471,-0.0009143247628295684
240.55717658996585,0.004668728800376598
240.57218599319455,0.007566601953383918
240.58721446990967,0.003909357947856273
240.6033022403717,-0.0014755436040064084
240.6186547279358,-0.0015992052626519954
240.6346731185913,0.00316682405657591
240.6496739387512,0.0057133449073753844
240.66475319862369,0.002006121837944137
240.6804542541504,-0.0035316239992045978
240.69560933113095,-0.0043487350808948
240.71125173568728,-0.0007543852121087999
240.7269310951233,0.0009675938478497132
240.74187326431277,-0.0021870380592050815
240.7570297718048,-0.005527178437150575
240.77190160751343,-0.003325875203110574
240.7874059677124,0.0028711051378624
240.8030333518982,0.006022748630865585
240.8184609413147,0.0030198635925685045
240.83399891853333,-0.0013423558489102669
240.8494071960449,-0.0011754550859169504
240.86455726623532,0.0026926430063823805
240.88059401512143,0.004747001721534288
240.89572763442996,0.0032052910224856027
240.9114580154419,0.0023403802262226703
240.92672324180603,0.005400765608070506
240.94243597984317,0.008854748646798454
240.9585478305817,0.006958597275717779
240.9745671749115,0.00039205182330247397
240.9897804260254,-0.003809838990769898
241.0059154033661,-0.0015918901987540127
241.02178478240967,0.002552070150636824
241.03685212135315,0.0019053711823840132
241.05251383781436,-0.0029589455834103827
241.0684564113617,-0.004958501447666614
241.08342814445496,-0.000649594439621504
241.09944081306455,0.0045423336202611
241.1147148609161,0.0036059227760817337
241.1302788257599,-0.002233741960023042
241.14534544944763,-0.00496113055578674
241.1611568927765,-0.0007452081734783079
241.17683696746823,0.004700421090659787
241.19172716140747,0.0039021736528210144
241.2077512741089,-0.00216330229475446
241.22292494773865,-0.005557013159942631
241.2386438846588,-0.0023715971264193013
241.25454878807068,0.0021406100130816896
241.26984333992004,0.0012685207542726487
241.28513956069943,-0.00367972840459364
241.3011326789856,-0.0054489622677496566
241.31716012954712,-0.0013409699423046944
241.3325147628784,0.002819048292688549
241.3483829498291,0.0008978480930394686
241.3643639087677,-0.004739614502596472
241.38037037849423,-0.006331906705223412
241.39581108093265,-0.0015443095020738996
241.41180610656735,0.0030609111359955607
241.42721343040463,0.0008534802846557874
241.4428153038025,-0.005821427806719699
241.45800042152405,-0.008781391040360416
241.47401785850525,-0.004938326795768489
241.4898431301117,-4.806917295827398e-05
241.50467205047607,-0.0004470531035322871
241.5206732749939,-0.004524859277316887
241.53583788871765,-0.005681518011707725
241.55187582969663,-0.0022081304810734237
241.56744265556333,0.00011249534777901435
241.58346128463745,-0.0035607020466360455
241.59955835342407,-0.009641779341363056
241.6147267818451,-0.010425813738703658
241.63078260421756,-0.0045193190152161035
241.6461083889008,0.0010500061213440874
241.6616802215576,0.00011805430541987627
241.6769273281097,-0.0046212450571113325
241.69254755973816,-0.0057677915689203964
241.708589553833,-0.0015206807997730637
241.72405219078064,0.0021517049131213307
241.73961234092712,0.00013236775679645579
241.75500059127808,-0.004771449275849923
241.77081322669983,-0.006108489070008872
241.78657269477844,-0.0030857946391049523
241.8015756607056,-0.0016345860335542383
241.81703519821167,-0.005793562569722074
241.83197736740112,-0.011665732816399346
241.8479721546173,-0.012489133791236447
241.86295628547668,-0.007624075022200548
241.87797260284424,-0.0028927043323551324
241.8933265209198,-0.00216677782440143
241.90894842147827,-0.002392381001579049
241.92496037483212,0.0010658755988120017
241.94106101989743,0.006834776155080068
241.9568130970001,0.008880871758010708
241.97178745269773,0.004999267434701861
241.9875965118408,0.0002270623754751541
242.00275254249573,6.281478875263483e-05
242.01854372024536,0.003022368544691477
242.03407645225525,0.0032304680746422084
242.0495262145996,-0.0005974087785175367
242.06474232673645,-0.002833567342137075
242.08059453964236,0.0010246603175878494
242.09611678123477,0.007270436170199116
242.1112937927246,0.00825731974825639
242.127347946167,0.0025662418111654767
242.14256119728088,-0.002899299468926293
242.15829801559448,-0.0019230005511934158
242.17385721206665,0.003143690181788353
242.18911719322205,0.00521026639707617
242.20449256896973,0.002285665187329416
242.22037744522092,-0.0005052641131173296
242.23606061935425,0.0008324355815497488
242.2520501613617,0.002893625682321148
242.2671835422516,-0.00018103113240711555
242.28257298469543,-0.00765744498358625
242.29841804504397,-0.012316669971847093
242.31399703025815,-0.009941153419372229
242.3292820453644,-0.004881379123199932
242.34482550621036,-0.0038731101863961215
242.36054921150208,-0.006917811274315653
242.3764717578888,-0.008072833318442451
242.39176630973816,-0.004725131420256442
242.4078209400177,-0.0017840934746500467
242.4238655567169,-0.004577804166752432
242.43938207626343,-0.010603048717030102
242.4553587436676,-0.012252294823138558
242.4709465503693,-0.007158012159462669
242.48701548576355,-0.0017362422206651667
242.5020294189453,-0.002739424199384768
242.51765060424805,-0.008323139299720521
242.5328271389008,-0.010852634782127047
242.5487506389618,-0.007416065485168736
242.564786195755,-0.0034863419678743397
242.58005833625796,-0.00488093183091038
242.59614944458008,-0.0094208632286225
242.61170625686648,-0.009958804340469732
242.62772822380063,-0.004519539264554206
242.64308142662048,0.0006392171754156621
242.65848779678345,-0.0005635039907009882
242.67451167106628,-0.005690309965694671
242.68981218338013,-0.007066784667409958
242.705575466156,-0.0022540886561736215
242.72156691551208,0.0026667077968990423
242.73700952529907,0.0015193601875690436
242.75307154655457,-0.003431641783366265
242.7685899734497,-0.004592336468254916
242.78395318984985,0.0004943411515378297
242.79994702339167,0.00573226252778309
242.81519293785092,0.004765528679001721
242.83095383644104,-0.00046405359909582576
242.84614157676697,-0.002601999331254137
242.8612699508667,0.0009567128331186871
242.8763952255249,0.004755326703569549
242.8917224407196,0.003242386084986159
242.9072346687317,-0.001272654870128907
242.9229109287262,-0.0018213202897034288
242.93858098983765,0.003373900282286341
242.9538323879242,0.008172710620181666
242.9690294265747,0.006767659274399206
242.98460745811465,0.0015333058310275855
243.00026297569275,-0.00033959383646623136
243.0154120922089,0.0033331686901622035
243.03074717521667,0.007084351941865165
243.04605221748352,0.005763968380560244
243.06143283843997,0.0016848040024027011
243.07695055007932,0.0009384212192571407
243.09268045425412,0.004446791439548393
243.10774445533752,0.006718083314119553
243.1229920387268,0.004019738478356634
243.1386649608612,7.963049249490057e-05
243.15465235710144,0.0009869108846737792
243.16996955871585,0.006472890387038532
243.18525886535645,0.009988797249126751
243.20095205307007,0.007591811197824651
243.2164933681488,0.003260893662749573
243.23201155662537,0.003282843632911412
243.24735260009768,0.007586927051213766
243.26339721679688,0.010024573567525254
243.27882289886475,0.007024832754365155
243.29417419433597,0.002477529032343687
243.31028962135315,0.0021692496202822204
243.32629895210263,0.005782760210231448
243.3418171405792,0.007718382013683262
243.35781288146973,0.00535006928219057
243.37385606765747,0.002764845420637037
243.38907098770144,0.004598636412140848
243.40460205078125,0.008934000261434306
243.4202160835266,0.009704223617720175
243.4353415966034,0.00537442987438955
243.45070719718933,0.0014791839561323669
243.4658486843109,0.0031914233883609273
243.48100399971008,0.008257520388524807
243.49703693389893,0.010194175980552986
243.51310682296756,0.0072306696773506655
243.52916646003723,0.004434737953220935
243.54491519927976,0.006143778167595322
243.56004428863525,0.009597299098018514
243.5759696960449,0.008938560724214128
243.59165835380557,0.0038455943442625958
243.6075072288513,0.0002859354844119145
243.62250351905823,0.002159227545938851
243.6377379894257,0.0057818544843108105
243.6530089378357,0.005187679663921946
243.66832756996155,0.0006968319449318977
243.6843633651733,-0.0015462674833563138
243.7000091075897,0.0015357330027932136
243.7153332233429,0.0053412120166998695
243.73138809204104,0.003964506840888469
243.7474994659424,-0.0013592786401929865
243.7632193565369,-0.0037706818902383202
243.77857756614685,-0.0003647648869925897
243.7939910888672,0.0035409071161576927
243.8094482421875,0.0016129881773649676
243.82468724250796,-0.004638424156471605
243.84063267707825,-0.007626653089263819
243.8566317558289,-0.003756762165722825
243.87186908721924,0.0019443403454163961
243.8877756595612,0.0028096713424753976
243.90308713912964,-0.0006629088724217115
243.91849994659424,-0.002206992051206613
243.9340717792511,0.00100078559242455
243.9501042366028,0.004470903282101384
243.96560430526733,0.0031611525257913904
243.9809913635254,-0.001026721811780919
243.9964270591736,-0.0018694508573766535
244.01189422607425,0.00212276163965955
244.02790093421936,0.005218884471933657
244.04341650009155,0.0023592581611214837
244.05941677093503,-0.0035055170136326207
244.07541608810425,-0.005061461563481546
244.09056305885315,-0.0005047579502494657
244.10656476020813,0.0038818228195067806
244.12255477905276,0.002073090693242004
244.13776922225952,-0.0037761468811174656
244.15364480018616,-0.006550266015942765
244.16918087005612,-0.003882532317021856
244.18469500541687,-0.0009090006657743422
244.20001554489136,-0.0025426303263248263
244.21577882766724,-0.006381923742806737
244.23090839385983,-0.006249145763146271
244.24665427207947,-0.0012342738855398733
244.2621567249298,0.0026007547542605544
244.27806615829468,0.00030030715714704677
244.2940928936005,-0.005377435222554344
244.30967116355896,-0.007911460591049644
244.32567811012268,-0.005865991750987555
244.34171557426453,-0.004333532503879016
244.35760068893435,-0.007179392539007112
244.3722348213196,-0.01113458787275065
244.3871932029724,-0.010122847509010532
244.4022376537323,-0.003810014800586798
244.41828751564023,0.0016302572405340729
244.43379974365237,0.0016909398068768906
244.44955325126648,-0.0007071922527769371
244.4654893875122,0.00019617270753984496
244.48078155517575,0.004657679818821439
244.4968574047089,0.007076095870673925
244.5123975276947,0.003999949402887929
244.5274407863617,-0.0008658037995010119
244.54353308677676,-0.0016636966907677812
244.5590858459473,0.001719693848020308
244.57423400878903,0.003915327208146635
244.5900866985321,0.0018962000096654046
244.6062242984772,-0.0008529063385134153
244.6215476989746,0.00033158771316137755
244.6370978355408,0.004219220049842228
244.65307879447937,0.005123178084023598
244.66847586631772,0.0009688895117033252
244.6836524009705,-0.0034350786672579224
244.699622631073,-0.0027632538016568557
244.71428227424624,0.0015455638564637261
244.72972989082336,0.0032641307640588076
244.745290517807,-4.035243135542318e-05
244.7606575489044,-0.0036835487298801607
244.77598571777344,-0.002392029677902717
244.7912168502808,0.0023704415049750314
244.8072094917297,0.004378523483468585
244.8222522735596,0.0011137915439122948
244.8382725715637,-0.002991756523050313
244.8532750606537,-0.002857352385943631
244.8683135509491,0.0003921703741119305
244.88430738449097,0.001558551228055632
244.9004173278809,-0.0008969982899375319
244.9156429767609,-0.0028450354019380064
244.93054127693176,-0.0010509999362376468
244.9461619853973,0.0015202131795526205
244.9614934921265,-0.00018051172535729588
244.9775667190552,-0.005461519756310578
244.99261903762817,-0.007963595056833576
245.00774765014648,-0.0041881737621247885
245.0230095386505,0.0013182197495696405
245.0386264324188,0.0016885680141689294
245.0538878440857,-0.0032261904056914313
245.06942486763,-0.006894261541072281
245.0849416255951,-0.005135754246662316
245.09997415542605,-0.0016507451049336643
245.11513781547544,-0.002510329150712153
245.13119387626648,-0.007463976715493728
245.14726185798645,-0.01022812742790656
245.16326880455017,-0.007242136383870688
245.17794942855835,-0.0025668333199911643
245.19294929504397,-0.002138855296312847
245.20885109901428,-0.005552777032452091
245.2240359783173,-0.006926554483088538
245.23951959609985,-0.003539345232449578
245.25551843643188,9.17887759576937e-05
245.2711637020111,-0.001340493590287367
245.286963224411,-0.005960795819211813
245.3026945590973,-0.00671206253381946
245.3187453746796,-0.0010053335931173822
245.33425951004028,0.0052702074283709505
245.34995698928836,0.0052013077843498495
245.3650860786438,-0.00017433216097564354
245.38106727600095,-0.0035001779429409043
245.39700603485107,-0.0009583030945753595
245.41302061080933,0.003139248063059228
245.4292268753052,0.002950070265322865
245.44479894638064,-0.0006827277089771914
245.460777759552,-0.001849093559753907
245.476348400116,0.0015922823944304184
245.4923498630524,0.004676412841281416
245.50734996795651,0.0022787165664038614
245.5228807926178,-0.0034613774436428966
245.53857707977292,-0.005763955085842588
245.55436944961548,-0.002333824132865554
245.5702314376831,0.0016468486558789974
245.5863246917725,0.0007613916914129531
245.6018068790436,-0.003264762570986861
245.61783504486084,-0.00425794403699782
245.63392210006717,-0.00045136324840487196
245.6494734287262,0.0029570263690796373
245.66466856002808,0.001066583233672346
245.68066358566284,-0.0038918994274268477
245.69604659080505,-0.005699276889883677
245.71209263801572,-0.002762095477894238
245.7281882762909,-0.00010919701446733516
245.74373054504397,-0.0021236205829210228
245.75871300697327,-0.0063791653908818234
245.77417302131653,-0.007222446423676092
245.7902841567993,-0.0038567352038520945
245.80533456802368,-0.001372112799489394
245.82097482681277,-0.0033074077205738723
245.8367202281952,-0.006459164439567097
245.85277342796329,-0.005482068369758476
245.8680953979492,-0.0007737000235239636
245.8832964897156,0.0017343743644097742
245.89883160591123,-0.001160562235601739
245.91387581825256,-0.0052012584687983685
245.9290065765381,-0.004283148793397608
245.94489645957947,0.0012326401717806948
245.96052527427676,0.004995479002683354
245.9759726524353,0.0032919573442541424
245.9915156364441,-5.2241098438209586e-05
246.0076036453247,0.0008206340708322418
246.02287077903748,0.005604258163272793
246.038360118866,0.008313241013406646
246.0542857646942,0.0056865826288097394
246.0702452659607,0.0017324970192499278
246.08586406707764,0.0020860697183306123
246.10184478759768,0.006141281520474591
246.11793661117557,0.008022975156572689
246.13410115242004,0.005026532551054056
246.1500461101532,0.0016263043966510593
246.1655387878418,0.003325100772846044
246.18058109283447,0.008859609321875146
246.19594860076904,0.011628895536689705
246.21093654632568,0.008408405799588185
246.22616457939148,0.0033683667647867255
246.2415907382965,0.0020860849666574166
246.2573668956757,0.004161907361912326
246.27335262298584,0.004664877939906092
246.28867316246036,0.0018539922407886386
246.30424857139587,-0.00022535560759414102
246.31926798820496,0.002043210684225222
246.33533763885495,0.00612011429401489
246.35097336769104,0.006693036806322493
246.3661539554596,0.0034318951215886705
246.3817045688629,0.0017954233426119535
246.39769458770752,0.005393902064277304
246.4128918647766,0.010599361312972275
246.42874431610107,0.011189884356070101
246.44371008872983,0.006765995613726232
246.4590950012207,0.0032269410041346437
246.4746708869934,0.004598718930828971
246.49080848693848,0.0076515385970825755
246.50685286521912,0.00683094153306015
246.5224814414978,0.002446598143142455
246.53759670257568,0.0004281606609444844
246.5536847114563,0.0038982297948549453
246.5692102909088,0.008461480400147233
246.58516120910645,0.00798371631029789
246.6008973121643,0.0029205220321838125
246.61613607406616,-0.0003972996679153162
246.63164448738095,0.0014611996140039855
246.6477017402649,0.004425679921764061
246.66284918785092,0.0029038986248045707
246.6780822277069,-0.0020739699830348013
246.6942572593689,-0.004080480907712997
246.70839619636536,-0.0003412452375213355
246.72439670562744,0.004031744843814417
246.73952460289,0.0027529365144882975
246.7549693584442,-0.003081112508594861
246.7699694633484,-0.006431013589814856
246.78497910499573,-0.0038684104441525486
246.8008143901825,-0.0001843421585239224
246.81638264656067,-0.0018274073430060269
246.83187651634216,-0.008260277711374352
246.84644412994385,-0.012970516430586027
246.8624722957611,-0.012379701025959413
246.8774042129517,-0.01013625616254717
246.8934154510498,-0.01111386430360262
246.9086797237396,-0.01403568211808073
246.9241588115692,-0.013387097344605412
246.94022488594052,-0.007807013207755164
246.9558317661285,-0.0027337436809320137
246.97108793258667,-0.0032129963754948575
246.9864478111267,-0.006889881168864359
247.0014605522156,-0.007174385509566515
247.01746559143064,-0.002332732452475888
247.0331587791443,0.002100889182549634
247.0480320453644,0.0009246129325472946
247.06324791908264,-0.0036749295101901813
247.0788986682892,-0.005296809831564929
247.09424018859863,-0.0021233250870284653
247.10947966575625,0.0009289022202906298
247.1244876384735,-0.000535835720987283
247.13996529579163,-0.004107382925826941
247.155193567276,-0.00405881372834525
247.17037534713745,0.0004253018921462452
247.18594932556152,0.003919254685150808
247.20181035995483,0.0021986331900020035
247.21772384643555,-0.0019789559001171355
247.2328553199768,-0.002777057309286356
247.2486469745636,0.0007491366738548019
247.264390707016,0.0037978793749428906
247.27971267700195,0.0030285813742281045
247.29576325416565,0.0014149121083196206
247.31154704093933,0.003857869773403501
247.32760095596316,0.009858591218457915
247.34348225593567,0.013659149701590052
247.3589372634888,0.01170137245460037
247.37456130981445,0.007067684481102501
247.39058423042297,0.004951239569905213
247.40631794929504,0.005767922059370744
247.4223186969757,0.005542370304161964
247.43764567375183,0.0026140909711160763
247.45287346839905,0.0006755942789118067
247.4688696861267,0.0035174622335335066
247.4848644733429,0.0089677040475281
247.5008988380432,0.011031345701592142
247.5160253047943,0.007763716918113594
247.5320541858673,0.004038136597713385
247.5475776195526,0.005110936582441273
247.56358814239505,0.009618459162422596
247.57919144630432,0.011569382494158419
247.5949230194092,0.00853231505703577
247.61086463928223,0.0046913177684284905
247.6264328956604,0.004664414056331109
247.6426968574524,0.00690528138800488
247.6580238342285,0.006038401959629623
247.674054145813,0.0008400739750993357
247.689549446106,-0.003510363377775336
247.70475816726685,-0.0023653185274845365
247.7208034992218,0.001788638507172
247.73684644699097,0.0023903878588132687
247.7523410320282,-0.002440155295088832
247.76738476753235,-0.0074023249540078224
247.7833046913147,-0.007204662510626639
247.7993230819702,-0.0035679928487924724
247.81435894966123,-0.0025162050531035342
247.82936787605288,-0.005924928797598994
247.84487342834475,-0.009138862758056324
247.8600800037384,-0.007793833393276876
247.87608098983765,-0.004071294384845018
247.8921811580658,-0.003586596704066587
247.9073829650879,-0.007410072143367016
247.92313408851624,-0.01051935347709543
247.93852376937863,-0.008793331375119433
247.95385313034055,-0.004600073878437121
247.96986889839167,-0.003173901439432106
247.9858512878418,-0.005125489888163779
248.0018150806427,-0.005805833832633573
248.01787328720093,-0.0022942867608981878
248.03399467468265,0.0021545698421583164
248.0500509738922,0.0026573391447059047
248.06580018997192,-0.00027547680405999846
248.08096718788147,-0.0013767532758252323
248.0969636440277,0.00189396971698645
248.1123652458191,0.005691899599195055
248.127703666687,0.005245960435592542
248.1433897018433,0.001730001946169828
248.15949010849,0.0007107980582293029
248.17489385604856,0.0042005901174141476
248.1907296180725,0.007509911034383473
248.2059042453766,0.005561692717984427
248.2212691307068,6.788784296045403e-05
248.23658680915835,-0.002487490087858385
248.2523422241211,0.00048691028652804273
248.26837706565857,0.004171588890381307
248.28537774086,0.002767061195030014
248.30019211769104,-0.0028776051372662124
248.3156702518463,-0.006635721032690703
248.331716299057,-0.0052738377330832885
248.34710693359372,-0.002244810131539058
248.3629651069641,-0.0024155682027136713
248.37887406349185,-0.005522363383873723
248.39487433433533,-0.007299330559546903
248.4105145931244,-0.005978859352448813
248.42657232284543,-0.0045086944712660615
248.44242906570437,-0.005613325945929191
248.4576368331909,-0.007432944749498241
248.47328662872317,-0.006360652898932891
248.4888429641724,-0.0027775504331319597
248.50463581085205,-0.0009564623829969667
248.5197720527649,-0.003007846544257638
248.5358366966248,-0.0056554941629048654
248.55054759979248,-0.00468692277555755
248.5658507347107,-0.0008008726107703399
248.58145427703855,0.0014967946827445886
248.59678959846497,0.0003000462941295679
248.6121325492859,-0.001198414931030409
248.6275420188904,0.00040077222999387093
248.6441330909729,0.00360034706955891
248.65964937210083,0.004107097859138868
248.67493605613708,0.0011095597712084035
248.69034123420715,-0.0013785580343659383
248.70580196380612,-0.00021978285899272565
248.7210066318512,0.0021442905077395363
248.73668265342712,0.000855886154799814
248.7514009475708,-0.004469971091136966
248.7665228843689,-0.008692999537962855
248.78185749053955,-0.00760747809327238
248.7974319458008,-0.0032449663208729833
248.81346774101257,-0.0009453638169472803
248.8288013935089,-0.002390912614244278
248.8443682193756,-0.0040448563232135405
248.8602650165558,-0.0026190345578071253
248.87634563446045,0.00045826641809472955
248.8917815685272,0.0016558923227797874
248.90745043754575,0.0007752362501756761
248.92244410514832,0.0011178666969203096
248.9382057189941,0.004255271089356799
248.9537034034729,0.007298950257953917
248.9696583747864,0.006919625362122633
248.98443222045896,0.004344706522089747
248.9998800754547,0.0038718401047805246
249.01503252983093,0.0067622290851800755
249.0305228233337,0.009290843403874878
249.0460822582245,0.007990022142026158
249.0611171722412,0.004730871838425173
249.07581233978271,0.004254702971440841
249.0918092727661,0.007464014105612768
249.1068239212036,0.01001169468347881
249.12286710739136,0.00834756638196314
249.1380636692047,0.0047191906983539336
249.15353083610532,0.0039520110471351995
249.16965746879575,0.006513983150443048
249.1854836940765,0.007851838085697269
249.200777053833,0.0051457165788090726
249.216858625412,0.0017717587581613302
249.232932806015,0.0026676633832763887
249.2480823993683,0.0069162572188100685
249.2636442184448,0.008421874370700216
249.2794189453125,0.004302246706250998
249.2951409816742,-0.0007750049776534189
249.3111927509308,-0.0008950186976270451
249.326623916626,0.0026529705624690455
249.3426992893219,0.0028701925625533448
249.35875988006592,-0.002989402419914774
249.3742139339447,-0.008673842299057065
249.38979983329773,-0.006716687869733347
249.4058427810669,0.0008534456538599837
249.42137575149536,0.0032226831526435285
249.43748092651367,-0.00685387632708521
249.45304465293884,-0.023512885073186673
249.468359708786,-0.03235873511981978
249.48434591293332,-0.024443993327896495
249.5003592967987,-0.005282427505497691
249.51612305641171,0.009993499857153861
249.532146692276,0.010785710435206732
249.5481915473938,0.0006602757767547548
249.56390857696533,-0.007552417508232966
249.5789122581482,-0.005899253990341799
249.594247341156,0.001266910988583917
249.60983753204343,0.004504122817919936
249.62511205673215,0.001159710634089752
249.64059972763064,-0.002986379844173786
249.6566319465637,-0.002853450616659644
249.6724841594696,-0.0005716024050233573
249.68781113624573,-0.0010088745215829364
249.703871011734,-0.0038382360298456924
249.7194166183472,-0.0038946808684675862
249.7346880435944,0.0009650636883214866
249.74987387657168,0.0061273388039317055
249.76577496528623,0.006209335244147082
249.78080987930295,0.0024554603948596793
249.79693484306333,0.0011506859164157608
249.8121418952942,0.005171995357350773
249.82753586769104,0.010269737261678385
249.84353947639465,0.010993599971507496
249.8592610359192,0.007848788572689272
249.8752703666687,0.005882329352277302
249.8908104896545,0.007154319768025373
249.90597295761108,0.00800557312078576
249.9211783409119,0.004852823582350885
249.9362199306488,-0.00011443331856163393
249.95153069496155,-0.0017517965836120085
249.9668715000153,0.0006818688564704692
249.98244500160217,0.0022638600502619555
249.99771976470947,-0.0007818115413341384
250.0135176181793,-0.005785138821292028
250.02879118919373,-0.007303331108010479
250.0438430309296,-0.0044849757008074646
250.0598645210266,-0.0017673426999692122
250.0754592418671,-0.002327115482191856
250.09054827690125,-0.004048747351812272
250.1065764427185,-0.003658822743166814
250.12173104286197,-0.002348553504520159
250.13691902160645,-0.004032097819759567
250.1520757675171,-0.008647001883693422
250.1680603027344,-0.010832787644124472
250.18416118621823,-0.006824699524531107
250.19981575012207,-0.00011447834102186428
250.2159044742584,0.0025465417672861437
250.23192143440247,-0.000192068511844265
250.24797201156616,-0.002787207676018694
250.26304721832275,-0.0005803503902691272
250.27889561653137,0.0038570363078831793
250.29490685462952,0.004419331382917002
250.31099390983584,-0.00016660111408813103
250.32656931877136,-0.004900222036965215
250.34159970283508,-0.005596529329298659
250.35685348510745,-0.00426813631609446
250.3727440834045,-0.005410298259989479
250.38886713981628,-0.008905750958249825
250.4044816493988,-0.00994273829128605
250.4200055599213,-0.006084459756987312
250.43604803085327,-0.0012015061318886762
250.45155930519104,-0.0003706077758263435
250.4676342010498,-0.002881739239388971
250.48331880569455,-0.0034743313500401954
250.49984741210935,-0.00026700622812458365
250.5154628753662,0.001961483196301218
250.5305323600769,-0.0017770925426583203
250.54303884506223,-0.00922882586793469
250.5580804347992,-0.013034825406100608
250.57323360443115,-0.009939882534638657
250.58905029296875,-0.004641460981000843
250.60509157180783,-0.0031432104681135596
250.62112522125244,-0.0049274444991161395
250.63646936416623,-0.0046608736863380405
250.65242338180545,-0.0005972640662887489
250.6676049232483,0.0024948237486552053
250.68254828453064,9.62732138078369e-05
250.69830060005188,-0.005237245269160575
250.7135946750641,-0.006780932727324806
250.729110956192,-0.0023814696757364995
250.7444338798523,0.003019918980966713
250.76002621650696,0.004341335535994936
250.7755386829376,0.0028933273257265653
250.7916114330292,0.003594742869700519
250.8069427013397,0.007385812381787668
250.82213878631592,0.009935836309463535
250.83750748634336,0.008318149379261262
250.852858543396,0.005656164497447583
250.868839263916,0.0067197663164007895
250.88349151611328,0.010803066051496559
250.89867877960205,0.012448561591949868
250.9145805835724,0.009276223677195659
250.9305877685547,0.005632695468387597
250.946058511734,0.006506500038439582
250.9618027210236,0.01019286809782486
250.97701740264893,0.010300550344831176
250.99229049682617,0.004572960068237527
251.0083491802216,-0.0017772352657954135
251.0238754749298,-0.0029666027237597813
251.0393795967102,-0.00021673415706119012
251.05492305755612,0.00041616863696290946
251.07040691375727,-0.0033375150461189542
251.08576798439023,-0.007084968377292857
251.1018829345703,-0.006475456549893276
251.11792755126956,-0.003676568524788186
251.13396883010864,-0.004216781783663697
251.1494960784912,-0.008616227945775892
251.1644513607025,-0.010892363874607344
251.18021631240845,-0.0065319632195981105
251.1960701942444,0.000987640417941824
251.2108221054077,0.004432144138158716
251.22634077072144,0.0022233710040837932
251.24227237701416,8.491546866563838e-05
251.25796151161197,0.0027473085135501715
251.2739748954773,0.0074456958846025375
251.28972697258,0.008245214850387702
251.30485320091248,0.004756752458952185
251.320898771286,0.0026506405271782244
251.33600735664368,0.0052926083868078296
251.35258889198303,0.00867420065992552
251.3678946495056,0.0071126211923313795
251.38391828536987,0.0016349743154553693
251.39907598495483,-0.0011375976456539396
251.4151349067688,0.001652395542253644
251.43058395385745,0.004714106070416732
251.44591403007507,0.0017161097909453456
251.4611313343048,-0.005746040754868583
251.47687220573425,-0.009863465008931793
251.49265718460083,-0.006911258550107587
251.50836324691767,-0.0021084931733246545
251.52436780929563,-0.002427458914683942
251.54040932655332,-0.00727299292226296
251.5559599399567,-0.009744324414138493
251.57157945632932,-0.006425168834828833
251.5871515274048,-0.0019228183424608602
251.60251545906067,-0.0020051032654941174
251.61768627166748,-0.005326108854190392
251.6330528259277,-0.0056006959235416496
251.64843487739563,-0.0010601501718427147
251.6639904975891,0.002511624273296952
251.67960906028748,-0.00021450217955248582
251.69485354423523,-0.006312633638127198
251.71042227745056,-0.008243223663523112
251.7264108657837,-0.004063455229789996
251.74245929718015,4.498418538545208e-05
251.75738430023196,-0.0015281839185431198
251.7732274532318,-0.006080023839256541
251.78926301002505,-0.006597188736727945
251.80449271202087,-0.0017861434897442057
251.82033133506772,0.0019672684305818014
251.836252450943,-0.0006284609954797351
251.8517014980316,-0.006599002150825063
251.86709809303284,-0.008999759265000903
251.88209652900696,-0.006384794319735581
251.8967628479004,-0.004166070306397282
251.9128701686859,-0.006289964241354572
251.9287614822388,-0.009304620382261777
251.94395279884336,-0.007317163131196994
251.9594781398773,-0.0007351286264725013
251.97499465942383,0.0038085831975428596
251.99098944664,0.0024897724474399084
252.00698828697205,-0.00039675562088161646
252.02281975746155,0.0015088913638936531
252.0383033752441,0.007549872677778663
252.0535249710083,0.010675815790969177
252.0682680606842,0.007029045195392353
252.08428120613095,0.0012523191817561397
252.1002974510193,0.000210933098091488
252.11544108390808,0.003870007433886779
252.13112497329712,0.005868969342183194
252.147198677063,0.002736483757657725
252.1632523536682,-0.0012536871806976134
252.1789150238037,-0.0002986210478554416
252.1943335533142,0.004520219211208621
252.20971536636355,0.006558142700160914
252.2249433994293,0.002934901949450234
252.2407968044281,-0.001157264250084192
252.2560772895813,0.0006084017352081684
252.2723069190979,0.006875439913342512
252.28790807724,0.01010640551204979
252.30392003059387,0.006585058719427186
252.31989908218384,0.0013708830477412088
252.3359079360962,0.001447455810253519
252.35094261169436,0.006455926659010034
252.36649346351624,0.009649667704376795
252.38168001174927,0.00751930211182395
252.397477388382,0.004609045141052679
252.4128918647766,0.0068807475076164085
252.42809414863584,0.012943868195088854
252.4441566467285,0.015392123277957118
252.45999884605408,0.010503805260318726
252.4750416278839,0.0031030984068453546
252.4906780719757,0.00014418742144957537
252.50669503211972,0.0020275451959778854
252.52209067344663,0.003363236435226599
252.5373337268829,0.0013668003785354838
252.5532829761505,-0.0004605406033806889
252.56865882873532,0.0015604325197911013
252.58472847938535,0.004749314209164501
252.5999052524567,0.0031286949694722113
252.61507868766785,-0.00397239514792288
252.63087034225464,-0.010236241423828854
252.6461117267609,-0.01039769321881202
252.6614065170288,-0.006847530252921655
252.6768329143524,-0.00555823449682524
252.69284796714783,-0.0072906035401268535
252.70798444747925,-0.006732384442504023
252.72357392311096,-0.0007561206421669046
252.73968410491943,0.006215379262573378
252.7549831867218,0.007703579464496435
252.7704041004181,0.003914361808649024
252.78545808792117,0.0012657771535249647
252.80061745643616,0.0032279773630908577
252.8161942958832,0.005461912168130278
252.8312382698059,0.0023266817925036
252.8468437194824,-0.004365093656435146
252.862140417099,-0.007012162804740864
252.87741446495056,-0.0024925120381577774
252.89269399642944,0.0031318314987978015
252.90847158432007,0.0023056964882451855
252.9240744113922,-0.004180794685936523
252.9393947124481,-0.008547629359840356
252.95468401908877,-0.006570256380107656
252.9707148075104,-0.002775585823795734
252.9867322444916,-0.003435202895059335
253.00176310539248,-0.007556792741785339
253.0168945789337,-0.008582749236668376
253.0323624610901,-0.00413259188037337
253.048015832901,0.0002532254956042405
253.0640790462494,-0.001220892972683592
253.0787115097046,-0.006366454249978005
253.09477162361145,-0.007863653485788599
253.109708070755,-0.003210951938089507
253.12485599517825,0.0021353637731096903
253.14080476760864,0.002633545388939177
253.15630435943604,0.00031065416742201077
253.1722302436829,0.0014734961049456745
253.1882860660553,0.007270307097856771
253.2032835483551,0.011547400673644388
253.21886134147644,0.009164522094437594
253.2341678142548,0.0031906206413025284
253.24958086013797,0.000851353758318229
253.265704870224,0.003751947197393279
253.2807412147522,0.005888196871651155
253.29676055908203,0.002150189451234723
253.31209444999692,-0.00451129278381299
253.327739238739,-0.007151111303669101
253.3433032035828,-0.004348534498342648
253.3590342998505,-0.001869604683286532
253.3743844032288,-0.004276813293079216
253.3896186351776,-0.008418732452543733
253.40511775016785,-0.008000178546514395
253.4203782081604,-0.0026993707799913094
253.43641471862796,0.0011591974426192098
253.45164322853088,-0.000577623393266908
253.4670374393463,-0.003985197115848077
253.48237562179563,-0.0024810269348561967
253.4980425834656,0.003859183614475393
253.5130536556244,0.008089154929655463
253.5285313129425,0.005783150437375197
253.54387402534485,0.0011972263608265418
253.55943989753723,0.0016448462559777886
253.5752990245819,0.007663922147706789
253.5914511680603,0.012346697023794002
253.60740089416504,0.010646873179617624
253.62339901924133,0.0058707623836257265
253.63868737220764,0.004629555835407432
253.6548044681549,0.007539094923360183
253.6702423095703,0.008643641219872834
253.6862301826477,0.004136167194110406
253.7022476196289,-0.002072522131522442
253.7173974514008,-0.003785212596100462
253.73276233673096,-0.0011562406182411599
253.7487895488739,-0.00022422021106167098
253.76439571380612,-0.004014044407213308
253.77937173843384,-0.007908375959934794
253.7943892478943,-0.0059769570123805685
253.8097188472748,0.0005825115437487751
253.8250343799591,0.004806838663886603
253.84037899971008,0.0033160739243483666
253.8563702106476,0.0006182992641543227
253.87161016464236,0.0024186137163937577
253.88761234283447,0.0074216550813498506
253.90271639823916,0.009165024436752786
253.9182550907135,0.005206948910913653
253.93427109718323,0.0006526338155071048
253.95028114318848,0.00113329049333993
253.9652457237244,0.005275869486382538
253.98117065429688,0.00719122910960244
253.99663090705872,0.005068586429888021
254.0118417739868,0.0033586959694456623
254.02732920646667,0.005538308594130454
254.04331517219543,0.008278440344028082
254.05898714065552,0.0058898895808639174
254.0743923187256,-0.0011282270831382054
254.09035205841064,-0.005958733993215446
254.1063070297241,-0.004448896609106155
254.12236714363095,-0.0006840929321882431
254.1378893852234,-0.0011501392082276956
254.15330123901367,-0.0056035737733421435
254.168564081192,-0.007576356164505912
254.1839408874512,-0.0038466894208463204
254.19964694976807,0.0006211902448941026
254.21490716934204,-0.0005259448902187902
254.23102378845212,-0.005959930553957998
254.24606490135196,-0.008212525872473715
254.2614579200745,-0.003879256957805417
254.27746176719663,0.0017027492902576464
254.2930121421814,0.0018379376858045767
254.3083255290985,-0.0024148314408911128
254.3235020637512,-0.004115407803461388
254.3385088443756,-0.0005170232269106128
254.35383796691892,0.0029723355432399704
254.36963033676147,0.0005386326618175455
254.3848099708557,-0.005570617376542234
254.3998110294342,-0.007889175946757448
254.41486263275144,-0.004012876265424958
254.43057799339292,-2.6011357181967426e-07
254.4457092285156,-0.0021659749299539196
254.4615104198456,-0.008675349207337524
254.47679662704468,-0.01247229442910363
254.4927563667297,-0.011114907761906146
254.5076894760132,-0.009596131677021724
254.5229709148407,-0.012435234130333211
254.53826189041135,-0.01656052026109605
254.55431699752808,-0.01527796592715898
254.57002353668213,-0.007850383329872727
254.58503985404968,-0.0011314898111499795
254.60108852386475,-0.0006775276244588039
254.61639499664307,-0.00356415143225995
254.631799697876,-0.002942264976395365
254.64743041992188,0.0020785349728581377
254.66298007965088,0.005191832500218624
254.67875909805295,0.002057500645499336
254.6940574645996,-0.0031536658706733077
254.70929551124573,-0.0032356650226661758
254.7248136997223,0.0020837894922592602
254.7408227920532,0.0056157702464733955
254.7562625408173,0.002495003868956955
254.77141189575195,-0.00315589335664795
254.7865068912506,-0.003838678941937404
254.80133843421936,0.0011545235535111885
254.8167369365692,0.0048937005926700285
254.8327276706696,0.002244697684634502
254.8487930297852,-0.003476922601038521
254.8636817932129,-0.005572181691644909
254.87847447395325,-0.0033335027835906667
254.89382910728452,-0.002529522646764433
254.9093592166901,-0.006505421835535911
254.92534232139587,-0.010697220093377993
254.9406309127808,-0.008592689260787883
254.95626997947693,-0.0009808967286649211
254.97199392318728,0.004555148129062568
254.98728847503665,0.0034957772934365787
255.0024681091309,6.599256410148337e-05
255.0185654163361,0.0008810916906154768
255.03562808036804,0.005435605435985413
255.05031061172485,0.006742341522761156
255.0668225288391,0.0012715629589408767
255.0818235874176,-0.005659938354109829
255.0978298187256,-0.006602773552949304
255.11382627487183,-0.0015770807453547018
255.12982535362244,0.0025063496758848916
255.14529871940613,0.001443676597583098
255.16083431243896,-0.0011133717099495455
255.175904750824,0.00021250556938083847
255.19183683395383,0.004270294418116198
255.2071361541748,0.004923544999341263
255.22319889068604,0.00010371085877114872
255.23868250846863,-0.004775373829069328
255.25390720367432,-0.004158039805609951
255.26993203163147,-6.79521930139421e-05
255.2850806713104,0.0008986103837511177
255.30042266845703,-0.002825684107789713
255.31663155555725,-0.005278634780905529
255.33166408538816,-0.0013386603124532432
255.34680080413816,0.005787578966063968
255.3619556427002,0.00866608016391818
255.3775057792664,0.0056473105223959486
255.3934290409088,0.002636798419703578
255.4088819026947,0.004162537237354997
255.42400693893435,0.006632863421150312
255.44003129005432,0.003656590093189949
255.4560761451721,-0.004071396692849819
255.47109007835388,-0.008716511268821961
255.48704528808597,-0.005679907093802275
255.50313687324524,4.1792124337261104e-05
255.51909708976743,0.0006403987389114385
255.5351409912109,-0.0038563116343252046
255.55122566223145,-0.005896557713206811
255.56638956069943,-0.0012350928013032227
255.58119344711304,0.004879606820409256
255.59642267227173,0.00483706093305984
255.61160588264465,-0.0008292338442747486
255.62685918807983,-0.00418074164102621
255.6429398059845,-0.0007024880462325103
255.6586558818817,0.004936696333468482
255.6745059490204,0.005970676708632949
255.69053411483765,0.0031302560160762173
255.7056560516357,0.0031788691851382354
255.72162508964536,0.008754996374752945
255.7370443344116,0.014152754153276515
255.75304055213928,0.013058868660165649
255.76856350898743,0.007274127940413124
255.7837564945221,0.0041141589580686085
255.79916954040527,0.006209332533786654
255.8143208026886,0.008096663661727913
255.82935190200809,0.004332584127241113
255.84530186653137,-0.002433757424311289
255.8613557815552,-0.004927724668939129
255.87687158584595,-0.0014414997324377846
255.8925266265869,0.0016181234031157122
255.90782761573792,-0.0014616740876078624
255.9230077266693,-0.00772335697416849
255.93903636932373,-0.009499974302481382
255.95409870147705,-0.004896583929062854
255.9692621231079,-0.00039110952882179294
255.9844923019409,-0.00204729948588919
256.00055742263794,-0.007444605029246216
256.0164155960083,-0.009272662994563188
256.031644821167,-0.005369307559587859
256.0473759174347,-0.001267847344223748
256.06269574165344,-0.0020001500888233957
256.078759431839,-0.004907658201126533
256.0939664840698,-0.0035967439034603464
256.10922288894653,0.0026574504747155286
256.12489581108093,0.007440094236041535
256.1401445865631,0.005830884213882223
256.1562385559082,0.001113203982748074
256.171621799469,0.00024482032930396276
256.18771481513977,0.004459792998869306
256.2034890651703,0.008009789365084383
256.2195677757263,0.006505602762066522
256.2356746196747,0.002936111802834421
256.25100469589233,0.0030125411489821136
256.26669120788574,0.0067904463870958566
256.2827157974243,0.008687284244266825
256.2979247570038,0.005760884057236902
256.3131847381592,0.0021536349420300644
256.32834100723267,0.003149552804040813
256.3439657688141,0.007355943816700508
256.3595805168152,0.008408449651885376
256.37559628486633,0.004055399851548812
256.39044761657715,-0.00026214294828101137
256.40598917007446,0.0012327090864999689
256.4211962223053,0.006354171288391901
256.4361953735352,0.0074481217485852045
256.4522385597229,0.0017127154064293954
256.4681534767151,-0.004552926225313588
256.48399353027344,-0.0036907677006228134
256.49952030181885,0.0037212588531304446
256.5147087574005,0.0099326796701888
256.53073167800903,0.009963094976581464
256.5462112426758,0.007117168909717312
256.5614151954651,0.007316375358252652
256.576979637146,0.010761401757002725
256.59298038482666,0.01242782576167362
256.6082706451416,0.009979215548514261
256.6237518787384,0.007341719465102519
256.63964557647705,0.008857267712399329
256.65496039390564,0.012743496940099065
256.67059206962585,0.013569350868528958
256.6856608390808,0.010208439764052045
256.7017002105713,0.00753295404518253
256.7169976234436,0.00911351669824878
256.73254013061523,0.011521088645584423
256.74766850471497,0.00890714729573543
256.7630522251129,0.0016853462659800304
256.77812123298645,-0.003268031626246793
256.79313564300537,-0.001713201581686476
256.8091199398041,0.00219548494873922
256.82515144348145,0.0017943592493406416
256.8404693603516,-0.002680798693955661
256.855788230896,-0.004472414854605691
256.871826171875,-4.88019605397131e-05
256.88663506507874,0.00553868035029184
256.9021008014679,0.005387215174100927
256.9182074069977,0.00022378028555081024
256.93423199653625,-0.0026785167494912895
256.95027446746826,0.0003195205166774684
256.9658048152924,0.004211115716179538
256.980849981308,0.0025501412871465
256.9963200092316,-0.0032146138817910723
257.0117108821869,-0.005418136074944596
257.0269923210144,-0.0006778383167681673
257.04305028915405,0.00529805219420561
257.0589907169342,0.005278686324853181
257.0747640132904,7.137121923505869e-05
257.09078431129456,-0.0029870944848058873
257.10646748542786,-0.0002858938020426985
257.1224775314331,0.0033950830334882913
257.13838505744934,0.002082789002329391
257.15379214286804,-0.0027627571830190992
257.16899704933167,-0.004459267887738634
257.1843087673187,-0.0008934717697487654
257.2002923488617,0.0021969472414059914
257.21615386009216,-0.0006788103774268374
257.23129200935364,-0.00665213679187052
257.2474157810211,-0.007997827643686376
257.26371812820435,-0.002675310516314565
257.2793686389923,0.0026264955733825454
257.2948265075684,0.001239263441417711
257.310795545578,-0.004835197077110494
257.3268737792969,-0.008045174218846436
257.34150552749634,-0.005635332168355017
257.3573670387268,-0.0029451030529419825
257.3728446960449,-0.00542862480835906
257.388867855072,-0.010819074094439909
257.4046459197998,-0.012377600290900261
257.41968178749084,-0.008457020874798882
257.4349639415741,-0.004846449616567569
257.4503629207611,-0.006725002712820634
257.4662315845489,-0.01168043774483369
257.4812951087952,-0.013485607326887625
257.4966902732849,-0.010956816537729671
257.5118885040283,-0.009239678240035076
257.52737498283386,-0.011967700834299773
257.5432255268097,-0.015811013880807637
257.55846333503723,-0.015352898591543948
257.57372426986694,-0.011233451448368497
257.5888693332672,-0.009614939348460179
257.6049885749817,-0.013391153916000452
257.62103390693665,-0.0176282824516793
257.6367325782776,-0.01608508949060683
257.652774810791,-0.00997297818293678
257.6685628890991,-0.006564450433422526
257.6846535205841,-0.00916426060098899
257.6997592449188,-0.012131924381552809
257.7150888442993,-0.008060260714551667
257.73077940940857,0.0023082815850990358
257.7459864616394,0.01066440912205156
257.7621157169342,0.011370485299955262
257.77822613716125,0.007790149865369326
257.79359245300293,0.006839175697147451
257.80924892425537,0.009779295087394353
257.82510685920715,0.01164099746548829
257.8405885696411,0.009150512045492267
257.85670590400696,0.005454327177099415
257.87190341949463,0.0051561602909261026
257.8870575428009,0.007293768685635259
257.90306091308594,0.0067108485606541795
257.9181549549103,0.0019486622353466184
257.93414759635925,-0.0019527516133722262
257.9492871761322,-0.0003279362131769232
257.9647994041443,0.004040310325013768
257.98003911972046,0.0040118721986374915
257.99576330184937,-0.0023675871858486602
258.01080679893494,-0.008934718051465163
258.0267188549042,-0.009315441120437334
258.0428278446197,-0.004975938738276216
258.0587649345398,-0.002592200941742262
258.07428216934204,-0.004758910748719662
258.09016466140747,-0.00705307339315241
258.10544896125793,-0.005131842891751691
258.1215651035309,-0.0012986686495036022
258.13759660720825,-0.001041906235558182
258.15337896347046,-0.004708453086269221
258.169308423996,-0.006593657105020248
258.18501472473145,-0.003033675896428737
258.2009348869324,0.0020669592836805167
258.21650218963623,0.0024338644057669214
258.2325031757355,-0.0018017402609406784
258.24845337867737,-0.0042675565577395165
258.2649636268616,-0.001465737499060384
258.28103613853455,0.0019597501439841893
258.29649090766907,-0.0005791898058964216
258.3117392063141,-0.008403623012277643
258.32774782180786,-0.014146074600140114
258.3429124355316,-0.013348139891067125
258.35814094543457,-0.009821152714760584
258.3732981681824,-0.00960304115329081
258.38880825042725,-0.012334277544079746
258.4047400951385,-0.01223688401840702
258.4203441143036,-0.007017687814126521
258.435435295105,-0.001707221939485201
258.4505021572113,-0.0017463344971717105
258.46640062332153,-0.005107015370464667
258.48143124580383,-0.004846190005356661
258.4971227645874,0.0011665429298952689
258.51263761520386,0.0069092132716637895
258.52786779403687,0.006173667954873122
258.54288268089294,0.0010604118403137455
258.55887365341187,-0.0007121922926230594
258.5744438171387,0.003883530117826323
258.59055519104004,0.009291191321664784
258.6058130264282,0.009117049597315812
258.6209557056427,0.004799100533155163
258.6369848251343,0.0033444947159002756
258.6518793106079,0.007435977661229461
258.6676003932953,0.011657277017982852
258.68237709999084,0.00996881116348947
258.697402715683,0.003962404212648313
258.7127842903137,0.00047462723524341593
258.72809982299805,0.0020506573667232967
258.74370765686035,0.0036558243110037525
258.7587933540344,0.0001478966910373608
258.7745065689087,-0.0061023263932708655
258.7896492481232,-0.008214626150206059
258.80490922927856,-0.004250578232723732
258.8204522132873,9.125610712373421e-05
258.83547282218933,-0.0007284261967670696
258.85055565834045,-0.0046857526940808965
258.86601734161377,-0.005421440397380511
258.8814120292664,-0.0013983367804372886
258.8964219093323,0.001967587896955681
258.91106820106506,0.00017003183911637638
258.92643761634827,-0.003715057794505744
258.94159865379333,-0.0031253047159689818
258.95759677886963,0.002736980316199558
258.9729142189026,0.0075409672303637446
258.9881863594055,0.006453891785173648
259.00341868400574,0.0027550833050783265
259.018657207489,0.0030773947353401835
259.03391194343567,0.007860511501047088
259.0500109195709,0.010468600545307093
259.06601667404175,0.006386336877203937
259.0817837715149,-0.0002682341146614002
259.0978004932404,-0.0020754775157245968
259.1139159202576,0.0018090688436444777
259.1299042701721,0.004860957383927069
259.1459119319916,0.0024489804915600617
259.161589384079,-0.0018194811757169691
259.177137374878,-0.0014074116841877203
259.1927537918091,0.00384775871768496
259.2080433368683,0.007564524682278546
259.22344040870667,0.0058897491364059765
259.23863077163696,0.002905137695743477
259.25381112098694,0.004717027700563614
259.2698123455048,0.010556626408276858
259.28585720062256,0.013455815519352664
259.3013024330139,0.009721417929475205
259.3164803981781,0.004134385132499497
259.3319013118744,0.003632665777595007
259.34718132019043,0.008138240198893911
259.3623914718628,0.01107493123392091
259.3783156871796,0.00860953693372444
259.394314289093,0.004613089390705627
259.41010570526123,0.0045782852290741265
259.42544960975647,0.00740723112255381
259.44094800949097,0.006907507663377574
259.45625948905945,0.0008490714556947838
259.47220611572266,-0.005467291596220917
259.4877254962921,-0.006333081885737167
259.50372838974,-0.003328906033660652
259.519633769989,-0.002716506908787485
259.53483295440674,-0.006429718435671749
259.5503873825073,-0.009596744362824837
259.5660743713379,-0.007946604324681163
259.58177495002747,-0.004148436593760725
259.5977396965027,-0.0037506047768834268
259.6136634349823,-0.006654613292260259
259.6295175552368,-0.006842996773434107
259.645560503006,-0.0012178123455533225
259.6615028381348,0.005159795891755921
259.6770567893982,0.005472854406266938
259.69258666038513,0.0005566409472280371
259.7081413269043,-0.0020712158631534783
259.7241759300232,0.0015205355901155232
259.7396583557129,0.006479261177893053
259.75496101379395,0.006384276108285596
259.7703597545624,0.002592876243516123
259.7855224609375,0.002272559769112344
259.80054569244385,0.007733561929791301
259.8165092468262,0.012307959929057137
259.8315272331238,0.009096487491351234
259.84754037857056,0.0006963988843704987
259.8632621765137,-0.0037927141565169786
259.87878918647766,-0.0006963737258294479
259.894788980484,0.0036628312859625055
259.9100561141968,0.001978320500322856
259.92538189888,-0.0039424760985770965
259.94132447242737,-0.005897409056383527
259.956650018692,-0.0009005395908884889
259.9722967147827,0.004496352571551316
259.9873368740082,0.0031082598050119663
260.00263690948486,-0.00317496732997597
260.01871371269226,-0.006263726067157974
260.03469800949097,-0.003095480921829631
260.04993629455566,0.0005186480921671626
260.065726518631,-0.0014278988615393376
260.08043599128723,-0.006394467817532678
260.09571719169617,-0.006853382601878047
260.1118195056915,-0.0010724425815586804
260.12718772888184,0.004126414311698328
260.1431477069855,0.0025950310334462877
260.1585443019867,-0.002769937342356246
260.17416858673096,-0.004167100981643454
260.1896138191223,0.00028062711733286855
260.20493364334106,0.00408693319479225
260.2209861278534,0.0015721641977459407
260.2364654541016,-0.0043617133824059885
260.2524366378784,-0.006690151479098257
260.2680404186249,-0.004439331166864863
260.28411054611206,-0.004056033016352318
260.30001640319824,-0.009999125185920681
260.31560373306274,-0.01786027746348028
260.33124327659607,-0.019854492661345136
260.34624576568604,-0.015212398262911094
260.360981464386,-0.011087499210776005
260.3765330314636,-0.012685916007109674
260.3923714160919,-0.016221804479600633
260.4080584049225,-0.014358782653995214
260.42321729660034,-0.006508691545079264
260.4390878677368,0.0002605498005787388
260.45440554618835,0.0007872449694486944
260.4704749584198,-0.0015801272523095797
260.48655462265015,-0.00037710999445627605
260.50178623199463,0.004535839096721776
260.5168435573578,0.0069960659824997535
260.5321011543274,0.0038820521291231635
260.5472056865692,0.0002498554586314299
260.5619218349457,0.002648950633254833
260.5774562358856,0.009842144764542078
260.5926868915558,0.014055021211937746
260.60866498947144,0.011268444114373024
260.6240420341492,0.006412193335519024
260.63907742500305,0.0063437036186351934
260.6540923118592,0.010424113797815009
260.66962814331055,0.011714062273009213
260.68493008613586,0.00691570411226101
260.70093393325806,0.0010922769514230743
260.71693205833435,0.0006991618271225694
260.73198986053467,0.004824663926380459
260.74798226356506,0.006816633848915337
260.764034986496,0.0037506353181895593
260.77982115745544,0.0003311607666336479
260.7946939468384,0.0019354276428346726
260.81070828437805,0.006901250524840644
260.82601022720337,0.008990583315790421
260.84179401397705,0.006245401609439184
260.85780358314514,0.003366700727043267
260.87375688552856,0.004317912876960044
260.8893315792084,0.0061963794865801825
260.90484380722046,0.003617709873328687
260.92086577415466,-0.0026529909305504163
260.9360589981079,-0.005743655704508037
260.9511168003082,-0.0020505486597029404
260.9666855335236,0.003180268366657535
260.9826002120972,0.0024501376243349134
260.99776554107666,-0.003872267346984159
261.01273560523987,-0.007933698468024268
261.0282311439514,-0.005057028106158181
261.0442900657654,-0.0001506317290986929
261.06041979789734,-0.0010066668784015536
261.0751967430115,-0.007657479784407431
261.0903458595276,-0.012389139528260044
261.10590386390686,-0.010246735583601382
261.12146162986755,-0.005440827005265063
261.1373283863068,-0.0050017719589186575
261.1529533863068,-0.008862478687920755
261.1680796146393,-0.010317228083626504
261.18334674835205,-0.005959459634778483
261.1990156173706,-0.0007729307182481101
261.21447491645813,-0.0010642524525137694
261.22991824150085,-0.005368305635074605
261.2451593875885,-0.006402475280395382
261.26041865348816,-0.0013570796518982808
261.2764661312103,0.004117795805033023
261.2921485900879,0.003897390398505757
261.3081781864166,-3.235416189464359e-05
261.3233046531677,-0.0005915293693530341
261.3387289047241,0.004117679156603619
261.3548235893249,0.007945230111503391
261.3701009750366,0.00532215233100285
261.38534355163574,-0.0008867654435926004
261.4015884399414,-0.0034201140922279806
261.4160330295563,-0.0007444790758918164
261.4321391582489,0.0010785311744491548
261.4476454257965,-0.0026960382475443283
261.4628131389618,-0.008530590225384584
261.4787287712097,-0.009454577346254413
261.4947302341461,-0.004857017139320954
261.51006841659546,-0.0014036407769536367
261.5253677368164,-0.003773279698928933
261.54066276550293,-0.00818285529500972
261.55580019950867,-0.00771566368833107
261.5713458061218,-0.0019327780164883433
261.5866129398346,0.002645222472187266
261.6023528575897,0.0016935528301686921
261.6183319091797,-0.0011072573872196543
261.6338746547699,0.00027537615992368055
261.64907932281494,0.0052982191993467915
261.6642372608185,0.007463229819800183
261.68026781082153,0.0036890130567858916
261.69544768333435,-0.0009184048131054131
261.71143436431885,0.00012042671680958291
261.727534532547,0.005654187048371072
261.74357414245605,0.008356219082187779
261.75873279571533,0.00474474745543331
261.77429008483887,-0.0001173373872758259
261.7898635864258,0.00023447651687790805
261.80503129959106,0.0046305276106757155
261.8203251361847,0.005891826610515417
261.8362529277801,0.0008293124097224604
261.85167384147644,-0.005254462954453263
261.8672959804535,-0.005757029134201237
261.883202791214,-0.0016783721087057463
261.8985722064972,3.170132660036478e-05
261.91457509994507,-0.003710302038418067
261.9297740459442,-0.007802920811263107
261.9457757472992,-0.006109078017747618
261.9610641002655,-9.558477913139407e-05
261.9763979911804,0.003041432358060925
261.9924783706665,0.00012470808688689987
262.0074996948242,-0.003865061814702549
262.02294421195984,-0.002763745293061829
262.0381636619568,0.00261967739902267
262.05403780937195,0.006361862279479771
262.0696156024933,0.006135831437469321
262.0848517417908,0.0061076270035697365
262.0998537540436,0.01002531436141361
262.1156749725342,0.014782498851559989
262.1306805610657,0.014159757225035336
262.1466770172119,0.007798403151922771
262.16210079193115,0.0026042120281384853
262.17782855033875,0.0040734014783659475
262.1930305957794,0.009209562158361245
262.20904564857483,0.010773403275051722
262.22503089904785,0.006988132092025342
262.2402422428131,0.0032817558778408867
262.2554988861084,0.003917326959434959
262.27068877220154,0.0056338610807881865
262.28617882728577,0.0024271196259204285
262.30144214630127,-0.005397630570854989
262.3169581890106,-0.010954673167745434
262.3329577445984,-0.009901006475724592
262.34798192977905,-0.006182642647047296
262.363972902298,-0.006307431821975542
262.3788588047028,-0.010200933644026997
262.3942766189575,-0.011513418654031552
262.4102480411529,-0.00686451368924066
262.425244808197,-0.0008527785620088884
262.44045305252075,0.0003099222148565941
262.456479549408,-0.0025178222698492222
262.4719922542572,-0.002826918158318999
262.48798847198486,0.0019535199566572733
262.50327491760254,0.006393181912559259
262.51842617988586,0.0045445014832861475
262.53383445739746,-0.0014155237989772187
262.54981207847595,-0.0036649440046901253
262.56494069099426,0.0008510941593681629
262.5799036026001,0.006374585582713174
262.5959043502808,0.006148976511304632
262.6114435195923,0.0012737854108047916
262.62692761421204,-0.0013637150319379821
262.6424012184143,0.0012401703360193023
262.65794229507446,0.004454634991170767
262.6735112667084,0.0029581179199300476
262.68850684165955,-0.001797482035773219
262.7045204639435,-0.004037269036640871
262.72051787376404,-0.002157970957974759
262.7365024089813,-0.000942159554741443
262.7515251636505,-0.004333213702714217
262.7675235271454,-0.009199433108078869
262.7832877635956,-0.009221753945830892
262.79978108406067,-0.003660270228129592
262.81477904319763,0.0013559687991130704
262.8307957649231,0.0010361460827726494
262.845778465271,-0.0017215134969848084
262.86151218414307,-0.0007316815468406276
262.87704396247864,0.004477377128733116
262.8918778896332,0.0077268296923144585
262.90738916397095,0.00467690127721346
262.9228701591492,-0.0011238231597931522
262.93889117240906,-0.003029267511609913
262.95490193367004,-0.00013814587363827988
262.9709622859955,0.002050789887477418
262.98644971847534,-0.0003006628355828739
263.00145387649536,-0.004131079669746459
263.0164883136749,-0.004198922451496947
263.03170585632324,-0.0007017661452286099
263.04780435562134,0.0011019453842292233
263.0638153553009,-0.0014349235556572922
263.0794010162353,-0.004476630454175962
263.0947382450104,-0.0032502629071172145
263.1107339859009,0.000912330206149981
263.1267430782318,0.002278128028355948
263.1426854133606,-0.0009971391324481082
263.1583971977234,-0.0037917145794662
263.17391562461853,-0.0009117661003250946
263.18954634666443,0.0054046738508491884
263.2048614025116,0.008001281706316012
263.22003388404846,0.004301299392093652
263.23587918281555,-1.6450517256624136e-05
263.25169038772583,0.0016547767146701392
263.26719641685486,0.008108971751300403
263.2827663421631,0.011779045905129092
263.2979023456573,0.008513170111286703
263.31329560279846,0.0028188563627660605
263.3293254375458,0.0018337204806293892
263.34530806541443,0.006226999714446772
263.36110615730286,0.009980568027776823
263.37637400627136,0.008788320814164724
263.39139461517334,0.005375419811553301
263.4073956012726,0.00478756555474804
263.42337942123413,0.006820036600527135
263.4393093585968,0.006522575338470777
263.4553143978119,0.0019318211400142027
263.47181725502014,-0.002339193706147963
263.48783588409424,-0.0011841863140338161
263.5028374195099,0.0036669188900986215
263.51809096336365,0.005627967337778886
263.53409457206726,0.0021935794467288594
263.55009150505066,-0.0014334505914274476
263.56509375572205,0.000751291897222668
263.5811674594879,0.0073284696554715145
263.597172498703,0.01105432676938254
263.61308240890503,0.008129766139097898
263.6291072368622,0.002705243065462303
263.6445400714874,0.000920296304956666
263.65954661369324,0.002990753163241354
263.6756670475006,0.003940524652336564
263.691682100296,0.0011467697066829315
263.7070789337158,-0.00230826845178338
263.722594499588,-0.0027546699791377383
263.7375736236572,-0.001387822925994802
263.753657579422,-0.0019335812710057124
263.76906871795654,-0.004426349634175508
263.7845230102539,-0.004910533389713739
263.79970955848694,-0.0017831435505054967
263.8150522708893,0.000925295162016818
263.83036041259766,-0.0011234245617389644
263.84581208229065,-0.0060387545775648045
263.8618996143341,-0.0078100528898570965
263.8773572444916,-0.004668058400902449
263.8934485912323,-0.0018928238548634798
263.90904450416565,-0.00464848944428984
263.92457485198975,-0.01053695005347362
263.93995547294617,-0.012383320479066947
263.9556581974029,-0.00774327341216296
263.9722101688385,-0.002200171496631345
263.98822832107544,-0.0019666235700734197
264.004225730896,-0.005953368279571063
264.02021884918213,-0.007976840884223395
264.0362131595612,-0.005588969213289231
264.05163979530334,-0.003057042057656849
264.0676534175873,-0.004643583224864847
264.0831813812256,-0.00810350611715508
264.0986154079437,-0.007789227162055724
264.1139109134674,-0.0028931087299300193
264.1300072669983,0.0010348474189164612
264.1452248096466,-0.0003771311154140431
264.161150932312,-0.004287238459371975
264.1768410205841,-0.004640578352582049
264.1921331882477,-0.0006343950944815513
264.20820236206055,0.002209229050391683
264.2242021560669,-0.00017034230597762733
264.2401978969574,-0.00466042488580874
264.2562699317932,-0.0052782592144376365
264.2716157436371,-0.0013794135662757194
264.2871057987213,0.0016515632515100723
264.3031029701233,-4.310826815227386e-05
264.31890869140625,-0.003717263841869027
264.3343653678894,-0.004330856429720741
264.35036063194275,-0.0017637981057190863
264.36603140830994,-0.0005889789872129349
264.3819007873535,-0.0029901516847194555
264.39717960357666,-0.005298935657264511
264.4129822254181,-0.0033192340702259404
264.42869424819946,0.001232402604382397
264.4440002441406,0.00270054446177317
264.4594695568085,-0.000550657888124426
264.47548055648804,-0.0034226667333415537
264.49065828323364,-0.0007949952826430573
264.50605630874634,0.005366602866769112
264.521844625473,0.008358653291430155
264.5370478630066,0.00550435636937831
264.55294966697693,0.0014915661815532197
264.5684537887573,0.0018823795355286652
264.5840492248535,0.005796429956457452
264.5928921699524,0.0076524709594066485
264.6078402996063,0.005160743339255931
264.62389945983887,0.0022657472619300213
264.63956451416016,0.003158465428643147
264.65456533432007,0.006137298260098985
264.67007422447205,0.0061069102247090085
264.6859772205353,0.002046587888431196
264.7011408805847,-0.0013399929588807711
264.71621465682983,-0.00025443319083656886
264.73113918304443,0.002721000580657818
264.74821877479553,0.002205197904742006
264.76293897628784,-0.002282729596587034
264.7783052921295,-0.005389458026284752
264.79430389404297,-0.0032209610052211725
264.8104319572449,0.0012415365424974815
264.82573342323303,0.002178218420507111
264.8417468070984,-0.001129446034835055
264.8573772907257,-0.003453102868658549
264.87254452705383,-0.0010031560103492322
264.88822531700134,0.0033102109451528055
264.9042196273804,0.004099746768282318
264.9190254211426,0.001177857854783171
264.9349017143249,-0.0002664381423336138
264.9509382247925,0.0027086526254794215
264.9666142463684,0.0063042642297818485
264.9819450378418,0.005231276283353694
264.9979131221771,0.00034851761802058914
265.013147354126,-0.0023382427818552623
265.0291154384613,-0.00013836422315983716
265.0450189113617,0.002426099514092213
265.0610246658325,8.76393938466914e-05
265.0762386322021,-0.005291369926290093
265.0914828777313,-0.006722771310771106
265.1067364215851,-0.001553585117504567
265.12240743637085,0.004668757106988995
265.1384906768799,0.005436822658408717
265.1544313430786,0.001755811984878149
265.16946053504944,0.0002484920094831994
265.1848335266113,0.003715028909424602
265.20045018196106,0.007364874724116352
265.2158870697021,0.00581474506374993
265.2318699359894,0.0008322882723117218
265.2480125427246,-0.0011185100038013653
265.2633273601532,0.002000677616588602
265.2784671783447,0.005020431182054783
265.2945110797882,0.003141912114554437
265.3100998401642,-0.0009683053907781234
265.32588934898376,-0.0009131994075449565
265.34157943725586,0.004051956848292763
265.3576149940491,0.0075847410229588534
265.3729043006897,0.0051711464882122065
265.38878440856934,0.0007103371906142784
265.40482473373413,0.0009883502904797642
265.4204683303833,0.005553306238621796
265.4358687400818,0.006586732028811203
265.45137214660645,-0.0003884891286801261
265.4673738479614,-0.00967759701188002
265.4826691150665,-0.012347236442292119
265.4983835220337,-0.007806495465189491
265.5134823322296,-0.0042049155909639774
265.5288419723511,-0.007064789278747024
265.5448451042176,-0.011782955799054133
265.5604226589203,-0.01026874674094904
265.57639265060425,-0.0023872505144181774
265.5923933982849,0.0037229028121913716
265.6075904369354,0.0027948792332117595
265.62295269966125,-0.0006369228435517869
265.6390242576599,0.000796515721170319
265.6545321941376,0.006428261176623202
265.66928720474243,0.008391160952797353
265.68508100509644,0.0031748665812031964
265.70069003105164,-0.0026042781823910604
265.7162923812866,-0.0009346659782757149
265.7322964668274,0.006252035643494064
265.74868965148926,0.009270697221756375
265.7640519142151,0.003829927466217414
265.78009057044983,-0.0030435876830721964
265.79602575302124,-0.0027278610897324327
265.8120629787445,0.003061042073396972
265.8281054496765,0.00482435839394332
265.8435294628144,-0.0012095641289309135
265.85898184776306,-0.007627501000434342
265.87402176856995,-0.006231320613353143
265.8892638683319,0.0002737541927742525
265.9045262336731,0.0018914348451928658
265.92021799087524,-0.004608001438537301
265.9358687400818,-0.010911930722820384
265.95141792297363,-0.008580268386848326
265.9674768447876,-0.0007623298278147725
265.9835350513458,0.0022983836854858124
265.9993414878845,-0.002313879256140324
266.0150761604309,-0.006306510089235874
266.03030467033386,-0.0024890845662589355
266.04545879364014,0.004297090882582714
266.06121826171875,0.003687659149883834
266.0770194530487,-0.004991666697109819
266.0919029712677,-0.010653126735934838
266.1079020500183,-0.005392632540184952
266.12338852882385,0.004141200294648971
266.13895654678345,0.0054761233607300945
266.1549632549286,-0.0023823397544728217
266.1709837913513,-0.007342090855704904
266.1868853569031,-0.0011554677143992276
266.2021989822388,0.008505934228144213
266.21823954582214,0.008130842289090277
266.2342960834503,-0.002868876095801373
266.24957251548767,-0.01083844667794738
266.265260219574,-0.0063132377291014044
266.2807791233063,0.0031852054137364205
266.29668831825256,0.003942283974169716
266.3119189739228,-0.00459662749000409
266.32795095443726,-0.009285340754103456
266.34315156936646,-0.0024813047772480183
266.35805106163025,0.006443799466840834
266.3734784126282,0.004259128043003135
266.3891108036041,-0.00667205395187864
266.4042479991913,-0.010883744595152909
266.4194977283478,-0.0017207621687122892
266.4352161884308,0.008242328009255472
266.4504714012146,0.00411926419296129
266.4665763378144,-0.009831529685064153
266.482186794281,-0.014822168627315674
266.4982044696808,-0.0032532918696757973
266.51399755477905,0.00976334882175103
266.52920961380005,0.006222559208294766
266.54476284980774,-0.009612785620120495
266.56035447120667,-0.015354112605962152
266.5755805969238,0.00035710999434675813
266.5911903381348,0.021790015066405394
266.6065256595612,0.023923691204424752
266.62260723114014,0.0007721474198221262
266.6384644508362,-0.029987657045412685
266.6545195579529,-0.04671815700664279
266.6699483394623,-0.04076841628628865
266.68521308898926,-0.016871025884070988
266.70125579833984,0.012197975943670164
266.7166771888733,0.029331975396872132
266.7325608730316,0.022627882556967127
266.7475597858429,-0.0011200284473296034
266.7627160549164,-0.018467617141315087
266.7786617279053,-0.012907794797222653
266.7941279411316,0.006133823206434607
266.8101599216461,0.01498214863022826
266.8254611492157,0.005152658062843065
266.84071588516235,-0.007296474641289213
266.8557333946228,-0.004426961700115148
266.87113094329834,0.00965958355231303
266.8865180015564,0.015417543433847044
266.9025056362152,0.004878557474346908
266.9182209968567,-0.00808762125429345
266.93419313430786,-0.007344546565394183
266.94945526123047,0.003949774035687938
266.9648721218109,0.009045836840457356
266.98007440567017,0.0013501989003309785
266.9951198101044,-0.007192441044987773
267.0111694335937,-0.0038391640246903005
267.026171207428,0.006870350747682794
267.04190158843994,0.009974167451764222
267.05735993385315,0.0015421474991444022
267.0727195739746,-0.005828018495363221
267.0882523059845,-0.0009925660802950198
267.10326623916626,0.009892082455696321
267.1192116737366,0.011959245871055575
267.1347990036011,0.002482520292146264
267.15085673332214,-0.005211445566080066
267.166360616684,-0.0001342018798134439
267.18149304389954,0.01125821003861918
267.19697666168213,0.013997453329533767
267.2130026817322,0.004992863828872168
267.2281894683838,-0.0031759705395494994
267.2435405254364,0.00018788545435501026
267.2592496871948,0.009527492154848553
267.27482771873474,0.011290092139972408
267.2902958393097,0.002685140931004958
267.3058114051819,-0.005131513627108698
267.32097148895264,-0.003148801352076798
267.33682560920715,0.0031282499372395365
267.35255098342896,0.0020244622414262127
267.3680500984192,-0.007552891731844107
267.3840231895447,-0.014541865795671901
267.4000425338745,-0.011131019502414935
267.4161579608917,-0.0033529550394839893
267.4320864677429,-0.0024026970352388917
267.4477229118347,-0.00927644569366964
267.4636540412903,-0.01404348111442586
267.4794554710388,-0.010048718187412785
267.4948878288269,-0.0027627255782980502
267.5104141235352,-0.0013160978082416507
267.52649569511414,-0.005349981651045915
267.5418565273285,-0.005894224898116688
267.5578100681305,0.0013448764373036812
267.57375717163086,0.009418586126435508
267.58909249305725,0.009630446341058614
267.6047160625458,0.003627123391433813
267.62027168273926,0.0010193763100780511
267.6362028121948,0.00588945789114017
267.65135955810547,0.011100428899374537
267.6669964790344,0.008320339325102219
267.68237709999084,-0.00025242857058368
267.698123216629,-0.004706247987798399
267.7141258716583,-0.0007229452412459408
267.7292556762696,0.005014367059099806
267.744396686554,0.004396113935473128
267.760381937027,-0.0011908898127464757
267.775577545166,-0.0035304054161883636
267.7915589809418,0.0005308390649684551
267.8068561553955,0.004844139033512551
267.82273626327515,0.002925545557655122
267.8382589817047,-0.0028719224670294835
267.8537313938141,-0.004765401371460706
267.8697466850281,-0.0003551615352844176
267.8853533267975,0.004418912843668596
267.90140295028687,0.003959669475858336
267.9170551300049,0.00078789713244454
267.9323332309723,0.001532670135652372
267.94833111763,0.007073725527423361
267.9637653827667,0.01089495082575409
267.9795436859131,0.007973774192422078
267.99483370780945,0.001706076771766757
268.01089882850647,-0.0007427834157294503
268.026328086853,0.002014221915444324
268.0414309501648,0.004443997603327224
268.0566487312317,0.0025404269898820784
268.0727038383484,-0.0004305336033803499
268.0885989665985,0.0010048261912079495
268.10410165786743,0.0061556746448327634
268.120099067688,0.008650878407132818
268.13542580604553,0.005175504769731268
268.1511037349701,6.371474919017689e-05
268.1661231517792,-0.0007100546787144834
268.18166732788086,0.0024497830267464203
268.19697999954224,0.00404878593440723
268.2126195430756,0.002012522247740599
268.22865557670593,0.0009473288101576649
268.2447474002838,0.005255107362823019
268.2597723007202,0.011975176324138912
268.2750127315521,0.013933540084395112
268.2910480499268,0.00921903340233235
268.3058021068573,0.0038413624408233254
268.321830034256,0.0037731448696169045
268.3371775150299,0.007349940162031843
268.35234904289246,0.008377150551222875
268.3676300048828,0.005182878225975668
268.3828136920929,0.002667198956803084
268.39752101898193,0.004667859284409655
268.41358065605164,0.007897015491996943
268.42869234085083,0.00638040478201282
268.4447464942932,0.00017086839898587365
268.46073722839355,-0.004199712910832808
268.47600769996643,-0.002486821928356474
268.4913890361786,0.0014254113259772592
268.5072042942047,0.0008223858476063611
268.5227906703949,-0.004709615943026403
268.53882813453674,-0.008968452559632831
268.5532908439636,-0.007917244053906664
268.5687439441681,-0.005135901990242659
268.58431220054626,-0.0063352679400714455
268.6003224849701,-0.010815033113866036
268.6160771846771,-0.012068478137858846
268.632061958313,-0.0068507756737319105
268.6471161842346,-6.45698439504733e-05
268.6626148223877,0.001497202395031687
268.67924785614014,-0.0019268317970917844
268.6949369907379,-0.0037362741449524168
268.7109563350677,-0.00028076139810959046
268.7266571521759,0.004078143465675567
268.74210500717163,0.003140749848711665
268.757621049881,-0.0023378716854340576
268.77304911613464,-0.005505254336406435
268.78858280181885,-0.0027557753092027934
268.8045825958252,0.0014297384210530425
268.82058930397034,0.0008241584581075117
268.83660554885864,-0.003966767728994731
268.8525824546814,-0.006650139669224932
268.8675947189331,-0.004338348718445137
268.88318371772766,-0.0017028294748683544
268.8979163169861,-0.004368244664533455
268.9131259918213,-0.010891066295654487
268.9292502403259,-0.014607781704183077
268.9452450275421,-0.012705309247358684
268.9605960845947,-0.009749240391631279
268.97576785087585,-0.010817438871486368
268.9911639690399,-0.01406193584954281
269.006963968277,-0.013241974192446365
269.0229723453522,-0.006617225263584989
269.03879857063293,0.00033592670104312227
269.05387926101685,0.002093202905051094
269.06958866119385,-1.3345981368596306e-05
269.08518266677856,-0.0005492058618691655
269.1004478931427,0.0021207418162684207
269.1165335178375,0.004206769881000258
269.1317093372345,0.002955809344816228
269.1476881504059,0.0012563513115870033
269.16348028182983,0.0034811425445933648
269.1800911426544,0.008697206738455199
269.1959619522095,0.011355462823979104
269.2108452320099,0.008792518252111492
269.2269380092621,0.004911594306857341
269.2429347038269,0.004670518614096574
269.2588489055633,0.007103496731019231
269.2748589515686,0.006814507029011254
269.2909514904022,0.0019198836788454211
269.3067011833191,-0.0028138012649995374
269.3216986656189,-0.0022737821146551693
269.33778047561646,0.001878794512398742
269.35292172431946,0.0032323895932628932
269.36810517311096,-0.0007907431947026906
269.3836455345154,-0.00549056489008007
269.3995213508606,-0.005306343138594381
269.4151620864868,-0.001222034999008487
269.43037843704224,0.0010455222776484193
269.4455168247223,-0.000661328949107704
269.4614033699036,-0.0020092511304373875
269.4766929149628,0.0012558544483787506
269.4925994873047,0.006752011647229847
269.508682012558,0.008495718980766778
269.5242602825165,0.005333864908810547
269.54030108451843,0.002665318786960596
269.55631709098816,0.004802311839335796
269.5716018676758,0.008755796638032276
269.58674931526184,0.008344112822503118
269.60189843177795,0.002893255555108644
269.6173186302185,-0.001731513741604222
269.6327106952667,-0.0011489417068705097
269.6484613418579,0.0018329785019679315
269.66403698921204,0.0017285066297144354
269.6805386543274,-0.0016148128264364646
269.69661569595337,-0.003086148473368357
269.7115545272827,-0.0002596322292247365
269.72716093063354,0.0024746847938679956
269.7427041530609,-8.544931209651359e-05
269.75788712501526,-0.006182985824177285
269.7736699581146,-0.008874856364191159
269.78923869133,-0.005334807500401054
269.80461406707764,-0.0008014759261829639
269.8196222782135,-0.0014682907754033163
269.8355963230133,-0.006006542231939656
269.8506124019623,-0.007432013854406812
269.8666048049927,-0.002719753262637243
269.8826768398285,0.003118859787952471
269.89781880378723,0.003982162187577142
269.91295981407166,0.0008138643254489899
269.9290626049042,-0.0003606743239362078
269.9448018074036,0.002540864024154716
269.960768699646,0.004519021958552317
269.97687888145447,0.0007625579573475078
269.9922811985016,-0.005969939392620196
270.00789737701416,-0.008447595570090602
270.0238742828369,-0.004466334071047299
270.03991770744324,0.0003227438271088607
270.05511379241943,8.506753736395832e-05
270.0711863040924,-0.0036704348558152106
270.0865652561188,-0.004925592535278659
270.1026449203491,-0.0019873965035607857
270.11799240112305,0.0002976845383000433
270.1336715221405,-0.0020234967654896253
270.14968037605286,-0.005745527032349347
270.1656651496887,-0.004665325060970667
270.1811962127685,0.0014379456515385084
270.19624733924866,0.005748272151259318
270.21125650405884,0.003190619655683567
270.22731757164,-0.0028208131055532486
270.2432460784912,-0.004946822971914273
270.25902700424194,-0.0015818460826224922
270.2750782966614,0.0015335737088095509
270.2907462120056,-0.0003395671132159729
270.30656266212463,-0.004387218068585302
270.321959733963,-0.00442996344730583
270.3369619846344,0.000281715982978218
270.3530523777008,0.003977083583232769
270.36840438842773,0.00228360045047314
270.3839535713196,-0.0020064342867710918
270.3991639614105,-0.0031212557922799047
270.41481947898865,-0.00020821952997923318
270.4298195838928,0.002146002914838117
270.44508934021,0.0010339936071866208
270.46054244041443,-0.000610784044837762
270.475958108902,0.0011242360610545375
270.4920027256012,0.004474564650165654
270.507474899292,0.0036658231893447937
270.5224733352661,-0.0028237935260536293
270.5375642776489,-0.008996040662599767
270.55303168296814,-0.008332006371918034
270.5690698623657,-0.0021514715163265196
270.5851535797119,0.0019712949039004664
270.6004614830017,-0.00012813615104375828
270.61559295654297,-0.004269965911816282
270.6316192150116,-0.0041148676043030715
270.6470556259155,0.0002635605350204814
270.6630530357361,0.003110098715145208
270.67869329452515,0.0015217839586808444
270.6943476200104,-0.0005305324537189591
270.7096099853516,0.001653558456238875
270.72525215148926,0.006157404987401347
270.7406723499298,0.0066737237890871935
270.7561535835266,0.0014616403950154606
270.77170872688293,-0.0035904464973678463
270.7869820594788,-0.002471730138733637
270.801863193512,0.0028759134754470506
270.8176100254059,0.004938328205785004
270.83335161209106,0.0004131457125479236
270.8494408130646,-0.005588511666451705
270.8647561073303,-0.0062985464476420705
270.8807547092438,-0.0017782539359121764
270.89603877067566,0.0019422030548501075
270.9119291305542,0.0012146065164799153
270.9272475242615,-0.0010416565293825178
270.94320940971375,-0.0005281991585588154
270.95866346359253,0.0019125556447429888
270.9742941856384,0.0019058141053955044
270.99002838134766,-0.0013939043691311532
271.00502943992615,-0.0035272727472542586
271.02078223228455,-0.0011482437921313945
271.036592245102,0.002831665711245954
271.0524525642395,0.0033242542689973305
271.0674750804901,0.0006921551245193435
271.0826086997986,0.000530379499443553
271.09804010391235,0.005352691249097004
271.1140661239624,0.010070719534240598
271.1293942928314,0.008327618246978287
271.14538741111755,0.0013052340739222383
271.1609716415405,-0.0033818351544709965
271.1761620044708,-0.001521622518841575
271.1913547515869,0.002502204059785866
271.20660376548767,0.0021227862227311102
271.2226431369781,-0.0024583608065466027
271.23830103874207,-0.00508859450263257
271.25406885147095,-0.002668128215865624
271.2698378562927,0.0005914101608770301
271.2852599620819,-0.0004788980896004852
271.3005421161652,-0.004390440284685576
271.31625843048096,-0.005164373399220371
271.33190298080444,-0.0011850307470439077
271.34753227233887,0.0020591718785111525
271.3629219532013,-0.0004809911049229428
271.37839460372925,-0.006129856986686847
271.39373874664307,-0.007849012334451346
271.409435749054,-0.003729214465492494
271.42508006095886,0.0005224740408002182
271.4406244754791,-0.0005237090477081593
271.4560127258301,-0.004723635777824925
271.4719343185425,-0.005629825092635528
271.48708748817444,-0.0015700935300488857
271.5031533241272,0.002128442761207798
271.51889991760254,0.0007284209719308201
271.5347316265106,-0.0032448459345306106
271.55057740211487,-0.0036367745144964105
271.56625843048096,0.0005000998309017757
271.5812666416168,0.0033552152261579413
271.5969543457031,0.0004564856405059794
271.61293840408325,-0.004788171257233789
271.6289415359497,-0.005356927599824361
271.64447712898254,-2.8843443954304493e-05
271.6594774723053,0.004932653515488144
271.67548847198486,0.0041393499406820276
271.6909999847412,3.0510243092165407e-05
271.70682430267334,-0.0009108587320260102
271.7228388786316,0.002909324526124176
271.7385776042938,0.006483398891611088
271.7538070678711,0.005565983081731726
271.7698369026184,0.0023797427793128953
271.7852373123169,0.0018309335495316362
271.80124282836914,0.004130339099751974
271.8172426223755,0.004622066339323588
271.8326568603516,0.0010401947230900656
271.8479268550873,-0.0024190176790949264
271.864529132843,-0.0004954428166926653
271.8787591457367,0.0054856391744226
271.89435744285583,0.008572047451822922
271.91037368774414,0.004957907800393191
271.92637515068054,-0.001153254842185618
271.94235849380493,-0.00319514866063018
271.9583847522736,-0.0006710773280733644
271.9740252494812,0.0010176056808373856
271.98928356170654,-0.0013226317980678881
272.00526762008667,-0.004177601593429375
272.0212707519531,-0.0025844950008774206
272.0372829437256,0.002517495987001808
272.0532693862915,0.005312391724636767
272.06929874420166,0.0030340087419815035
272.0856966972351,-0.00040071257296199004
272.1008493900299,-5.7309127017654386e-05
272.1168370246887,0.0032671903732661243
272.1320686340332,0.0047742593359505914
272.1480655670166,0.0030597179089183186
272.1640696525574,0.002197330300568936
272.1800763607025,0.005382619226715635
272.1955919265747,0.009471307707869246
272.2119917869568,0.008709375471913808
272.2270073890686,0.0027545557181797484
272.2430067062378,-0.002385360052390229
272.25899171829224,-0.002165351050538787
272.2750208377838,0.0006121834411902897
272.2905910015106,6.287889342144852e-06
272.3057873249054,-0.004641089608561876
272.3217775821686,-0.007871299123439913
272.3377721309662,-0.005994838496036828
272.3527743816376,-0.0024586308622316774
272.3683979511261,-0.0029475879180796676
272.38343262672424,-0.007077011148240941
272.3985028266907,-0.008577490986812274
272.4145016670227,-0.004025270296894542
272.4305245876312,0.0019800509335840656
272.4465317726135,0.0025885294979702237
272.46250319480896,-0.0022980335355272273
272.4771547317505,-0.006061596554015316
272.4926588535309,-0.0043067763038107144
272.5081012248993,-0.0003868498561018538
272.523631811142,-0.00012738746911436548
272.53965163230896,-0.003428070658485013
272.55563378334045,-0.004595985629996633
272.5716464519501,-0.0008194081637337156
272.587299823761,0.003365937408804383
272.6033067703247,0.0021932919578108306
272.61927819252014,-0.0030537372237985404
272.63430166244507,-0.005367114820112357
272.6502952575684,-0.001425241522041958
272.66546750068665,0.0038771471904194307
272.6807107925415,0.004111807379824687
272.69648361206055,-1.5031414192837565e-05
272.71209144592285,-0.001955746826550331
272.7280969619751,0.00137254255902188
272.7433156967163,0.005286675250358008
272.75933170318604,0.003968580915457864
272.77533435821533,-0.001269102896260925
272.7905900478363,-0.0035876612191169783
272.8057305812836,0.00012415967990609712
272.8217089176178,0.005076014088418262
272.83770966529846,0.00504062323160272
272.8529155254364,0.0003551094144400562
272.8683211803436,-0.003396378382793783
272.8832459449768,-0.0035631657134463078
272.8987846374512,-0.0035914916073291844
272.9148316383362,-0.006914663716132011
272.93081188201904,-0.010833473855164004
272.94683599472046,-0.009698685958077007
272.9618530273437,-0.0032293800500318892
272.9774663448334,0.0019756402033568503
272.9935748577118,0.0005329449077871307
273.00897789001465,-0.004705688787305828
273.02418637275696,-0.006350367901961243
273.0395977497101,-0.002071704922533468
273.05472111701965,0.0027477023405835157
273.0707609653473,0.0026314029374233695
273.08614206314087,-0.0007216058396401909
273.1018168926239,-0.0013131489594363525
273.1168546676636,0.002512458224869437
273.1329562664032,0.005768130585218234
273.14862871170044,0.0038183297671576283
273.1637828350067,-0.001322363107213142
273.1798231601715,-0.004116135238941218
273.19583892822266,-0.003346770591940283
273.21148228645325,-0.0033977870225702944
273.22751569747925,-0.007207936198604018
273.2427303791046,-0.011186023212952673
273.2581431865692,-0.00971190186255217
273.2741541862488,-0.003152764080809959
273.2894489765167,0.0019467503297672325
273.3054709434509,0.0010830610779108893
273.3206856250763,-0.0027101411283135205
273.3366906642914,-0.003453473759159615
273.3518478870392,-0.000312663111021105
273.3679840564728,0.002011654783560885
273.3839867115021,0.0007370481557334675
273.39949107170105,-0.0006247245207221808
273.4155480861664,0.0026385109709524176
273.43083906173706,0.00914050204181216
273.4465000629425,0.012508531395814974
273.46213006973267,0.009754176812104937
273.4773180484772,0.005435593746993662
273.4925055503845,0.005773610858980257
273.5078103542328,0.010647512186486522
273.52294397354126,0.014199199497251219
273.53901195526123,0.012834887443142953
273.554892539978,0.009441718304214728
273.5703089237213,0.008439550319680935
273.5856282711029,0.009352144457707129
273.60108184814453,0.008224496517716937
273.6170687675476,0.004383451696909853
273.6326699256897,0.0021160662201376917
273.64814019203186,0.004406192744757419
273.6634740829468,0.007889029688957244
273.678772687912,0.006904631353705256
273.69461464881897,0.0014082214894816838
273.710634469986,-0.0025487516930765156
273.7258448600769,-0.0008820666155509192
273.74184370040894,0.0030117668866205486
273.75793862342834,0.003133629172920793
273.77367186546326,-0.0005015932871908785
273.7894501686096,-0.001620959695518523
273.804719209671,0.0035695218184734643
273.8203613758087,0.010680880268350373
273.83635902404785,0.012531210756091118
273.8518590927124,0.008458610179551842
273.86742901802063,0.004902523873434925
273.8824300765991,0.006497582038018796
273.8975884914398,0.009895739655278717
273.91259574890137,0.008737836732047519
273.9283502101898,0.002812737979484169
273.9444909095764,-0.0013494128270267922
273.9603645801544,0.0006709033883487798
273.97620677948,0.0051497165743025555
273.9907739162445,0.005374182869722031
274.006098985672,0.0007931392137450104
274.0219295024872,-0.0025313368460534924
274.0369634628296,-0.0006208075067013052
274.05300879478455,0.0028861038853612276
274.06855869293213,0.0020655178914926824
274.0836863517761,-0.002739890141612875
274.0990660190582,-0.00525416019821251
274.1152024269104,-0.0019961372611115957
274.1310341358185,0.0028836828254049096
274.1470732688904,0.003347719990947713
274.16267228126526,-0.00043174615383613935
274.17807841300964,-0.002955682917808559
274.1936068534851,-0.0016490836170824589
274.20948004722595,-0.00045165421757170795
274.2251160144806,-0.0036531538089797453
274.24112272262573,-0.009079269364169749
274.2566707134247,-0.010711285166383016
274.2720515727997,-0.0071260662636245635
274.28754019737244,-0.0035874008193598544
274.3028814792633,-0.004652654279474945
274.3185749053955,-0.007808953638897957
274.3335952758789,-0.0072854384288592805
274.3487982749939,-0.0026848574920720707
274.3639929294586,-6.71948543577805e-05
274.3808665275574,-0.003603969301407663
274.3964891433716,-0.00928013812999716
274.411484003067,-0.009658314762053588
274.4274842739105,-0.003618008026177002
274.4435031414032,0.002049886474663152
274.4594991207123,0.00149093551628419
274.4750270843506,-0.00273181453358446
274.49011731147766,-0.003498003767804108
274.50612235069275,0.00112284608717073
274.52213525772095,0.00558604818941898
274.53730726242065,0.004882515960635457
274.5527505874634,0.0014453047820460942
274.567834854126,0.001410986055267674
274.5831894874573,0.005793788388678899
274.5988986492157,0.00908063421570001
274.61498951911926,0.007007921332740234
274.631000995636,0.002353761198460245
274.6463191509247,0.0006816293981072785
274.6623182296753,0.0023661350026719513
274.6773738861084,0.0023610458601506772
274.6934185028076,-0.002068751878460391
274.70903873443604,-0.006890678830438326
274.72461700439453,-0.006727128954119822
274.740273475647,-0.0026153988202402717
274.7562322616577,-0.001011441661052113
274.7711727619171,-0.005095820786937243
274.7861976623535,-0.010303683907722658
274.8017899990082,-0.010364259324221943
274.81770372390747,-0.0056921262640442965
274.8332395553589,-0.0026771545131186333
274.84882283210754,-0.004884697815781764
274.86482095718384,-0.008277527318427378
274.8800437450409,-0.007002276545505368
274.8950951099396,-0.001681733142970849
274.91084337234497,0.0013084372296190995
274.9265365600586,-0.0013861798074740464
274.942670583725,-0.005420818103326791
274.9586238861084,-0.0046934366539056575
274.9736514091492,0.0002878931065756077
274.9895417690277,0.003205733723481428
275.00498509407043,0.0007688927195318839
275.02047395706177,-0.0027566031655069092
275.0359950065613,-0.0016407435828909782
275.05171060562134,0.0032157123516559473
275.0676312446594,0.0056174634233306375
275.0836730003357,0.0028602911737088768
275.0996720790863,-0.0006042704582964373
275.1156916618347,0.00022193833091756904
275.1309278011322,0.003645146549212417
275.14672803878784,0.003918223960551325
275.162948846817,-6.026614316042948e-05
275.1781325340271,-0.0026657847485584427
275.1937849521637,0.000661756705684054
275.2092475891113,0.006759310758522372
275.2253842353821,0.0088102154902429
275.2409269809723,0.005545149176298816
275.2564370632172,0.002634996514068124
275.27251410484314,0.004400204656999104
275.2878439426422,0.007716548201902656
275.30300664901733,0.006790902062728978
275.31852078437805,0.0018523085142156497
275.3345232009888,-0.0009060307545180112
275.35057187080383,0.0017248268839551864
275.3665964603424,0.004969455953180822
275.38264060020447,0.0025514729476195795
275.39864134788513,-0.00418033908511497
275.41462302207947,-0.00749059644442568
275.4298915863037,-0.003563737228796399
275.4451825618744,0.002208002272593902
275.4612624645233,0.0022807193197695204
275.4767301082611,-0.003254360337884299
275.4920721054077,-0.007376800697317382
275.5081524848938,-0.00596552447202487
275.5234372615814,-0.0029517541318526564
275.53897404670715,-0.003907650394095765
275.5549550056457,-0.007547262801295242
275.57041001319885,-0.0074243007923397285
275.5858254432678,-0.0014894370457870518
275.6010432243347,0.004164842189802879
275.61627435684204,0.003044636512786355
275.6318829059601,-0.002985216907206027
275.6475682258606,-0.006052329188088561
275.6630711555481,-0.0026311701943365928
275.6784861087799,0.002213587884492962
275.6939835548401,0.002296191854673454
275.70953845977783,-0.0011030988432189628
275.72541403770447,-0.0014829659044711396
275.7414243221283,0.0031742913343137686
275.75728273391724,0.007075612447348155
275.77215671539307,0.004432411257145774
275.78770422935486,-0.002552342133466278
275.80286979675293,-0.006689413579817175
275.81768774986267,-0.005457712138708153
275.83369493484497,-0.0037714057894810953
275.84970688819885,-0.006302616057434987
275.86492109298706,-0.01058076098971975
275.8809885978699,-0.010714080357190995
275.8960864543915,-0.00623244700783743
275.9114263057709,-0.0032163858103285503
275.9275369644165,-0.005908167315375876
275.94349122047424,-0.010636291678355534
275.95932817459106,-0.010764590175323788
275.9743232727051,-0.005829717244464018
275.98919224739075,-0.0020383834389037458
276.0044274330139,-0.0034374255911864236
276.01989126205444,-0.006243735346512972
276.0353100299835,-0.0043607102988183
276.0514318943024,0.0017310127608439743
276.066547870636,0.005313534680451792
276.0817518234253,0.00258975949789376
276.0972743034363,-0.0021599575809155397
276.11248326301575,-0.0025882372583520214
276.12773633003235,0.001026156029024658
276.14373254776,0.002511514868748236
276.1590700149536,-0.0012256091850651688
276.1741147041321,-0.005635404073564724
276.1903512477875,-0.0047559748305949796
276.2055015563965,0.000427645394574374
276.2215418815613,0.003090000663196444
276.23697113990784,-0.00037038022083341234
276.2521753311157,-0.005705298708333102
276.26760053634644,-0.006745505121367025
276.2830467224121,-0.003460712155117113
276.2986886501312,-0.001167770314947826
276.3140141963959,-0.0025946242845122057
276.32919478416443,-0.004356005557531156
276.34524154663086,-0.002600513644962388
276.36093950271606,0.0008358092766627464
276.3759431838989,0.0010558653093790619
276.39149379730225,-0.0022274920327373052
276.40754318237305,-0.0034117062796730326
276.42262029647827,0.0014124703615669447
276.4378640651703,0.008455409624599553
276.4538624286652,0.010528856172856944
276.4695038795471,0.006159887022219909
276.4845082759857,0.0011659631960575828
276.49986600875854,0.0006211848969817262
276.5148651599884,0.002390211497108833
276.52988386154175,0.0010498037690356526
276.54588055610657,-0.0036719563384376474
276.5618669986725,-0.0061031133475914325
276.57787132263184,-0.00266480072794536
276.59339785575867,0.002738098644981172
276.60839772224426,0.0037943995085422577
276.62346363067627,0.0003040018603314076
276.63948130607605,-0.001866911050274077
276.6554789543152,0.0006900179112016638
276.6714813709259,0.004028740406832697
276.68749237060547,0.0025279030592777587
276.7024915218353,-0.002926568629303794
276.71748757362366,-0.005918339353794908
276.7329995632172,-0.0033462083264936817
276.7484676837921,0.0003556318865541035
276.76454401016235,-0.00036721953272202167
276.77957248687744,-0.004228526753833292
276.79485630989075,-0.004948689703868593
276.80985927581787,-0.00033196102453220393
276.82634925842285,0.004356715336815567
276.84136152267456,0.0036190118526956885
276.857369184494,-0.0005952772855123065
276.87335443496704,-0.001598425523446105
276.8889272212982,0.0027627324635631197
276.90413880348206,0.007297132714152021
276.9202136993408,0.006888716033423677
276.9352104663849,0.0034976739177498394
276.9512095451355,0.0029362800797388183
276.96669721603394,0.006276760178132435
276.9822874069214,0.008286073299009183
276.99780106544495,0.005095802033221596
277.01314783096313,4.620118084657215e-05
277.0288796424866,-0.0007756149251089132
277.0443868637085,0.0029552191035041708
277.0604195594788,0.005336540356683483
277.0756607055664,0.0025221845781410535
277.0911889076233,-0.0019269627961868837
277.1060869693756,-0.0021469378412603546
277.1211130619049,0.0016921491199964177
277.1369705200196,0.003564900640182684
277.153044462204,0.00010603683418399998
277.1687614917755,-0.004382105935020033
277.18479919433594,-0.003560783496364451
277.20031476020813,0.002139602524405008
277.2163174152374,0.0055435190285538566
277.23183369636536,0.0018734658885952893
277.2478561401367,-0.004939270579341925
277.26410365104675,-0.007094544298815768
277.27972316741943,-0.0025498351380983993
277.2958800792694,0.003063042271325901
277.31110763549805,0.00425335051077725
277.3264091014862,0.002400716446843557
277.3424096107483,0.002627534710144232
277.357882976532,0.005873969468404406
277.3739333152771,0.007600718367595367
277.3897261619568,0.004771435332989675
277.405198097229,0.000844216559129959
277.42113304138184,0.0013077137275912093
277.4371974468231,0.005838886922078164
277.45302081108093,0.008233010735689779
277.46876311302185,0.004571696689933899
277.48440885543823,-0.0014564311113294606
277.5004708766937,-0.0033910711618616017
277.5156855583191,-0.0003775957689059377
277.531141281128,0.0022501033336784575
277.5464913845062,0.0006217484654846275
277.5621132850647,-0.0025787024487160465
277.57718896865845,-0.0024731646966857346
277.5926275253296,0.0006769350615403206
277.60813665390015,0.0017321551712236895
277.6236155033112,-0.0017376277788537084
277.6390788555145,-0.005358597111473564
277.6551196575165,-0.0035319676814595472
277.6711654663086,0.0027057328948448898
277.68721747398376,0.0064894102393499645
277.70263504981995,0.0038595838142059828
277.71790862083435,-0.0012365421845176323
277.7339746952057,-0.002339685719948674
277.74984526634216,0.0011657822003663613
277.76565766334534,0.003922889842165907
277.7806594371796,0.0023362552814241927
277.79583954811096,-0.0007852259904028705
277.8110616207123,-0.0007410551082781326
277.8261544704437,0.0023350320516053553
277.84132528305054,0.004150226315916901
277.85653018951416,0.002914972344755104
277.8725185394287,0.001951839665379138
277.88789439201355,0.004336780085352542
277.9039809703827,0.007544604967233722
277.919109582901,0.006402757530073773
277.9344148635864,0.0007140770326864972
277.9504027366638,-0.0033306616459980176
277.9655911922455,-0.0006929237309222644
277.98104310035706,0.00583475702370051
277.9971034526825,0.008963198419014632
278.0127756595612,0.006015855544894348
278.02818036079407,0.001782924848709259
278.0435016155243,0.001673643306994558
278.0586943626404,0.004821582290841574
278.0741891860962,0.006337735951537228
278.0898983478546,0.004805492759866931
278.1051833629608,0.003972238181685404
278.120564699173,0.006415124411317169
278.1359417438507,0.00885760864700531
278.1520528793335,0.0064882307011395815
278.1672959327698,0.00037270060657090993
278.1833589076996,-0.0029624577388149935
278.19912981987,5.5198459579680094e-05
278.2151803970337,0.00495560751907811
278.2305359840393,0.004682424005041698
278.2464270591736,-0.0014822514166840071
278.26242566108704,-0.007381941856854175
278.2779619693756,-0.008291307935249783
278.2933521270752,-0.006608039692634737
278.3085970878601,-0.0074561931814626815
278.32465052604675,-0.010917872039877121
278.33979082107544,-0.012109614380400653
278.35549306869507,-0.008831966802331585
278.37041783332825,-0.005458401391412468
278.3857955932617,-0.007051010886603998
278.40156722068787,-0.011918981937640684
278.4176332950592,-0.013505447171619708
278.4334490299225,-0.009400783972559858
278.44903469085693,-0.004858494597954455
278.4642629623413,-0.00552253082982523
278.47942566871643,-0.00926277060067313
278.4941341876984,-0.008682957779323035
278.5099790096283,-0.001236549404618214
278.52599906921387,0.00683170997303554
278.5419991016388,0.008236731040942977
278.55700612068176,0.0036813351709680648
278.5727915763855,0.0001601888196744541
278.58879375457764,0.0013342465432231937
278.6045527458191,0.0032875243599662634
278.61958289146423,0.0009561925228700873
278.6357231140137,-0.004316685216685732
278.6518096923828,-0.006678118851608319
278.66767406463623,-0.004085645946551813
278.6837651729584,-0.0011274678609718618
278.69842553138733,-0.0024180443656490816
278.7135603427887,-0.006019412774851647
278.7296767234802,-0.00627175056513472
278.74469232559204,-0.0020327269602483725
278.7595417499542,0.0014202053672063978
278.77552556991577,-0.00036337272960903274
278.7907531261444,-0.004790764098174152
278.80606031417847,-0.005822893964801108
278.8215272426605,-0.0023053345373326736
278.8370852470398,0.0006956066201966712
278.8521614074707,-0.0006839864351656311
278.8675208091736,-0.003530862334414815
278.8828191757202,-0.0023146226143459176
278.8989722728729,0.003168666565154874
278.9146385192871,0.007344945921242744
278.9307210445404,0.0065416107171087255
278.94585943222046,0.003912622285700075
278.96164083480835,0.004635750540858671
278.97709488868713,0.008301024570336244
278.992639541626,0.009490080733796315
279.0081117153168,0.005836385614034823
279.023286819458,0.002012094496075842
279.0393371582031,0.0037050885243953054
279.05535078048706,0.009851047821133989
279.0710859298706,0.013969941635409102
279.08663964271545,0.012751494274885516
279.10205721855164,0.009976480578852625
279.1170482635498,0.010515429716063864
279.1326816082001,0.013077730236333657
279.1479299068451,0.012049422884463944
279.1639151573181,0.0058766886894007705
279.1790990829468,8.60419103003861e-05
279.19463205337524,0.00036349266190720785
279.2106509208679,0.005036246283629284
279.2258310317993,0.0073450658532195085
279.2412211894989,0.004446225081301887
279.256231546402,0.0008208753064981543
279.27166843414307,0.0016246041222454152
279.28758931159973,0.005468810002611337
279.3034300804138,0.006656624631200541
279.3192837238312,0.003425609359015654
279.3345413208008,0.0003509873149886741
279.3506047725677,0.0015549971249742217
279.3667781352997,0.0046190587791877565
279.38127970695496,0.004121079560956113
279.39697670936584,-0.00019609538252637285
279.412234544754,-0.0025285057672460565
279.4280917644501,0.0009457635840476155
279.44412636756897,0.006349595906593224
279.4601860046387,0.006999588241670472
279.47567796707153,0.002287161888149599
279.49171018600464,-0.001759841509836833
279.5068438053131,-0.0008635488683401103
279.5229322910309,0.0020258715665361056
279.53705644607544,0.0016654341981736265
279.5523478984833,-0.0014822120012292477
279.56830191612244,-0.0017955953333531826
279.584600687027,0.0031193677478165505
279.5991806983948,0.008270271116964193
279.6148421764374,0.007599417979727246
279.6300401687622,0.002162761552141803
279.64605712890625,-0.0013152244076826223
279.6621687412262,0.00042402920908815155
279.6775543689728,0.0031204196345790713
279.6931948661804,0.001598730860256805
279.7090816497803,-0.002528964696565149
279.72476983070374,-0.0031621850544090386
279.740818977356,0.001210338726547619
279.7563269138336,0.004707659931510738
279.7718241214752,0.0018838468378261596
279.7873184680939,-0.004529118868045626
279.8026509284973,-0.00693298513587564
279.81820702552795,-0.00304884245707871
279.8332681655884,0.0008569585482929997
279.84926295280457,-0.0017444442580214154
279.8652572631836,-0.00891605891800858
279.8812704086304,-0.012774445234717394
279.89682483673096,-0.00975916470977621
279.91282534599304,-0.004865272848833937
279.9280264377594,-0.0045104013441927895
279.9433345794678,-0.008087479609566727
279.95972752571106,-0.00954070095340424
279.9742875099182,-0.006144568923530265
279.99036407470703,-0.0019870362782510452
280.00590467453003,-0.0016890473117448486
280.0219404697418,-0.003823517948247309
280.0372929573059,-0.003527047122690804
280.05266642570496,-0.00021211059156097875
280.0687823295593,0.001182918062428398
280.08445739746094,-0.00246792091826751
280.10020780563354,-0.007161785898527165
280.11561846733093,-0.006615335765515545
280.1307592391968,-0.0009444275715902667
280.14605236053467,0.0030228859799165727
280.1614639759064,0.0006270565638534968
280.1766967773437,-0.004547355227581
280.19248390197754,-0.005718785684256196
280.2080409526825,-0.002192737779081368
280.2232818603516,-0.0002113679237978843
280.23939085006714,-0.004229019068309446
280.2546126842499,-0.010534472215304798
280.2697842121124,-0.011969340986214622
280.2853820323944,-0.007405246623974562
280.30067014694214,-0.0031430879708847464
280.3163011074066,-0.004350623842516209
280.3315863609314,-0.008202085843333814
280.34660840034485,-0.008010903310947882
280.3621037006378,-0.0025320012475957073
280.3778593540192,0.002403461731733576
280.393878698349,0.0019878278584960444
280.40870571136475,-0.001148327891565147
280.42384219169617,-0.0010417187539409982
280.4384877681732,0.003015119476659915
280.4539716243744,0.005601299138734278
280.4699866771698,0.0031198807234851466
280.48498010635376,-0.0008281820618338859
280.500874042511,-0.0003480242835786698
280.51587557792664,0.004425157915001235
280.53085374832153,0.007277752387334087
280.5464174747467,0.004236609424892849
280.56183314323425,-0.0013172102377448547
280.5778477191925,-0.0036863505416379018
280.593802690506,-0.002693416349112781
280.6089177131653,-0.0032313672563343554
280.6249985694885,-0.007446092641224389
280.64024806022644,-0.011016363593370146
280.65548515319824,-0.009080720975613214
280.6725356578827,-0.003432506402442914
280.68733263015747,-0.0005293610608675821
280.7022066116333,-0.0027688458509337807
280.7177224159241,-0.005206223586270877
280.733726978302,-0.0024643127470846456
280.7491366863251,0.0037590422724149038
280.7651045322418,0.007091308815290892
280.7811403274536,0.005323074262737432
280.79703426361084,0.00314818504797848
280.8123061656952,0.005040202199027783
280.82789516448975,0.008614358491684765
280.84354043006897,0.008077650523700396
280.8587775230408,0.002784308057827903
280.87482261657715,-0.0015523354647684522
280.8908140659332,-0.000911262843009299
280.906466960907,0.001275814423259745
280.9224662780762,-0.0008720429503078606
280.9385018348694,-0.006872328187710197
280.95403242111206,-0.009938535562059704
280.9695403575897,-0.006229899012892923
280.9852876663208,-0.0005026496097099097
281.00100469589233,-8.117184109121198e-05
281.01702404022217,-0.005188776879152558
281.0325286388397,-0.008827513306351573
281.0486671924591,-0.006331559798791052
281.06450867652893,-0.001462325678918994
281.0796403884888,-0.0008298289643054587
281.0961434841156,-0.004651248664725351
281.11149621009827,-0.006786157027165163
281.1271872520447,-0.003787010691688939
281.14236545562744,3.2319252505430465e-05
281.15847158432007,-0.0011656850090968444
281.17361283302307,-0.005960927023963814
281.1887924671173,-0.006937998441650361
281.2045078277588,-0.0006535777638997991
281.22053575515747,0.007282938116311421
281.23630833625793,0.00907033822523947
281.25239157676697,0.004304259580736623
281.267902135849,-0.0004186014281327753
281.28330659866333,-0.0007141132733728094
281.299302816391,0.00047803467459184897
281.31474685668945,-0.0016310396696976783
281.3307776451111,-0.00614453205289263
281.3464913368225,-0.0077892598241092615
281.36247968673706,-0.004840951461209571
281.3780424594879,-0.0018857275362817586
281.3936080932617,-0.003260636106025825
281.4092605113983,-0.0066575693874506734
281.4248261451721,-0.006340910642010757
281.4402241706848,-0.0016391095235612678
281.45543384552,0.0014865087530318737
281.4709942340851,-0.0015300564961249511
281.486257314682,-0.007252393334129597
281.5020844936371,-0.008496684045618643
281.51777148246765,-0.003872909609892395
281.5327377319336,0.0004680235497880735
281.5488610267639,-0.0007090106711609388
281.5648400783539,-0.004716749957325968
281.5800771713257,-0.004944902398394197
281.59576511383057,-0.00014758506623295184
281.61058831214905,0.0038801533328792904
281.62608671188354,0.0023935475271363955
281.6422021389008,-0.0018434854674075321
281.6577434539795,-0.002629819446222801
281.673287153244,0.0010524947484219678
281.6893448829651,0.00400935178839791
281.704487323761,0.0024598710042539914
281.71986150741577,-0.0008322169450202107
281.7359457015991,-0.0010730207584401766
281.7513315677643,0.0012797627258528928
281.7671711444855,0.0011498734203982026
281.7829751968384,-0.0034959074893104562
281.7986013889313,-0.008044099847440676
281.81430530548096,-0.007148080716041225
281.8303711414337,-0.0021518196872498505
281.84636902809143,0.0003464659455860616
281.8613886833191,-0.0029397190889756293
281.876873254776,-0.0078090019829397265
281.89284324646,-0.008263431808124238
281.9083824157715,-0.004122623369170871
281.92363238334656,-0.0003576208101193502
281.93899750709534,0.0003457274234461606
281.9539785385132,0.0010946262352057236
281.9690420627594,0.005601390966504895
281.9850585460663,0.011965594457050444
282.0005440711975,0.014524845744896497
282.0162432193756,0.011411198949506905
282.03166484832764,0.007252632022868465
282.047655582428,0.007107604443375804
282.0629839897156,0.009965106975450947
282.07859563827515,0.010709113111867829
282.09460854530334,0.007501110855793707
282.11069560050964,0.004051278902405563
282.12586188316345,0.0038374056574089523
282.1415605545044,0.004979718356904075
282.15690326690674,0.0033542235363452793
282.17294454574585,-0.0007055158254289781
282.1890106201172,-0.0022714348505998706
282.2045454978943,0.0010659106530814672
282.2205879688263,0.005039378405088421
282.2365069389343,0.003975703659573427
282.25253677368164,-0.0014752786272610695
282.2679641246796,-0.005000270550538939
282.28384232521057,-0.002939605382679368
282.2998366355896,0.001187399103424155
282.3151593208313,0.002021805153751931
282.33105993270874,-0.00018428081303216437
282.3464753627777,-0.0004986829292389547
282.36202597618103,0.0029881712023211403
282.3780951499939,0.005962365328973927
282.39411902427673,0.003912553543919752
282.4097001552582,-0.0012360350373137336
282.42499923706055,-0.0034681334144191574
282.44018602371216,-0.0007865392642411543
282.4562129974365,0.002327353055186044
282.47192668914795,0.0014227414336477633
282.48802423477173,-0.0017997727867124919
282.50320291519165,-0.002372547792169998
282.51904821395874,0.0003444341537991724
282.5350868701935,0.00134379417331405
282.55009603500366,-0.002984553108623109
282.5651135444641,-0.00925716752446198
282.5811095237732,-0.010999794738329188
282.5970904827118,-0.007032171414106414
282.61293506622314,-0.0030284648979492087
282.62887263298035,-0.004162415300177094
282.6449055671692,-0.008730925849946412
282.6609079837799,-0.010987319596652535
282.67592573165894,-0.008755787299097297
282.691910982132,-0.005398236326029979
282.7074224948883,-0.004190097317355092
282.724422454834,-0.0037075780025932915
282.73842215538025,-0.0007218755872549163
282.75404715538025,0.00410352454483833
282.7697899341583,0.006384192164717304
282.7852566242218,0.0039745259334595575
282.8008575439453,9.612409269422247e-05
282.81568717956543,-0.0009687343403638271
282.8311378955841,0.00047910615595096913
282.8471610546112,0.0006048570982783007
282.8620426654816,-0.0018554545334837328
282.87707138061523,-0.003441505286141032
282.8929283618927,-0.0010721695938549283
282.90850615501404,0.0029910166035331236
282.923814535141,0.0037778392028856586
282.93988370895386,0.00036019651608057294
282.9551980495453,-0.002881384640264957
282.9712738990784,-0.0023447352856822783
282.98689436912537,2.989077239827758e-05
283.0024857521057,5.5253720190463155e-05
283.0185248851776,-0.0023035809736289587
283.0337507724762,-0.0028403442556889803
283.0495443344116,0.0005656070604318729
283.0654079914093,0.0045889340062495385
283.08141112327576,0.005129862261706933
283.0969891548157,0.003186100839082526
283.1129243373871,0.0031297564346667436
283.12838435173035,0.005758910338859193
283.1444261074066,0.006587248247934507
283.1604731082916,0.002518813878246425
283.1760878562927,-0.002567765333737749
283.19163966178894,-0.002088280967391205
283.2074317932129,0.004268729724384791
283.2229218482971,0.009400734849598536
283.23874521255493,0.007691423250730999
283.2540295124054,0.0021065328322195237
283.26875138282776,-0.00017903344809459603
283.2847652435303,0.0025049082536168846
283.300389289856,0.00475384224689906
283.31560587883,0.0025517442769715784
283.331378698349,-0.0005943669801282167
283.34739351272583,0.0012010772841734552
283.3626072406769,0.007197079017379424
283.3787269592285,0.010469260036115239
283.3939719200134,0.007661534975078446
283.4096100330353,0.004054271414181319
283.425635099411,0.0060199301749189645
283.4417140483856,0.011176249872659381
283.45736837387085,0.010856235329347949
283.4725863933563,0.002437390389416064
283.4886486530304,-0.005818371847653318
283.50402188301086,-0.0052749359477021925
283.51989579200745,0.0011517653740154515
283.53530740737915,0.0026487626595269272
283.5505712032318,-0.0045931958079382
283.56660199165344,-0.011822536651955876
283.58255648612976,-0.009695419391195639
283.5985839366913,-0.0014215325799891826
283.6145832538605,0.0014355719450592774
283.6305856704712,-0.004970708756294772
283.64672803878784,-0.011231624991623087
283.6626453399658,-0.007755450064467941
283.6777768135071,0.0016623222078467528
283.693407535553,0.00505822137262859
283.70922923088074,-0.0007764625163622469
283.725282907486,-0.005806772991134514
283.7413229942322,-0.0015858143756885966
283.7565019130707,0.005697801409712279
283.7717926502228,0.003535038497825836
283.78782510757446,-0.00795553867839717
283.80288457870483,-0.013733485440210856
283.81818079948425,-0.003566156081110161
283.83419489860535,0.01208266859945653
283.85023975372314,0.012868121978842682
283.8652939796448,-0.005626623636412161
283.8803005218506,-0.023134363388181575
283.8957254886627,-0.014580429922836443
283.91093254089355,0.023660071269594775
283.92648339271545,0.06852036827655564
283.94246888160706,0.0887960792124031
283.95778036117554,0.06928504217716888
283.9732735157013,0.022438867995637067
283.9892809391022,-0.02016915552929604
284.0047962665558,-0.03215985448263023
284.02081060409546,-0.014131736790080153
284.0360383987427,0.0086481747130303
284.0517244338989,0.012755357910375785
284.0677940845489,-0.0005465493424348991
284.08375811576843,-0.011510622051683777
284.09985876083374,-0.007900139779765423
284.11589455604553,0.0019934963758863992
284.1319189071655,0.0035436487483369813
284.1473298072815,-0.004116464460463665
284.1633229255676,-0.008782462240283742
284.1790568828583,-0.003356791251925038
284.1945230960846,0.004828882475947193
284.2098107337952,0.005539028789235569
284.2258117198944,0.0003195647847504036
284.24163365364075,-0.0005887651709801918
284.2571611404419,0.006154049706441664
284.2727155685425,0.011727130940814304
284.28850531578064,0.007702716233346745
284.3040597438812,-0.001650058527229296
284.3200595378876,-0.004809336925745639
284.3350615501404,0.0014957808164091499
284.3503475189209,0.00828511538830577
284.366348028183,0.006931038337181872
284.38236904144287,0.0004907805170272209
284.3982586860657,-0.0015333455684407957
284.413889169693,0.0031992861846150654
284.4293987751007,0.007114854824331663
284.44478487968445,0.003985755183794355
284.4602904319763,-0.0022384348829024847
284.4762921333313,-0.003327594113077887
284.49128103256226,0.0013702669008343977
284.5068230628968,0.003951766380985284
284.5223219394684,-0.00092627950421157
284.5383372306824,-0.008509783107836344
284.5533399581909,-0.01034250954485071
284.5686209201813,-0.00547814563489292
284.58466839790344,-0.0011291901143101008
284.60061287879944,-0.00246454068407821
284.61661314964294,-0.0060621729731736365
284.6326229572296,-0.005619931924405751
284.6486120223999,-0.0011176337384021654
284.6646132469177,0.001534919864014167
284.6806011199951,-0.0008076462063120766
284.69593358039856,-0.004291638998425029
284.711317062378,-0.004019303563581881
284.7273693084717,-0.0011397572315027253
284.7433657646179,-0.0008304169637560338
284.758615732193,-0.004413631687443561
284.7746117115021,-0.007238646102036332
284.78962898254395,-0.005377657228619787
284.80554270744324,-0.0013820614811117006
284.8209307193756,-0.0007740115896788151
284.83635807037354,-0.004290831992251348
284.8523590564728,-0.006899215597394044
284.8678953647613,-0.004840135475737322
284.8834238052368,-0.0006269174926497225
284.8992266654968,0.0009061592333819302
284.9142248630524,-0.00044468896067708036
284.930207490921,-0.00032997870081294574
284.94574904441833,0.0033271467469552203
284.96176314353943,0.006772258344007579
284.9767506122589,0.005459296691295174
284.9927716255188,0.0006864561363284091
285.00879764556885,-0.0016625469890196869
285.0237982273102,0.0011736135687801406
285.0409367084503,0.005173317787288194
285.05494594573975,0.004923858473019115
285.0710244178772,0.000694917730308586
285.0860712528229,-0.002307519531421119
285.101633310318,-0.0011374231553366058
285.1166319847107,0.001264088848847371
285.1326196193695,0.000669574479122124
285.14777970314026,-0.002456370307322502
285.1637659072876,-0.003948572917867668
285.1797792911529,-0.002032961525074625
285.1952648162842,0.00041355817679383875
285.210809469223,0.0003940582234652802
285.2264850139618,-0.0008545033622324757
285.24199962615967,-8.337613992994135e-05
285.2579987049103,0.002673265701953642
285.27402114868164,0.00377186694727245
285.2900080680847,0.0012427885479973028
285.30608558654785,-0.002074940536804425
285.3220810890198,-0.0023314000795814638
285.33806443214417,-3.7482792194620806e-05
285.35411405563354,0.0008308772273856999
285.3711166381836,-0.001203022625222836
285.3861315250397,-0.002820266334575601
285.40221786499023,-0.0008720262572382287
285.41752672195435,0.0024608612758223077
285.4330372810364,0.002078734819235631
285.44903469085693,-0.002952559844058281
285.46502923965454,-0.007502668499115687
285.4820330142975,-0.006632900069505527
285.497041463852,-0.001693900156217584
285.51257276535034,0.0018582761664124386
285.5275678634644,0.0016312493202757608
285.5435807704925,0.0005388502950843867
285.55957889556885,0.0015537591100909668
285.57557582855225,0.0030623355444672207
285.59157037734985,0.0016412168913663336
285.6071228981018,-0.0020849754783579637
285.62279057502747,-0.0035485220306752515
285.63880157470703,-0.0006106150486981264
285.654801607132,0.0029993402917455813
285.67030930519104,0.0025719768374406083
285.6857342720032,-0.0009616537643018543
285.7013170719147,-0.002174141480468397
285.7173128128052,0.0012395288313561369
285.7326829433441,0.005008322069458193
285.7480161190033,0.004062313339040703
285.7640805244446,-0.00033694794076374966
285.780041217804,-0.0021274973779153556
285.79605436325073,0.0012631598217374982
285.8115837574005,0.005256073260020446
285.82758140563965,0.004220356055631835
285.84358048439026,-0.0009570388354290362
285.8595991134644,-0.004106785187961484
285.87460827827454,-0.0019192295789813752
285.89061427116394,0.002228138714360127
285.90613293647766,0.003602636167933545
285.9213032722473,0.0026190068362652234
285.93729758262634,0.0033243864828175823
285.9532997608185,0.006529542254489311
285.96912145614624,0.007997659291467639
285.9850664138794,0.004600913466299156
286.00071573257446,-0.0005044297441079209
286.01660108566284,-0.0015727167291058632
286.03264474868774,0.0019776685535996923
286.0477740764618,0.004671461430612934
286.06360125541687,0.002411308305210705
286.0797748565674,-0.002018464154377201
286.09592747688293,-0.002992093935574397
286.1112160682678,0.00011980158272561266
286.12721490859985,0.0022996176939834223
286.14223313331604,0.00019775330869758502
286.1575651168823,-0.0030230032072179392
286.1735692024231,-0.002227408609817279
286.18959975242615,0.002141447394884328
286.20512413978577,0.004243981247544394
286.22132635116577,0.0007419936794426088
286.2373492717743,-0.004493127684934919
286.253338098526,-0.005483714796133887
286.268860578537,-0.002091146721686478
286.2838716506958,0.0001122695401788556
286.2997043132782,-0.002213306318714998
286.31552624702454,-0.005445347971387337
286.3305103778839,-0.0040327244760185715
286.34588384628296,0.0016652404267502073
286.3619055747986,0.0055726850229085925
286.3778982162476,0.0038734375400792205
286.39388823509216,-0.0001765313800048576
286.4096214771271,-0.0010623844360828187
286.4251341819763,0.001434111651130933
286.4403374195099,0.0024317801195105748
286.4559955596924,-0.0005976270244172407
286.47202229499817,-0.003776123179445725
286.4880268573761,-0.002040604182848843
286.503534078598,0.003520601220169366
286.5190460681915,0.006526048114053185
286.53454756736755,0.0034445037135987836
286.54968523979187,-0.002006966550202568
286.5647485256195,-0.004109812666593729
286.5807456970215,-0.0026080853795190265
286.5961389541626,-0.0021328758385434033
286.6123914718628,-0.0048525934626290415
286.6279716491699,-0.0070617745297281665
286.6440086364746,-0.004564685748117605
286.65948247909546,0.0009262619662703505
286.67474842071533,0.003631540900321628
286.69077014923096,0.0013535935800237627
286.7062654495239,-0.0017609162951748325
286.7218120098114,-0.0011794734018114495
286.7368552684784,0.0018077380105228167
286.75207114219666,0.0023929966818218087
286.7681565284729,-0.00036610561319586326
286.78362488746643,-0.0018614925213083393
286.799688577652,0.0014320692090816333
286.8148295879364,0.0064999759670291675
286.8307836055756,0.007556677516202392
286.8462824821472,0.003910333526498362
286.8622531890869,0.000758515437573903
286.8782980442047,0.0017164729491078558
286.8940622806549,0.0037456894973002808
286.9096314907074,0.0018293524491921867
286.92508721351624,-0.0032758004730053525
286.940288066864,-0.005563641680882617
286.9561553001404,-0.002251825332827041
286.9714734554291,0.001713212187653523
286.98648619651794,-0.00013084400459668303
287.002388715744,-0.0070149880147588155
287.0173931121826,-0.011669824195201635
287.03347992897034,-0.009732110250691168
287.04948329925537,-0.005139503005336596
287.06552386283875,-0.004324292890135495
287.08053064346313,-0.007380706601045829
287.0965213775635,-0.008373197119629196
287.11172580718994,-0.004076884183689493
287.1277406215668,0.001277454456835258
287.14372658729553,0.0018897288865641624
287.15960240364075,-0.001498812963500548
287.1756055355072,-0.002789382507921682
287.1911709308624,0.0006655504736813927
287.206337928772,0.004179223412492775
287.22147607803345,0.0024443591627778703
287.2373485565185,-0.002556904349111838
287.25286412239075,-0.0038062161574826765
287.26873087883,0.0011473725321680082
287.28416323661804,0.0065392420358114925
287.29936838150024,0.005948772974990586
287.3150372505188,0.0007922003445374319
287.3310000896454,-0.0018952841415695886
287.34693932533264,0.0007512192669594676
287.36247158050537,0.003613522912265689
287.37847328186035,0.0009317252378660589
287.3945026397705,-0.005448756820892507
287.4102783203125,-0.008319588093926931
287.42577624320984,-0.004709079454926407
287.44180369377136,0.0002940434488311627
287.45742893218994,0.0004746841791687575
287.47335410118103,-0.0035785681864815436
287.489244222641,-0.006252744312045717
287.50512957572937,-0.005258607975169776
287.52088594436646,-0.004405296796363414
287.53683948516846,-0.007100189101034417
287.5528392791748,-0.010485517674825619
287.5688283443451,-0.009230280543829024
287.58416652679443,-0.0037772165674380487
287.60040760040283,-0.0008714361978616024
287.61588048934937,-0.004812090493063214
287.6319966316223,-0.011217698224048753
287.647234916687,-0.012205554664128438
287.6631669998169,-0.006423049060003667
287.679301738739,-0.0006279423409725055
287.6945004463196,-0.0008508320589203462
287.709499835968,-0.005093240567573796
287.7249631881714,-0.007039388816761907
287.740966796875,-0.0050097092068860614
287.75672483444214,-0.003557271862103715
287.77262258529663,-0.005956774044664985
287.7880091667176,-0.008823535365437831
287.803334236145,-0.006866948248853576
287.8187801837921,-0.0010290447800436267
287.8337814807892,0.0019249515066371073
287.8497791290283,-0.0016363011846627458
287.8649699687958,-0.007008837894158361
287.88065123558044,-0.007174532630610584
287.8960030078888,-0.0020258078262086654
287.9115216732025,0.0017217540386306874
287.92755937576294,-0.00036494025803423657
287.94355821609497,-0.004833927489765174
287.9594531059265,-0.005567108358664006
287.9754071235657,-0.0021213814052165954
287.99141788482666,0.00034013025324139325
288.00710892677307,-0.0011621841714287602
288.0230474472046,-0.0033246710847464316
288.0390636920929,-0.0018624275295446397
288.055052280426,0.0017412000227246685
288.0709466934204,0.002058970993066246
288.08669114112854,-0.002306516551455794
288.1027135848999,-0.006146088048502279
288.11846923828125,-0.004567336259956492
288.1341128349304,0.00011155852378410755
288.15011286735535,0.0013603797573808803
288.1655275821686,-0.0025766438995241565
288.1809329986572,-0.00618061021592551
288.1969561576843,-0.004235180074534315
288.2125720977783,0.000998121133666422
288.2279677391052,0.002964982362344264
288.24400782585144,-0.00014189855683102715
288.25945591926575,-0.0031021046334720618
288.2754418849945,-0.0011698321611301925
288.2909770011902,0.003326906864298218
288.30696988105774,0.004521135607698312
288.32296323776245,0.0014665817771767889
288.33796095848083,-0.0006250991463096587
288.35313868522644,0.0019025335135193656
288.3689773082733,0.005666692769883564
288.38495659828186,0.005002074704870328
288.399706363678,0.00018392742872068261
288.4152982234955,-0.0027712233252930396
288.4312913417816,-0.0005718811434585608
288.44729256629944,0.0027096149032388678
288.4632122516632,0.0015413496359747134
288.4794843196869,-0.002994831535086626
288.4950382709503,-0.004590909741301811
288.5112087726593,-0.0008102583480183393
288.52661418914795,0.0029967309461913323
288.5417182445526,0.0007979636212829141
288.55702209472656,-0.005704181457583641
288.5723910331726,-0.009150636696300604
288.5883753299713,-0.006346465427703986
288.6049876213074,-0.0022519392401584987
288.6204299926758,-0.00273193356638451
288.6364381313324,-0.006340062420440619
288.65201807022095,-0.006652225825941929
288.66745233535767,-0.0017709858522077307
288.6834433078766,0.0024994928973603244
288.69945907592773,0.00047142540997702513
288.714985370636,-0.005405703385655122
288.7307643890381,-0.007575790411291408
288.7467589378357,-0.0034522505149894803
288.7621040344238,0.0012454063375589932
288.777547121048,0.0003922278237039247
288.7923834323883,-0.004367516026451371
288.8072175979614,-0.006352068244956782
288.8224983215332,-0.0034006498744940717
288.8378460407257,-0.0007703463206579444
288.8527157306671,-0.0034063807947516843
288.8685829639435,-0.008613294027554941
288.8845853805542,-0.009568220903447309
288.9001750946045,-0.004830581917641662
288.91571044921875,-0.0005550561214157007
288.9318060874939,-0.0022996308188855744
288.9471731185913,-0.00772410993143035
288.9627323150635,-0.010060346454422203
288.9786148071289,-0.007285415722979403
288.99468445777893,-0.004332346703748649
289.01020216941833,-0.005665006411777812
289.0260729789734,-0.008941194287684437
289.0420734882355,-0.008663521620832122
289.05719900131226,-0.004404446141053725
289.0723485946655,-0.0016654339495241097
289.08750009536743,-0.003977245408361148
289.1028678417206,-0.007537470439904196
289.118337392807,-0.006349253152716585
289.134446144104,-0.0009018620255064032
289.1501922607422,0.0019510509033794359
289.1651964187622,-0.001806338355297389
289.1811938285828,-0.007575722520137509
289.19710755348206,-0.007863560916901711
289.2124478816986,-0.0018971035428795558
289.2281770706177,0.0037265712454580195
289.24344062805176,0.0039022545743571035
289.2589926719665,0.0011427937865292016
289.2740111351013,0.0010053002932840721
289.290011882782,0.0038765043429598873
289.3055775165558,0.004815440968400985
289.3215899467468,0.001270462368629697
289.33674907684326,-0.0027495471616857253
289.3529849052429,-0.0021836095670711483
289.368997335434,0.0018169206177558366
289.38421273231506,0.003452588425886793
289.40030455589294,0.0006552646688215728
289.4160542488098,-0.0016723192779471365
289.43170857429504,0.0015225566291723136
289.44778537750244,0.00794788252409542
289.46379256248474,0.01046127344664204
289.47981905937195,0.006379759178270148
289.4952402114868,0.0008640724163194615
289.5121395587921,-0.000150362387440337
289.52604508399963,0.0024440074936512837
289.5417392253876,0.0031200965584709563
289.5576295852661,9.163684485805935e-05
289.57296347618103,-0.0022164245269632376
289.58866357803345,5.942121274162687e-05
289.60414481163025,0.004137294538821316
289.62004470825195,0.004065109021819862
289.6360802650452,-0.0010910558652962562
289.65161418914795,-0.0059964087339613335
289.667188167572,-0.006543206604073372
289.6829876899719,-0.005350674467096787
289.698566198349,-0.00730927326915111
289.7141351699829,-0.011615748158424904
289.72935032844543,-0.012142046992045899
289.7453467845917,-0.006206749061157724
289.76133155822754,0.0006010915129180958
289.7765038013458,0.0009571506324264443
289.7922224998474,-0.004716006037088394
289.80773544311523,-0.008755972473071624
289.8229787349701,-0.006259517059662229
289.8390939235687,-0.0011334787408300378
289.85482263565063,-0.0002206281599149507
289.8708255290985,-0.003837326159645155
289.8865923881531,-0.0057391450153864735
289.9021701812744,-0.002254158861338393
289.9168155193329,0.0023903052574141574
289.93289709091187,0.002034051833897936
289.9488892555237,-0.002592086212935614
289.9641623497009,-0.004672904615439587
289.97980284690857,-0.0007262616970396072
289.99520230293274,0.004514713861943588
290.01075649261475,0.0045994586605774416
290.0267713069916,0.0001682392136774886
290.0426757335663,-0.0022028398208055675
290.0580413341522,0.0006221708458476602
290.07317090034485,0.004018335777230375
290.0891728401184,0.0024179683701617475
290.10485196113586,-0.002451936914155862
290.12022709846497,-0.0037261022714200156
290.1357746124268,0.00090621694234304
290.15200567245483,0.005570868143602018
290.1672170162201,0.0038744428082239943
290.1832869052887,-0.002605125481033947
290.1984362602234,-0.006573131065294303
290.2142057418823,-0.004693865891240277
290.22934675216675,-0.0013152837756205747
290.245080947876,-0.0015094846795378246
290.26109313964844,-0.0037111812063869154
290.2769777774811,-0.0025115657412074226
290.2928395271301,0.0025832153845769014
290.3088324069977,0.0053605039967961655
290.32453656196594,0.001206476192505618
290.3394091129303,-0.005919096712119082
290.35491824150085,-0.007933378988342059
290.3696315288544,-0.002928697631368619
290.3856270313263,0.0025322128833267597
290.402001619339,0.0022243772568485503
290.4170525074005,-0.0017673274307486993
290.43218898773193,-0.00249707615168399
290.4475095272064,0.0021340510543193924
290.46275544166565,0.006870425414962368
290.4785189628601,0.006856567611552126
290.49453258514404,0.00439126692830841
290.510555267334,0.005133032967441925
290.52651166915894,0.009350004479247581
290.542516708374,0.010932295310044717
290.5577266216278,0.00592128545031571
290.5737085342407,-0.0013036572063945106
290.5888388156891,-0.0031154276378826274
290.60464453697205,0.0015981940761973044
290.6202220916748,0.00618272895018729
290.6358184814453,0.005104321194858596
290.6511387825012,0.0008507973145025088
290.666796207428,-0.00026939449415539244
290.68256759643555,0.002910911027898707
290.6979835033417,0.00530417305409149
290.7132706642151,0.0034258947934457116
290.72872400283813,0.000596280772957002
290.7441761493683,0.0019144934709503843
290.7596154212952,0.006350962930346836
290.7756152153015,0.007646219879660935
290.7906510829925,0.0031558503954355254
290.806134223938,-0.0018396838005691912
290.8216531276703,-0.0008615034982728457
290.8366539478302,0.004964461345734041
290.8524782657624,0.00823975807347
290.8681855201721,0.005160374861242102
290.8841779232025,0.0004543895981770625
290.89888978004456,0.0006529470124495814
290.9145576953888,0.005117728441285413
290.9304392337799,0.007246622672586819
290.946026802063,0.003902922262993666
290.9621226787567,-0.00030008224714841796
290.9777500629425,0.00032922550059095914
290.9927423000336,0.004642855987770127
291.0077962875366,0.006629815200604745
291.0233142375946,0.004089365624252505
291.0393147468567,0.001392955302724141
291.0553152561188,0.002586158821222732
291.0713098049164,0.005201389497866738
291.0868113040924,0.004007934624961233
291.1021020412445,-0.0007845768585443367
291.11762857437134,-0.0031421633566236524
291.13366746902466,0.00031072437847658434
291.14962911605835,0.00501221411573482
291.165664434433,0.004311601469184368
291.18099331855774,-0.0014223817266658884
291.19649147987366,-0.005193566436958725
291.2117414474488,-0.0028149617639565637
291.2274513244629,0.001775235664039282
291.24264335632324,0.002610767836554805
291.2581613063812,0.00029166750758104643
291.2733964920044,0.0006715123391227471
291.28895592689514,0.005582904126514234
291.30430340766907,0.009267286372412545
291.32034134864807,0.0062230833785799616
291.3354723453522,-0.00037725773352426453
291.3511164188385,-0.001980851795747562
291.3666162490845,0.004251071363269207
291.38260555267334,0.011577337820617331
291.3981351852417,0.01234783099186572
291.413916349411,0.007433559321247169
291.4298360347748,0.003903280055394175
291.445328950882,0.00485191673140215
291.4611973762512,0.005813177324607081
291.47689175605774,0.0023413574775512733
291.4923164844513,-0.002632957385381045
291.50748801231384,-0.0025422211145032427
291.5235452651977,0.0032110689325784017
291.5393452644348,0.007650801448698027
291.555447101593,0.005349089979880383
291.5708358287811,-0.00023154253231969912
291.58693766593933,-0.001480946563380174
291.60289192199707,0.002961471604829868
291.6182749271393,0.006518473983428618
291.6335172653198,0.004009903256433789
291.6488926410675,-0.0010028480055155184
291.6647183895111,-0.001092820004165087
291.6803708076477,0.0047617825550058425
291.6959221363068,0.009795471525307648
291.7113769054413,0.008748640899967106
291.7269911766052,0.004801460250799098
291.74299240112305,0.004620952482713583
291.758584022522,0.008699063812811807
291.7736496925354,0.010633454240771693
291.789669752121,0.006355174283573118
291.80571818351746,0.00031997692221298656
291.8213555812836,-0.00016492876261634806
291.8362271785736,0.00518097965504843
291.851224899292,0.00910293904091618
291.8665292263031,0.006442357441865266
291.8825261592865,0.0008530448705538637
291.89752864837646,-0.0003758609915069013
291.9127414226532,0.0038701940682777207
291.9288721084595,0.007448074998835327
291.9447901248932,0.0057610318230131
291.9606201648712,0.002073788776540458
291.9761865139008,0.0026703476535235643
291.99212169647217,0.007823991024665636
292.0073173046112,0.011319809315330068
292.02301836013794,0.009176484180043925
292.0384666919708,0.005218760952049813
292.0542542934418,0.005575754482119027
292.0689899921417,0.009889926622756718
292.0850048065185,0.011764638588073684
292.10020899772644,0.007942329657635437
292.11614537239075,0.0033038697374994453
292.13166427612305,0.004523846309047291
292.147607088089,0.01104185448270165
292.1634333133697,0.015746235636975154
292.1791265010834,0.014296001978378495
292.1946506500244,0.01024500219722841
292.21034812927246,0.009350793016190805
292.2258722782135,0.011573531570695295
292.2419826984405,0.011985682833259383
292.257771730423,0.008730116559766576
292.2730987071991,0.006148434122385312
292.28844809532166,0.008383365489916427
292.304221868515,0.012713366297976553
292.3185625076294,0.012574632741315143
292.33415961265564,0.006486641802043849
292.34935569763184,0.00040106405507456407
292.3652424812317,-1.669366146310903e-05
292.3812482357025,0.003517789057595068
292.39668130874634,0.0052146273886135505
292.4125747680664,0.003845103482759244
292.4285717010498,0.004179927066698978
292.44436502456665,0.009339318253842023
292.4598741531372,0.015395143011902241
292.47487020492554,0.016314706204991536
292.49067401885986,0.012373621029948394
292.50608229637146,0.009923976842212665
292.52173137664795,0.012502274510239891
292.5375487804413,0.015732580860508494
292.55342745780945,0.013468678928256431
292.5684237480164,0.006763329878408257
292.5834262371063,0.0029275212918418174
292.5984308719635,0.005724088542948571
292.6139426231384,0.01038483356851291
292.629944562912,0.01049627115541225
292.64494490623474,0.00702437877528716
292.6603944301605,0.0066622627050352805
292.6754095554352,0.011811966570776655
292.6914155483246,0.01646694375936353
292.7067852020264,0.014070419851640986
292.7220187187195,0.0065494779457574235
292.7380170822144,0.0019235656953731878
292.7538414001465,0.0037770466549180964
292.7692289352417,0.007132403124605811
292.7852129936218,0.0061208485489765785
292.80038619041443,0.002371312037707129
292.81607580184937,0.002341855527894888
292.83211398124695,0.007569112552108126
292.847549200058,0.011761002943354228
292.8630003929138,0.009020965691730852
292.87899351119995,0.0018885811998012414
292.8939781188965,-0.001922837020293671
292.9100253582001,0.0004328469463396288
292.92447113990784,0.0038684196411822094
292.939469575882,0.0031078030946326924
292.95545649528503,5.371288856743581e-05
292.9704587459564,0.0004453500988477674
292.985470533371,0.004852442541023537
293.00145864486694,0.007169365959702576
293.01639914512634,0.0030952027253499555
293.03195571899414,-0.0032881495953270105
293.04697012901306,-0.004391851421894919
293.0621438026428,0.000904330664066629
293.07728004455566,0.005767987943541487
293.0923104286194,0.004492341072697358
293.10730600357056,-0.0001617878565115167
293.12340235710144,-0.0011679634043457734
293.1394214630127,0.003046301629589531
293.15542554855347,0.0067386425387586015
293.1714005470276,0.005104644543613332
293.1874210834503,0.0009083350602080995
293.2026860713959,0.00030437801987027524
293.2184154987335,0.003981948202551089
293.2342894077301,0.006261968467177344
293.2502725124359,0.003415041331347343
293.2652759552002,-0.0006723503644089101
293.2812900543213,0.00029697367957871607
293.29727363586426,0.0061119472896518125
293.3134243488312,0.009985262928784499
293.3294222354889,0.007619091209454547
293.3454661369324,0.00290605804378345
293.3609611988068,0.0024052842479351504
293.37696051597595,0.00630832959047808
293.3929705619812,0.008382046659166779
293.4089949131012,0.004831756723665765
293.42454743385315,-0.0002691043800369976
293.43984055519104,-0.00041293349163056296
293.4558355808258,0.004705623036690564
293.471843957901,0.00921181561401037
293.4878487586975,0.009288038556758698
293.5039494037628,0.007859224357721906
293.51953077316284,0.00943724438923427
293.5344133377075,0.013018258283590592
293.55041122436523,0.013471323752879762
293.56641268730164,0.00932195427707172
293.5814001560211,0.005459469743781807
293.59741377830505,0.006593290802245743
293.61377787590027,0.010692600576035346
293.6297597885132,0.011869677139280988
293.64577984809875,0.008784073446670914
293.66176557540894,0.006632719525264826
293.6767659187317,0.009705483341742586
293.6927812099457,0.014959693238597532
293.7078161239624,0.015921041739495764
293.7233064174652,0.011695368389396117
293.7393989562988,0.008378050086042376
293.7553460597992,0.01059555368214604
293.7708232402801,0.014904550604265725
293.78626012802124,0.01446981742025966
293.80146622657776,0.008709807517885205
293.8169593811035,0.004422339300970828
293.8329689502716,0.006617470052671246
293.8489668369293,0.011698703812815759
293.86495876312256,0.012474615484178313
293.8799617290497,0.008034198943244933
293.8953619003296,0.004785453852976754
293.91137528419495,0.0073489805103473015
293.9274764060974,0.012104537498861319
293.9434745311737,0.012326025880908208
293.9595878124237,0.0075950439813466195
293.9755635261536,0.004309176041471608
293.99164748191833,0.006679970791863399
294.00679445266724,0.010911544154808883
294.0221004486084,0.010659273898340501
294.0380115509033,0.005971498380526482
294.05400490760803,0.003108804355088232
294.0694715976715,0.005623769555325495
294.0854687690735,0.00941997796017107
294.10146498680115,0.008709079440409044
294.11704564094543,0.004209806283636653
294.1330449581146,0.0018300190871446105
294.1490550041199,0.003824394027787479
294.1645193099976,0.005292691836035111
294.17951679229736,0.001262164533149898
294.19554114341736,-0.005672660776152464
294.21153378486633,-0.008266014422193014
294.226984500885,-0.004375392353876128
294.24200081825256,4.954965154531756e-06
294.257985830307,-0.0011570136282268544
294.2731387615204,-0.005782985204940344
294.2891128063202,-0.00674553413883393
294.30515789985657,-0.0018510637396329777
294.32053303718567,0.0031291001864081278
294.3365547657013,0.0024475979377965827
294.35180139541626,-0.0019269344162764455
294.367844581604,-0.0035884571487007086
294.3838427066803,-0.0010096006460214788
294.3998486995697,0.00046487110020274405
294.4146764278412,-0.0032634648944807427
294.4299762248993,-0.0085157028757189
294.4459729194641,-0.008452373120749215
294.4620726108551,-0.002607181607010472
294.4780716896057,0.002025218263933504
294.4937965869904,9.192639041595563e-05
294.50913548469543,-0.005204624179070438
294.52490758895874,-0.006749299620888471
294.5409080982208,-0.0031883687457579034
294.5569224357605,-0.000356179332651665
294.57292199134827,-0.002732289289498367
294.5880229473114,-0.006977781907745645
294.60302925109863,-0.0065840726186906055
294.618597984314,-0.0010921415085171759
294.63459491729736,0.003067040483941178
294.6505904197693,0.0012980192247674062
294.6659207344055,-0.003066132166800835
294.68132519721985,-0.0036608107237594218
294.6963486671448,0.00013357765227470057
294.7115387916565,0.002780188608813525
294.7273328304291,0.0006778453766794253
294.7433457374573,-0.0029432628954601464
294.759318113327,-0.003019113367730109
294.77463006973267,2.320344740741262e-05
294.7906746864319,0.0012516300147801067
294.80678820610046,-0.00108551258879447
294.8223431110382,-0.002603681103430089
294.83832359313965,0.0007933502305160914
294.8538439273834,0.006206882158062901
294.8691916465759,0.00677450885310771
294.88520216941833,0.0008622304788431685
294.90081691741943,-0.005193059430203733
294.9163656234741,-0.004918025878000476
294.9313633441925,0.00021701524955260263
294.9473640918732,0.0032325843780506734
294.9633455276489,0.001104505043798552
294.9787352085113,-0.0016315003651649516
294.9937379360199,0.00021262676802113762
295.0087568759918,0.00488054717941537
295.0240273475647,0.005989983781028183
295.03925108909607,0.0014749389247544408
295.0544168949127,-0.003384746306063611
295.07042050361633,-0.0031040745030920594
295.0855369567871,0.0006780559527286316
295.1014726161957,0.001891327647814575
295.1174030303955,-0.00115933303252682
295.1323981285095,-0.003380077284609029
295.1474289894104,-0.00030051088679482977
295.1634256839752,0.005233468730056705
295.17931056022644,0.006700342736819251
295.19431495666504,0.0028616281959864963
295.2095310688019,-0.0006063898089985418
295.2253885269165,0.0008561225672810684
295.2403781414032,0.0043751650331006675
295.2553651332855,0.00398483463309745
295.271386384964,-0.0006295870184484069
295.2868700027466,-0.003559226622621987
295.3020031452179,-0.001174290720272724
295.31778955459595,0.0024618436224893075
295.3330132961273,0.0012056625548812535
295.3490116596222,-0.004265999040727689
295.36503863334656,-0.006951589618904634
295.38103675842285,-0.0030836192685194446
295.39704513549805,0.0024099890558652304
295.412175655365,0.0022131160812289222
295.4276602268219,-0.003887125889599017
295.44320130348206,-0.009220285939737522
295.4588313102722,-0.009475950888090853
295.4748101234436,-0.007934147931590745
295.49031615257263,-0.00974027242312203
295.5063481330872,-0.01392529205635592
295.5219027996063,-0.014814413776079725
295.5379009246826,-0.010705690281791929
295.553905248642,-0.007097075012981056
295.56939005851746,-0.009491612992088255
295.5846416950226,-0.01578193257833349
295.6003487110138,-0.019010158926478508
295.61590909957886,-0.016707912299625136
295.63192319869995,-0.01374307870628448
295.6474275588989,-0.014843423612556956
295.66343927383423,-0.017638497357349882
295.67997312545776,-0.016287990360615734
295.6957516670227,-0.010554819352366372
295.7107622623444,-0.007156360748045106
295.726628780365,-0.010931915999270193
295.7430946826935,-0.01785964160791937
295.7580366134644,-0.019829416676061796
295.77404046058655,-0.015032025648017592
295.79004073143005,-0.010025382892887107
295.80505418777466,-0.010815913435392217
295.8204817771912,-0.015141879245779257
295.8354911804199,-0.016210637379173776
295.85107135772705,-0.012286273235966818
295.8660547733307,-0.008770328691672125
295.881472826004,-0.010262919209218893
295.8974862098694,-0.014080269629306143
295.913510799408,-0.014327748325752376
295.9290852546692,-0.010550013045506927
295.9440813064575,-0.008578651109197089
295.9591774940491,-0.012345962332433714
295.9751772880554,-0.01824172839373641
295.9911608695984,-0.01997452706683145
296.0063965320587,-0.017048396910323334
296.0220787525177,-0.014960923729424229
296.0371766090393,-0.01706641887235522
296.05365681648254,-0.019820880205041483
296.0687828063965,-0.018171629363342854
296.08476185798645,-0.013286380871065422
296.10075545310974,-0.011381652719877663
296.11631774902344,-0.015066458376428697
296.13231325149536,-0.019436882155444514
296.1483211517334,-0.018662625191400755
296.16430044174194,-0.014021554761762985
296.1794867515564,-0.012172457183029459
296.19446563720703,-0.01601958098965878
296.2105085849762,-0.020784047087764483
296.2260797023773,-0.020600031092661838
296.2420856952667,-0.01641314747543978
296.2580840587616,-0.014361121436256544
296.2730827331543,-0.01712393954310447
296.28857159614563,-0.020346591243706462
296.3045845031738,-0.01897044175485129
296.3209807872772,-0.01446300969133309
296.3358042240143,-0.012805123389549231
296.3517916202545,-0.01609651205679192
296.3668031692505,-0.019574214507362117
296.3822617530823,-0.018294423801644817
296.3982605934143,-0.014194183680708966
296.41427206993103,-0.013574732802950159
296.4295394420624,-0.018315443363963062
296.4454309940338,-0.022976872060191746
296.4606318473816,-0.021942120046555404
296.4759149551392,-0.016856966612447427
296.491149187088,-0.014202941231211566
296.50615096092224,-0.01650630691383951
296.5220892429352,-0.019392766123733078
296.53737330436707,-0.018338076311291317
296.55437111854553,-0.015336036924716877
296.56849455833435,-0.01595718333195769
296.5838530063629,-0.021008169384550978
296.5992622375488,-0.024814722071163104
296.61680936813354,-0.022855984121012432
296.6310353279114,-0.018083868883346264
296.6469595432281,-0.01688019730472281
296.66245579719543,-0.02020853297150589
296.67835521698,-0.022428951705215267
296.69435930252075,-0.01946068081504425
296.70950651168823,-0.014717092227886289
296.7247681617737,-0.014399923600835486
296.7407455444336,-0.01883975079293044
296.75614380836487,-0.022125283930652696
296.7721264362335,-0.020440529647135
296.7871460914612,-0.017224302136820243
296.8031601905823,-0.017925432544187304
296.81877183914185,-0.021995230314332065
296.83476853370667,-0.023661876417090534
296.8497688770294,-0.02040154983158345
296.86504435539246,-0.0168555749262802
296.88057136535645,-0.01833100362918408
296.8965730667114,-0.023024479128333112
296.91259598731995,-0.024222587202209763
296.9281163215637,-0.019665632878170178
296.9432027339936,-0.014931191314116292
296.95921635627747,-0.015891349383784698
296.9751150608063,-0.02063555742797386
296.9911017417908,-0.022176912673970102
297.00612783432007,-0.018279123067053017
297.02163887023926,-0.014700703555832728
297.0367684364319,-0.017199569257363802
297.05210161209106,-0.02330971374163316
297.0675151348114,-0.02537265452769639
297.0826168060303,-0.020826294429194495
297.09806203842163,-0.015729045776454523
297.11383724212646,-0.016726479290975246
297.12897181510925,-0.022392504602720853
297.14497661590576,-0.02554304814910758
297.1609559059143,-0.022993670543389584
297.1761407852173,-0.019298566238557642
297.1921410560608,-0.019776434164410966
297.2082889080048,-0.023029129873268522
297.22407579422,-0.02341617959240141
297.23981761932373,-0.019580773651330867
297.2558181285858,-0.016612601820844366
297.2713186740875,-0.018700519206849696
297.2873287200928,-0.022858987509064288
297.30415892601013,-0.022924873010574942
297.318425655365,-0.01837142597147124
297.33442211151123,-0.015390561719536554
297.35040950775146,-0.01843068955870808
297.3653926849365,-0.0239106782140436
297.38078784942627,-0.02497804517404347
297.396320104599,-0.020808728871473586
297.41149520874023,-0.01759061785425637
297.42753076553345,-0.019837872290197282
297.44287300109863,-0.02403104460580842
297.45787048339844,-0.02336448210382263
297.47352862358093,-0.017101150404177905
297.48952317237854,-0.011723494519506984
297.5056617259979,-0.012350512119314035
297.52176427841187,-0.016221811844940457
297.5373125076294,-0.017075471632700987
297.5525577068329,-0.014100964277940506
297.56799268722534,-0.012922880863196085
297.5838797092438,-0.017396869621585646
297.599883556366,-0.023870451260232715
297.61529541015625,-0.02592917210695976
297.6308858394623,-0.022852604386633817
297.6468863487244,-0.020001244231269127
297.66286873817444,-0.02094214809050155
297.6783838272095,-0.022660364509867206
297.6943957805633,-0.020477618284436075
297.7096252441406,-0.01532545357536196
297.7253050804138,-0.012787737525461801
297.7413065433502,-0.015265246946460665
297.7572994232178,-0.018516763720449275
297.77273988723755,-0.017562199841678307
297.7888276576996,-0.013529814571650887
297.8048448562622,-0.011726384398232549
297.820613861084,-0.013862933944090522
297.8362526893616,-0.015769546242575642
297.8521201610565,-0.013921930713051919
297.8682234287262,-0.011157315715309167
297.88425755500793,-0.01287730037120561
297.9002499580384,-0.018799836653191244
297.9153995513916,-0.02223398871465347
297.93055963516235,-0.01862502037628937
297.94554471969604,-0.011883447477656947
297.9609236717224,-0.009598637074520034
297.97633266448975,-0.013424112670246935
297.99151611328125,-0.01759095935601792
298.0066194534302,-0.017199127036531113
298.02245020866394,-0.014477003905236737
298.03761172294617,-0.014547380994372909
298.0534467697144,-0.017413792494443667
298.06944608688354,-0.018044232470962825
298.0854959487915,-0.014308274951603701
298.10150384902954,-0.010856454046574182
298.116571187973,-0.012801666465903895
298.1321032047272,-0.017974085509079724
298.14809823036194,-0.01907909063679622
298.1632561683655,-0.013371606364070733
298.1791002750397,-0.006683562669943357
298.1950988769531,-0.0060580668578784375
298.2104115486145,-0.01075745802324943
298.2262473106384,-0.013642170731061321
298.2422471046448,-0.010814429136146126
298.25915026664734,-0.006373814113638494
298.2742612361908,-0.006129904670858485
298.29009771347046,-0.009338419916807957
298.3052797317505,-0.010026196361458174
298.32074761390686,-0.0058721807893934285
298.336140871048,-0.0019159528065803692
298.3526213169098,-0.0036575425681237735
298.3679339885712,-0.009182858275258974
298.382771730423,-0.011488032225794875
298.39885997772217,-0.007942700276674595
298.4150719642639,-0.003836041512319593
298.4309411048889,-0.005119712145971085
298.4461624622345,-0.010330080182404045
298.46142768859863,-0.012686794679199245
298.47754740715027,-0.009274729244094936
298.49295020103455,-0.004607663301284103
298.50818729400635,-0.003960556322837234
298.5238456726074,-0.00614171433617022
298.5397276878357,-0.005812963022650711
298.5552296638489,-0.0016920786004127426
298.5705704689026,0.0012814011210524412
298.58641815185547,-0.0011099818339017882
298.6018009185791,-0.0062821858049222825
298.6175353527069,-0.008258693989955825
298.6333475112915,-0.005637898795396412
298.6490828990936,-0.0028971595469449948
298.6649498939514,-0.003492660433870404
298.6801552772522,-0.004811181084475766
298.6961715221405,-0.002165891694817421
298.71205592155457,0.003986575494532346
298.72778391838074,0.00806416797545376
298.7428021430969,0.00680473029954435
298.75777983665466,0.0036985654698355715
298.7730839252472,0.004051036303505045
298.7890655994415,0.007511169836686047
298.8041079044342,0.008626527989294652
298.8198039531708,0.004833637060511193
298.8347842693329,0.0007279077310740146
298.8497848510742,0.002311403377055708
298.86578726768494,0.008743767595102061
298.8812208175659,0.012874792903199796
298.8972127437592,0.010155827073105216
298.913271188736,0.004235060507405486
298.9290306568146,0.0019824938105013168
298.94492292404175,0.004783026369336795
298.9609274864197,0.007597025084648399
298.97615337371826,0.006510587427292307
298.9921555519104,0.0041445734875303255
299.0074348449707,0.005607481682122602
299.0229957103729,0.010836385978644522
299.03828740119934,0.014134175775938543
299.0535092353821,0.011785352426729402
299.06950879096985,0.007396117356732895
299.0852382183075,0.007495266235533206
299.1006662845612,0.01318064483511848
299.1166830062866,0.01901784313787415
299.1322226524353,0.020450748441092778
299.14721035957336,0.019447142127651133
299.16320633888245,0.02089993521801471
299.17843103408813,0.025275647231455922
299.1936588287353,0.027948551475159983
299.20973896980286,0.02596195011484641
299.2253441810608,0.022489409239329704
299.2405729293823,0.0226577355192018
299.2557215690613,0.026640996923777645
299.2717807292938,0.02969019764493747
299.2871894836426,0.028873059838399766
299.30321502685547,0.026892242802533276
299.3193099498749,0.027723996895813
299.33541655540466,0.03061209201115664
299.35143280029297,0.03121177625747684
299.3671820163727,0.028183995157954438
299.3831276893616,0.025505890310096722
299.3981308937073,0.026933878862399632
299.41414070129395,0.030581616429484124
299.4296636581421,0.031610718007613545
299.44566106796265,0.029265801183137295
299.4614050388336,0.027961887929064868
299.4774000644684,0.03063427480328213
299.4933271408081,0.03396577090282746
299.509393453598,0.03268224191911844
299.52541494369507,0.02707946067989367
299.5408744812012,0.023066998479954682
299.5569169521332,0.024442237791986246
299.57292103767395,0.02804631299226456
299.5883274078369,0.02843270783397448
299.60332798957825,0.025459211082720846
299.61879086494446,0.02429369617319308
299.633864402771,0.028013032960116088
299.6496238708496,0.03325377776494895
299.6648621559143,0.03492095847135758
299.68018102645874,0.03314188617769789
299.6960520744324,0.03259421715452139
299.7111005783081,0.03534796271688995
299.7265028953552,0.03769583583329264
299.74202013015747,0.035707492167806804
299.7577431201935,0.03157631351879485
299.7727036476135,0.03136673432684043
299.7875773906708,0.036817598222132174
299.8028817176819,0.042478585200071
299.8192343711853,0.04241462153173871
299.8347096443176,0.037662622774361235
299.8503291606903,0.03455690825477432
299.8664164543152,0.0363992046577164
299.88142013549805,0.03972031271525735
299.8974449634552,0.039702535355903915
299.9134554862976,0.036801128453264845
299.9287369251251,0.03555263590732636
299.94403171539307,0.037892372073648053
299.9591510295868,0.04072793022210229
299.9739854335785,0.040861157230441605
299.98942255973816,0.03966853311682551
300.0047013759613,0.0406602269522115
300.02015805244446,0.04375891948724199
300.03611397743225,0.04499155569025556
300.0513453483581,0.0422554574573203
300.0673859119415,0.038780356297874394
300.0829954147339,0.039020994155837284
300.0984470844269,0.04251668327573339
300.11385583877563,0.044348529299465186
300.1295461654663,0.0417948757703689
300.1448905467987,0.038149698598836115
300.1602408885956,0.03839237212736529
300.1757779121399,0.042469425674160746
300.1917803287506,0.04521736396905886
300.2078855037689,0.04296902078466685
300.223699092865,0.03797114163338278
300.2395544052124,0.0350141614102577
300.25511145591736,0.03539910815289579
300.27039790153503,0.03652123854918042
300.2856693267822,0.03681982743587674
300.3017141819,0.03821228254571184
300.3168182373047,0.04237204886835361
300.33230090141296,0.04677872088332785
300.3480236530304,0.04706772860267652
300.36401987075806,0.04289541119140261
300.3801209926605,0.03898128881485993
300.39534068107605,0.03944446165792419
300.41086316108704,0.04294146398861334
300.4262640476227,0.04507801559684156
300.4417827129364,0.0445497672492145
300.45786118507385,0.044500469739018854
300.4733364582062,0.04746357108849788
300.48863315582275,0.05123991344639122
300.504292011261,0.0516244073257202
300.5199911594391,0.048190978645075426
300.5352988243103,0.04503936270742862
300.55094718933105,0.04544104391240514
300.5661051273346,0.04775777428760865
300.5812330245972,0.048099408665303836
300.5968964099884,0.04577279681838639
300.61234188079834,0.0438693692264677
300.62721848487854,0.044436819107297104
300.6432168483734,0.0454301958701096
300.6592786312103,0.04391475351520949
300.67435574531555,0.04075236784255098
300.68995571136475,0.03973648040374132
300.7056050300598,0.04221692733016704
300.7213490009308,0.04492408015499498
300.73734760284424,0.04422908531303184
300.75234961509705,0.040914149112449505
300.76778411865234,0.03883128810318209
300.7832019329071,0.039531246528882256
300.7984826564789,0.040556579410219874
300.81449723243713,0.03960653086979531
300.8297874927521,0.03816246903402649
300.84579205513,0.03897777296588682
300.861052274704,0.04111356293274555
300.8763961791992,0.040358329396749576
300.8919813632965,0.03519541574542118
300.9080069065094,0.029768364431774472
300.9232966899872,0.028839413637835702
300.938814163208,0.031304374536961485
300.9538176059723,0.031625348841819355
300.9699249267578,0.0276340704390907
300.9850723743439,0.023742651644226828
301.000426530838,0.02466873937899888
301.01644563674927,0.028399701757005902
301.03199338912964,0.02874704926081248
301.047993183136,0.024295048231586958
301.0634608268738,0.020816509303658682
301.0794532299042,0.023015614688283594
301.0957443714142,0.02711826705394548
301.11097264289856,0.025588647901791488
301.12706208229065,0.01812801736487603
301.1430666446686,0.013124694778583794
301.1590588092804,0.01626152001144865
301.1741943359375,0.0215504647508432
301.189484834671,0.018177502123865992
301.2054817676544,0.0054259381059284136
301.22092175483704,-0.003914983761817762
301.2361125946045,0.002715854651111987
301.2521164417267,0.02276271938335185
301.2681450843811,0.0399754691166105
301.28370690345764,0.040259487461575226
301.299775838852,0.024441033907407927
301.31450748443604,0.005494947964405535
301.3300440311432,-0.004837976408372776
301.34533429145813,-0.00539397585689071
301.36066222190857,-0.002947495844346119
301.376570224762,-0.003205102273257102
301.39257073402405,-0.006142718421196796
301.40825843811035,-0.008971827744500473
301.42355728149414,-0.010647972501326194
301.4393582344055,-0.011996249100196834
301.4545707702637,-0.013146329290891825
301.4705584049225,-0.013372448883405014
301.48632621765137,-0.013404499693546382
301.50132966041565,-0.015585910964621539
301.5164361000061,-0.020642008533771045
301.53163385391235,-0.02589572304548188
301.5466277599335,-0.028431031786479256
301.5618069171905,-0.029165164634578876
301.5771355628968,-0.03157561189804574
301.5931565761566,-0.036354821335406906
301.6089503765106,-0.039892281483657185
301.62447357177734,-0.039553775072194375
301.64048743247986,-0.03840027507625436
301.6560137271881,-0.04173132635436867
301.6720161437988,-0.04943387305113754
301.6876766681671,-0.055195549454070014
301.7029230594635,-0.05478268662023187
301.71826124191284,-0.05230330010470556
301.73427152633667,-0.0550966996648242
301.7499945163727,-0.06357933802228327
301.7652900218964,-0.07025104963789988
301.78139781951904,-0.06995896129405788
301.7973086833954,-0.06743393173861519
301.812618970871,-0.07111919854995857
301.82849740982056,-0.0813750173708527
301.84451031684875,-0.08964807044907899
301.86023783683777,-0.09022049936593007
301.87537145614624,-0.0881509263647201
301.89137530326843,-0.09191870872489621
301.90747356414795,-0.10098131431573465
301.9231538772583,-0.1061939093621608
301.93917989730835,-0.10304577053562772
301.95517778396606,-0.09894886051578416
301.97120666503906,-0.1034962010971597
301.98633885383606,-0.11481691918789723
302.00160932540894,-0.12162021593265059
302.017600774765,-0.1188941757939544
302.0331621170044,-0.11528547399751224
302.04914569854736,-0.12103636217956593
302.0643928050995,-0.13306928166958343
302.0803892612457,-0.13900441583150683
302.0963819026947,-0.13550975173561097
302.1124064922333,-0.1347745340945065
302.12756633758545,-0.14795875526040925
302.1433103084564,-0.16719980811331758
302.1582272052765,-0.17250977614772467
302.1742467880249,-0.15779247630000579
302.1890969276428,-0.14321855427349797
302.2040982246399,-0.15588988316731356
302.2201952934265,-0.1986488024769641
302.2361958026886,-0.24027983734332006
302.2512333393097,-0.2360967414146874
302.2672390937805,-0.15979533336166532
302.283234834671,-0.02426447497381297
