Time(s),Filtered_Voltage
0.0097324848175048,-0.02278545951690074
0.0263881683349609,-0.07514714453818089
0.0326805114746093,-0.10338026127096389
0.0439720153808593,-0.10188860126836063
0.0515177249908447,-0.08375321688313105
0.0677084922790527,-0.06921686448502783
0.0831854343414306,-0.06942899533743219
0.0986950397491455,-0.0793655586551893
0.116105318069458,-0.08627626891472734
0.1284747123718261,-0.08407626893844841
0.1352546215057373,-0.0779176757049814
0.150890827178955,-0.0754223868226194
0.1619348526000976,-0.0769844198262494
0.1696920394897461,-0.07711996794094722
0.1850595474243164,-0.07341248041243059
0.1942150592803955,-0.07006436847482778
0.2018845081329345,-0.07156317861675895
0.2170751094818115,-0.07592979170459332
0.2288975715637207,-0.07715563410986617
0.2347686290740966,-0.07326757916301677
0.2503607273101806,-0.0687312726558478
0.2614889144897461,-0.06808650793362883
0.2681953907012939,-0.06990684888781441
0.2831816673278808,-0.06935951569614493
0.294766902923584,-0.06538079339752305
0.3102269172668457,-0.06220412836108009
0.3328220844268799,-0.06322438378190959
0.3447668552398681,-0.06597996508203004
0.3553051948547363,-0.06529303916184084
0.3690404891967773,-0.06016417884775601
0.3830490112304687,-0.05498818859419442
0.3953275680541992,-0.053739959702427544
0.4023323059082031,-0.05535994114399916
0.4182589054107666,-0.056338994924420085
0.4338047504425049,-0.05608428994009728
0.4449684619903564,-0.0570938074314148
0.4602925777435303,-0.060054001381343515
0.4683890342712402,-0.06161808862326065
0.4782288074493408,-0.05868627183137705
0.4852967262268066,-0.05329706511088014
0.5010466575622559,-0.05084768645864479
0.5118832588195801,-0.05346952196564321
0.5273492336273193,-0.05729153737044316
0.5425128936767578,-0.05733882829073742
0.5514466762542725,-0.0536539097668146
0.5614638328552246,-0.05070552422662414
0.5676186084747314,-0.05124502855330653
0.5830447673797607,-0.05301075082627846
0.5958092212677002,-0.052367011228193414
0.61181640625,-0.049401200869635224
0.6284191608428955,-0.04741985375920478
0.634758472442627,-0.047941443502783905
0.6450788974761963,-0.04849389181349385
0.6513442993164062,-0.04628556188408248
0.6665189266204834,-0.04240583624811908
0.6790022850036621,-0.04051211519192162
0.6947159767150879,-0.04182033080269032
0.701279878616333,-0.04345302863682911
0.7117769718170166,-0.042450934964146536
0.7183487415313721,-0.03980105745680536
0.7275922298431396,-0.03889379698132535
0.7356493473052979,-0.04070696696785678
0.749927282333374,-0.04251903488112069
0.7614922523498535,-0.04179077879208929
0.7680356502532959,-0.039543647949950814
0.7832791805267334,-0.03854166082683193
0.794539213180542,-0.03919846674891979
0.8015303611755371,-0.03926804210583558
0.816422700881958,-0.03766463608172859
0.8240852355957031,-0.036639543752938396
0.8358161449432373,-0.03886391128589086
0.8501877784729004,-0.04336164126357212
0.8622515201568604,-0.0461176825828231
0.8779036998748779,-0.04481387017118478
0.8853051662445068,-0.04142905762789147
0.8952085971832275,-0.039364142334575684
0.9020724296569824,-0.039178988336480904
0.9121735095977784,-0.0386122577838757
0.9186813831329346,-0.03634505231432378
0.934406280517578,-0.03392052484530419
0.949237585067749,-0.03326945444750342
0.9649226665496826,-0.03370356207596967
0.9780335426330566,-0.032819811191623326
0.9935867786407472,-0.029936887677110197
1.001544713973999,-0.026989256293955988
1.011939287185669,-0.025536786604755918
1.032905340194702,-0.024288605909525744
1.0492687225341797,-0.020931404693363284
1.0652422904968262,-0.015819312406769703
1.0800249576568604,-0.012164193443966033
1.092432975769043,-0.012150965264043015
1.099491834640503,-0.014232978803046623
1.1066944599151611,-0.015356266351245863
1.115329027175903,-0.014993715310744794
1.131434202194214,-0.015376031679048092
1.139012098312378,-0.01775899981661586
1.1487514972686768,-0.020173940624657542
1.1640045642852783,-0.019926320897335273
1.1785271167755127,-0.017349364751522933
1.1940486431121826,-0.015549947841658661
1.2014882564544678,-0.016467395683367036
1.2170352935791016,-0.018616151699831607
1.228125810623169,-0.01943244814407396
1.2437629699707031,-0.018735294886536046
1.25455641746521,-0.018451919775662885
1.2700014114379885,-0.019292104357809384
1.2857718467712402,-0.019498249258575795
1.2943940162658691,-0.01766302803468682
1.3077194690704346,-0.015394566721835218
1.3230149745941162,-0.015518557643578332
1.3346960544586182,-0.017985649371726073
1.3439621925354004,-0.019383068110031668
1.3519632816314695,-0.01720223865075834
1.3671658039093018,-0.01322946871365431
1.3826489448547363,-0.011337110130218325
1.3986122608184814,-0.012569423409651996
1.4139325618743896,-0.014110329128894086
1.4295334815979004,-0.013303791499317763
1.4411704540252686,-0.011039674873481422
1.4563500881195068,-0.010034902055475511
1.468080997467041,-0.010817035395949245
1.478119134902954,-0.011215671880474771
1.4854469299316406,-0.00989260831201089
1.4987516403198242,-0.008588407473507201
1.5113525390625,-0.009643579374975245
1.5183448791503906,-0.012228409760049255
1.527968406677246,-0.012803444626861822
1.5438947677612305,-0.009589768630514759
1.5659139156341553,-0.005162116646414541
1.5810742378234863,-0.0035857765886948777
1.5963447093963623,-0.005762915248017372
1.6122822761535645,-0.008933367597266442
1.6182451248168943,-0.010526803826970995
1.6337933540344238,-0.010888777699696647
1.6452810764312744,-0.011564280876364415
1.6579654216766355,-0.012301418915479603
1.6732707023620603,-0.011384518305700978
1.6844899654388428,-0.008645264833987833
1.6954011917114258,-0.006437098244106808
1.7109262943267822,-0.006807161888182051
1.7244508266448977,-0.00870171325616037
1.739177942276001,-0.009226691365904479
1.751384973526001,-0.0073945499635762
1.76073956489563,-0.005251339686231498
1.7755706310272217,-0.004850387540005748
1.7958521842956543,-0.005311951495756083
1.8110487461090088,-0.0040747331243413554
1.832691431045532,-0.0005627802427968327
1.8443400859832764,0.002870835989767353
1.857877254486084,0.004013603887418139
1.868075609207153,0.003574345834810385
1.8784801959991453,0.0038927768505209633
1.8889029026031492,0.005596542392184215
1.9009613990783687,0.007009517121498421
1.9102768898010252,0.00696294766377897
1.924818515777588,0.006668503729314329
1.9351098537445068,0.00778765230828885
1.9495787620544436,0.009593709160657228
1.960748672485352,0.00962003510053844
1.9680931568145752,0.007106439570863301
1.9781267642974851,0.004300605682563078
1.9942200183868408,0.003531108392922574
2.009860038757324,0.003983292144737938
2.018514394760132,0.002750326221813173
2.033599376678467,-0.0010707617668165312
2.044654607772827,-0.004797689877764232
2.053341865539551,-0.0054279035069729155
2.060945987701416,-0.003481085075456499
2.0765380859375,-0.0022070044701568295
2.0847575664520264,-0.003189708232087703
2.0997159481048584,-0.004348415420982408
2.1110174655914307,-0.0030453666178411627
2.1185874938964844,9.012359765045224e-05
2.128443717956543,0.0019707958430843714
2.144183158874512,0.0012675874721490127
2.1523587703704834,2.9308925350638804e-05
2.167252540588379,0.0005142092609122923
2.1815686225891118,0.0019121026698040956
2.194406509399414,0.0016802670784253648
2.209609031677246,-0.00053165511652274
2.218017578125,-0.0021361229766205326
2.23296332359314,-0.001211718003870098
2.247281551361084,0.0006669956078646214
2.2617275714874268,0.00052797325957257
2.270196914672852,-0.0017269854405970726
2.277214527130127,-0.0028402320074987462
2.2847070693969727,-0.0003736328498318399
2.300511598587036,0.004058561269347441
2.3129758834838867,0.00689824872745054
2.319667339324951,0.007164777406628929
2.3270983695983887,0.007207667801088493
2.3428757190704346,0.00887531991111487
2.3514552116394043,0.0106924662055204
2.360759019851685,0.010077463453393451
2.36857008934021,0.007363588383968549
2.3809821605682373,0.005740315570518878
2.3970096111297607,0.006999920271411088
2.4084489345550537,0.009044865332394795
2.418368339538574,0.008822541366604035
2.4333717823028564,0.006729338932054512
2.448506593704224,0.006253760131059071
2.460500955581665,0.009146194752973236
2.47529673576355,0.012766405338543459
2.4845492839813232,0.013419382393869687
2.499579906463623,0.01119305015356349
2.510812759399414,0.009654811241144406
2.5178563594818115,0.010873111528634018
2.528128147125244,0.012686570277379156
2.5345773696899414,0.011918909652314933
2.5437350273132324,0.008921973713233364
2.559355497360229,0.007089254407344488
2.568421602249145,0.00814195565324703
2.583792209625244,0.009897412635163498
2.597348690032959,0.009607551408502274
2.610538482666016,0.00800661981365484
2.6179890632629395,0.008234033611527473
2.628117799758911,0.01117426144601872
2.634789228439331,0.013941291989434345
2.6499812602996826,0.01377556044550899
2.662607192993164,0.011840570296383664
2.682718515396118,0.011461344953149167
2.6940364837646484,0.013259242747516355
2.701479911804199,0.014143832789780908
2.7167060375213623,0.0117209392905127
2.7292075157165527,0.007958565060286752
2.749422788619995,0.006861957138969474
2.7646305561065674,0.009251880337541275
2.782914876937866,0.011829298489034142
2.796494483947754,0.011763722614909045
2.8149547576904297,0.010374945270046395
2.832629680633545,0.010855769053968825
2.842082262039185,0.01341564130104338
2.850816011428833,0.014808905704838251
2.860476016998291,0.012958663611705695
2.869333028793335,0.010139111620759412
2.8796591758728027,0.010122597647441814
2.897958517074585,0.013129528808363372
2.9138901233673096,0.015535839225394112
2.9230992794036865,0.014710133077874492
2.9384472370147705,0.012280833188007927
2.948599576950073,0.011459819935405721
2.958501100540161,0.012437134603749712
2.973473072052002,0.01245688318148173
2.984442234039306,0.010334772893122943
2.993971347808838,0.008663455975638744
3.003887176513672,0.01020596534834366
3.0159912109375,0.013510387748620532
3.0324673652648926,0.014297494514791646
3.042119026184082,0.011165142870800044
3.0578954219818115,0.007796976428404693
3.069110870361328,0.008338908349306947
3.0824921131134038,0.011980029398457324
3.0979650020599365,0.01404791787987835
3.1083924770355225,0.012151213222552885
3.118260622024536,0.0090849061088976
3.128758430480957,0.008744169514263891
3.1448538303375244,0.010866288141464054
3.1516482830047607,0.01181612174771219
3.16161847114563,0.010063676964793825
3.1686925888061523,0.008485121622654773
3.1783101558685303,0.010196505751547017
3.193889141082764,0.013820924799971884
3.2017922401428223,0.014963609941651801
3.217139482498169,0.01197686587463202
3.2284135818481445,0.0080681208293161
3.244743585586548,0.006926826307250094
3.2516469955444336,0.00806558626238546
3.2615551948547363,0.008261370075409872
3.270564317703247,0.006676043652702069
3.2806286811828613,0.006055273539372019
3.2959752082824707,0.008280484763076582
3.3113691806793213,0.010976886611586988
3.318227529525757,0.01051930296122277
3.3335611820220947,0.007394326962715036
3.34902286529541,0.006070275106467825
3.358612060546875,0.009089613034345348
3.3683996200561523,0.01343408190618476
3.378049373626709,0.014342887069498147
3.388070106506348,0.01148730033693368
3.399338483810425,0.00910055128158979
3.409102201461792,0.010021210181360086
3.4245715141296387,0.01197446621068124
3.440070629119873,0.011143199621798135
3.452821731567383,0.007826952296709891
3.4682366847991943,0.006135040738463576
3.483672857284546,0.008168004353486219
3.492682218551636,0.010985005774300179
3.501492977142334,0.010723671137318183
3.511704683303833,0.008072031302468335
3.518839120864868,0.007310342083496162
3.53487229347229,0.010195031783604756
3.542242288589477,0.01328238749613193
3.5571234226226807,0.012550673935610882
3.572059392929077,0.008971958453139715
3.5826058387756348,0.007274097316614106
3.598437547683716,0.009551177594848482
3.613811016082764,0.012541691251421752
3.628957748413086,0.01227565976868565
3.6449482440948486,0.009512206281646876
3.651897668838501,0.00837483716618993
3.663471937179565,0.010291321158577055
3.679030656814575,0.01204403049023261
3.6951749324798575,0.010848543310870736
3.701794385910034,0.00912504609963746
3.716572999954224,0.01167891592268955
3.732699632644653,0.018699994067766155
3.749222993850708,0.024356267834214646
3.7649075984954834,0.02345236981439503
3.772200345993042,0.017533837387781435
3.781834840774536,0.012448789500867467
3.7971715927124015,0.010933478472005738
3.812506914138794,0.010254742173836066
3.8283770084381104,0.007555165133924468
3.8436930179595943,0.004814130757245412
3.8602871894836426,0.006181267056353807
3.878382921218872,0.011490909920241175
3.890626192092896,0.015403908428367249
3.90578031539917,0.013825751048701023
3.9214062690734863,0.008939589475755008
3.9366743564605713,0.0059629042945237454
3.952601909637451,0.006207578089751118
3.967791557312012,0.006083844123705078
3.9835171699523926,0.0031945939510366925
3.991974115371704,0.0005733512875581044
4.011840581893921,0.002712061086421385
4.026854515075684,0.008744434162523185
4.0424559116363525,0.01250199282048206
4.058345794677734,0.009910126649660816
4.073035478591919,0.004093394541491575
4.084766626358032,0.0014862961791434486
4.102455139160156,0.004083084183098253
4.116222858428955,0.007644680286041001
4.132496356964111,0.007372360660561664
4.147549152374268,0.003110931653371802
4.16161847114563,-0.0018724518636540192
4.176877021789551,-0.005049586359729059
4.192565202713013,-0.005402535039685677
4.199363470077515,-0.0015847506527632248
4.215867280960083,0.006927220776888625
4.228036642074585,0.016142500398246065
4.234686851501465,0.018750210043470848
4.245452880859375,0.012049422576096383
4.260467767715454,0.0028642939306994055
4.267448663711548,0.0009285917417338941
4.276974678039551,0.007439622733590652
4.284298896789551,0.01352724012510347
4.300289630889893,0.011316084952016803
4.311811447143555,0.003546352563751719
4.3268349170684814,-0.0005746450869834508
4.33456301689148,0.0026339204020374846
4.344656944274902,0.007465736200546008
4.365892171859741,0.007479605497380545
4.381422996520996,0.00411608667525464
4.393985271453857,0.0036436641753606084
4.40140175819397,0.007544547038653936
4.416758060455322,0.010319085841022597
4.424951553344727,0.007680934868882647
4.43254542350769,0.0032040371901321855
4.448217391967773,0.0036877250820404788
4.463595628738403,0.009533317101414028
4.479543685913086,0.01364854781497796
4.494331359863281,0.010667472666280764
4.509718179702759,0.003992777866754843
4.525245189666748,0.0011945468792469937
4.540408372879028,0.0042810126272491335
4.552323818206787,0.008054157524471764
4.567816495895386,0.008134122675163911
4.583366394042969,0.006855934413540892
4.5991528034210205,0.008861012816017418
4.61078143119812,0.01327303974428429
4.617910861968994,0.014153386211083785
4.623573303222656,0.008827859423750936
4.638277530670166,0.0022125758728715693
4.653533697128296,0.0007253819001846002
4.66779351234436,0.0039702408711708185
4.682632923126221,0.005632723559819955
4.698649644851685,0.0023249833168561603
4.714669466018677,-0.0018661957213999443
4.72523045539856,-0.0012700916281902575
4.734702825546265,0.003506618409495358
4.74426531791687,0.006716474720534972
4.760241270065308,0.005610545421478585
4.775758743286133,0.0038133671400156378
4.791150808334351,0.005352186002861732
4.809124708175659,0.008246283851505429
4.824765205383301,0.007067927892650646
4.840548753738403,0.0009755024940608639
4.855219602584839,-0.004197107478894027
4.867846488952637,-0.003039563477676716
4.8781561851501465,0.0026987663591495495
4.88483190536499,0.006831626335605733
4.894616365432739,0.0069203733868999535
4.909665584564209,0.006531861270927508
4.924691915512085,0.008857236158162763
4.940135478973389,0.011337859693512697
4.950217008590698,0.009307006609551563
4.964783430099487,0.003370572418486266
4.9809112548828125,-0.00045194094280553873
4.996464252471924,0.0014996727476391633
5.012035846710205,0.005679539514213091
5.0325071811676025,0.00629227257112735
5.048326730728149,0.0031209779761021852
5.064303636550903,0.0013483306501048374
5.079940319061279,0.003858303027924302
5.095713376998901,0.006973899268533164
5.1108386516571045,0.005573978638699865
5.1253392696380615,0.0003596922291554754
5.146260976791382,-0.0028325222746788106
5.154835939407349,-0.0006314948559839285
5.165751934051514,0.003788268944903902
5.175184488296509,0.005374467233225674
5.190381050109863,0.0037452803584696864
5.205667972564697,0.002669039131722084
5.219021558761597,0.003924557992592772
5.233981609344482,0.00483429230017494
5.249244213104248,0.0029395446400349
5.2603759765625,0.0005008660203922898
5.267491340637207,0.0016475687821653926
5.2836315631866455,0.005930759430673189
5.29928994178772,0.007833996110691107
5.314149856567383,0.00378076359485768
5.330031156539917,-0.002650949908275324
5.3444600105285645,-0.0047932066747579175
5.359853029251099,-0.0011824612417178368
5.375120639801025,0.0029425639248792743
5.39041805267334,0.0027880295700026233
5.401066780090332,-6.617974282216053e-05
5.410668611526489,-0.0008056917718899347
5.418483734130859,0.0013102914507360825
5.433649301528931,0.0019585851454897857
5.441972970962524,-0.0016305864671175094
5.45808482170105,-0.00603120304988825
5.473734855651856,-0.005818003254090331
5.485487937927246,-0.0009916250866046903
5.500996351242065,0.0027303852137383644
5.516861438751221,0.0013908920709981478
5.532488584518433,-0.002085799668539695
5.542225122451782,-0.002060992967656089
5.557140827178955,0.0021704056856190735
5.572730779647827,0.005699730790426072
5.580782890319824,0.004949657832138026
5.596515893936157,0.0023649192373425137
5.611918687820435,0.002356948560285543
5.626981735229492,0.004514733980090113
5.634511709213257,0.004025246368558268
5.646536827087402,-0.00108186437260979
5.662066459655762,-0.006262031206081382
5.678065299987793,-0.006033675496630933
5.694056749343872,-0.0013801167539590244
5.7099668979644775,0.001365431862430634
5.718026876449585,-0.001222837645328094
5.733527183532715,-0.005521639424602908
5.749014854431152,-0.0062108217203255475
5.764735460281372,-0.0033905573307450015
5.775252103805542,-0.0017857453196098308
5.784589529037476,-0.003733787935046103
5.7949583530426025,-0.006068622346826985
5.803046464920044,-0.005008052401271409
5.8103625774383545,-0.0017001915540705227
5.825239658355713,-0.000466413926612222
5.84039568901062,-0.002512101385326612
5.855978727340698,-0.0043273743557548814
5.867779970169067,-0.0029893529403619765
5.883419513702393,-0.0004613263156627726
5.899108648300171,-0.0005159006878102256
5.914413213729858,-0.0028324730990003724
5.92691707611084,-0.003152742963215952
5.934443473815918,0.0003766375956204249
5.940305948257446,0.003843284153100422
5.956153869628906,0.0025320046112288098
5.971803188323975,-0.002355579867575111
5.987148761749268,-0.004790916759688272
6.002300500869751,-0.0017554386517035978
6.017984628677368,0.002773281158777031
6.033488035202026,0.0031757967346965122
6.041808843612671,-0.00043979687858703006
6.0515782833099365,-0.002866367773120002
6.061566591262817,-0.0013015039381252523
6.076720237731934,0.0008186170971030476
6.0920469760894775,-0.0010883820325892578
6.108030319213867,-0.005980649431532902
6.117906093597412,-0.008301404011785444
6.12835955619812,-0.005476705950848906
6.14417839050293,-0.0013470011684884283
6.160140037536621,-0.0007681732769534684
6.175142526626587,-0.0030072996594917344
6.184465408325195,-0.0031876566918610156
6.194558382034302,0.000399963353414216
6.201635122299194,0.0035905007017542896
6.216974496841431,0.0021100442920087012
6.232486248016357,-0.002399788202959132
6.245004892349243,-0.0046557465462938605
6.253150463104248,-0.0030002128745079716
6.267956733703613,-0.0013174300660566333
6.283483028411865,-0.0030582757236276327
6.29891037940979,-0.0061074514688110315
6.308615684509277,-0.0058651597806485805
6.323961496353149,-0.00209471371097054
6.334698915481567,0.0003278308781265968
6.345339775085449,-0.001968655301175567
6.358046054840088,-0.006105721953747728
6.372758626937866,-0.006908302126331037
6.387793779373169,-0.004230901807069419
6.401957750320435,-0.0034253092698199867
6.417587041854858,-0.008123790832994726
6.433605909347534,-0.015264564640761454
6.4487597942352295,-0.01922314282524614
6.464794635772705,-0.019124216549919103
6.479817390441895,-0.01902246153998921
6.49495005607605,-0.021038785506962483
6.5103535652160645,-0.021738234932569843
6.5263636112213135,-0.01721004208054473
6.541532754898071,-0.009414054579865496
6.557143926620483,-0.004183598767787018
6.567778587341309,-0.0032806726691948325
6.577425003051758,-0.0018827504487348608
6.585490942001343,0.004445394443625895
6.59324836730957,0.012777466818859039
6.602139949798584,0.01576363424885656
6.6116783618927,0.010855063955667326
6.627331495285034,0.0034999198692595773
6.641753673553467,0.00013428334323181993
6.662381172180176,0.00046295983692214507
6.669630765914917,-0.0008763259098257896
6.6853015422821045,-0.006112091287380142
6.700892210006714,-0.011072423561268757
6.71617317199707,-0.011091630048011095
6.727665662765503,-0.007540553984362127
6.736835479736328,-0.005778673882177745
6.747694969177246,-0.007543097237916126
6.763169527053833,-0.008672913384630283
6.775113344192505,-0.005451931420725226
6.790356874465942,-0.000501228918970273
6.801776647567749,0.0003189663443581268
6.81695294380188,-0.004161923855160728
6.832326889038086,-0.008683482441683613
6.84188175201416,-0.008437591813010872
6.857194900512695,-0.0051250575916565065
6.8724236488342285,-0.004035772307777009
6.882297992706299,-0.006479587603176717
6.898073434829712,-0.008163275962832003
6.903881072998047,-0.005612189146401038
6.911190032958984,-0.001446097644412194
6.917633533477783,-0.0009933006614073181
6.933815240859985,-0.004979251567335115
6.948320865631104,-0.00860362051650875
6.9603047370910645,-0.008282621565700227
6.968247652053833,-0.006436824831729809
6.983475208282471,-0.007527509400348454
6.994523763656616,-0.011176682568735767
7.010433197021484,-0.012475354735914691
7.017835140228272,-0.00915484016606459
7.028040409088135,-0.005210097251214703
7.0435450077056885,-0.00559267658971175
7.0589141845703125,-0.00951052357821449
7.0749335289001465,-0.011879465311064973
7.097865343093872,-0.01068260299454346
7.113154411315918,-0.009552628494760929
7.123098373413086,-0.011927775400914824
7.13820481300354,-0.015395445640356538
7.148950099945068,-0.01470782784140175
7.164084911346436,-0.009553361947676435
7.179209232330322,-0.006005083456361655
7.194106340408325,-0.008941574624246752
7.209358215332031,-0.015351067235650493
7.224763870239258,-0.017779412701528455
7.234458208084106,-0.01368302217917904
7.249873399734497,-0.00834282311854736
7.265588283538818,-0.007578209528587809
7.281016826629639,-0.010245571746316583
7.296451330184936,-0.010553818214286694
7.308662176132202,-0.006538115720946504
7.323758125305176,-0.0027072664622659836
7.339496612548828,-0.003461159544486939
7.351146221160889,-0.006956583121825284
7.367083549499512,-0.008066957535372177
7.382242918014526,-0.005818459755215917
7.398626327514648,-0.004480168079829185
7.413585424423218,-0.006959789520719927
7.429430246353149,-0.01029576708943382
7.4446375370025635,-0.009841849680923585
7.460170269012451,-0.006029005102207103
7.468353509902954,-0.0037709716056001223
7.483408689498901,-0.005229954969975848
7.498700618743896,-0.006456924509558858
7.513995409011841,-0.00305409210379628
7.532190561294556,0.0030350934072006933
7.538108587265015,0.005445929053517065
7.54900050163269,0.0016978456140866768
7.563995361328125,-0.0035006853432284725
7.5793681144714355,-0.00443781529816487
7.594565153121948,-0.001464895715768156
7.610084772109985,0.0005394909480940795
7.626154184341431,-0.000505477039002146
7.639914274215698,-0.001429650654616124
7.645917415618896,0.0006103243790179704
7.661480665206909,0.0031418747025551393
7.677017450332642,0.0017029279304821652
7.692347288131714,-0.0030677295106092068
7.707693815231323,-0.005133604972157712
7.722903728485107,-0.0008792344295117656
7.738276720046997,0.00542483364177767
7.753118276596069,0.0064889056244497026
7.767904996871948,0.0012014980414117023
7.777942895889282,-0.00409898509909376
7.787349462509155,-0.003995032732658682
7.798367500305176,-0.0006697253535538988
7.80871319770813,-0.00011086713267589258
7.823659420013428,-0.0035973437297587177
7.838701725006103,-0.006379045200300178
7.85205602645874,-0.0048849194817437444
7.867214679718018,-0.0017750709386257554
7.883029222488403,-0.0016658155054565691
7.894151926040649,-0.004030665723732522
7.901764392852783,-0.0038377155886195275
7.917041301727295,0.0008238388610172448
7.933443307876587,0.005161570383241925
7.94886040687561,0.0036425886972593054
7.958429336547852,-0.0024909749017576963
7.967627048492432,-0.006540024258702275
7.977154731750488,-0.004822070154415411
7.992470741271973,-0.00088578597330659
8.00730037689209,-7.432231230133099e-05
8.023200035095215,-0.0023490792769100734
8.038671016693115,-0.003324183785162795
8.054194688796997,-0.001485480608149078
8.069777488708496,-0.0006694980255225098
8.08536148071289,-0.003927739655833127
8.100640058517456,-0.007823335748419025
8.115937232971191,-0.006113126585681012
8.131741046905518,0.001584722061233417
8.146580219268799,0.008142256345252756
8.161703824996948,0.007159324441558533
8.169631242752075,0.0005742482227668469
8.176367998123169,-0.00415081700139605
8.191471338272095,-0.0032626930069713867
8.206972360610962,-0.000206986747258767
8.217549800872803,0.00042965069210718814
8.2334725856781,-0.0006833176675829031
8.248960018157959,0.00027024618227879495
8.264710903167725,0.003456673335901327
8.280815124511719,0.00433800603712607
8.296855449676514,0.000111388678834555
8.307853937149048,-0.005730197175702531
8.3233163356781,-0.007569956086189605
8.33884596824646,-0.004946855568782662
8.354040384292603,-0.0027660399104053155
8.368044137954712,-0.00417555061691575
8.378366947174072,-0.006220240097008679
8.3944673538208,-0.004458478123825646
8.410481214523315,8.860664140715501e-05
8.425204515457153,0.0017806974848327075
8.4342782497406,-0.001885374072592109
8.444736242294312,-0.006460888593158241
8.453004837036133,-0.00621249257410263
8.468409776687622,-0.0015994612583572231
8.484148979187012,0.0016447612410336882
8.499507665634155,0.00037449176401750444
8.514955759048462,-0.0021048300391549504
8.530121326446533,-0.00127543357304864
8.545885562896729,0.0019424895407165774
8.561459302902222,0.002589389553032417
8.569990634918213,-0.001009160779297209
8.57785940170288,-0.004574494322355398
8.593029737472534,-0.0038058212320447797
8.608661651611328,-0.000549519542691218
8.62417721748352,-0.00034568904431156217
8.64553427696228,-0.004575986480084226
8.660555362701416,-0.008152579792502203
8.676179885864258,-0.0061768174673386455
8.691278457641602,-0.0006027104112146494
8.701560974121094,0.002168690035883937
8.711197853088379,-0.0005315806843171605
8.722169399261475,-0.004724738579221563
8.732286214828491,-0.00567101844113373
8.748151779174805,-0.004008139166145343
8.763520002365112,-0.0037515252787893192
8.775031089782715,-0.0056103987341696695
8.784695148468018,-0.005653080557073901
8.800013303756714,-0.0013672546368049075
8.815765142440796,0.0038512335314969215
8.830890417098999,0.004765039089877432
8.846222162246704,0.0015053493944826297
8.853597164154053,-0.0004188686978185925
8.869104146957397,0.002347144950684168
8.884394645690918,0.006413763018258209
8.899980306625366,0.006501601587313468
8.908490896224976,0.002921559489652953
8.924951314926147,0.001130269321334069
8.93166732788086,0.004060917102420563
8.946884393692017,0.008192025254354494
8.962033987045288,0.008933314297367038
8.975018739700317,0.007505999313561593
8.984301567077637,0.009225761466788898
8.994367361068726,0.015327712319859297
9.001452684402466,0.019929010794399314
9.01664924621582,0.01692279810333471
9.025130033493042,0.007844440555998039
9.04025673866272,0.00014467878924745935
9.050885200500488,-0.001823184145731696
9.061039686203005,-0.001114186638992889
9.076276540756226,-0.0025595182856818235
9.091469049453735,-0.005586840310037527
9.107551574707031,-0.005484348318624597
9.117663383483888,-0.0008336679128440774
9.128045082092283,0.003791046430715611
9.13743019104004,0.003798125258659716
9.148056030273438,0.0007333040069279735
9.1583092212677,-0.0001545729536588014
9.173489570617676,0.0025179586998908756
9.184618949890137,0.004371834493998426
9.194152593612673,0.0018061422653705829
9.209967136383057,-0.0023511988266130966
9.224682331085203,-0.0023266776296936545
9.240256309509276,0.002628724912351996
9.250948667526243,0.006907236641150835
9.261417865753174,0.005785933052447359
9.27121114730835,0.0012788910713032644
9.282447099685667,-0.0012199453932491555
9.297364473342896,-0.0003770355932321717
9.312694549560549,5.8000544181486e-05
9.328686714172363,-0.0023638687358882586
9.3441059589386,-0.004625656974885246
9.359079599380491,-0.00254737913668397
9.374011754989624,0.0026202282075431537
9.390130043029783,0.005076395697419525
9.405309677124023,0.0020246652879438755
9.415191650390623,-0.00259783279371513
9.43089485168457,-0.0035518340202362816
9.44647455215454,-0.0013432707595801654
9.461676359176636,-0.0010409441709219524
9.47706174850464,-0.004669859569043687
9.49234676361084,-0.008067262994601029
9.500951528549194,-0.006686596190651486
9.516965389251707,-0.002081721424059271
9.53214955329895,0.0001631013223927244
9.547305822372437,-0.001853698579581336
9.56303644180298,-0.0039031828841714225
9.57413363456726,-0.0018891904928428462
9.589560747146606,0.002085666411990451
9.59900188446045,0.0025359295076981736
9.615565776824951,-0.0015643167362737183
9.62514042854309,-0.004955984922713833
9.640276908874512,-0.002970320575303273
9.65572714805603,0.0023843701209222004
9.672191858291626,0.005442479679613143
9.687228441238403,0.004531010392737376
9.700968742370604,0.0035043241464867867
9.71113395690918,0.005394308216887295
9.726730823516846,0.007657435223881766
9.742665767669678,0.00603765484599983
9.757951021194458,0.0014970160115857561
9.767600536346436,-7.940375221066862e-05
9.778043508529665,0.004348598754925221
9.787880182266235,0.010375580965031175
9.794962167739868,0.011496739524276815
9.810837268829346,0.007473942090388762
9.82649564743042,0.0043532400125224704
9.841431140899658,0.0061134710019263684
9.856619596481323,0.009411133258566105
9.872524499893188,0.008491117953440479
9.887274265289308,0.0032354892420166487
9.902906894683838,-0.0007951893125414947
9.918065071105955,-8.995479153898383e-05
9.93116283416748,0.002286765013205303
9.942851305007936,0.0015219136635841934
9.957820177078249,-0.0019158666300803694
9.9739670753479,-0.0031570824676422403
9.99026584625244,-0.0003861775245327841
10.005911111831663,0.001993442295099775
10.022144556045532,-0.0007135110013750902
10.036332845687866,-0.006743761391218529
10.051735162734984,-0.009919887166118753
10.067341804504396,-0.007738972912212744
10.083358764648438,-0.0042991461262730565
10.091787576675417,-0.004245645308894546
10.107840061187744,-0.00649535094735574
10.11728048324585,-0.006480076940816362
10.127686738967896,-0.0033230927934661428
10.14358615875244,-0.0013805690468195549
10.158939123153688,-0.0038195943531835544
10.174151420593262,-0.007537955080525179
10.190467596054075,-0.007043028830003448
10.206120252609251,-0.0021320650664610106
10.221307754516602,0.0014685473921479003
10.237146615982056,-0.00033904234987739866
10.25088667869568,-0.004612411481469186
10.261260032653809,-0.005510663589857007
10.27724838256836,-0.002141798399492969
10.292569637298584,0.0007009141251284603
10.307782888412476,-0.00040484473440999345
10.32694697380066,-0.0028247837715332175
10.334534406661987,-0.002069781490198147
10.345013856887816,0.001387808207382362
10.358219861984251,0.0026369664691362846
10.373379945755005,-0.0004986588266488261
10.388683319091797,-0.004016985268114988
10.40458607673645,-0.0032007138018626813
10.420767068862917,0.0006027278456805494
10.436145782470703,0.0016064508525917337
10.450942993164062,-0.0023764987850189243
10.460564374923706,-0.006617024526032137
10.471323251724243,-0.005642092777877578
10.487576723098757,-0.0005344327642558197
10.502813816070557,0.002589097648088601
10.518410444259644,0.0007033237121302095
10.534253358840942,-0.002569215645877164
10.549731016159058,-0.0025383255119987838
10.564810514450071,-1.9789204626515042e-05
10.580649137496948,0.00026703008087342235
10.594562768936155,-0.0031379265284914794
10.610124826431274,-0.006112530120001366
10.625511169433594,-0.0047824587768080405
10.641183376312256,-0.001123426843102674
10.650968313217165,-0.00029503840620441913
10.661496639251707,-0.003446737730286179
10.676675796508787,-0.006154600585172608
10.692097663879396,-0.004641297426677687
10.708173274993896,-0.0009368619695039951
10.717595100402832,0.00023849012345582938
10.727738618850708,-0.001769013895325331
10.73423981666565,-0.002918554483858982
10.744450092315674,-0.0008357642673662373
10.758349418640137,0.0011340752765526415
10.774447202682495,-0.0016781837996069282
10.785142660140991,-0.008348791948398078
10.794852018356323,-0.012752646001913205
10.810457468032835,-0.01115366679020291
10.825793266296388,-0.0068377462840721655
10.8410484790802,-0.005516221920276757
10.850725173950195,-0.00779476237327464
10.860036134719849,-0.008900134317170974
10.87231421470642,-0.005734684187668822
10.887807607650757,-0.001279322801546425
10.903131484985352,-0.0002918305836867147
10.91855001449585,-0.0025355290426465537
10.933850288391112,-0.0031921412386664454
10.944204092025757,9.550265969300326e-05
10.959434509277344,0.003559516792252144
10.974579334259031,0.0023868851875020825
10.990184307098389,-0.0023684708599585646
11.001944303512571,-0.004678583055817193
11.012136459350586,-0.0012276739031463926
11.023608922958374,0.0044013706100653254
11.038933753967283,0.006512793030006087
11.05443239212036,0.0043727923911780694
11.070546865463257,0.0021522274835005686
11.08456301689148,0.002508021694012274
11.094443798065186,0.003198283240488307
11.109375,0.0011896401129417341
11.124527215957642,-0.0023048990765175905
11.140625715255736,-0.0035032421425375444
11.161665678024292,-0.0018816413308988269
11.170698642730711,-0.0012202620571727767
11.178231000900269,-0.003898212762809882
11.191875696182253,-0.00669888463941079
11.207177639007568,-0.004761361872560302
11.222694635391235,0.0013172863807240378
11.238483428955078,0.005296107515190444
11.254215240478516,0.0029387883078117174
11.271106481552124,-0.002476198604705615
11.275834798812866,-0.00415897490709932
11.295986890792848,-4.4387918469549446e-05
11.306873321533203,0.005439408081712845
11.322134017944336,0.007776351771622555
11.337861061096191,0.00780290452462742
11.353750705718994,0.00906193385919343
11.367056608200071,0.011556439451127165
11.377431869506836,0.01123336425012184
11.393197774887083,0.006030305684421507
11.408031463623049,-0.0003021417351406117
11.423454523086548,-0.0024091397894233863
11.434958219528198,2.8772244208345645e-05
11.449730634689333,0.002408153187424817
11.4656662940979,0.0017959062178150424
11.481640100479126,0.0006451503553269245
11.491627931594849,0.002517777211057621
11.50092625617981,0.0062257186008272845
11.511080741882324,0.007095417317373533
11.527114868164062,0.0037355445905139545
11.542203664779665,0.0005391036494695519
11.558204174041748,0.002026420289806716
11.574205160140991,0.006761525835248273
11.583479642868042,0.009319004540287256
11.58864951133728,0.007536096764161891
11.604009628295898,0.004997207521436635
11.61944842338562,0.005563434951041246
11.635095119476318,0.007913044834208734
11.641646385192873,0.007769098559214835
11.651054620742798,0.0043977110827641925
11.660399675369264,0.0019295235319127615
11.6756911277771,0.0035663797022154192
11.691332578659058,0.006979085380072183
11.70697283744812,0.007568082157776022
11.727872133255005,0.005053522317211682
11.73419189453125,0.003983341243868474
11.743504762649536,0.007193368613011327
11.758461475372314,0.011277957827207169
11.774365425109863,0.01065223682027739
11.783587455749512,0.0049902293341194635
11.793264389038086,-4.955822347317096e-05
11.808939933776855,0.00010422461543991082
11.824164390563965,0.0035909393421986124
11.83968472480774,0.005499475004254751
11.850652694702148,0.004831339833127983
11.860092401504517,0.005187012239077389
11.867527961730955,0.008569917316447757
11.87798523902893,0.011647642705032817
11.891281127929688,0.010220380234398717
11.9067542552948,0.005624813042988662
11.92386269569397,0.003613645288354346
11.935052871704102,0.006743600324090871
11.95037841796875,0.010778643866874557
11.965717315673828,0.010417435314478175
11.98088550567627,0.006656853575333028
11.996155738830566,0.005524668544420516
12.00704574584961,0.009747193899369618
12.021705865859984,0.014812605350385727
12.032140016555786,0.014894678115782059
12.048643112182615,0.010502009856126933
12.063327312469482,0.007465158271875048
12.079335689544678,0.008911466714439435
12.09486722946167,0.011331161755765769
12.110566854476929,0.009866014899537003
12.117189407348633,0.005212753795019482
12.12395429611206,0.002629761183571258
12.139594554901125,0.004717620034784462
12.148877382278442,0.00814559818959961
12.164018392562866,0.008630437928670331
12.17470121383667,0.006791965425754156
12.190115451812744,0.006583819581063436
12.20478343963623,0.008916905519604688
12.220093250274658,0.01002143648036543
12.23404049873352,0.007082423327710196
12.243303060531616,0.002939596466852592
12.250726461410522,0.0027405125114200353
12.259927749633787,0.006928031109619225
12.27492332458496,0.010427288754062462
12.289838314056396,0.009399872658052446
12.304784774780272,0.006317661312139573
12.320338487625122,0.006361450472097356
12.336100578308104,0.010191669802472278
12.348607778549194,0.013110745592002438
12.363815069198608,0.011617169592515592
12.379064321517944,0.008067734822950845
12.395078659057615,0.007031209478750059
12.41061305999756,0.008737311388322847
12.425859928131104,0.009019672864918048
12.43406105041504,0.005750028529395157
12.44960117340088,0.0024070848051874396
12.465356588363647,0.003452879412186257
12.48011350631714,0.007935344973723236
12.49157691001892,0.010483253839227526
12.500914096832275,0.008508541046617746
12.51102375984192,0.0055162409895845
12.52605390548706,0.00572864556146749
12.54122519493103,0.007601704969630823
12.556229829788208,0.005797137209852135
12.572168588638306,-0.0005978341583598476
12.587805032730104,-0.005168890715813163
12.603848457336426,-0.001446658417908656
12.619001865386965,0.00884314175843227
12.635089635849,0.017441615633527724
12.649016618728638,0.018785053205619923
12.656183958053589,0.01484375868097202
12.662179470062256,0.010548488435359764
12.677484512329102,0.0074654373573144715
12.693504333496094,0.004068635530646859
12.700830221176147,0.00031995242491977566
12.716491222381592,-0.0013979958715122998
12.732128620147703,-0.00019295891002446726
12.747360229492188,0.0013640775418597689
12.758322477340698,0.00100011573210708
12.76740860939026,0.0008602244396913967
12.77673888206482,0.0052426979934174205
12.784014225006104,0.014091909625882535
12.794297218322754,0.02109546341814808
12.808271169662476,0.019970584685553086
12.82329034805298,0.011697294285620176
12.838905096054075,0.0035090364927311355
12.852004528045654,0.0006829785702082425
12.867318868637083,0.0014343352416107211
12.882971286773682,0.0009574344026517783
12.89905309677124,-0.0015500509991514125
12.9106547832489,-0.0025613084543046104
12.92171597480774,-0.00042698722403207694
12.93685817718506,0.0013605255536761475
12.952064037322998,-0.0010381798660837028
12.967426300048828,-0.005718603711439324
12.97436499595642,-0.00677968863160638
12.990178108215332,-0.0021434667757778995
13.00484299659729,0.0032312192855800236
13.02012324333191,0.003494104833643293
13.035736799240112,-0.0006678717311130863
13.051229238510132,-0.0032873555372085273
13.066641330718994,-0.0012124840802790905
13.082224369049072,0.002023511374999184
13.097357034683228,0.0015739896702439405
13.11267113685608,-0.0018545590094684304
13.128422498703005,-0.0031407587582624645
13.143630981445312,2.6328511552127856e-05
13.159727096557615,0.004127975349556903
13.16821813583374,0.004996585305757541
13.177952527999878,0.0034976870191087933
13.19303011894226,0.003641531666885529
13.20837950706482,0.006200067061701422
13.224074363708496,0.0073062488375364295
13.240153312683104,0.004100082512750649
13.25599193572998,-0.000804412530193531
13.26746940612793,-0.002592854938987872
13.277709007263184,-0.0007081245639717895
13.288410663604736,0.0006663186279914088
13.30412220954895,-0.0012294952612944697
13.320903778076172,-0.0037174808250215897
13.330435991287231,-0.002571681118122452
13.343240022659302,0.0016927299057729857
13.35161018371582,0.004150133790431852
13.366379261016846,0.002147647764182907
13.38238000869751,-0.0009831065435829361
13.39807415008545,-0.00048290965074395103
13.413886785507202,0.0033078911224517955
13.422645330429075,0.0055584198644710115
13.438096761703491,0.00376542628454739
13.45419979095459,0.0011522020284290852
13.46962070465088,0.0019364500411501342
13.485170602798462,0.005255482634455022
13.500657320022585,0.006379258228610478
13.5163733959198,0.00352380196036584
13.53206181526184,0.0006423562139905338
13.540506839752195,0.0021224130830191767
13.554930210113524,0.006619623864654289
13.57072114944458,0.008598774004032337
13.58598518371582,0.005647629221620723
13.60185694694519,0.0017349689942617414
13.617394924163818,0.0020615257354793777
13.632975578308104,0.006462381523060196
13.641761779785156,0.010102467474354625
13.650916576385498,0.010141994246054416
13.661261796951294,0.009009091610041303
13.676389455795288,0.010012640963636067
13.69184637069702,0.012011559749081028
13.707067728042604,0.011058789324291045
13.71735382080078,0.006630283105530873
13.72765827178955,0.003133627288425505
13.742696285247805,0.004004728365175212
13.757914543151855,0.006545743244939414
13.77355670928955,0.005145490835719314
13.78335976600647,-0.0010490446104501738
13.793490648269652,-0.0064974162852665055
13.81545639038086,-0.0062135002135296465
13.831981658935549,-0.0020895418166984544
13.841611862182615,-0.00014053661746868417
13.85680866241455,-0.002572724013274909
13.86925768852234,-0.0054596156056279915
13.88402509689331,-0.004809593660793108
13.8997323513031,-0.002265763885781563
13.915382385253906,-0.002569992778464398
13.927772283554075,-0.006652606074062916
13.938820123672484,-0.010226942579801189
13.945815563201904,-0.009803322242410178
13.961503744125366,-0.007493796941718069
13.976322889328005,-0.007819377809416512
13.98382043838501,-0.011250443495555103
13.999804735183716,-0.013777150840936721
14.015037536621094,-0.012894073667550214
14.030588626861572,-0.011135926181622721
14.04606580734253,-0.012146447078026498
14.061669111251833,-0.015278454466032267
14.082014560699465,-0.016734925815917658
14.091498851776125,-0.015523090116510358
14.10663080215454,-0.015293862439298901
14.12207555770874,-0.019000328111906647
14.138525009155272,-0.023911430068423715
14.154078722000122,-0.024522186536297206
14.169707298278809,-0.019895091399331447
14.190832138061523,-0.015372523054625026
14.198580503463743,-0.0159852836552853
14.214373350143433,-0.020234676938978874
14.230486392974854,-0.02246747330155805
14.246414422988892,-0.02036615888176152
14.262515306472778,-0.017329984142045674
14.277733087539673,-0.01694619397523913
14.293718338012695,-0.017813670896719216
14.30937910079956,-0.016147878868450205
14.320630311965942,-0.0121200261322361
14.336262941360474,-0.010261246431365724
14.35148549079895,-0.012853857671439846
14.366405725479126,-0.015809811524912315
14.37561535835266,-0.013551193425719523
14.391040086746216,-0.006687834981534659
14.40697431564331,-0.0018063842425683357
14.422492504119871,-0.0030240737307271203
14.43425965309143,-0.006223710036846616
14.44368815422058,-0.0038536965260458807
14.458831310272217,0.005363586232388596
14.474351406097412,0.013912130935033882
14.49024248123169,0.013315997981462224
14.505651473999023,0.0028539435477908538
14.517347812652588,-0.010680293398137931
14.526885747909546,-0.020492133371169126
14.542684316635132,-0.02482691337356108
14.558022260665894,-0.024897306955363525
14.574077606201172,-0.02116415279365988
14.58907961845398,-0.014195372307373529
14.600790739059448,-0.00749656648801879
14.615960836410522,-0.005565466379643647
14.63201665878296,-0.008132726131800199
14.647037506103516,-0.00921566057775891
14.658045530319214,-0.004094863446291031
14.673035860061646,0.004398581967314077
14.684207439422607,0.009150510359867744
14.699838876724243,0.007721549539718065
14.715504169464111,0.0051567783858268434
14.724967002868652,0.007030477165021995
14.734133243560793,0.012229602492255786
14.744584560394289,0.014980114579593489
14.751843929290771,0.012853205960702968
14.767685174942017,0.009685149254989107
14.783649682998655,0.009840409029468523
14.799582719802856,0.01221387265411938
14.80809998512268,0.012276794451908421
14.818526029586792,0.008856237927882558
14.828922986984251,0.005733878810431204
14.835844993591309,0.005819960412094487
14.851558446884155,0.006517638668029319
14.866360902786257,0.003279115843875101
14.8748619556427,-0.003528880080992852
14.883950471878052,-0.008417408911022923
14.893272161483765,-0.007938146782537382
14.901758193969728,-0.005338991266092356
14.91639757156372,-0.006101383300920414
14.932045936584473,-0.010468625606174215
14.947735786437988,-0.013318651039677363
14.958267211914062,-0.011480914317292399
14.96731424331665,-0.00822002968309329
14.977393865585327,-0.008624368314280102
14.984642028808594,-0.012414105010777414
14.999521017074583,-0.014305981839384545
15.01521897315979,-0.011428788245844722
15.02635669708252,-0.007355420166212485
15.035196542739868,-0.007097739445617484
15.047681093215942,-0.010110133220447595
15.062704086303713,-0.011089498096054393
15.075618028640749,-0.007411127215889506
15.091115951538086,-0.0028047681621566197
15.114517450332642,-0.0021952201595643577
15.130502939224243,-0.005004353243174536
15.145972728729248,-0.006283208667987799
15.161025762557983,-0.0039013279002824645
15.176226377487184,-0.0014848591154183442
15.18837285041809,-0.0030070526631016834
15.195810556411743,-0.006923362060100799
15.211296796798706,-0.008367194834302557
15.226449012756348,-0.0063741677616582
15.234013080596924,-0.005777835024075572
15.2493155002594,-0.010712782189836281
15.264337301254272,-0.01850628949265305
15.280221223831177,-0.022544358552897617
15.29140281677246,-0.02047946364841062
15.300618410110474,-0.016798764702663324
15.316439151763916,-0.01654652766016884
15.332031965255736,-0.01904532225524236
15.34749984741211,-0.020005819473261875
15.363566875457764,-0.0183379437183868
15.3792142868042,-0.01755211826020063
15.395020008087158,-0.019913951294449582
15.411153316497805,-0.02231136758713827
15.426918745040894,-0.02032955352209306
15.44162940979004,-0.014881590850685869
15.45106077194214,-0.011647230471547363
15.460447072982788,-0.01364617065617081
15.468727111816406,-0.01718240074435423
15.478671073913574,-0.01692681429892111
15.494384288787842,-0.013180865831249989
15.509662866592407,-0.011236032690029183
15.524691820144652,-0.01372247004381174
15.540385246276855,-0.01668026334031906
15.5557599067688,-0.014974767972892012
15.57139015197754,-0.009570703034090902
15.586578607559204,-0.006374693381948348
15.602015733718872,-0.008078266364497651
15.617050647735596,-0.010461251901658888
15.632864713668823,-0.008531550328877743
15.648171424865724,-0.0038819846205556973
15.663586378097534,-0.002723072536230407
15.679699420928957,-0.007239264691482215
15.694951057434082,-0.0124355827815836
15.707980394363403,-0.012928826382364225
15.717339277267456,-0.010208562631761064
15.72660517692566,-0.010309257527944057
15.741939544677734,-0.01520972866082669
15.75714874267578,-0.01988609338651258
15.773157119750977,-0.01897874862910407
15.783689498901367,-0.01379194593307995
15.793426275253296,-0.010186517590584306
15.800723552703856,-0.010664058586504366
15.816368341445925,-0.01162002811743335
15.831798315048218,-0.009082252411725899
15.84130048751831,-0.00446585783118623
15.850583553314207,-0.002329566784221774
15.860177278518677,-0.0036529413794262012
15.88196349143982,-0.004362755466844226
15.891382932662964,-0.001196719140553896
15.907451152801514,0.0035043338396756048
15.916632413864136,0.004962171603776766
15.926489353179932,0.0026224208621803673
15.934306383132936,0.000859255803362361
15.951520919799805,0.0027776114993155296
15.965149402618408,0.005991260136156148
15.980088233947754,0.006336685210113563
15.995983123779297,0.004038072598119305
16.003064393997192,0.003315823378394504
16.019097328186035,0.005959263166011827
16.03168559074402,0.00831277238050797
16.0474214553833,0.006400346997222856
16.06352972984314,0.0020215253067851656
16.074390649795532,0.0008086978000568922
16.08909320831299,0.0045649593207133625
16.104263305664062,0.008620807424547225
16.120272159576416,0.008115980794016799
16.133755445480347,0.00451968054866075
16.14346408843994,0.003296521160230369
16.15110158920288,0.0060879502572899645
16.162023544311523,0.0084736137793388
16.17724347114563,0.006432755516054826
16.193057537078857,0.002328645074484101
16.200623512268066,0.0019445116983860182
16.210992336273193,0.00671495304366259
16.22061252593994,0.011997927030548333
16.235913276672363,0.013633302353862366
16.251630306243896,0.013354858188477921
16.2671320438385,0.015432352991690334
16.276450872421265,0.019585508281658715
16.283953428268433,0.020595541950083437
16.299474477767944,0.015463296280273466
16.315364599227905,0.008083457180422624
16.331193447113037,0.004650234157257315
16.346747875213623,0.005881729435041893
16.362123012542725,0.006647341855136566
16.37728524208069,0.0033465740390281186
16.392770290374756,-0.0012952287582212395
16.409183740615845,-0.0024848855111811335
16.42324185371399,-0.00029305774740148597
16.438523769378662,0.00070300375389239
16.454073905944824,-0.001597876829893481
16.46934962272644,-0.003446477611123192
16.48572015762329,-0.0005688913316810496
16.498746633529663,0.00524988929341221
16.51375412940979,0.007813608963745684
16.520161390304565,0.0044597662795111855
16.535918474197388,-0.00044840554523544645
16.55074906349182,-0.0011817781745889094
16.575225353240967,0.0022674561559128223
16.58198070526123,0.005088929735029562
16.59744691848755,0.004746802136974257
16.613176345825195,0.004032978373870674
16.624404191970825,0.005998266626528228
16.632330894470215,0.008515736995867544
16.642759561538696,0.006827524382569688
16.65156650543213,0.000918345411435934
16.66766357421875,-0.0028494164449035485
16.68188738822937,0.0009510048900721133
16.696809768676758,0.009769238744354111
16.70772123336792,0.01579968183188893
16.722753524780273,0.015131585550591575
16.738624095916748,0.01148448750973398
16.75347900390625,0.010238007575201949
16.76959800720215,0.011499099209783075
16.782525539398193,0.011442403459393215
16.79241943359375,0.008982720647720556
16.806880235671997,0.007578487504992943
16.82178807258606,0.009693683214403555
16.836920976638794,0.012521251095059232
16.8526668548584,0.011730757400739231
16.86584782600403,0.008001543987240426
16.87484097480774,0.006602574643548627
16.889892101287842,0.010068592622149378
16.905501127243042,0.014143048033494775
16.921184539794922,0.013004097394950332
16.935983896255493,0.006944498705081521
16.95135498046875,0.002053823469141327
16.964448928833008,0.00225674634629857
16.979479551315308,0.004499724588720793
16.9947452545166,0.0035253369362813923
17.008209466934204,-0.0005221484757073984
17.025702714920044,-0.002195027796243937
17.041237831115723,0.0017567192118212423
17.056440353393555,0.00801119279399768
17.07193398475647,0.01131622841809146
17.08770489692688,0.011326989463832732
17.102859497070312,0.012060533479465344
17.118213891983032,0.015169552967377067
17.133546590805054,0.017017891236687885
17.148688077926636,0.013960028238107264
17.16427206993103,0.008307646495736763
17.177552461624146,0.00610928662418824
17.193432331085205,0.009232812126170421
17.20855951309204,0.012574385524686238
17.225422382354736,0.010583213910283632
17.232404708862305,0.004477452829397906
17.24190330505371,0.00035153059100882073
17.2497296333313,0.0008219428413177169
17.259281396865845,0.0017692965245683782
17.274577140808105,-0.001447839299801545
17.28974413871765,-0.007251807394744019
17.29897713661194,-0.010163394562929348
17.308906316757202,-0.008745114582686616
17.324406623840332,-0.007663132897467592
17.339793920516968,-0.010868323866542759
17.354952812194824,-0.01571316202216371
17.37051033973694,-0.01647434734522969
17.386496782302856,-0.012306157808966111
17.396669149398804,-0.00841809681356263
17.412247896194458,-0.008924296510072675
17.428061962127686,-0.011474079969383492
17.441466331481934,-0.011060220104129433
17.44911003112793,-0.007341158363572321
17.458563804626465,-0.0049591326273793574
17.47415018081665,-0.0065536252330844124
17.48999857902527,-0.00876590173009802
17.50630474090576,-0.0071724945712511486
17.521079301834106,-0.0030187773540511767
17.5422420501709,-0.0017997886895663633
17.559133529663086,-0.005398648511749557
17.57461404800415,-0.008985030976829515
17.59037446975708,-0.007452159179541616
17.606496572494507,-0.00265906477324291
17.622034549713135,-0.0012452705259336882
17.638033866882324,-0.005726034780553256
17.65336322784424,-0.01101730284511945
17.675598859786987,-0.011164381575726209
17.6828670501709,-0.007023642229768013
17.696322917938232,-0.0045399948990283105
17.71192216873169,-0.006427972899056004
17.724527835845947,-0.008908287131850035
17.742777585983276,-0.00765217268407608
17.757643222808838,-0.004200794823565078
17.77346110343933,-0.003760262198865368
17.782190799713135,-0.007558433268068176
17.792045831680298,-0.010619313193344452
17.80761480331421,-0.008228322963009474
17.823042631149292,-0.0021804630546473584
17.838825702667236,0.0018064429448987223
17.854478120803833,0.0017852744330491463
17.875131607055664,0.001628381023345561
17.882721185684204,0.004848457209035191
17.898109436035156,0.009304375842858812
17.913676261901855,0.010436753160030142
17.92470073699951,0.008191780580984534
17.941890478134155,0.007319935637406827
17.951309204101562,0.010327047456617056
17.9671790599823,0.01329910681698531
17.982638120651245,0.011104039403701145
17.991219758987427,0.0049767626911906265
18.006465673446655,0.0015538038759723208
18.024247646331787,0.004174765875156855
18.039851665496823,0.008324819948237777
18.05599331855774,0.007642721368185151
18.07130193710327,0.0023889568083128383
18.082081079483032,-0.0010662964727581796
18.092387676239014,0.0012330295970537893
18.101001739501957,0.006032919322434244
18.11619734764099,0.007893434815467636
18.132819414138797,0.006412753460281421
18.14808487892151,0.005600336511758969
18.163845539093018,0.007105247631004724
18.17929983139038,0.007699507389157945
18.194944381713867,0.004703454492511574
18.21063256263733,0.0010492133087838156
18.224457025527958,0.002019338718977673
18.232388734817505,0.00791944107851487
18.24835467338562,0.013240999277956704
18.264519453048703,0.013878771297332459
18.27997875213623,0.012442519327994462
18.29597544670105,0.01423247554461933
18.309024333953857,0.019548383881554374
18.323307991027832,0.023124966887551605
18.33858847618103,0.021444129155675506
18.353847980499268,0.017631871210814415
18.37537240982056,0.017078103686049
18.38516902923584,0.019976441972722088
18.397373914718628,0.02130686256278317
18.413005828857425,0.018229891940626377
18.42843461036682,0.014287036126275547
18.44126009941101,0.014276802681956127
18.44906783103943,0.017037105374378643
18.46437358856201,0.016649781536288117
18.47952032089233,0.010838993978631048
18.494709730148315,0.004909415360652428
18.507936716079712,0.005315501789864285
18.52323746681213,0.011225431468817507
18.532557010650635,0.015433055160340851
18.548359155654907,0.013353346828648378
18.56383156776428,0.008064531275269108
18.578974962234497,0.005229661718144889
18.594401597976685,0.0056405227511083
18.60961532592773,0.005622670043936069
18.625677824020386,0.0038103932215433132
18.641730308532715,0.0038925233437021732
18.65716671943665,0.009188318546809408
18.672518968582157,0.016983685293150707
18.68795800209045,0.021146858695309086
18.70333933830261,0.019833346678275104
18.72503662109375,0.017687290394205822
18.740711450576782,0.01938498448017783
18.756296396255493,0.023306513878506744
18.77150273323059,0.023922787868059812
18.78213787078857,0.01945851558524694
18.7967791557312,0.014250774861263863
18.806365966796875,0.012791858145423383
18.81521058082581,0.014007553102055427
18.824403524398804,0.013653143249957266
18.83995604515076,0.010959480608914022
18.848726987838745,0.009692242098004959
18.8589026927948,0.01209541172281008
18.870137691497803,0.014746132617152772
18.882517337799072,0.012812489116931208
18.897583961486816,0.00701183022209127
18.913307428359985,0.003222811097808639
18.928226709365845,0.004784778325577021
18.939363956451416,0.007992799387325486
18.95449423789978,0.0071801750733301905
18.97021722793579,0.0024907460275969727
18.982433080673218,-0.00043848319573135835
18.9929518699646,0.0015303266717031504
19.008158683776852,0.0045349731885997065
19.0242121219635,0.0030659860553240176
19.03965473175049,-0.0022175310793834707
19.05535387992859,-0.005102143718213337
19.070894479751587,-0.002098081804878806
19.08640170097351,0.002975131601130741
19.10232663154602,0.004280594281513338
19.118309020996094,0.0016720091107588176
19.132381677627563,0.00024291466764102612
19.14767050743103,0.0027142855194505723
19.16367530822754,0.005536610139575552
19.17959260940552,0.004046445305739222
19.194685459136963,-0.0008253586464987842
19.21366834640503,-0.003809064571968314
19.229114055633545,-0.002629342353358584
19.24363946914673,-0.0009621157069347719
19.25147080421448,-0.0028728825086691548
19.26684260368347,-0.006771740664694735
19.28164410591125,-0.007609731947862957
19.296592235565186,-0.0041888963112689925
19.30785346031189,-0.0010473448087498845
19.325348138809204,-0.002166392835489503
19.348480463027958,-0.005530902128291418
19.36436533927917,-0.006274738231593543
19.379945516586304,-0.0037062239078989962
19.39186930656433,-0.0020229464605790145
19.399012088775635,-0.0037920032269335505
19.408849239349365,-0.00577453793844707
19.42436909675598,-0.0033542730792543956
19.439441680908203,0.0025519069764353276
19.454955101013184,0.0060501395070575534
19.475152492523197,0.0039028287205422683
19.484493255615234,-0.00021757589827865395
19.500445127487183,-0.0007921745409092593
19.515987634658813,0.0021631588929897074
19.531847953796387,0.0035828204535053106
19.54733419418335,0.0008165074720678477
19.56286692619324,-0.002568359643045361
19.57895445823669,-0.002046713569192248
19.59458899497986,0.0010089183180025068
19.61025309562683,0.0007834381633405807
19.62592387199402,-0.004856437259031191
19.641361713409424,-0.010777836446703232
19.65617728233337,-0.01086341590857716
19.673155546188354,-0.005956254245902801
19.68259906768799,-0.00272690696867998
19.69827079772949,-0.0049128147011792585
19.7141387462616,-0.008693191026352062
19.72435188293457,-0.008249013465096485
19.742212772369385,-0.0037057461352506195
19.75178289413452,-0.0006885965175630333
19.767035007476807,-0.002507856650324036
19.78177118301392,-0.006005020309880063
19.796898365020752,-0.006520944803847654
19.807763814926147,-0.00449255993325671
19.824339628219604,-0.0042613894213607015
19.838738918304443,-0.007193025557869033
19.854092836380005,-0.00937562507779398
19.86983108520508,-0.007314013568432358
19.88227486610413,-0.003272471859568103
19.890381574630737,-0.00233144446326992
19.90540671348572,-0.005226809693925146
19.92115306854248,-0.0073203393448417085
19.94159150123596,-0.005434888760239104
19.949620246887207,-0.0029016867532689833
19.96505188941956,-0.005322090300873686
19.98015117645264,-0.012562529340686402
19.9954252243042,-0.01814125275777405
20.00843477249145,-0.01721614296330146
20.01639437675476,-0.012512072848603437
20.027622938156128,-0.010309287795044033
20.04104208946228,-0.012200528006529456
20.056345462799072,-0.01379850528219419
20.071576356887817,-0.011553798031104779
20.08998465538025,-0.007664021786889751
20.106010675430294,-0.006307412781430739
20.12159037590027,-0.007091672011027979
20.13788676261902,-0.005514204809456997
20.153025150299072,9.432073992405622e-05
20.16850256919861,0.0053223444367426365
20.18403673171997,0.0052387317832380655
20.200167894363403,0.0011703777259738516
20.216281414031982,-0.0009474134487351049
20.231598138809204,0.0014664988209789117
20.24731206893921,0.004370363456355272
20.25745391845703,0.0029473578887996236
20.2751898765564,-0.001698816301416535
20.28155517578125,-0.004233834114574944
20.29439759254456,-0.002542038293207139
20.30756545066833,-0.00043291601118711177
20.32300901412964,-0.002028063941015763
20.338529348373413,-0.0059351436616894675
20.35687756538391,-0.007406096147871417
20.37154483795166,-0.005300439474255213
20.3816819190979,-0.0038527712989068616
20.396443128585812,-0.006551381145038849
20.407455444335938,-0.010711814481746388
20.42552137374878,-0.010641492412339405
20.441100120544437,-0.005317014471495482
20.45705485343933,2.1541638229790174e-05
20.473024368286133,0.0006697144148890819
20.48899006843567,-0.0016676635969805256
20.498667001724243,-0.0019109612919445225
20.51405358314514,0.0009343226430432649
20.529294967651367,0.0024718517099382845
20.54487180709839,-0.00048119104329807016
20.55599594116211,-0.004895223176659205
20.571415424346924,-0.005409786151290534
20.586578607559204,-0.0017472311388142658
20.598656177520752,0.0007988125438169496
20.613420963287357,-0.0014475293170808229
20.62806916236877,-0.005713605509112834
20.642925024032596,-0.006926706612801394
20.65764617919922,-0.004749877261132549
20.675227403640747,-0.003505117423809825
20.68463945388794,-0.005338085344439478
20.695434093475345,-0.006674450023171392
20.71025061607361,-0.0032172758611032698
20.72616171836853,0.003578197059092963
20.74150967597961,0.00782716861015718
20.748892545700077,0.006638456634788903
20.764782667160038,0.0034078525177525538
20.77979874610901,0.0026666056737155047
20.79550504684448,0.004005928887196613
20.81126880645752,0.003552833949214232
20.82252669334412,0.0004214537497448344
20.8375256061554,-0.0014990049294888272
20.848639965057373,0.0008849167192291588
20.8639657497406,0.005022807591800028
20.87569999694824,0.005781369978871388
20.88272857666016,0.0023147213522513666
20.898133277893063,-0.0009354810611645074
20.913325309753414,-0.0005840055858467867
20.924218893051147,0.0010117336709804608
20.932167053222656,-0.0005361306674045766
20.94287705421448,-0.004810926079607548
20.95997953414917,-0.006584755445573339
20.97608709335327,-0.0030390912053739625
20.99143099784851,0.0018067757837819062
20.999021291732788,0.0019290925600545304
21.00963950157165,-0.0029478722631264883
21.025554418563843,-0.007236834301081987
21.04119896888733,-0.007131136494874549
21.056232213974,-0.005430416404642566
21.073851346969604,-0.006909732561622858
21.082452297210693,-0.010799479183514208
21.089783191680908,-0.011083736120496627
21.096025705337524,-0.004536045411814837
21.11147093772888,0.004407137884880537
21.12752890586853,0.008681733041835556
21.14313244819641,0.00688164293173936
21.15834403038025,0.0038872476029870283
21.17359185218811,0.0035267764179480548
21.189390420913696,0.0036847520217741
21.20583653450012,0.0003773099891281428
21.222466945648197,-0.005502568563302829
21.232081651687626,-0.008694929263068564
21.24114441871643,-0.006738766428187409
21.256892681121823,-0.0035819832340674663
21.271822214126587,-0.004349726448174465
21.28229331970215,-0.008445639199137584
21.29173302650452,-0.010515167115754627
21.302808046340942,-0.007769178443511586
21.318008184432983,-0.0034587370967857608
21.333592891693115,-0.0021117586806497033
21.34917020797729,-0.0037996186078947617
21.36514496803284,-0.005437068571155744
21.38016366958618,-0.006371617460660171
21.39538598060608,-0.009340053588244177
21.411036252975464,-0.015222105995356693
21.424034595489506,-0.019806009789094983
21.432275533676147,-0.018320293876435585
21.4419059753418,-0.012062427893203278
21.45751643180847,-0.0076233963430043915
21.47270965576172,-0.008963793428958495
21.4922947883606,-0.012621456638884978
21.508634567260746,-0.012517976563870397
21.524669408798218,-0.008037498279591933
21.5405375957489,-0.004651732284465341
21.556228399276733,-0.006438188378426698
21.57218074798584,-0.010705604397631234
21.58260059356689,-0.011843607117412119
21.598214149475098,-0.008863521757005732
21.61322045326233,-0.006322123816727838
21.62837815284729,-0.007744710420711067
21.643954515457157,-0.010925816380529852
21.656486749649048,-0.011409131460823592
21.671929359436035,-0.008804646423771989
21.687605381011963,-0.006971337506499064
21.708025455474854,-0.008227958637510892
21.723307371139526,-0.010214965401004982
21.73862314224243,-0.009787153033154625
21.75411891937256,-0.007861675400159713
21.765444040298465,-0.007830205772051915
21.77523946762085,-0.009867452260579324
21.79187560081482,-0.009869559107626612
21.80719017982483,-0.005185725009748755
21.82439923286438,0.0008533000874464888
21.83961844444275,0.002475558923555147
21.85569190979004,-0.0012381613084392882
21.87089467048645,-0.005165698574189479
21.885894298553467,-0.004839004643794725
21.89866828918457,-0.0020708754560556913
21.9087975025177,-0.001996045997182607
21.92385244369507,-0.0057200926242760115
21.939780473709103,-0.008676057450470322
21.95494818687439,-0.006838479416615034
21.97028398513794,-0.002165147921960593
21.9857656955719,0.00015087175126243563
21.998866081237797,-0.0013420354073541405
22.013995885849,-0.0028030310453603696
22.02996039390564,-0.0008663707996995119
22.04554843902588,0.002556096396961815
22.057876110076904,0.0031341719272736527
22.072550535202023,0.0004496954256058682
22.08848285675049,-0.0012725577592842662
22.09880208969116,0.0007768516681004867
22.115238666534424,0.0036352162187802883
22.129333019256592,0.0023374415354531055
22.144283771514893,-0.0030172458595107933
22.159874439239506,-0.006676541562490519
22.169816970825195,-0.004364561562822309
22.18072009086609,0.0011866461575294946
22.19631600379944,0.0036637935690789184
22.21187257766724,0.0009799548977525436
22.22667646408081,-0.0028074644692671616
22.24176263809204,-0.003545032721738258
22.257115125656128,-0.00236286514532597
22.273242712020878,-0.0031751734801034356
22.282104969024655,-0.006382088284158144
22.29227113723755,-0.008068986498888627
22.30018448829651,-0.005875498807670351
22.31132411956787,-0.002915603672607583
22.32645034790039,-0.0037745375946193396
22.342058658599854,-0.008016679478723485
22.35853242874145,-0.010431875720387345
22.36538863182068,-0.007852616403206794
22.37371397018433,-0.0031422211752012204
22.38968634605408,-0.0009837137169156928
22.40518260002136,-0.0015694389348736488
22.42031526565552,-0.0009992311808325282
22.432081699371334,0.002480761441132976
22.44203805923462,0.005536214267806891
22.450414657592773,0.0044478542053244426
22.465893745422363,0.0007847850408119425
22.474121809005737,-0.00022552148613826269
22.48937201499939,0.0033088318349410025
22.505088090896606,0.007216730037724473
22.515490293502808,0.006680770369825581
22.52331066131592,0.002423204946532156
22.538594007492065,-0.0006975384573955962
22.55394983291626,-0.00040030666798144274
22.5652928352356,0.0004951997514591143
22.574938535690308,-0.001058571778748658
22.582231283187863,-0.0035029736166012097
22.59564781188965,-0.0030519028161172714
22.611088514328003,0.00023116791822341007
22.626222372055054,0.001813739510514778
22.6419689655304,-0.0010299871128391842
22.657397031784058,-0.0048372672644188255
22.673125743865967,-0.004159264117183968
22.688591957092285,0.0009709856673496232
22.698763132095337,0.004662072094545498
22.708664894104004,0.002748795350253857
22.71715545654297,-0.0018029206068337516
22.728477954864506,-0.0029232722708207697
22.74397993087769,0.0006572799373371586
22.757561922073364,0.0042241494363304075
22.77277565002441,0.003785777961285737
22.790599822998047,0.0011892125400301094
22.806186199188232,0.0008566811397926885
22.814829349517822,0.003227531003110541
22.83064293861389,0.004293601395786204
22.8424232006073,0.001633590459877487
22.858386039733887,-0.0018827186190263862
22.874876737594604,-0.0020342875243102667
22.890459537506104,0.000830390706376769
22.90594172477722,0.0023334197893419024
22.915220737457275,0.0002948783923170852
22.92532229423523,-0.0021907159247526874
22.932312488555908,-0.001180491611606331
22.947192668914795,0.0025145216302819616
22.96290898323059,0.0045545196505002395
22.974611043930054,0.0033212627072614137
22.98186230659485,0.0021392923380130313
22.9915668964386,0.00423912275821465
23.001505136489868,0.007774069313627138
23.01191353797913,0.00821496969393637
23.024155378341675,0.004873527497088566
23.03942012786865,0.0022714388502365545
23.04884362220764,0.0041951607323306795
23.05833888053894,0.008549124207074982
23.07385540008545,0.010131774071196042
23.08920431137085,0.007560011298436999
23.105056762695312,0.004897805369796464
23.125295400619507,0.005925178021843683
23.132845163345337,0.009109309266158544
23.14636731147766,0.010162927011070808
23.162062883377075,0.008347687456142703
23.178048133850098,0.007499620248018887
23.19379997253418,0.010375272074624865
23.2091863155365,0.014461840404092745
23.22468876838684,0.015279352117792383
23.24014711380005,0.012510744944117712
23.24900197982788,0.01027160215520473
23.258784532547,0.011132674372684396
23.269086122512817,0.012379063685377605
23.27912449836731,0.009924354221752557
23.294353246688843,0.0044975064900360275
23.31015157699585,0.0012967140261721192
23.325451850891117,0.0032600103888725963
23.333158016204838,0.007114195640914981
23.34851694107056,0.00771775876173833
23.363699674606323,0.004730740327957144
23.374950885772705,0.002399691991355977
23.38268780708313,0.0030275212586185225
23.392104148864743,0.003726586044497749
23.40802574157715,0.0012850177309886837
23.414483785629272,-0.0019541404644280373
23.424256324768063,-0.00020254994045189654
23.44033169746399,0.00791771426412833
23.44867992401123,0.01660488547627475
23.45869469642639,0.01947173843297586
23.468220472335812,0.016923361885369904
23.483506441116333,0.014608758663372592
23.49926376342773,0.015472499773698873
23.51479983329773,0.01640851929244597
23.53010034561157,0.01362980562206647
23.54540085792541,0.008650407804003946
23.55204200744629,0.006338222778915848
23.560116291046143,0.008005430846277261
23.574806690216064,0.009501983273777676
23.590611934661865,0.007074827320210248
23.598785638809204,0.0026892521878111543
23.61465668678284,0.0012054534428283968
23.629706859588623,0.003365999227501692
23.645774126052856,0.004667707864798141
23.66097664833069,0.0019339669237334526
23.67805314064026,-0.0017266879694314034
23.693389892578125,-0.0008900706943558202
23.70756411552429,0.004556075545601362
23.722798109054565,0.008795468681116483
23.73201322555542,0.007599500465259364
23.741868019104004,0.0037908497074163575
23.7575101852417,0.0031316124715972454
23.774943828582764,0.006264368257258863
23.782087087631226,0.007878464089231877
23.79207921028137,0.004298480998585087
23.79916930198669,-0.0011360112100426306
23.809465885162357,-0.002525048830958076
23.824864625930783,0.0004905326617432931
23.832061052322388,0.002289106392882414
23.84224033355713,-0.0009656018874146339
23.858102083206177,-0.006144833366603387
23.874174118041992,-0.007518586855357805
23.88147664070129,-0.004396612227234097
23.897236347198486,-0.0016337726635748783
23.907408237457275,-0.0027798555395491323
23.91539549827576,-0.005602208121876503
23.92497205734253,-0.005813287055524733
23.934412956237797,-0.003191714691475433
23.94236898422241,-0.0014371758719337335
23.95838761329651,-0.0025078146328012625
23.973756790161133,-0.003944324205014402
23.979747533798218,-0.002902362832398575
23.99142837524414,-0.0006904945080124336
24.006954193115234,-0.000952930091259338
24.0223228931427,-0.004015089678465346
24.03748106956482,-0.005760178989096834
24.05275821685791,-0.0031558373499944907
24.07010126113892,0.0011759984546046817
24.079912900924683,0.002120109650973429
24.094810247421265,-0.0010656890315421264
24.1102077960968,-0.0037422800738786347
24.12549662590027,-0.002247815664525022
24.141104698181152,0.001316247670005476
24.156955242156982,0.0025806222698234677
24.173052549362183,0.0014903545354631332
24.18881368637085,0.002297663664490631
24.204678535461422,0.006821012106976265
24.220442056655884,0.010794620313967728
24.23576712608337,0.009104617992958171
24.25110960006714,0.0030621384378006237
24.27533078193665,-0.0005608889170037981
24.282790660858154,0.002034141249243831
24.29910159111023,0.00697002005434778
24.314780473709103,0.008066465459428206
24.32424473762512,0.004921351057052105
24.332004070281982,0.002747587755659537
24.34149050712585,0.004533474366791911
24.355056285858154,0.006637601667894661
24.37112832069397,0.0039157098651798295
24.387126684188843,-0.0028482369154740417
24.402876377105716,-0.007474900578570276
24.41126656532288,-0.006047520350207437
24.42512369155884,-0.0012997677772315977
24.43205666542053,0.0017472882658684165
24.44739603996277,0.002328864985804086
24.462651252746586,0.003625117328050497
24.474359035491943,0.006685149949289847
24.48196792602539,0.007913532397699357
24.49858331680298,0.004132517887427399
24.50636911392212,-0.002023887685095789
24.521730184555054,-0.0045628550947997126
24.537469148635864,-0.0015963285211701788
24.55220055580139,0.0023525140243666628
24.5676109790802,0.002430047280523447
24.582101583480835,-0.0003977328001576294
24.598078966140747,-0.0014089174975789442
24.613651037216187,0.0008225313403075361
24.629665851593018,0.0024525775383260236
24.643235445022583,0.00017558259864777987
24.659024238586422,-0.00364073262383629
24.674713611602783,-0.00408814755604592
24.68958592414856,-0.0008693718717557217
24.70559883117676,0.000855517200303153
24.720717668533325,-0.0023869158358769925
24.736634731292725,-0.007043146192954929
24.748557329177856,-0.0067903423864882125
24.763692378997803,-0.001052636413773924
24.77898097038269,0.0037296348245262553
24.79455018043518,0.002028066462670083
24.810285806655884,-0.004102434957444952
24.826218366622925,-0.00832281768247926
24.84151935577393,-0.008416042006954668
24.85731506347656,-0.008247173021507815
24.875560760498047,-0.011106439990158732
24.88334369659424,-0.014351780307602272
24.89913010597229,-0.01304648651358272
24.907416582107544,-0.00724122063129627
24.922917366027832,-0.0024071298191794617
24.9382483959198,-0.0023888439757446334
24.957647562026978,-0.004788881466034794
24.96466398239136,-0.004999955403698314
24.98050570487976,-0.002786181290049143
24.995985507965088,-0.0020409509181666115
25.011207818984985,-0.004481355700840269
25.02733993530273,-0.006753018960187158
25.04201817512512,-0.00524575650144854
25.048571825027462,-0.0015535185276728011
25.06477522850037,-0.000494913707550685
25.079527378082275,-0.003401140205382072
25.09502959251404,-0.006293447981117013
25.111061334609985,-0.005546679443331745
25.12705397605896,-0.0028540800006049936
25.142327308654785,-0.002401874621118481
25.158366441726685,-0.0044788307932334195
25.165026426315308,-0.0048727807996287245
25.17292809486389,-0.0010067692901867742
25.18844771385193,0.0040245601781683515
25.20425748825073,0.005488016646221677
25.220268964767456,0.00356135952702612
25.235443830490112,0.0030427131361235858
25.2511248588562,0.00639436712708331
25.26694130897522,0.009883384313035728
25.274171590805054,0.00851144971144147
25.281915187835693,0.003093130874057816
25.291715383529663,-0.00042899485213574156
25.30039119720459,0.0012690078377891084
25.311328649520878,0.004580847627341412
25.326993227005005,0.003944201159983849
25.34232258796692,-0.0007031636920765503
25.35809206962585,-0.004050980012479454
25.374107122421265,-0.0027111305745618703
25.39021134376526,0.0004726519453228887
25.398483991622925,0.0009058806506491669
25.41477131843567,-0.0009990568874013342
25.429224729537964,-0.00046095352769071697
25.44258427619934,0.0044421672160501755
25.458069562911987,0.009270667788662607
25.47275185585022,0.008758799636326694
25.491546869277958,0.003918553409341023
25.507546186447144,0.0007486081956201327
25.522756814956665,0.002225505626425619
25.538386821746823,0.004681184687123592
25.548640966415405,0.0034356344706259574
25.55827021598816,-0.00048571587532696267
25.57326459884644,-0.002022956263241373
25.588682889938354,0.0004682069148336269
25.59863042831421,0.002725374806055482
25.61481356620789,0.0005749815293662882
25.62983012199402,-0.004152729411889065
25.64633059501648,-0.006214201485216581
25.65739107131958,-0.004412992599827475
25.673672676086422,-0.0033573901434071312
25.68867444992065,-0.006897679355847023
25.70430612564087,-0.012383558837654476
25.719901084899902,-0.013959198204239947
25.735196828842163,-0.010591757528391966
25.75705027580261,-0.007763628711623645
25.77239322662353,-0.010318820051708883
25.787475109100345,-0.016092935154937683
25.79883861541748,-0.018853901245336604
25.808515787124637,-0.016339883990656636
25.81564235687256,-0.01251431903716694
25.823187828063965,-0.011549978631396948
25.83127498626709,-0.012395872204535491
25.84678959846497,-0.011269507991656111
25.86214709281921,-0.007826860136700486
25.87818670272827,-0.005832946814766541
25.88760256767273,-0.0074517130705179365
25.902601957321167,-0.009583151738353668
25.91760635375977,-0.007850080263872926
25.932288885116577,-0.0029141890694707926
25.940009593963623,-0.0001885361432383989
25.94708251953125,-0.003067028402060158
25.962618350982662,-0.00889048696774579
25.97796940803528,-0.012981493990516506
25.991557598114014,-0.014684345737276642
25.999186515808105,-0.01681723182017595
26.014504194259644,-0.019856656820263274
26.031238794326782,-0.02005083048548008
26.04581642150879,-0.014896030572792809
26.05811333656311,-0.008183289386138437
26.066844940185547,-0.006555893760311757
26.076574087142944,-0.011259798422698468
26.090712308883667,-0.01618381635372495
26.106022834777832,-0.015423355223602712
26.121586561203003,-0.010691298300971853
26.140002012252808,-0.008753478590329409
26.14853525161743,-0.01231194762943862
26.163549423217773,-0.016485409641683987
26.179651975631717,-0.015375380548641498
26.1949462890625,-0.009686989623152833
26.213927268981934,-0.0053241487100505695
26.228943586349487,-0.005387965934399504
26.24458909034729,-0.006717295028875873
26.259723901748657,-0.005236809006705137
26.274977684021,-0.0019673143635888395
26.29004120826721,-0.0011313975965361574
26.305338621139526,-0.003476441210332785
26.315185546875,-0.004757130364289142
26.331287145614624,-0.0017494459517865954
26.348138332366943,0.0027529189381638223
26.363439083099365,0.0032966970878359134
26.3747673034668,-0.0008140233139859866
26.39168620109558,-0.004196349722007238
26.407399654388428,-0.002208336500451229
26.414697647094727,0.003118631429216312
26.429888486862183,0.005923211258976639
26.445385217666622,0.004107259748275385
26.45953392982483,0.0013422077117075466
26.46759366989136,0.0012113709914721169
26.47772479057312,0.002239035306778969
26.493102312088013,0.0008870783654309729
26.508115768432617,-0.002229570244781965
26.523253202438354,-0.0024524270162539453
26.531774044036865,0.0021957919487076254
26.54175639152527,0.007337527355994622
26.55131506919861,0.0074015633383984316
26.566386222839355,0.0029290408089809082
26.581313610076904,2.805328221271923e-06
26.596163988113403,0.002478084141881569
26.60721516609192,0.007439164475593005
26.623066902160645,0.009596700969697558
26.63972759246826,0.008108778477560422
26.65495276451111,0.006656766150329355
26.670454502105716,0.007574602748614213
26.681798696517944,0.008823501040700572
26.692211151123047,0.007726413744324682
26.707427978515625,0.00540570728570745
26.72275471687317,0.005199752436259953
26.738438606262207,0.007474342014722134
26.75360369682312,0.008741614184470389
26.7647066116333,0.006794373979706525
26.77869462966919,0.0044860461954863125
26.79411745071411,0.006180513124930109
26.809892654418945,0.011354263236953925
26.82536458969116,0.014517706633359617
26.841307640075684,0.012243220526673225
26.857314348220825,0.00793197424629188
26.87302279472351,0.007526037198589326
26.88202929496765,0.011707805215407253
26.89214015007019,0.015209074111735056
26.90772080421448,0.01421031561191963
26.92278933525085,0.011565267090775908
26.937614679336548,0.012587869800309142
26.948563814163208,0.017375349419940192
26.966368675231934,0.020467669735136924
26.98041534423828,0.018279920001685344
26.996140003204346,0.013869782967555594
27.00747799873352,0.012444054177944395
27.02569532394409,0.01406876182785838
27.03516674041748,0.013917500152117474
27.04810214042664,0.009578937386135425
27.06356453895569,0.004844751578442231
27.07938814163208,0.004504273982609941
27.09825539588928,0.007641833779590507
27.114356756210327,0.00911506321563488
27.1298668384552,0.0071504210921576605
27.145965576171875,0.006102790462718287
27.16184711456299,0.01017977788933386
27.174874782562256,0.01691232843958121
27.189791440963745,0.019822115859425653
27.205790519714355,0.016846009780411397
27.22167420387268,0.012859566376206343
27.23767828941345,0.012837407613156809
27.25307035446167,0.015216586721599808
27.268672227859497,0.014583820815598569
27.28184175491333,0.009655087488069787
27.29145908355713,0.005160830378715479
27.300695180892944,0.005012682598549666
27.311908960342407,0.006641880425890915
27.32755708694458,0.004808904149001918
27.343202590942383,-0.000453832571399975
27.349949598312374,-0.00333097091673023
27.35803747177124,-0.000323540298574284
27.37339162826538,0.004334754014284242
27.38862705230713,0.003915810188949305
27.404118299484253,-0.0017539893631981383
27.420517206192017,-0.005858477969843054
27.431782722473145,-0.0035381702515221787
27.44165134429932,0.0018494799600580324
27.44790005683899,0.00348529165370247
27.46523928642273,9.450414531684756e-05
27.480919361114506,-0.0030812560443564357
27.490830659866333,-0.0021343100773305746
27.498512268066406,0.00019128186210325615
27.514888286590576,-0.0010370137507874576
27.53050994873047,-0.005488236293634749
27.545804500579838,-0.0079104100958909
27.56116223335266,-0.005708196908534976
27.574949026107788,-0.002811219447017936
27.58285665512085,-0.004119114598629903
27.59380459785461,-0.008275867174863099
27.60741400718689,-0.009163458213743696
27.62256765365601,-0.0043333776432905955
27.63843536376953,0.0013500054202449355
27.6567542552948,0.0020932201868908464
27.67257714271545,-0.0011662811284795507
27.688100337982178,-0.0024136418337074583
27.70332336425781,0.0008560532136543016
27.7191162109375,0.0041641002649354854
27.73447036743164,0.002555208888328656
27.750452041625977,-0.0020926900888156553
27.77449679374695,-0.0033525887495811407
27.791241884231567,0.0008985357438206529
27.807084560394287,0.005358859841417934
27.821990251541138,0.004301260576893828
27.83734107017517,-0.0009323648008708442
27.85753059387207,-0.004106090450274151
27.86442494392395,-0.0026031487781833012
27.88070106506348,-0.0004068936111055879
27.895989418029785,-0.0018107077978481278
27.907484531402588,-0.005149982730158244
27.92248296737671,-0.0054171867997549
27.93781328201294,-0.0016995345230570768
27.953336238861084,0.001398161187012067
27.968589544296265,0.000299112371109073
27.98458886146545,-0.0025694571423254733
28.003149271011356,-0.0024649474723962214
28.014503002166748,0.0008129029296739844
28.029391527175903,0.0028319547271844028
28.045142650604248,0.0012165015453276108
28.060580253601078,-0.0006663058652578101
28.075775861740112,0.0015385310440021085
28.09187650680542,0.006656129562714169
28.10741376876831,0.00904532811185363
28.11998701095581,0.00606624263246596
28.13407182693481,0.00173360766800336
28.14478206634521,0.001392483803370593
28.16022825241089,0.004609782224787602
28.175694465637207,0.006044341900575413
28.181919813156128,0.0030113438699466994
28.19157838821411,-0.0008870530632635034
28.207014560699463,-0.001041523879219494
28.22305917739868,0.0016911547727919982
28.2311110496521,0.002589193160681789
28.246562719345093,0.00022522485290628075
28.26293706893921,-0.001375126635851238
28.27596950531006,0.0012114703434215153
28.290791749954224,0.005415996784904724
28.305991888046265,0.00606581222313562
28.315096378326416,0.002965064652463709
28.325156450271606,0.0017300338237412113
28.332173347473145,0.006267075179589809
28.34774327278137,0.01316575204708115
28.36314630508423,0.015873553437883728
28.37401962280273,0.013099939219717515
28.381718158721924,0.010162916557440105
28.39148020744324,0.011795968538245771
28.401214838027958,0.016455334638299984
28.416643619537357,0.019491780337800527
28.432305812835693,0.019921474930323965
28.44775080680847,0.02094468562893635
28.45727586746216,0.02393942815122887
28.46528434753418,0.025312047424849667
28.474825859069824,0.021383831075829005
28.490274906158447,0.014485182615570712
28.49761128425598,0.01101156074539521
28.512646198272705,0.013284850643338585
28.5285382270813,0.016203849475445127
28.54397201538086,0.013652092807598088
28.557791233062744,0.006373696592309712
28.573686122894287,0.0008824925359592384
28.58918929100037,0.0010663422823596102
28.598411798477173,0.0038505806481060312
28.608089685440063,0.004371921342041965
28.623961448669437,0.0030151563635537034
28.63928294181824,0.004469425306615993
28.654854774475098,0.010418822392628056
28.66508913040161,0.01646064035419656
28.674865007400516,0.01780132450716102
28.691787242889404,0.01574899761780248
28.70793128013611,0.01571983205841543
28.722877740859985,0.019371407925033526
28.732309341430664,0.021888618638282488
28.748759984970093,0.018426305668156867
28.762856006622314,0.010922170879589525
28.77828311920166,0.005886400910837275
28.79098534584045,0.006296778959720673
28.79859209060669,0.008693096295445107
28.808299779891968,0.008839464593856924
28.815535068511963,0.007327664074271659
28.821595907211304,0.0073992350544055275
28.8370680809021,0.009095333270528985
28.85207486152649,0.008968870059329481
28.86754465103149,0.005773617333332228
28.881715774536133,0.0031919608948146995
28.89168262481689,0.004841027442230577
28.90157389640808,0.008486157967586627
28.91650009155273,0.00827857784064117
28.931215047836304,0.002703950598175319
28.94153118133545,-0.002554861496030491
28.958011150360107,-0.0012965735127446058
28.972907781600952,0.005379264861545908
28.98818802833557,0.01047094114256945
29.00420641899109,0.010009410189253854
29.015102863311768,0.0076923178681258236
29.024693250656128,0.009149087431643001
29.03981733322144,0.013944942666928993
29.05626940727234,0.016399326707823885
29.071784496307373,0.013799119799949695
29.08173680305481,0.010223220034022991
29.09163546562195,0.010605603537262497
29.10659074783325,0.01363763410153756
29.12190413475037,0.013695716283590925
29.13122248649597,0.009028433862214188
29.14683151245117,0.004542688453299935
29.162332773208615,0.005217495335360182
29.17510724067688,0.009304161036640021
29.18238139152527,0.01063046138332097
29.197858333587646,0.006676389481346053
29.21322536468506,0.001365514114746003
29.228365898132324,-0.0008549547654644394
29.24354767799377,-0.0009514233909907049
29.251627683639526,-0.0028839253253589636
29.261383056640625,-0.006694946130659391
29.273764848709103,-0.0076091689788755825
29.289051294326782,-0.0029469157155705026
29.304949283599854,0.002975332589586224
29.3207790851593,0.0034683397928613486
29.3359694480896,-0.0021116735909752285
29.35182476043701,-0.007477980709670949
29.37451267242432,-0.007439334516118924
29.391398191452023,-0.004253467758650112
29.40653824806213,-0.004010161074703927
29.424814462661743,-0.008190418777894073
29.441466093063354,-0.011907857864771016
29.45752954483032,-0.010968825668484446
29.464800357818604,-0.00771755051962856
29.47450399398804,-0.0075298596858454055
29.49143958091736,-0.01107072550002848
29.498896837234497,-0.013365492698429854
29.509361028671265,-0.010988327139264077
29.52458930015564,-0.007081139189998319
29.531635284423828,-0.006969817342475432
29.541237354278564,-0.010556605164487516
29.55771040916443,-0.012351593538082012
29.564685106277462,-0.009193946087493528
29.58021759986877,-0.004745375739412642
29.595993995666504,-0.0043981707560892145
29.607399940490723,-0.007857212606435363
29.623643398284912,-0.009867245269632618
29.64356064796448,-0.007836491983812484
29.659176349639893,-0.005340855219877439
29.67480421066284,-0.0066177301544896065
29.69085907936096,-0.010169419986434093
29.70613121986389,-0.010755978409145595
29.71535587310791,-0.006941919836351599
29.73109531402588,-0.0034581457933415536
29.74612522125244,-0.0049856835242235754
29.76168918609619,-0.009945334437050321
29.772027492523197,-0.01275797010695131
29.786996364593502,-0.01124370345699064
29.80293345451355,-0.008921062518275147
29.81518054008484,-0.00943360876399362
29.82495331764221,-0.011412688646337465
29.84009313583374,-0.01108793702965365
29.85516619682312,-0.008524405084208772
29.86439156532288,-0.008048162460699915
29.87387204170227,-0.011931814830315529
29.881683588027958,-0.01649498311048261
29.891557216644287,-0.01669951713219947
29.908533334732056,-0.01310892561826852
29.92381715774536,-0.011190680886573412
29.93956708908081,-0.013496622451184189
29.957808017730716,-0.01570070477797036
29.96488356590271,-0.012586012601650433
29.97951102256775,-0.006032379281882954
29.99473190307617,-0.0036495981518940993
30.00748038291931,-0.009301839540510904
30.01499438285828,-0.018042601156340494
30.024524688720703,-0.02215583757145463
30.03446340560913,-0.020175478929404602
30.045143604278564,-0.017290298748735396
30.060678720474243,-0.017608239214022603
30.07654309272766,-0.019342682905952452
30.090984106063843,-0.018987804186927228
30.09839415550232,-0.01763769576735814
30.10801100730896,-0.019884261078835345
30.115298986434937,-0.026722613560335225
30.13001775741577,-0.032882464413123424
30.14538311958313,-0.033041749531105974
30.157185554504395,-0.028692769766377385
30.17807412147522,-0.026125170992386156
30.18492031097412,-0.028222668098858848
30.200219869613647,-0.031297274010656975
30.215351819992065,-0.030934865973830366
30.230345726013184,-0.02821570087658347
30.24047875404358,-0.027589627741801383
30.247849464416504,-0.02993027165111121
30.258326530456543,-0.031136620605487515
30.265117645263672,-0.028407493134739753
30.280144214630127,-0.025044398509558898
30.296222448349,-0.02654500039633001
30.31171178817749,-0.03310812538656252
30.324196338653564,-0.03901107662707732
30.332881927490234,-0.04000409123264417
30.34001517295837,-0.03870376537090445
30.35586953163147,-0.040606327909192164
30.371542930603027,-0.046350519381052224
30.38754439353943,-0.051033317370918
30.3984215259552,-0.05133635304095188
30.40812349319458,-0.05016723327649504
30.418367385864254,-0.052179874019124876
30.43315887451172,-0.0566950489834279
30.44865202903748,-0.05835395046295959
30.45712614059448,-0.05471601647675748
30.47482204437256,-0.04987165705995844
30.48430109024048,-0.04872071349617267
30.4982705116272,-0.050013158714172126
30.51377868652344,-0.04818628794153963
30.529664993286133,-0.04154227662164356
30.540366172790527,-0.035232798842392415
30.54844355583191,-0.0347668944490266
30.558177947998047,-0.03895907834810298
30.57318687438965,-0.04186426949408354
30.5888466835022,-0.04072661161530917
30.60465121269226,-0.03887433591658532
30.61501836776733,-0.03989019809736728
30.62496066093445,-0.04175653788659966
30.63167691230774,-0.039569073958712515
30.63839745521545,-0.032944060832151206
30.65397024154663,-0.027295964014083733
30.66440176963806,-0.02689411375922403
30.679677724838257,-0.029477046265549027
30.694397926330566,-0.030034143753318972
30.70983076095581,-0.02827336604087438
30.725303649902344,-0.029036387376062563
30.740522384643555,-0.03495686996818569
30.755821704864506,-0.041805211532389495
30.771350622177124,-0.04345806680987631
30.786540269851685,-0.03993081891417486
30.802541255950928,-0.03728920974347185
30.8174991607666,-0.03933467405972535
30.83329391479492,-0.04244179931116499
30.840580463409424,-0.040653241111489796
30.85700821876526,-0.034026604870819196
30.864673137664795,-0.028866979462656144
30.87954616546631,-0.02963238196498419
30.894999504089355,-0.033435622985034594
30.910730600357056,-0.03422884516419748
30.92194247245789,-0.030652042229876664
30.937615633010864,-0.027044486413470622
30.952834844589237,-0.02688711973336046
30.97481918334961,-0.028166909427489447
30.982768774032596,-0.026878292642261707
30.99791359901428,-0.02314409800361709
31.01355004310608,-0.020998450285962342
31.029019117355347,-0.022400057693616443
31.045076370239254,-0.02448692442387456
31.05507183074951,-0.024132819782100128
31.07010388374329,-0.0228901162593403
31.086026906967163,-0.02459453771024219
31.10206913948059,-0.02870638536395802
31.114898204803467,-0.02932879852500573
31.124473094940186,-0.022350275203517456
31.140177011489868,-0.011369571574906317
31.15598702430725,-0.003995756571819706
31.171299934387207,-0.003160969060657922
31.19157838821411,-0.004915145078905751
31.20691156387329,-0.004987551090755939
31.22219204902649,-0.004343145998702648
31.237624883651733,-0.006088126068082867
31.253111124038696,-0.008933263123805909
31.269060611724854,-0.007437332198832457
31.28409242630005,0.0006585692406520251
31.298782110214237,0.010302452820643007
31.31434392929077,0.014555003814124614
31.323851585388184,0.012731574498454565
31.332175970077515,0.010515295769880069
31.342052221298218,0.012216872446282502
31.35744023323059,0.015847118695062862
31.373445987701416,0.017260804753382156
31.39121127128601,0.01689177280034212
31.408000230789185,0.01933058310626647
31.42367196083069,0.02631816058586993
31.439030170440677,0.03310899101329714
31.454772233963013,0.03374587917834205
31.46474862098694,0.02860282904032807
31.479931354522705,0.02415960875813534
31.495555877685547,0.025183402112194962
31.51143312454224,0.029609988781081873
31.52388048171997,0.03253089370163462
31.53177070617676,0.03308254503600511
31.54122400283813,0.034444011959586567
31.55643367767334,0.03768263985403196
31.57206964492798,0.0393754090009005
31.587519884109497,0.037084277337302615
31.598050594329838,0.03448038783369284
31.60783624649048,0.03764765801316543
31.615057229995728,0.04675418011786287
31.622008323669437,0.05463261773871049
31.63811087608337,0.054956838161158386
31.653759002685547,0.0497450234734266
31.668896198272705,0.046691270673679876
31.68467164039612,0.050110148440601784
31.701996564865112,0.05709484462926579
31.71430921554565,0.06284244392298427
31.729471921920776,0.06693027246582586
31.740910291671756,0.07209841136786455
31.757842540740967,0.07834927680992976
31.77598524093628,0.08167505880955035
31.79015278816223,0.07954398478120175
31.80559873580933,0.07513958714934044
31.814292192459103,0.07387143361740264
31.82950210571289,0.07660954799566466
31.84491229057312,0.07887065455551773
31.86064648628235,0.07701028727935683
31.876250982284542,0.07280674307404975
31.890522956848145,0.0702679844101608
31.905977249145508,0.06959789834582192
31.92642307281494,0.06720309425446416
31.94044804573059,0.06170494681221071
31.95620584487915,0.05695703878075561
31.96498703956604,0.05716018955158061
31.97426462173462,0.060723923293908695
31.984633684158325,0.06189279310829972
32.000680685043335,0.05838426345281504
32.015458822250366,0.0544121100788892
32.03107237815857,0.0546152906489928
32.04149556159973,0.057365464017624546
32.051353454589844,0.057016809728937606
32.06005787849426,0.05195601444491878
32.076082706451416,0.04701567325277684
32.091055154800415,0.04682989530295752
32.10664367675781,0.0494769975129453
32.12292981147766,0.04926715907706784
32.13896203041077,0.044789865958297745
32.15462946891785,0.04112555527916563
32.17071509361267,0.0430862341470984
32.18130397796631,0.048511926107199496
32.19104194641113,0.05072449514187939
32.20200181007385,0.047061160399617274
32.214341163635254,0.042167267270508645
32.231202840805054,0.04171291317032034
32.24642252922058,0.04515550591316719
32.25701665878296,0.04725178412358825
32.26497793197632,0.04568266078296893
32.27463364601135,0.04382410174245177
32.28931307792664,0.04508185379170095
32.3047137260437,0.04743468262484772
32.32082486152649,0.0462570850697614
32.33612036705017,0.04126268779874144
32.35141897201538,0.03744274541504974
32.36733293533325,0.03855417205865315
32.38307595252991,0.042203103933033496
32.398619651794434,0.04310439450733938
32.407021284103394,0.039737344767268104
32.414620876312256,0.03538735131128193
32.42488098144531,0.032860656702512696
32.434574127197266,0.030894258104626364
32.449323654174805,0.02717678508649643
32.46406698226929,0.022891569674194617
32.48043394088745,0.021567350511986088
32.4925377368927,0.02370165283812037
32.49939823150635,0.025212293347485315
32.5107147693634,0.022557892367974
32.52378058433533,0.0176870852269088
32.53972864151001,0.015694192414064338
32.555320739746094,0.018018433678724573
32.56503248214722,0.02056957790421393
32.5735445022583,0.019708557720000672
32.58901405334473,0.017808020526230782
32.605607748031616,0.02003704524095316
32.62070155143738,0.026228983663183682
32.63086128234863,0.029364553929934097
32.64345598220825,0.023791935001617314
32.658819913864136,0.012853742085622214
32.674309968948364,0.005720280782325692
32.690271854400635,0.0071261627397907965
32.69826078414917,0.012825077552522265
32.70790219306946,0.015831282404431726
32.71518898010254,0.014541687628083468
32.73008990287781,0.012423819978275987
32.746174812316895,0.011336084727433277
32.75713109970093,0.008945864361841187
32.764779806137085,0.0036401702418800393
32.7796425819397,-0.00122044781585627
32.79479241371155,-0.0008357720567540258
32.81018304824829,0.004344613986184835
32.825432777404785,0.008467564522122146
32.84066414833069,0.007314827575895914
32.8482186794281,0.003069791863456132
32.85794186592102,0.0005115328400073288
32.86534881591797,0.0002016468289181045
32.88099241256714,-0.0017931997033319984
32.896562576293945,-0.007395918855112396
32.91200923919678,-0.012642479674751924
32.92377710342407,-0.012381910977862055
32.93125915527344,-0.007412738170057772
32.94167637825012,-0.004055782849763486
32.95819354057312,-0.006334438068074103
32.973543643951416,-0.01115733035754141
32.98890423774719,-0.012841738053729027
33.00487518310547,-0.010531044153490866
33.02045798301697,-0.00832947221638608
33.03609347343445,-0.008514855562565067
33.05152368545532,-0.008028784211926272
33.073694705963135,-0.0034285856408188342
33.0808527469635,0.0030672101319729993
33.09146738052368,0.005521397649262592
33.10723352432251,0.0017519877399677065
33.13120627403259,-0.004058273354538422
33.14767360687256,-0.007092554164901134
33.163233518600464,-0.007792183888724721
33.17429304122925,-0.009821731796912451
33.1913857460022,-0.01350493710314308
33.20767831802368,-0.014652431737623848
33.2233772277832,-0.010890873566604117
33.239469051361084,-0.006392924095790374
33.24809980392456,-0.007476489811464124
33.26439070701599,-0.014312497605880206
33.27874970436096,-0.020108965116647504
33.294498682022095,-0.019419459636561703
33.3102662563324,-0.014680697484667313
33.32791876792908,-0.01230728191220932
33.34344172477722,-0.013945378234898187
33.35703492164612,-0.014974233516515865
33.364168882369995,-0.011903609696899098
33.37371110916138,-0.007768674601095596
33.38978290557861,-0.0077460088039701174
33.40630650520325,-0.011344489535957897
33.421597957611084,-0.012480609369062104
33.43700623512268,-0.007636349182224925
33.44751334190369,-0.0009276146966848176
33.456947565078735,0.0008231343592680603
33.46464920043945,-0.003755910675154743
33.47477102279663,-0.009940152395852253
33.48419737815857,-0.013761754903012386
33.49593186378479,-0.016334472699259486
33.51195573806763,-0.020100043503131517
33.52721619606018,-0.023442096177808257
33.54300093650818,-0.022285032573923516
33.5580792427063,-0.01665316795725064
33.56548571586609,-0.01227085604206637
33.581871509552,-0.013906485738292042
33.59762787818909,-0.019189231046364857
33.60711431503296,-0.021730627191581565
33.61482906341553,-0.019740766644068736
33.62470364570618,-0.018409078927398667
33.63763093948364,-0.02259987085598855
33.65317630767822,-0.029784423434967254
33.66850280761719,-0.03295052747367444
33.6906533241272,-0.0295717777997753
33.70578336715698,-0.024540099916485245
33.714173316955566,-0.02347190842039297
33.7292206287384,-0.0258757519814027
33.74096441268921,-0.02725177184820128
33.759217500686646,-0.02639261788828045
33.77436447143555,-0.027114235869931155
33.78950548171997,-0.032036662228224544
33.80475997924805,-0.03772019123988085
33.819998264312744,-0.03864045673872269
33.83582282066345,-0.03466943906111697
33.85112643241882,-0.031413215024009115
33.866708278656006,-0.03276538119421735
33.88102650642395,-0.03601744002387186
33.88878870010376,-0.036103826883257695
33.89559769630432,-0.0326771362128694
33.91080284118652,-0.030127941766334158
33.92633581161499,-0.030968651987942578
33.94032669067383,-0.0321928838054743
33.94809603691101,-0.02965728488613014
33.95793414115906,-0.024131130062053453
33.96498489379883,-0.020431497237473055
33.97975564002991,-0.020911577365033962
33.99494934082031,-0.022567846104988718
34.00763273239136,-0.021828296065099725
34.01474213600159,-0.019977088887382262
34.02462577819824,-0.02116594900803451
34.040226459503174,-0.025832553815522588
34.05495834350586,-0.029410283032375223
34.06453824043274,-0.028756399144547286
34.07366108894348,-0.027167838392818427
34.08149027824402,-0.030226997214857294
34.091087341308594,-0.03768964358364349
34.101059675216675,-0.042762419440524044
34.11618375778198,-0.04031731589317129
34.131648540496826,-0.0333525532791243
34.14043951034546,-0.029244261709092216
34.14807105064392,-0.030777070949804943
34.15794229507446,-0.03343002788136222
34.16492056846619,-0.03182598205824806
34.181013345718384,-0.026445452645042035
34.19061613082886,-0.02202033662251654
34.20661449432373,-0.020539159936785397
34.214338064193726,-0.018885616268758607
34.22441267967224,-0.014213969353604989
34.23432636260986,-0.008925800059157708
34.2496132850647,-0.007602752128510258
34.26486039161682,-0.010084970252396531
34.2735550403595,-0.010947995333588055
34.28160500526428,-0.00666506607324089
34.29690480232239,-0.0005140557441200707
34.31213450431824,0.0017706179972565954
34.327723264694214,-0.00041786164107560173
34.340375661849976,-0.002190642858838188
34.34813642501831,-0.00013839503885123335
34.3580174446106,0.0033674055763845147
34.365074157714844,0.00423504283610109
34.381433963775635,0.002633546104267672
34.39582395553589,0.0020597537100110423
34.41114330291748,0.0031270189334477593
34.42707943916321,0.0017136582100273018
34.44247889518738,-0.005014381363426296
34.44957900047302,-0.012938145011282003
34.46065831184387,-0.014474153706092053
34.47600865364075,-0.007807621463913832
34.491978883743286,8.662662811069065e-05
34.50773644447327,0.0012096800493729186
34.523370027542114,-0.004404228803503548
34.539244413375854,-0.009635240732080146
34.54811382293701,-0.00941033939800531
34.55794811248779,-0.005931178073187828
34.57193994522095,-0.004106575327057546
34.586647510528564,-0.004650912571406774
34.60239362716675,-0.004319331241550005
34.6184139251709,-0.0017872360683391674
34.62564778327942,-2.4782584151361716e-06
34.64116978645325,-0.0017604271444118256
34.6565887928009,-0.00539432871011762
34.67145347595215,-0.007124084617222271
34.68139100074768,-0.006591427848126585
34.69131684303284,-0.007209737933831412
34.70084881782532,-0.010556156715626212
34.71615982055664,-0.013156169134042559
34.731730937957764,-0.010975450570035709
34.74026441574097,-0.005682408304508895
34.74800968170166,-0.003602110015681606
34.75771522521973,-0.00811823634631092
34.76489734649658,-0.015389613356755642
34.78023672103882,-0.01903287354656371
34.79562854766846,-0.017673544280285558
34.80677247047424,-0.015662464452863546
34.824962854385376,-0.016449045815082216
34.84763693809509,-0.017903763517137322
34.8568971157074,-0.01606103122266166
34.872525215148926,-0.011794981104714199
34.89057731628418,-0.010445446455091456
34.898019313812256,-0.014361930040555661
34.914077281951904,-0.018914290650777845
34.92900252342224,-0.018113958459237148
34.944342851638794,-0.012408156536887305
34.958484172821045,-0.0079373010048233
34.97048020362854,-0.008405364303202201
34.980883836746216,-0.010799732982798713
34.996277809143066,-0.010422696973721082
35.01215171813965,-0.007686678591812616
35.02375912666321,-0.007199422252537872
35.03143548965454,-0.010907335345886697
35.04120993614197,-0.015233806589934238
35.05192232131958,-0.01602210802743111
35.067219734191895,-0.013930925604666081
35.08116960525513,-0.012722980081945471
35.090943813323975,-0.013436013008495125
35.10760545730591,-0.013211967206521293
35.12579798698425,-0.01041420996701738
35.14051580429077,-0.008157632161687077
35.15563941001892,-0.010415889580496773
35.17721700668335,-0.015801681705009618
35.19303846359253,-0.01822132704142349
35.20853233337402,-0.014397714348027788
35.22363495826721,-0.008320614324245502
35.230963945388794,-0.006357920730628001
35.24136304855347,-0.009434974364326294
35.24779987335205,-0.012631439563248078
35.26298427581787,-0.012161206239532181
35.27830266952515,-0.009792084750461888
35.29043674468994,-0.009081581874077885
35.3075807094574,-0.009562066494949709
35.31922745704651,-0.007477620917148257
35.33438014984131,-0.00192483702726795
35.35029149055481,0.0026921525180036935
35.36626935005188,0.0019487086481916167
35.38179421424866,-0.002624300412030302
35.39271593093872,-0.005448053296632061
35.39830708503723,-0.004469592385485753
35.414222955703735,-0.00393145796836041
35.430935859680176,-0.008224063510382195
35.44663429260254,-0.015253941823792506
35.46249175071716,-0.018708604588416416
35.477344036102295,-0.01628554492347009
35.493125438690186,-0.012637833532642868
35.50837278366089,-0.013039854119831858
35.52332830429077,-0.016394842909115335
35.531311988830566,-0.01700337746867061
35.54109239578247,-0.012600201889926417
35.55659604072571,-0.007628708709168818
35.56413292884827,-0.007248464290040615
35.58012080192566,-0.010487900199298815
35.59545397758484,-0.012175653516461707
35.61082935333252,-0.010700222177697071
35.625715017318726,-0.010192853334263707
35.63975930213928,-0.013807029907237535
35.65523743629456,-0.0178540159118731
35.67033505439758,-0.015747660664933296
35.68989300727844,-0.006929796940106175
35.69735050201416,0.0014522628473207352
35.714252948760986,0.002810501345988651
35.72944474220276,-0.0014196959336808422
35.74500131607056,-0.004655046537049587
35.756468772888184,-0.0038939862032804726
35.77162504196167,-0.002462725191430443
35.78700852394104,-0.003944654395971896
35.798017740249634,-0.006644823221542051
35.814780712127686,-0.006441587143794163
35.82906126976013,-0.003463873939290828
35.84495186805725,-0.002495311055234562
35.85737442970276,-0.006137881609042831
35.864662885665894,-0.010497366549003918
35.87444496154785,-0.009923059032909172
35.891340494155884,-0.004499587945470047
35.907079219818115,8.59235201586115e-05
35.922908782958984,7.293214079977933e-05
35.94351077079773,-0.0018992530474775241
35.95954084396362,-0.0012827946929841129
35.9750440120697,0.001698527670603705
35.98995661735535,0.002778122661065339
35.99795484542847,0.00048487895191394285
36.0076322555542,-0.0011263865345478808
36.015056133270264,0.001842054359269948
36.03043818473816,0.007048341164521396
36.04556775093079,0.008454977949971
36.0605092048645,0.004484447183476327
36.076295375823975,0.0005356289690756771
36.09187841415405,0.002038936542578869
36.107983112335205,0.0073332259640263115
36.1233446598053,0.010121047412476412
36.13120341300965,0.008101917791180125
36.14130854606629,0.005832311095457198
36.1620512008667,0.008004067805930834
36.173640966415405,0.012755063978098054
36.18895840644837,0.014378175662958084
36.20431613922119,0.011414354308097055
36.21423768997192,0.008673168507203975
36.22980451583862,0.010459695602680294
36.24515318870544,0.014564615177558788
36.26068043708801,0.015304980653584193
36.274407386779785,0.011238638959266757
36.29031419754028,0.006873984676453974
36.30554008483887,0.006329998182027577
36.3209068775177,0.008148617997798636
36.33137512207031,0.008409359668621793
36.347633838653564,0.007040665670265903
36.36277437210083,0.0076931173750148735
36.378382444381714,0.011425603750061717
36.3900408744812,0.014025808605401185
36.39811682701111,0.011583161784232073
36.40771865844727,0.0064835840008024784
36.42421054840088,0.004800720688040901
36.440040826797485,0.00822825728909089
36.45539402961731,0.011807570184132563
36.46454095840454,0.010919204199050268
36.47998905181885,0.007979442709269334
36.49564385414124,0.009334480234004352
36.51103830337525,0.016304139846852042
36.52369141578674,0.022642322194853255
36.53137159347534,0.02209139044212718
36.54120421409607,0.01599315836234745
36.55111312866211,0.011077381322180679
36.56152367591858,0.011027748957979928
36.57359194755554,0.013226594087221074
36.5894787311554,0.013923154877214437
36.59764742851257,0.013365033188806892
36.607462882995605,0.013723278644023937
36.623445987701416,0.014055809760252684
36.638978481292725,0.01091959161056842
36.65487742424011,0.004365737164338175
36.66460967063904,0.00021011472792334136
36.67455887794495,0.00392105764349883
36.68482255935669,0.01341647437912266
36.69984292984009,0.020583041306046306
36.71412110328674,0.020195510785698027
36.72978615760803,0.01510140709759858
36.74495530128479,0.011528450603445602
36.76095080375672,0.011297285409787326
36.77683138847351,0.011126688002092173
36.79284596443176,0.00904836409661475
36.80807399749756,0.008313804581468524
36.82370376586914,0.012923213367571958
36.839717626571655,0.02081935157627135
36.85506200790405,0.024648015108039278
36.863990783691406,0.020100827757255704
36.88085985183716,0.011274195495514904
36.8900580406189,0.005896891180742925
36.898162603378296,0.006554683533902763
36.90819072723389,0.009170900321585712
36.92360591888428,0.009905255540407398
36.9387571811676,0.010284583483544704
36.947686195373535,0.013564063199317607
36.95782685279846,0.01833872075478709
36.96469974517822,0.019418201617348807
36.97500133514404,0.015113661532793116
36.981812953948975,0.0103786211174182
36.99102425575256,0.010952410923695043
37.00630116462708,0.01636598173793146
37.02246975898743,0.021151182596441713
37.03172659873962,0.02212887478239211
37.04122543334961,0.02163911193879864
37.05677056312561,0.022890380471475853
37.07217764854431,0.02478447996901103
37.08789658546448,0.023778399274186894
37.09749412536621,0.019735276272268336
37.107717514038086,0.016835856632969593
37.12179112434387,0.017944350114430484
37.13700222969055,0.020571372581818376
37.15253806114197,0.02042918740990258
37.1682231426239,0.01755409282487497
37.18383884429932,0.01608948898430694
37.19075846672058,0.017888866673244744
37.202245473861694,0.01924751454971508
37.21762228012085,0.016013466699314145
37.233205795288086,0.010317891245335956
37.24843883514404,0.009075242623029826
37.258336305618286,0.015283796687285502
37.275665283203125,0.023495224079665807
37.29103875160217,0.025951238962745052
37.30669641494751,0.021719845493921995
37.32193279266357,0.016985320355939162
37.33123278617859,0.01651880942429977
37.34834361076355,0.018067931007237602
37.36259579658508,0.016832751632050176
37.37757706642151,0.013044917507514069
37.39010071754456,0.011763479823242752
37.39798855781555,0.01532823076634172
37.40762138366699,0.019363079426971543
37.413880348205566,0.018334304700914447
37.42665100097656,0.013208576769260669
37.44020867347717,0.010466366798394537
37.45577073097229,0.013541993266422518
37.47172951698303,0.018347934876532457
37.490262031555176,0.018904638849421774
37.49732542037964,0.015131343251925014
37.513211250305176,0.012236116399710147
37.52892971038818,0.013187701633799245
37.54031419754028,0.015107311748100472
37.54826903343201,0.014246666658179235
37.55807638168335,0.011905257534973287
37.57298946380615,0.012661418356365545
37.587841272354126,0.01758321426675019
37.60369062423706,0.02230240766121932
37.61917042732239,0.022743596049710962
37.64044666290283,0.020245992054285733
37.65584564208984,0.018786837322140214
37.67192602157593,0.018572050970951944
37.68719434738159,0.015610692426810485
37.702399492263794,0.008195389630452219
37.71461629867554,0.0009052999923456302
37.72428965568543,-0.0002471361318541099
37.7306067943573,0.004542017458682859
37.740211963653564,0.00891568698433022
37.74825668334961,0.008329831724675819
37.76415610313416,0.0053157757082005815
37.77985453605652,0.005183867478342734
37.7904543876648,0.008530043457315641
37.79743218421936,0.010968050391695261
37.80789732933045,0.009949419813875725
37.81472420692444,0.00854550199080479
37.82975649833679,0.010708941116292649
37.845733880996704,0.014965027689404543
37.86098074913025,0.015909076837818482
37.87695384025574,0.011763646989373149
37.88737726211548,0.007328446927518287
37.90322232246399,0.0077847642342646125
37.91847944259644,0.01166009504016511
37.92931771278381,0.012758470082256715
37.94144797325134,0.008603682538064225
37.95661115646362,0.0038573226002022276
37.97202658653259,0.004029729302349437
37.980921506881714,0.008180190200977846
37.99726343154907,0.010581348472370885
38.00689101219177,0.00877089338894951
38.0142822265625,0.006647410191229358
38.02451825141907,0.008469600626927701
38.03261542320252,0.012472601867822359
38.043336391448975,0.013202695865155727
38.05670404434204,0.009223384489773091
38.07193636894226,0.005248865256901186
38.08744788169861,0.005676747121029775
38.103111743927,0.008639378286468265
38.11837577819824,0.008889461330044169
38.13098001480103,0.005275711468331944
38.14624667167664,0.002136121817664366
38.16195940971375,0.0027898986916246584
38.17263197898865,0.00472637867112029
38.18777060508728,0.003603633875165905
38.203017473220825,0.0002496138435663523
38.22395396232605,0.000163820222666326
38.23906946182251,0.005652712287652952
38.25441789627075,0.011684884421040438
38.26999044418335,0.011880681753158184
38.281227350234985,0.006889610241341545
38.29092860221863,0.0036671985893257206
38.29983162879944,0.006407147300877945
38.31583285331726,0.011297050100877868
38.33125805854797,0.012021055855165249
38.34598231315613,0.008255238040804767
38.36160039901733,0.00558552357214255
38.377002239227295,0.007417543218603807
38.3929135799408,0.010393253220378013
38.40877079963684,0.009447014530870462
38.41470336914063,0.0049837991433159205
38.42327356338501,0.0020903214116821892
38.44366359710693,0.003323673632427953
38.45222783088684,0.005527722863473408
38.46001768112183,0.004857835668772132
38.47607350349426,0.0022800961795514827
38.49164295196533,0.0015219327856209265
38.50727915763855,0.002810451524855896
38.51460075378418,0.0019798472798765064
38.52976584434509,-0.003358978874440764
38.54607057571411,-0.009485009533092406
38.56146287918091,-0.010882656590497822
38.57724404335022,-0.007756399461731253
38.59092426300049,-0.006166309292018546
38.60627627372742,-0.010107106159382004
38.62186455726624,-0.016278245722752716
38.640854835510254,-0.018829205387301835
38.656858682632446,-0.01748168817435337
38.663798093795776,-0.01769389981271919
38.6796088218689,-0.02271368587918871
38.69508743286133,-0.028727572225590022
38.70754313468933,-0.029947338671960907
38.71592688560486,-0.026574048280567843
38.72729706764221,-0.02455365995908895
38.742539405822754,-0.027481844053479487
38.758299112319946,-0.03192859605313188
38.77435326576233,-0.03255166066071643
38.79009652137756,-0.0296409591849054
38.80565023422241,-0.02853620240638971
38.821147441864014,-0.03193577889838871
38.83655452728272,-0.03599709962224504
38.8574607372284,-0.03563838046139842
38.8724570274353,-0.03152470196739801
38.88787865638733,-0.028951784472726925
38.90733933448792,-0.030288993822720243
38.915212869644165,-0.031682696259045184
38.92545986175537,-0.02864601657517859
38.94116282463074,-0.02257479274861264
38.95645904541016,-0.018972820049171994
38.97215104103088,-0.02000209954365465
38.98099780082703,-0.021969470301579648
38.99105262756348,-0.021135734088104922
39.000502586364746,-0.019268107811062102
39.01639151573181,-0.020809593784014042
39.03171157836914,-0.025702626354315024
39.04769206047058,-0.028401262283060676
39.05663752555847,-0.02504821647763135
39.0645740032196,-0.019073038443223764
39.074870586395264,-0.017187567831012072
39.0893030166626,-0.020821968263535943
39.10437488555908,-0.024397045852087344
39.11997222900391,-0.022651293997575653
39.131187915802,-0.017157456123820643
39.14068579673767,-0.01360600637891433
39.15042471885681,-0.014100165130436855
39.16645288467407,-0.015087526007898165
39.18254208564758,-0.013199097556189997
39.19821119308472,-0.010225904597078304
39.20925784111023,-0.010189594995105732
39.22523355484009,-0.013102541855353044
39.24094820022583,-0.014725505909212915
39.2564537525177,-0.012766915054374443
39.27198243141174,-0.010415852621604303
39.287172079086304,-0.011747865781039785
39.30235695838928,-0.015398516635116103
39.31780910491944,-0.015883437228075017
39.3329668045044,-0.011236966499490544
39.34841990470886,-0.006272636572068434
39.36427330970764,-0.006483645909245036
39.379727602005005,-0.010714600874260016
39.395171880722046,-0.01268977228781511
39.41098761558533,-0.009355457146301985
39.42764115333557,-0.0047163592820846575
39.44318413734436,-0.004234819056763772
39.4592764377594,-0.007773264594190664
39.474528551101685,-0.01057306304949383
39.49038243293762,-0.010225492633428444
39.49724268913269,-0.009467687143886655
39.51310563087464,-0.011174792294855506
39.528470516204834,-0.013416743232397233
39.54118537902832,-0.012204424125234418
39.55812406539917,-0.007973766103984859
39.572556257247925,-0.005964788641175367
39.580443143844604,-0.00927598490028803
39.59620404243469,-0.014192213511828637
39.60732579231262,-0.014680676075121326
39.62320947647095,-0.010241705444388212
39.638248920440674,-0.006424905057052407
39.65417909622192,-0.0072495142892211595
39.66418671607971,-0.009851282421931687
39.6743266582489,-0.008648952671948106
39.69057297706604,-0.0033027806983455177
39.70601058006287,0.00045839080029783086
39.72170305252075,-0.001709910991893289
39.736990213394165,-0.007201735579777975
39.74804449081421,-0.01019587237433035
39.76393532752991,-0.009237072067476454
39.77923560142517,-0.008234491131093404
39.789698123931885,-0.010064301756333818
39.797698974609375,-0.01228755897467139
39.80818033218384,-0.01100744225585306
39.814621448516846,-0.006938201687437497
39.820995807647705,-0.0046033757964326245
39.83668828010559,-0.005669845158017012
39.85231876373291,-0.006142607042423775
39.86756634712219,-0.0018139269175755125
39.88125634193421,0.005519162739963552
39.89094066619873,0.009923267888924905
39.90054750442505,0.008853545201157094
39.91600942611694,0.005958465018096135
39.94072270393372,0.005434657232101903
39.9573917388916,0.006009381176239139
39.974064350128174,0.003064591995427829
39.98988223075867,-0.004048066860271292
40.00599241256714,-0.00989538195179837
40.01394748687744,-0.009416689501504788
40.0243706703186,-0.004332791200126413
40.03402042388916,-0.0007527333241699975
40.04933667182922,-0.0013529734192740516
40.06421256065369,-0.0028643279343028216
40.073333740234375,-0.001843515003468927
40.08104872703552,-2.6290161666485314e-05
40.09069609642029,-0.0015121064305397827
40.10024905204773,-0.006026062624476258
40.10853457450867,-0.008355032611770521
40.12411117553711,-0.0053074133661437164
40.1395366191864,-0.0005115093741447263
40.15496754646301,6.007256111357118e-05
40.178149938583374,-0.003967288356165981
40.1845452785492,-0.0068466850161953575
40.19706392288208,-0.004378815094496141
40.21281123161316,0.0007096976087954785
40.22330355644226,0.002844218368013473
40.23123002052307,0.0011303529036099055
40.24073338508606,-0.0001669147063695336
40.250569581985474,0.0015991245572535675
40.265729904174805,0.0034453656176236316
40.28056740760803,0.001296765188657628
40.2964391708374,-0.003514679220572422
40.30698871612549,-0.005282229254133621
40.31430172920227,-0.0013994466195488015
40.32396864891052,0.004008893135709607
40.3339273929596,0.005457158066489354
40.3492910861969,0.0031754968291078803
40.364728689193726,0.0022199364042680366
40.38023591041565,0.005076767229067143
40.39649224281311,0.008216793163995654
40.40475416183472,0.0072239894373071715
40.41998267173767,0.002929187399420572
40.43564796447754,-0.00011704574985706129
40.45111250877381,-0.00023498078538807497
40.46500110626221,-0.0005430788512699928
40.48042440414429,-0.003612185581202699
40.49661445617676,-0.006956106525788563
40.5118420124054,-0.006219378947434142
40.52289080619812,-0.0016296919541564526
40.5312237739563,0.0017222538724519
40.540810108184814,0.0006273265015312979
40.54851651191712,-0.0017341606057098172
40.55714535713196,-1.2325059484707837e-05
40.57304811477661,0.00593765698029526
40.58898949623108,0.010673065756521992
40.6045184135437,0.010417597999262096
40.614985704422,0.008023646524841568
40.63065671920776,0.008794524673701747
40.64708161354065,0.012948876251319316
40.66250467300415,0.015209836952602637
40.67323398590088,0.012170983569318576
40.68097805976868,0.007315304082889067
40.69081425666809,0.006719536923609747
40.69947719573975,0.011147168430085992
40.7152214050293,0.015073220627218404
40.73068404197693,0.013768176615123275
40.74630618095398,0.00886503144333377
40.75668239593506,0.005328534701024933
40.76441431045532,0.004660474021157933
40.77419590950012,0.003861388700920254
40.790069341659546,0.0009617870671721975
40.80601763725281,-0.0014281446539446407
40.813809633255005,0.00011367358648388306
40.82403206825256,0.00427735640326355
40.84088087081909,0.006069773000248479
40.84815406799317,0.003449463392427091
40.857364654541016,0.0002629574561283886
40.87297511100769,0.0010428843288029423
40.8878960609436,0.004694495822873479
40.90314817428589,0.005941535244526118
40.91832995414734,0.0026825682012948555
40.930492639541626,-0.0009574763477222148
40.94698882102966,-0.00021605762584598568
40.95656943321228,0.0037928366266331316
40.96454095840454,0.005687385563320815
40.97440052032471,0.0032974537346630453
40.98737668991089,0.0006130017661838686
40.99472570419312,0.002125591994071173
41.01022982597351,0.006471489274906594
41.02581739425659,0.00827554213420223
41.039923429489136,0.0056334663255196305
41.04759478569031,0.0027084877072390263
41.05809783935547,0.0037330055835845567
41.06449508666992,0.0068302177212442436
41.079421520233154,0.006398259559242487
41.095009565353394,0.0008306168970052897
41.11063003540039,-0.005072363951483756
41.12440586090088,-0.006201366377795274
41.147136211395264,-0.0032527532846007437
41.16276836395264,-0.0007485003082898394
41.17314314842224,-0.0003931823144974326
41.188424825668335,0.0006125386888349715
41.20428085327149,0.0043524836791375724
41.21428918838501,0.00822479612621039
41.22932887077332,0.008333148951331127
41.2448718547821,0.005380649355685281
41.256714820861816,0.004277086366758945
41.264265060424805,0.007491978549228577
41.273948431015015,0.011307179490162442
41.28345322608948,0.01049997909141762
41.29726314544678,0.005337502680467811
41.30700945854187,0.001351224896515768
41.32264065742493,0.0022314758977148444
41.34118843078613,0.005605319814399175
41.35689973831177,0.007167600571837632
41.37245464324951,0.006826836619595492
41.38798928260803,0.008052840935709848
41.40179347991944,0.011788006973827545
41.41704201698303,0.014250784848226013
41.43253970146179,0.012198306503402933
41.4476900100708,0.008108123643542377
41.46328830718994,0.007440905981562818
41.4785749912262,0.011329652400862223
41.493767738342285,0.014828741127154774
41.50666904449463,0.013392200435343988
41.51444482803345,0.008809410306469926
41.52429866790772,0.006477765844529576
41.53234720230103,0.007883758879297362
41.54299116134644,0.008798748910709163
41.55863857269287,0.005630144534831539
41.573885440826416,0.0008558074611144998
41.58958458900452,-0.00025637396743522726
41.60553526878357,0.002928627097889452
41.620734453201294,0.00542345657638005
41.63040399551392,0.0036112931077482394
41.64632320404053,0.00034823246842913703
41.65770769119263,0.0008254477780036758
41.670782804489136,0.00497960392829955
41.685911655426025,0.0073092869848852115
41.70224618911743,0.004544355283340442
41.71440148353577,0.0003984956227057624
41.72392272949219,0.0005820218252312799
41.739842653274536,0.004937118605506237
41.747103452682495,0.00770827579960456
41.76292157173157,0.005575748311895414
41.77849745750427,0.002119940488315452
41.79733419418335,0.002435440905375991
41.81319260597229,0.005622330750032859
41.82856225967407,0.005932230020468834
41.84053158760071,0.001035411877975455
41.84833669662476,-0.004307605223018537
41.86360359191895,-0.004450393330213634
41.87943243980408,-0.00030247489940914835
41.89520478248596,0.00230978465801348
41.911784410476685,0.0008445263055712206
41.92960524559021,-0.0008401209844820876
41.94461917877197,0.0012946996835143504
41.95777463912964,0.005028355426527499
41.96457648277283,0.0046886616360970685
41.97442626953125,-0.000567768188358287
41.98960614204407,-0.00484221274166025
42.00538969039917,-0.0030419621795899437
42.01436686515808,0.0023691856609983023
42.03072571754456,0.004746227296316848
42.04204297065735,0.0020768600507547943
42.05748629570007,-0.0008997307520553657
42.074278831481934,9.021364624851608e-05
42.09077525138855,0.0026669220806465367
42.10587668418884,0.0013493974935095585
42.1209454536438,-0.004226408546787523
42.14170813560486,-0.008037174793164854
42.15732932090759,-0.005243305620940084
42.17267847061157,0.001731665276931747
42.19094753265381,0.006655944731758539
42.20795965194702,0.007265076677737557
42.22335004806519,0.006671451698854113
42.23082637786865,0.007295531330501983
42.240668058395386,0.0067837362083554625
42.25775909423828,0.0020080137068150972
42.27512168884277,-0.004923206204652506
42.29002046585083,-0.008062309459042944
42.30580401420593,-0.005296340062410754
42.31485366821289,-0.0016087490126126139
42.33118844032288,-0.0027463117634545856
42.34596347808838,-0.0075337155715838044
42.36153769493103,-0.00945605923542066
42.37761807441712,-0.005559189337855149
42.39088702201843,-0.0005126040568255702
42.40598201751709,-0.00025985203624615287
42.421565532684326,-0.004054636814960037
42.43768835067749,-0.0058191351965316525
42.45709204673767,-0.0027034607216067565
42.46454167366028,0.0012078197276608246
42.479653120040894,0.0010324109033928207
42.49545097351074,-0.001897296657207924
42.5116183757782,-0.0021706199322126373
42.5242714881897,0.001635053545451291
42.53356027603149,0.004721332800559969
42.54958415031433,0.003011104912228551
42.56362986564636,-0.0007058810334572316
42.579437255859375,-0.00042872903811488026
42.59017014503479,0.004555652958227041
42.59782338142395,0.008318581345590832
42.607417345047,0.006156187946417799
42.61462616920471,0.0009064349616411897
42.630027770996094,-0.0008650071605669604
42.64524126052856,0.0025923459598974985
42.65646266937256,0.006576685854487654
42.664377212524414,0.006895963110539279
42.67425775527954,0.005236908021103737
42.6835572719574,0.0056033323839690475
42.693262577056885,0.007665116131717281
42.70641207695007,0.007207793328753179
42.72215008735657,0.003101241749370964
42.73135709762573,0.00015576829890944334
42.747347593307495,0.0029207755521619572
42.761847257614136,0.008943002727843097
42.77780079841614,0.011478035355618742
42.7900025844574,0.008421342409064697
42.79776072502136,0.0050985759930324785
42.80756115913391,0.006860500257023591
42.82376050949097,0.011648719276949913
42.839457511901855,0.01282259326240262
42.85478186607361,0.00834585144861823
42.8704195022583,0.0036509334277598023
42.88641023635864,0.004266720151484791
42.902761697769165,0.008410101371851605
42.914023637771606,0.009665948728926368
42.924147605896,0.005849498059064104
42.940812826156616,0.0017197462242066718
42.94814729690552,0.002006135668579565
42.95729351043701,0.004815201613217382
42.97333025932312,0.00479000681785386
42.988322257995605,0.0013770330154173971
43.00495457649231,0.00013171980788028814
43.01464986801148,0.004880259844235814
43.030537605285645,0.01175300991414627
43.04566192626953,0.013732959330227815
43.06117916107178,0.009659490519381607
43.0738251209259,0.005338656177224607
43.08159732818604,0.005373893974299365
43.09379029273987,0.007119922150522519
43.10661220550537,0.0049443419659786665
43.12265944480896,-0.0014658069758687205
43.13811993598938,-0.006394062006175646
43.15640544891357,-0.00576986629177233
43.17216491699219,-0.002403428715149938
43.18783092498779,-0.0016609694278926453
43.20327401161194,-0.003998174884842489
43.21439456939697,-0.004978408642030038
43.22415256500244,-0.0024155043192177926
43.2302930355072,3.0564725089035974e-05
43.24600148200989,-0.0018178239720685013
43.26131844520569,-0.006207704220202828
43.27737641334534,-0.00751816602475329
43.29319524765015,-0.004198664987159974
43.30849838256836,-0.0012799933424898445
43.324054479599,-0.003607060868410089
43.339958906173706,-0.00903863571460432
43.35606050491333,-0.011120239781830847
43.364235162734985,-0.007680428519632924
43.37466526031494,-0.00355833216410613
43.39006423950195,-0.0037584961621038486
43.4056134223938,-0.006601320972384519
43.42157578468323,-0.00641009939019105
43.44097280502319,-0.0018823672450286408
43.456265687942505,0.0017515500153907275
43.47170567512512,-4.001429298138275e-05
43.48724818229675,-0.004620280549570047
43.497387409210205,-0.005691679043490947
43.507911920547485,-0.00197039182337274
43.52406692504883,0.0010932314361255398
43.53985595703125,-0.0010829486538913445
43.554908752441406,-0.0059155134698463275
43.5644052028656,-0.007295974485434083
43.57388997077942,-0.0038885892790908013
43.58901047706604,-0.0005661887776980221
43.60381865501404,-0.0013151629669088138
43.61913275718689,-0.0037900792332445973
43.63090538978577,-0.003048549657877523
43.64071702957153,0.0011176875238013985
43.64744377136231,0.00379899147183586
43.66141414642334,0.0019862418085150675
43.6731104850769,-0.0011664402216275647
43.6884560585022,-0.0009421714452992453
43.703707218170166,0.0021787065297609993
43.72228002548218,0.0033835863823936958
43.73834037780762,0.000739265732127627
43.74727272987366,-0.0017605853330759798
43.76381039619446,7.248794250342989e-05
43.774033308029175,0.004159726932903146
43.79587507247925,0.004423935542612364
43.81138467788696,-0.0008422262151165788
43.827051639556885,-0.005992465060262561
43.83430051803589,-0.004980206008694652
43.85005259513855,0.0007372137388223015
43.86575055122376,0.003927439229651783
43.88076400756836,0.0007302290349346673
43.88975930213928,-0.004902527316758471
43.904948234558105,-0.007059851421165244
43.92047119140625,-0.005584924884595558
43.936004400253296,-0.005137933600124246
43.95124912261963,-0.007647332656549253
43.96663165092468,-0.009358765798374594
43.98093318939209,-0.0065621093586482725
43.99589347839356,-0.0013125726933850088
44.01059579849243,0.0013692413467574257
44.02636170387268,0.0006872411628271913
44.04183030128479,0.0010068563915713892
44.05770397186279,0.005044895481987551
44.06742596626282,0.009250604679177757
44.07357406616211,0.008362455187370887
44.08945894241333,0.002952317112053253
44.10492157936096,-0.000759688904174279
44.120598793029785,0.0011316507021701654
44.13078474998474,0.005301688690443004
44.14022159576416,0.005953342082382302
44.15569710731506,0.0025203368533330346
44.17147159576416,-0.00021501630721602172
44.18755197525024,0.0007360311662857142
44.19739890098572,0.002518925353856894
44.20746636390686,0.001008631347490035
44.21498227119446,-0.0029346062753670124
44.23037552833557,-0.004708514169083867
44.24641251564026,-0.0028978048484792933
44.26203536987305,-0.00172015572951577
44.27321767807007,-0.005090048873827016
44.28086757659912,-0.010485790867767908
44.290574073791504,-0.011550183221084542
44.30087184906006,-0.006360213784971669
44.31662464141846,-0.00016744169912731588
44.34009575843811,0.0012730488527689962
44.35750865936279,-0.0011790396195520201
44.37285041809082,-0.0019739162155921197
44.3882064819336,0.0011716044829407045
44.4037504196167,0.004375020999505849
44.41891074180603,0.0034458223795729224
44.43404769897461,-4.886064757497321e-05
44.45005702972412,-0.001058493347498388
44.46560049057007,0.0017738083291851106
44.48045563697815,0.0043893300139206904
44.49497008323669,0.0034567411426205466
44.50746250152588,0.0013677069093101983
44.52290344238281,0.002699717870649947
44.53851628303528,0.007210189282304996
44.547462463378906,0.009607597502892501
44.55705714225769,0.00661616310111994
44.56436347961426,0.0013075429980888877
44.579702377319336,-0.0014303500645898545
44.59472179412842,-0.0017415691726770204
44.60661053657532,-0.0041244379828651685
44.6140820980072,-0.0101521433367061
44.6234130859375,-0.015121698100581104
44.63368248939514,-0.013904358514677844
44.64938116073608,-0.008216207815171909
44.66469883918762,-0.005004290336088645
44.68021202087402,-0.007671766589246244
44.69579195976257,-0.011931040281986396
44.70913338661194,-0.011890735838385246
44.72443413734436,-0.007922381596255293
44.73985385894776,-0.005574812485465023
44.7549512386322,-0.007437262498819365
44.76405072212219,-0.009522095547066985
44.77415657043457,-0.0070533526580284795
44.784592390060425,-0.0013098042686402055
44.79502034187317,0.0020322317066169627
44.81027102470398,0.0005428819176987146
44.82560706138611,-0.002023588379562225
44.84053063392639,-0.001309606849570077
44.8561475276947,0.0016368136322695657
44.871663093566895,0.0022474520930668494
44.8873143196106,-0.0008495495298192599
44.902541637420654,-0.0040137152473436
44.91819953918457,-0.0040655877307336765
44.93311643600464,-0.0028613421169685453
44.95736956596375,-0.004222841427086063
44.964250326156616,-0.007784819620727343
44.97395539283752,-0.009023871916034699
44.98951768875122,-0.005816330507056266
45.00560450553894,-0.0021045140858312757
45.02093958854675,-0.0029521744785284748
45.03611588478088,-0.007537077975469511
45.05195188522339,-0.009976625592734626
45.06744933128357,-0.007159551599328379
45.08084726333618,-0.0028834808888564597
45.09062147140503,-0.002607986321405689
45.10629463195801,-0.006102090881007015
45.12165975570679,-0.00806243566455862
45.13768267631531,-0.005642169252354102
45.14733505249024,-0.0023313603411306352
45.15712857246399,-0.0028262746433009734
45.16736507415772,-0.006133841018262056
45.1803514957428,-0.0066974311303236184
45.196075439453125,-0.0021841886434895595
45.21146106719971,0.0028372939114690793
45.22407507896423,0.002596388517248754
45.23978209495544,-0.0024116725308909476
45.2473418712616,-0.006222651947081909
45.26273536682129,-0.005195660596946528
45.27860593795776,-0.0021580403511041414
45.289798736572266,-0.0016340135649789028
45.297664403915405,-0.0033574792121228987
45.30714154243469,-0.0033309257641247073
45.3165864944458,-0.0005289920459893259
45.327759742736816,0.0009436642890521473
45.34293174743652,-0.0022436255763460455
45.358585357666016,-0.007205737353016958
45.37470698356629,-0.008159672531046668
45.38984608650208,-0.004302914724804168
45.40498638153076,-0.001186495326897413
45.42053127288818,-0.0033345882292628443
45.435996770858765,-0.008097129394620891
45.45152616500855,-0.009208702573665382
45.46669769287109,-0.005251399652684817
45.47595500946045,-0.0014457573916347535
45.48965167999268,-0.0023367780542814976
45.50484871864319,-0.005544612791606328
45.51411199569702,-0.005313502469198093
45.52383041381836,-0.0009192503799231489
45.539366245269775,0.0018641290735911741
45.54701232910156,-0.0015616371956979425
45.56192207336426,-0.008253166190828123
45.57421684265137,-0.011331139921731426
45.58194804191589,-0.008681938553631151
45.59146976470947,-0.005163810730952472
45.60639953613281,-0.005743700790883953
45.62232065200806,-0.009195941977160968
45.63823556900024,-0.01068446136016075
45.64760613441467,-0.008894990158768028
45.6628520488739,-0.007379958298420046
45.67808485031128,-0.008662732717802648
45.69345688819885,-0.010230548882590784
45.70862817764282,-0.008505920728548161
45.72366786003113,-0.004885567023705794
45.73076176643372,-0.0046193617991704605
45.74706625938416,-0.009621617148620346
45.762531042099,-0.015333487213917318
45.77820420265198,-0.016309184718014937
45.793269634246826,-0.012948185053656731
45.808706283569336,-0.010208352801385785
45.8240385055542,-0.01041322806340764
45.8310112953186,-0.010380827825503583
45.84071731567383,-0.006719817663684199
45.85574793815613,-0.0014666588604884444
45.871777057647705,0.00021946633675001348
45.88708996772766,-0.0027745829230045533
45.90224242210388,-0.005684728807141621
45.91801428794861,-0.004280301114323462
45.933241844177246,-0.0007779605090859443
45.948894023895264,-0.0009400270822427911
45.96407341957092,-0.00619750349044262
45.97375702857971,-0.011624331513218195
45.983662366867065,-0.012533624064930225
45.99374032020569,-0.010528869720273247
46.00635552406311,-0.010683087152242001
46.021724224090576,-0.01399674967463647
46.04047393798828,-0.015916116428200372
46.050238847732544,-0.013039276556805588
46.06579947471619,-0.008365157510557296
46.08128476142883,-0.0074034024326079285
46.089720010757446,-0.010502704353571576
46.10509753227234,-0.012248164646149804
46.120609521865845,-0.008880836973306362
46.13609838485718,-0.0034768789689764283
46.15178179740906,-0.0018060808819094672
46.17299127578735,-0.004695790500340116
46.188493967056274,-0.007325607056480795
46.20365500450134,-0.006056915059703499
46.21941685676575,-0.003104431152296576
46.24067211151123,-0.002807121620000802
46.24919867515564,-0.005207617827296415
46.25617957115173,-0.006190075229283446
46.27210974693298,-0.0038253383780858506
46.28773236274719,-0.0015873767688801593
46.303730964660645,-0.0035177176589198207
46.31454920768738,-0.008065688719545987
46.32963466644287,-0.009585734218133586
46.34541463851929,-0.005822572573364897
46.360743045806885,-0.0011592532979433237
46.37301564216614,-0.001111648108680462
46.38084816932678,-0.0054897622837883405
46.39049243927002,-0.009238143014234897
46.39779806137085,-0.009335423815194813
46.40909147262573,-0.008126321781834672
46.42452049255371,-0.008894220758023241
46.43990993499756,-0.010491853044802787
46.45519948005676,-0.008936240208387456
46.47045731544495,-0.0035980749802357534
46.48650503158569,0.0011948883232360337
46.50166583061218,0.0017115583024073398
46.51397514343262,-0.00036875923702901206
46.523849964141846,-0.0007977928356879395
46.54582452774048,0.0008942391146969124
46.561487674713135,0.000817698350395251
46.57675790786743,-0.003093517419835533
46.59192728996277,-0.007059738356751762
46.60792016983032,-0.005785304341948827
46.62327027320862,0.000516145713125906
46.63808917999268,0.00621447574372341
46.65990424156189,0.0075155549632195005
46.66648840904236,0.00688408745576659
46.68021821975708,0.008661433158896559
46.69543170928955,0.012358195804561349
46.710840702056885,0.013323184198261505
46.72704601287842,0.009872269172176006
46.74134373664856,0.00659253626636714
46.75697469711304,0.008765140119601738
46.77276134490967,0.015325429408875645
46.788294315338135,0.01999371839617726
46.79719638824463,0.019102015119162423
46.80734848976135,0.015599737434867639
46.813843727111816,0.014154302551138058
46.82717418670654,0.01455195875831865
46.839441537857056,0.012685423338500144
46.85552048683167,0.0074792566841836855
46.87177586555481,0.0035640572601082342
46.88737726211548,0.005476993661376072
46.896244764328,0.011330505740456786
46.91197490692139,0.014981656526464531
46.92407488822937,0.013954195554780589
46.93960380554199,0.012252983345912884
46.94707131385803,0.0142945446964611
46.96267557144165,0.01853057975740642
46.97792434692383,0.019623366757853925
46.990931034088135,0.015956893285464305
46.99999952316284,0.011854007882129959
47.01571583747864,0.011466342902507493
47.03064250946045,0.01312714479913531
47.04061722755432,0.012236483125111459
47.05735206604004,0.008436679371660778
47.06475353240967,0.006536916420226818
47.08083724975586,0.009597769714488844
47.09597539901733,0.014080241670034584
47.11198353767395,0.014335457184130854
47.12346005439758,0.010448169892786116
47.1336715221405,0.008406596065932907
47.14683270454407,0.012083366970333083
47.16168451309204,0.017953303082237033
47.177393436431885,0.019823342341254893
47.190096616745,0.017078425870616306
47.19819402694702,0.015137886614269862
47.20754432678223,0.017668943738314395
47.22291612625122,0.0215160925706874
47.23819088935852,0.021334429777253777
47.24739336967468,0.017198144384208816
47.25735425949097,0.014401255773458101
47.26440405845642,0.015908579257043858
47.27958631515503,0.018295278394670163
47.29541182518005,0.016835891313953553
47.31133246421814,0.012323459415880842
47.32199192047119,0.009904466025297903
47.33317685127258,0.011762569145452036
47.348912715911865,0.01425075055326955
47.36446189880371,0.013537180688456997
47.38012719154358,0.011452577453593644
47.389686584472656,0.012916859712617523
47.41365337371826,0.018553737553944877
47.428274154663086,0.0231734660285935
47.44371175765991,0.022499524690249413
47.459228515625,0.018743956032023782
47.47365355491638,0.017196168012066963
47.489102840423584,0.01868100838768568
47.50446271896362,0.01861162845074655
47.52019929885864,0.014037733336331158
47.53611516952515,0.008628040178103993
47.54358196258545,0.008204153564798113
47.557279109954834,0.012741729598826947
47.56424403190613,0.01601274173829525
47.5800883769989,0.013666974736085765
47.5960590839386,0.008858436712332109
47.61184501647949,0.007802041625079098
47.63048553466797,0.011414021305870324
47.63856625556946,0.014414703951757708
47.65447688102722,0.012835330726122786
47.669699907302856,0.009364688133640563
47.68524885177612,0.009264343375133583
47.70127320289612,0.012828566641137969
47.71733951568604,0.015025027875413363
47.73327589035034,0.012678203318502711
47.748855113983154,0.008921785870888996
47.76398539543152,0.008651775174155411
47.773651361465454,0.011586848902152128
47.78845453262329,0.012873248509656605
47.80402755737305,0.010254156633255096
47.81411266326904,0.007409167503269213
47.83065891265869,0.008626246489409434
47.84500050544739,0.01243948187554334
47.86075782775879,0.013415165319608265
47.87263894081116,0.009695951846836779
47.88065814971924,0.0056436312219477446
47.89048480987549,0.005742479941889338
47.89874339103699,0.008290952790110856
47.909154415130615,0.007808255266124291
47.92472767829895,0.0028276075954821863
47.94028115272522,-0.0018895035017579267
47.95590257644653,-0.001865973629787787
47.96466946601868,0.000982128760353869
47.98027157783508,0.0011882220050768316
47.99671745300293,-0.002525724228807322
48.01146459579468,-0.005508489897070153
48.02689933776856,-0.0038359959236458413
48.04254937171936,3.501907569727859e-05
48.0582549571991,0.0005667362474237882
48.07343125343323,-0.0032215478217744236
48.08077573776245,-0.006448708799568945
48.09047484397888,-0.005199683249718214
48.106022357940674,-0.00191068337485317
48.120952129364014,-0.0017924168358562837
48.13625717163086,-0.005413867428967032
48.14737772941589,-0.007968988635497089
48.1570086479187,-0.006217840405974512
48.164210081100464,-0.0031857420163788016
48.1715075969696,-0.003926457535416261
48.18725514411926,-0.008337293482911944
48.20267724990845,-0.01117096857168485
48.21968388557434,-0.009261920862348564
48.23092651367188,-0.0058653871683003005
48.240766286849976,-0.006053165200029377
48.25075888633728,-0.009633101586082108
48.26334285736084,-0.011495370061746706
48.27849268913269,-0.008827599864605955
48.28943395614624,-0.005032184564422891
48.297781467437744,-0.004903261803221705
48.30733275413513,-0.007928178502898522
48.31446123123169,-0.009138252545480573
48.32749485969544,-0.006207115756290415
48.33938217163086,-0.002665983852858429
48.35489082336426,-0.002727956419234215
48.36387491226196,-0.005288067749229476
48.37380599975586,-0.0057922996020356166
48.3888111114502,-0.0031591371074449464
48.39677143096924,-0.0015171462961739535
48.412402629852295,-0.004046319045773768
48.422879695892334,-0.007824415729477306
48.43074107170105,-0.007422745128446321
48.44071888923645,-0.0025189701953987616
48.45076251029968,0.0012137332862656798
48.46627426147461,-0.0005412534589570054
48.48149299621582,-0.005197733417756737
48.49720001220703,-0.007127319340165907
48.51280808448792,-0.005448509777379316
48.52828097343445,-0.004884709931596118
48.54375600814819,-0.008613737328038207
48.55975651741028,-0.013243993130262281
48.57475733757019,-0.01308031530717817
48.58944845199585,-0.007870184452676652
48.60464668273926,-0.0033167010586540166
48.61991024017334,-0.003626219153533766
48.6306619644165,-0.006319101959271213
48.64044618606568,-0.006256052205320043
48.65609288215637,-0.0030140662127486686
48.67131519317627,-0.0013021792348470922
48.68702816963196,-0.004068844140052683
48.69724750518799,-0.008195890334709256
48.70701479911804,-0.008870600482692222
48.714019536972046,-0.006377555400945702
48.720362186431885,-0.005616854347072791
48.73630881309509,-0.008969008558028093
48.75202775001526,-0.012622721546920738
48.763346672058105,-0.011707061645932822
48.77278780937195,-0.007145447907644092
48.78053879737854,-0.0045670270274087875
48.79703974723816,-0.006670106165907218
48.81262159347534,-0.0096718820128208
48.8284227848053,-0.008781805183498153
48.840734243392944,-0.004952662518926504
48.85642433166504,-0.003447460067594717
48.86492323875427,-0.006383933493655916
48.880101680755615,-0.009826412045613898
48.89619302749634,-0.009389349440595825
48.911921977996826,-0.006272461706848719
48.92723655700684,-0.005251762532589289
48.94031476974487,-0.007740448992140585
48.95608592033386,-0.009957856305240563
48.9635055065155,-0.00872221181294442
48.97933650016785,-0.006319695101012921
48.9896297454834,-0.007198397016561596
48.99709892272949,-0.011091047550717124
49.01337242126465,-0.012617933868595823
49.02350854873657,-0.008466123693716167
49.03946590423584,-0.0023397043382830723
49.05464720726013,-0.0005477711059087495
49.063868045806885,-0.003981272458635141
49.07377481460571,-0.00735988872507446
49.08935523033142,-0.006631643745269323
49.09636926651001,-0.004216614018286312
49.11162996292114,-0.00500509222433176
49.12378716468811,-0.008966806968942677
49.14035868644714,-0.010825399964073026
49.155956745147705,-0.007261384482476027
49.17146944999695,-0.0015607160399761003
49.187806129455566,0.0007595457238188065
49.19739031791687,-0.0007784770947268033
49.20705556869507,-0.0014532614516315403
49.222978353500366,0.0017661724866686757
49.22998237609863,0.006103576466199871
49.24567866325378,0.007355774897837987
49.26132225990296,0.006339362264993112
49.27352046966553,0.007903396582802574
49.28337454795837,0.013642725236618629
49.29872465133667,0.018809530059559376
49.31341195106506,0.01827237863034936
49.32997441291809,0.01340236422908872
49.33942317962647,0.01013879296286686
49.347283363342285,0.010838106926689737
49.35685086250305,0.011316136319361906
49.36416816711426,0.007155567101834631
49.3797812461853,0.00027106707962469903
49.39505863189697,-0.003548964003293329
49.41037821769714,-0.002579585376216414
49.42560291290283,-0.0013362697777026828
49.43376064300537,-0.003974275717731137
49.44413328170776,-0.00826903241471809
49.45986390113831,-0.008626369064855446
49.473797082901,-0.0038204251742967633
49.49058747291565,0.001394664025632297
49.50597810745239,0.0028745674369768937
49.52122116088867,0.002397690138820174
49.53698396682739,0.004274161360498353
49.54721593856812,0.008406789389414398
49.5574049949646,0.01000686365673147
49.570631980896,0.006490416563484704
49.58599829673767,0.001608663894208722
49.60072374343872,0.0006642076740561416
49.61659336090088,0.003365331315821887
49.63191771507263,0.004380521302272089
49.64729905128479,0.0009430339777684572
49.66343855857849,-0.0030658645268178616
49.6783561706543,-0.002371645538796323
49.689129114151,0.002237987931050765
49.697218894958496,0.004633667877058759
49.70741248130798,0.0014483866255298092
49.71431756019592,-0.003498426708116661
49.7211217880249,-0.00453499200543965
49.73059892654419,-0.0018454392981285866
49.74631142616272,-0.0009529621287440065
49.761329889297485,-0.004866266542758129
49.77258491516113,-0.009869399457585635
49.780726194381714,-0.010628496422447875
49.79025864601135,-0.007266881570696866
49.80537438392639,-0.004613347313154629
49.82138466835022,-0.005070478190777771
49.830352783203125,-0.005407307192139263
49.84074354171753,-0.0019030027150510154
49.857335329055786,0.0037531898668800878
49.880125522613525,0.006424392976707886
49.88943243026733,0.004610049460557457
49.90501141548157,0.002471612768362846
49.92038059234619,0.00381790397995039
49.93895602226257,0.006638014101677449
49.94662380218506,0.006089579189259743
49.96185564994812,0.0017487290193430533
49.97732710838318,-0.0013463289423523896
49.99340319633484,0.0003753413849764851
50.00894665718079,0.0038214937546714933
50.02444267272949,0.0032922486072682017
50.04002499580383,-0.0016988184883369654
50.04712200164795,-0.005783335404553374
50.06196475028992,-0.00524638969954254
50.07736849784851,-0.0031517453655167775
50.09298849105835,-0.004814106133262836
50.10814595222473,-0.009993970405750703
50.12367653846741,-0.0129508028646264
50.13372254371643,-0.01042172403357847
50.14950084686279,-0.00630353782412329
50.16525030136109,-0.0063915898895445375
50.18116545677185,-0.01049145567416274
50.189451694488525,-0.012810994077058024
50.2089684009552,-0.00986898836740591
50.22475481033325,-0.0048373448887695965
50.24073076248169,-0.0026048923133818683
50.2562267780304,-0.0029558697813020737
50.26391434669495,-0.0015514014333618416
50.273653507232666,0.003003258090645157
50.28860116004944,0.006416104217215272
50.3038227558136,0.004426276268408593
50.319533348083496,-0.0010846633886255406
50.33496022224426,-0.004393616958945461
50.34721994400024,-0.0035836711492881245
50.36264252662659,-0.0028166030975666926
50.37793803215027,-0.006034878131432781
50.39329123497009,-0.01101248321951398
50.4093029499054,-0.01222831969586892
50.42734599113464,-0.008632771995349443
50.433406352996826,-0.005398959586841783
50.44356679916382,-0.006998252703219018
50.45874261856079,-0.011071675758653976
50.47268795967102,-0.011684442398695715
50.490044832229614,-0.007601159070740748
50.49714398384094,-0.004115098998363007
50.51253008842468,-0.005844056593605085
50.52772331237793,-0.010538576405427321
50.53933310508728,-0.0124983509053283
50.54719662666321,-0.010578272440312429
50.55715775489807,-0.009369734360056229
50.567058801651,-0.01211635213233795
50.57939839363098,-0.015795434354922623
50.59505486488342,-0.015475630631320441
50.61099457740784,-0.011606140170507585
50.6226794719696,-0.00972035464513073
50.64693069458008,-0.012847147242909003
50.66140985488892,-0.017227290591762697
50.67696499824524,-0.017339218265328152
50.690040826797485,-0.013268008775069198
50.70671582221985,-0.010207788999840694
50.72391867637634,-0.010945478720444091
50.73919606208801,-0.01204825791023959
50.75503134727478,-0.009138924924955657
50.77322578430176,-0.0035822764955173976
50.783714056015015,-0.0008348056319838803
50.79886102676392,-0.002695296466360857
50.8142237663269,-0.004550990826224155
50.82286167144776,-0.0017454963406279814
50.83931040763855,0.003721884461147173
50.85009050369263,0.005612007863780236
50.86536812782288,0.001831186002633177
50.88296127319336,-0.0027101671885631107
50.897294759750366,-0.002662573242309674
50.9075493812561,0.0009000976398799501
50.91380214691162,0.00263837678058579
50.92346811294556,0.0006607036829479017
50.93900394439697,-0.0012143502127591828
50.95433759689331,0.00048823592206000696
50.970144510269165,0.003544507398097178
50.98038458824158,0.0031618925912751785
50.99005579948425,-0.0009068127620524826
50.99988865852356,-0.0035527472980644197
51.01513981819153,-0.0011698357478440798
51.03024911880493,0.0034358016442354367
51.04637575149536,0.005076439548168105
51.061633348464966,0.003473484877357479
51.07350206375122,0.0034329332607441992
51.082940101623535,0.007633587458674358
51.09850192070007,0.012321405842130647
51.11417937278748,0.012117978830891909
51.12419652938843,0.007224484533062549
51.132641315460205,0.0029629822770118274
51.14093136787415,0.0024906491888946314
51.15643501281738,0.003041125484840525
51.17233777046204,0.0007641440763086883
51.17995405197144,-0.0031237176798607075
51.19500517845154,-0.00393388889742801
51.21051383018494,-0.0006146505081304856
51.22383952140808,0.0020207500025312807
51.23977875709534,-0.00042247144044815733
51.25659942626953,-0.0057153479230230555
51.26292133331299,-0.0077105008543550966
51.27815437316895,-0.004462018704589224
51.29397439956665,-0.0006316051910160917
51.310017347335815,-0.0008992590379359958
51.32354378700256,-0.0035275561134654153
51.3389630317688,-0.002964443557138325
51.35430812835693,0.00218833523085567
51.36397361755371,0.006951987381521931
51.37458944320679,0.006636215273762242
51.39008808135986,0.003197394514940434
51.4055483341217,0.0025019341725282954
51.4139096736908,0.006304949499874785
51.42355465888977,0.009987801613029708
51.44036030769348,0.008957328874629005
51.44780206680298,0.004633062202471699
51.45798230171204,0.0018766873584013571
51.47301816940308,0.0019647131096672704
51.48842453956604,0.001326501247338757
51.50368666648865,-0.002294287339604798
51.51971292495728,-0.0055088912502654075
51.53494882583618,-0.003603312644030076
51.55058598518372,0.0022144417695104997
51.57367038726807,0.005208167366950462
51.581875801086426,0.0015161786658030075
51.59289979934693,-0.004481336931693781
51.60800743103027,-0.005373614447433357
51.62269449234009,8.862614190394786e-05
51.6375675201416,0.0058590661736352655
51.64724493026733,0.006690805263773153
51.66198396682739,0.004428540404853828
51.67796444892883,0.004536631531667907
51.69389152526856,0.008410542163442832
51.7074077129364,0.012106671098196487
51.71371912956238,0.012443328702253682
51.72426390647888,0.011204741085122087
51.73040628433228,0.011614494811354436
51.745619773864746,0.012792900920596678
51.76116323471069,0.010762454139203981
51.77382206916809,0.0047508151066019905
51.78918933868408,-0.0005716210502292229
51.80452561378479,-0.00075373205872247
51.8192925453186,0.002467848374648881
51.836100816726685,0.0033648539136537856
51.8447744846344,-0.000188587257968823
51.86089468002319,-0.004088265995749078
51.87247061729431,-0.003868660937114168
51.887855768203735,-0.0008360052351049493
51.89945793151856,8.47979382724985e-06
51.9096097946167,-0.0028254758813073795
51.92458748817444,-0.005195865782110268
51.939764738082886,-0.003263688229058087
51.95628809928894,0.0009467363339835493
51.96515774726868,0.0022821454070713217
51.9735312461853,-0.0003411171183016785
51.989067792892456,-0.002475817289162668
52.00487542152405,-0.0005122465067864514
52.020036935806274,0.003179772040393159
52.030704975128174,0.0037036352860331852
52.046467304229736,0.0008050124111101445
52.06117391586304,-0.0005391665640956763
52.07252860069275,0.002852470988345953
52.08045339584351,0.007598125799783902
52.090107440948486,0.008112348848478768
52.1045868396759,0.00412532147874765
52.119688510894775,0.0008766216244488279
52.13510799407959,0.0017745183824774257
52.150755882263184,0.0038840508509547134
52.162452936172485,0.002514551655039972
52.17419099807739,-0.0017524356483955986
52.18399405479431,-0.0036702206616749003
52.19638895988464,-0.0007367637172089195
52.21164155006409,0.0031394901638863025
52.223936796188354,0.0030016241626052657
52.24005365371704,-0.0002621325609561695
52.24778199195862,-0.0012046964779056017
52.25683331489563,0.002482837071833356
52.27234840393066,0.006635080127857141
52.28800702095032,0.006286325713426782
52.29722285270691,0.002394553372179126
52.30698609352112,0.00028064516788269857
52.314398765563965,0.0021538078442089187
52.329895973205566,0.004310071262598831
52.34514021873474,0.0027957341214349496
52.3604211807251,-0.0007214968631466595
52.37394595146179,-0.001316328519894733
52.38904428482056,0.0020201438466541433
52.40433168411255,0.004753485527824761
52.42014598846436,0.003157046681952637
52.43613028526306,-0.00036978624733692176
52.45017671585083,-0.0006175184963657307
52.46609473228455,0.0031453952567933804
52.482017040252686,0.006235692532335227
52.4890193939209,0.005283896155524083
52.49710178375244,0.0030236352162194145
52.50672626495361,0.004250123041187559
52.51434373855591,0.008654943070483955
52.52061080932617,0.010847781523313291
52.5359959602356,0.007800063735094229
52.55155348777771,0.003333612167787871
52.56719493865967,0.0031933509591341785
52.5762107372284,0.007344807543929458
52.59021902084351,0.010092876054110864
52.59785842895508,0.00783764659472057
52.61321473121643,0.0037752589037520767
52.62860798835754,0.0032024063682970765
52.64438629150391,0.006124379704002881
52.65964388847351,0.0074504952154461086
52.67026114463806,0.004355675759785887
52.67693066596985,0.00039356883670520594
52.691890239715576,0.0005579942919206843
52.707414388656616,0.004226073985423887
52.72262263298035,0.005926743028803955
52.730337142944336,0.002891387791177329
52.73953723907471,-0.0011978748231194687
52.75556445121765,-0.0014478157944835298
52.771082162857056,0.0015347628426160367
52.786977767944336,0.0029160540634887485
52.7971408367157,0.0008093032419180511
52.80674767494202,-0.001141965556527621
52.81398391723633,0.0005291375194982303
52.82040166854858,0.003545019936722646
52.835999488830566,0.002794466090553665
52.85157322883606,-0.002177406701340603
52.86310124397278,-0.005837844781008187
52.878910303115845,-0.0037974922223757246
52.896363973617554,0.0012199194366247675
52.91217398643494,0.0028722355290059535
52.92804408073425,-0.0004257349010111781
52.93918776512146,-0.0035527736321443355
52.947078704833984,-0.0017269945590981496
52.95661520957947,0.0031288407765766163
52.96404647827149,0.005305636164176293
52.96992039680481,0.00321987630422409
52.9861056804657,0.0012209002027795638
53.00163197517395,0.002963183945329632
53.01686000823975,0.0059766145544448675
53.03266167640686,0.005257733768126181
53.0504412651062,0.000708006816282978
53.066173791885376,-0.0023416567582950293
53.08164572715759,-0.00043525049243013647
53.09690928459168,0.0031629429065417707
53.10617280006409,0.002942773935565619
53.11439490318298,-0.0013131104892045485
53.12487053871155,-0.004380808258172696
53.139273166656494,-0.0028377454557044273
53.15473246574402,0.0005103056490584085
53.1637282371521,0.0009757125853637728
53.173299074172974,-0.0013606554563571419
53.18291664123535,-0.0021830936915728507
53.19857954978943,0.0003050694792553349
53.21407985687256,0.0023158207155206064
53.22270107269287,-0.0002531067168095383
53.230430603027344,-0.005572613089862694
53.24063587188721,-0.007716837949054649
53.24950957298279,-0.004411592418299492
53.26001286506653,-8.280506919038327e-05
53.27228403091431,8.046089149269442e-05
53.28763222694397,-0.0030819073670093036
53.29699921607971,-0.004345933265069027
53.314210653305054,-0.0017134857725970834
53.32864570617676,0.0007409617246734811
53.3441174030304,-0.001273107336182389
53.36001753807068,-0.0060387418944418195
53.37355637550354,-0.008066537626889119
53.38668513298035,-0.005613877858442511
53.4024920463562,-0.002814777934131746
53.41944861412048,-0.003461573648761431
53.43383598327637,-0.005449904664540598
53.44084334373474,-0.00395108202395659
53.44739127159119,0.0012034460063927175
53.456883668899536,0.004621283351200687
53.46422839164734,0.002500705205168905
53.47995042800903,-0.0020884034341638086
53.49534249305725,-0.003259441845075123
53.51108169555664,-0.00015461172705702204
53.52611994743347,0.0022491449669000295
53.54115271568298,0.00031836733598459167
53.55638766288757,-0.003287110808823766
53.57119870185852,-0.003794897956962632
53.587218046188354,-0.0014703632802598198
53.60299754142761,-0.0013643916117054465
53.61900854110718,-0.005929242967174658
53.63441348075867,-0.011054403874317383
53.64680862426758,-0.011302651774802792
53.65697598457336,-0.007086008611165409
53.66598844528198,-0.0037607833009129935
53.67568826675415,-0.004057069053816677
53.69094276428223,-0.004634646781632867
53.706565618515015,-0.001562272007217905
53.721981048583984,0.0032939539868775815
53.730292320251465,0.004350029454226511
53.7449643611908,0.0001510326387559979
53.76024341583252,-0.004098819421505242
53.775251626968384,-0.003143080858825606
53.79061365127564,0.0015321491830463919
53.80663228034973,0.003992360748815732
53.8223078250885,0.0019172826900880568
53.83760976791382,-0.0007410947508433847
53.85264587402344,0.00014149419686300011
53.863646507263184,0.0029487084569621794
53.87363243103027,0.0029587880607369996
53.88296890258789,-0.0005049856611541942
53.896488428115845,-0.0028674890941881373
53.91164827346802,-0.0008519495882243064
53.92250299453735,0.0026679326243148355
53.93029356002808,0.002646800093712603
53.939833879470825,-0.0008761192638078001
53.95509219169617,-0.002657098004132698
53.97002983093262,0.0004079060053501565
53.98586177825928,0.004859001104991293
54.001378774642944,0.005510281189583217
54.013465881347656,0.0027251458362084666
54.02341055870056,0.0017666794651391119
54.032519817352295,0.005110362217431079
54.047377824783325,0.008687471516240282
54.06271696090698,0.007503569960568168
54.07872247695923,0.0027405843927609886
54.089903354644775,0.0002845354697864743
54.10010194778442,0.0026852057245830264
54.11618542671204,0.0057709367570397165
54.1316864490509,0.004607131853742772
54.147403717041016,0.000457392227542821
54.16327214241028,-0.0009066876496197354
54.17832589149475,0.002923238966596896
54.19412875175476,0.007943522175154845
54.20931673049927,0.009577926260183231
54.22259426116944,0.00893264230291301
54.23962211608887,0.010549423168635424
54.24872779846192,0.014972703676549988
54.25926613807678,0.016988049783508485
54.27479386329651,0.01245321460647951
54.29060506820679,0.004351177029033876
54.306067943573,-0.0005368061265925692
54.31359076499939,-7.332671692905808e-06
54.323323249816895,0.001484292820872433
54.33307814598084,-0.00037929768712293734
54.34822630882263,-0.003767217088446827
54.36413264274597,-0.003740080932562376
54.372461795806885,0.0002850461685383241
54.38790559768677,0.0033990086167353913
54.41335654258728,0.0020174918939509833
54.42295598983765,-0.0010631008888244329
54.43811917304993,-0.0006337683086847716
54.45666265487671,0.0034054580683084406
54.46399354934693,0.0055731885064908525
54.47983431816101,0.002270881200010718
54.49453544616699,-0.003060041561327449
54.50664520263672,-0.004347969823136484
54.513784408569336,-0.0009774715487526325
54.52372789382935,0.00149981786111707
54.53128099441528,-0.0009885337354604258
54.54340624809265,-0.005514638524189727
54.558412075042725,-0.00624856457098607
54.5742347240448,-0.002374615752993186
54.589147090911865,0.0011033044083201562
54.60470962524414,0.0004934027518366628
54.619744300842285,-0.0017239739070700184
54.63495421409607,-0.0009898628370985528
54.65026473999024,0.0024510464585482403
54.67361736297608,0.003844472721507808
54.68766164779663,0.0008821489327603886
54.70330476760864,-0.002782931096803598
54.712934255599976,-0.002550906637746452
54.72822618484497,0.0007950332862451583
54.7391357421875,0.00251420528087723
54.746901988983154,0.0009160887328361444
54.75689888000488,-0.0002872010174481514
54.76390147209168,0.002286652165596705
54.77979755401611,0.00624866263198674
54.79476356506348,0.006360541608781263
54.81090831756592,0.001891854596371494
54.82692265510559,-0.002024436179980261
54.84369659423828,-0.001168561804613456
54.8592574596405,0.0022037097875753243
54.87476706504822,0.002812966985019444
54.890803813934326,1.922379522975668e-05
54.90618896484375,-0.0011428908287286113
54.92197275161743,0.002810561698842682
54.93669819831848,0.008392591609748402
54.95205593109131,0.0093025643066766
54.96367406845093,0.004679806162212455
54.9731183052063,0.00020669104160118095
54.98441100120544,0.000613360270998019
55.00057458877564,0.003867485699968566
55.0161566734314,0.004714423176196235
55.03196310997009,0.002154453065515564
55.03897786140442,0.00033238202995294723
55.05675649642944,0.002031078208887814
55.07188820838928,0.004419151016731437
55.08716082572937,0.003195088990346307
55.10232329368591,-0.0008978453755253161
55.11361241340637,-0.00267061144158096
55.12349557876587,0.0004114356930686302
55.13333868980408,0.004577011377192967
55.14367413520813,0.004794112395495022
55.15907001495361,0.0015459032542168823
55.172338008880615,-8.562820454926319e-05
55.18033456802368,0.002363319257060623
55.18985843658447,0.00538658893073285
55.1993191242218,0.004606859903215689
55.21292495727539,0.000999785918383512
55.22870850563049,-0.0005554517719769732
55.23984050750733,0.0017133840881363976
55.256861209869385,0.0038885961446875564
55.27346086502075,0.0019238283251564003
55.2889621257782,-0.0025168672658642077
55.3048939704895,-0.004298391400861619
55.323068618774414,-0.0020802019868673216
55.333770751953125,-0.00031833423856637247
55.34942364692688,-0.0030037432761796405
55.36499619483948,-0.007847016956379632
55.3803825378418,-0.009201321656422618
55.39689803123474,-0.005838880302913208
55.40327978134155,-0.0027724274597318694
55.41873478889465,-0.0044730060053104585
55.43380308151245,-0.008796634110838112
55.44928336143494,-0.009971883289468624
55.463488817214966,-0.006421145514194196
55.47365427017212,-0.0025914048026844288
55.48873519897461,-0.0025271849543602883
55.50400638580322,-0.004444539149760296
55.51917767524719,-0.003829079970673743
55.53026223182678,-0.0003171081766919523
55.54018998146057,0.001602036451363064
55.54978609085083,-0.0010283600510380903
55.56557607650757,-0.005404828778025973
55.58076810836792,-0.00690882916083057
55.5967812538147,-0.005451534947835783
55.61178588867188,-0.0051087164175700394
55.62314033508301,-0.007748876931245934
55.63836407661438,-0.010068761722022907
55.65387749671936,-0.00847720231725924
55.66391396522522,-0.004771422348430855
55.67977666854858,-0.004120263411023282
55.69513773918152,-0.007762303095907039
55.71002817153931,-0.010650415118050278
55.724841833114624,-0.007760565807466081
55.74064373970032,-0.0007885728646469027
55.7557213306427,0.0038225641675601347
55.77095293998718,0.0029185110135440343
55.78650808334351,3.0008767983218674e-05
55.8025267124176,-3.8974394323047085e-05
55.81821036338806,0.0023781053162590824
55.83016514778137,0.003083764878719072
55.84402203559876,0.0005762098757324603
55.85974407196045,-0.001755905247294704
55.87499260902405,-0.0008411974961174125
55.89048790931702,0.001216293125649782
55.905393838882446,-0.00010039867438625845
55.92057418823242,-0.005095245439399753
55.94275856018066,-0.00892326138933898
55.95491051673889,-0.008035601496388559
55.97004222869873,-0.005131464159476675
55.98578453063965,-0.005505629383948718
56.00630569458008,-0.009617659329236866
56.0224175453186,-0.012183180031026555
56.03774333000183,-0.009233302783867964
56.053330183029175,-0.0035554828047969986
56.07275438308716,-0.0010692069451557593
56.08167505264282,-0.003107625322013695
56.092686891555786,-0.005097990078618258
56.10853362083435,-0.0031906164245267743
56.12377047538757,0.0005094171489942916
56.138972759246826,0.0012295529016286403
56.15528607368469,-0.0015503474037146174
56.16286373138428,-0.003360538107813175
56.178295612335205,-0.0011278064736932126
56.19351148605347,0.0024160450326312652
56.20918369293213,0.0025207013602809815
56.22758197784424,-0.0010125854423807183
56.24275851249695,-0.0037740290467809367
56.25836849212647,-0.0031531064007503037
56.2742772102356,-0.0019406095030789522
56.290382623672485,-0.0039736373426667625
56.306084632873535,-0.008211954679789319
56.31345987319946,-0.009945564679366222
56.32037425041199,-0.007537468213467794
56.33573508262634,-0.004996659230633282
56.351558685302734,-0.006457995606635646
56.367539167404175,-0.01019726217269713
56.37433409690857,-0.01073280548756423
56.3900511264801,-0.006359873845829497
56.40549540519714,-0.0017349635382564745
56.420472621917725,-0.0018051097554064332
56.43008208274841,-0.005318378689678324
56.43982148170471,-0.006764484083821411
56.44857478141785,-0.003990906719216842
56.46365642547608,-0.0009891047823679252
56.47907876968384,-0.002133632108314438
56.4894700050354,-0.006013554871988875
56.50478410720825,-0.007456670971115357
56.51352334022522,-0.004816634751610845
56.52854800224304,-0.002219342037609447
56.54423451423645,-0.0036112518471951016
56.559765100479126,-0.007069089215809295
56.57568168640137,-0.007473529100209528
56.59091281890869,-0.0037719965555929767
56.60690975189209,-0.0005298225654457947
56.62256979942322,-0.0015993874746109368
56.63015079498291,-0.004902864060270694
56.64648747444153,-0.00561156395014074
56.66103386878967,-0.00299470885805473
56.675981283187866,-0.001112794872106439
56.69150686264038,-0.0024985888712439107
56.70122933387756,-0.004089105295653878
56.71705842018128,-0.001491176391375933
56.73252892494202,0.004323831425220936
56.7476978302002,0.007548809507519967
56.76316952705383,0.004978310804704775
56.77749514579773,0.00025575619325296983
56.79267954826355,-0.0009631168147165446
56.808725118637085,0.0016514330317809554
56.82322931289673,0.0032133886966163473
56.829485177993774,0.0006962018763869557
56.84470725059509,-0.0030726463328531878
56.859482526779175,-0.00384411603922284
56.8755521774292,-0.002050546877365861
56.89076209068298,-0.0016591157128380907
56.906768798828125,-0.0036576398315839543
56.92223381996155,-0.004097700384231772
56.93754577636719,-2.511722627043453e-05
56.95275568962097,0.005224476635140975
56.96355223655701,0.005583566916484339
56.97353005409241,0.0003551722244467129
56.98196244239807,-0.0043334022942024
56.99271631240845,-0.0030365696576883016
57.00763559341431,0.0025321699172758316
57.022860050201416,0.006555185375332113
57.029579877853394,0.007127125462330205
57.0443594455719,0.008141125067087236
57.06087589263916,0.0127758951805041
57.076284408569336,0.018067009840413303
57.09176993370056,0.018409396767621822
57.10712575912476,0.01319018291658895
57.12248253822327,0.007859416600182446
57.13590407371521,0.006861719977269467
57.146408796310425,0.008141580601792112
57.161431074142456,0.0066200309995569015
57.17698001861572,0.0015362759156976429
57.18895363807678,-0.002574214549317555
57.19665932655335,-0.002312654102539255
57.207011461257935,1.631624324241682e-05
57.21374177932739,3.0036291949630915e-05
57.22863006591797,-0.0023497619615117657
57.24360013008118,-0.00300000979365856
57.25882124900818,4.026883647392657e-05
57.27329111099243,0.003284638458119153
57.285252809524536,0.002544785851218976
57.29650115966797,-0.000981742809976237
57.305493116378784,-0.0021090684944452334
57.32096838951111,0.0011704506131259102
57.33696746826172,0.004727825265188096
57.3549222946167,0.003759182526312318
57.370415449142456,-0.0008323851552750473
57.38586473464966,-0.003865956321210657
57.40455913543701,-0.0029447730088338086
57.413520097732544,-0.001277732750292328
57.42957139015198,-0.0025914571249169146
57.43481731414795,-0.005635437636873737
57.45056676864624,-0.006148899853329613
57.46570634841919,-0.003354179614964053
57.48014736175537,-0.0014850886825368908
57.49656438827515,-0.00391201439832902
57.51295566558838,-0.008113531520578057
57.527918100357056,-0.008797723018802113
57.54419302940369,-0.005040600385911203
57.55070281028748,-0.0015146383443355364
57.56598210334778,-0.0020507726069296925
57.58158469200134,-0.004516732081882835
57.596863985061646,-0.004149397484077465
57.60574984550476,-0.0005605448749420355
57.61375260353088,0.0015726644754137612
57.62874531745911,-0.0008128569094060108
57.64463925361633,-0.004590470288343709
57.65541124343872,-0.004603792626460258
57.67110323905945,-0.0008529992741099705
57.68154740333557,0.0014024081152911511
57.692699909210205,-0.0011111796455621228
57.7053816318512,-0.005101063125105186
57.72066712379456,-0.005144262820878571
57.73617839813232,-0.001062894101277894
57.75338530540466,0.0018164178333561739
57.76375484466553,-0.00025072026334218124
57.77945518493652,-0.004738577214596082
57.79447102546692,-0.006730590392293608
57.80660581588745,-0.005565395892514322
57.81365442276001,-0.0048980587460619816
57.82268166542053,-0.006517285181097145
57.83762454986572,-0.007207997020867779
57.85326600074768,-0.0033926910451217494
57.863412618637085,0.0030935509921915143
57.8784339427948,0.006613392218073136
57.89418530464173,0.004919403260030319
57.90960860252381,0.0021063339340662585
57.922242641448975,0.0030833182793543372
57.93978977203369,0.006956574525707664
57.94649815559387,0.008337747519654172
57.95344734191895,0.004805239214847976
57.96505522727966,0.000343564074553714
57.97997403144837,0.0001613314473878206
57.99442505836487,0.00405517101531883
58.0071268081665,0.0071952372256095945
58.01348304748535,0.00679967209043332
58.02346110343933,0.005308408462302099
58.03941059112549,0.006054296256086438
58.05553889274597,0.008091015616057334
58.07073402404785,0.007696091083997784
58.07993769645691,0.004213598023294549
58.09569048881531,0.001591042790111854
58.11086702346802,0.003171674366935177
58.12683773040772,0.007068026537332692
58.14275622367859,0.008766740873699148
58.15794444084168,0.007363433083228954
58.17311406135559,0.006577145284077567
58.18199896812439,0.009083695298563258
58.19745230674744,0.012322728543716131
58.21314024925232,0.011924647916015775
58.22443914413452,0.007965545687765467
58.23986077308655,0.005053226745853719
58.25500655174256,0.005938658548497356
58.26281952857971,0.007624511166786578
58.27219200134277,0.005555505151065249
58.28750705718994,0.00011680724583594234
58.29670715332031,-0.0036437460077542094
58.311919927597046,-0.002702066251287117
58.32734990119934,0.00014352797625703708
58.342498540878296,0.0005041228282608888
58.35818576812744,-0.0014872434686937922
58.37427878379822,-0.0017902530896289149
58.38985824584961,0.0012897820686677323
58.40542912483215,0.004308105900439906
58.42066764831543,0.003467473593572628
58.443777322769165,0.00023000886566148376
58.4586443901062,-0.0003632888109376789
58.473848819732666,0.003400627845047551
58.48914098739624,0.007276568923845766
58.50454139709473,0.00642860060833487
58.51276135444641,0.0015902058913404664
58.52806282043457,-0.002125929315400737
58.54349541664124,-0.0018074910453555163
58.558746099472046,0.00027421647848895536
58.57350158691406,0.0007680069230203861
58.58898210525513,-7.573962030461671e-07
58.60428857803345,0.0005529785665347982
58.61941695213318,0.002235939155955027
58.63015723228455,0.001458193260192091
58.64622926712036,-0.003411845298256621
58.656582832336426,-0.008404649503976885
58.67188215255737,-0.008045342834047793
58.6875274181366,-0.002364112414920464
58.69749641418457,0.0027360353046684905
58.70773434638977,0.0027082035410004486
58.72295784950256,-0.00019715622581162242
58.73783898353577,-0.0003606273359272687
58.75349259376526,0.0037052446944747398
58.76369500160217,0.007760565591411499
58.77315521240234,0.007763129592257742
58.78696155548096,0.004860258150347881
58.80207538604736,0.0029543817122025424
58.817310094833374,0.0030068275487471876
58.83276081085205,0.0024082972007849197
58.84732723236084,-0.00011563691477824503
58.85624265670776,-0.001823966228563624
58.87143278121948,0.00012839753670593505
58.8795816898346,0.0038585244099835153
58.894471645355225,0.0045389875859115246
58.91011953353882,0.0009281741635257671
58.92295265197754,-0.0024918743580261927
58.93627691268921,-0.0012853898241047077
58.94634127616882,0.002779394919948056
58.962379932403564,0.003706576477817744
58.97789239883423,-0.0008968242101937769
58.99048948287964,-0.00644472264861347
59.00651955604553,-0.007007289470567365
59.02193999290466,-0.0025978367032504224
59.03795027732849,0.0013364332088194077
59.05322813987732,0.0011722902539982498
59.07361316680908,-0.0007631086687516172
59.08863854408264,-0.00037822829305870446
59.10461616516113,0.0020169243597323626
59.120527267456055,0.002291445823297598
59.136313676834106,-0.0012400783003644875
59.15235471725464,-0.004991662991485192
59.167901039123535,-0.0048847558849796835
59.17988920211792,-0.002020086091384048
59.19031071662903,-0.00116853530924224
59.200846672058105,-0.004103916531325757
59.21208357810974,-0.007099052544665066
59.22768521308899,-0.006093646311177913
59.242913007736206,-0.0022896616360771173
59.25560736656189,-0.0003779133051007534
59.2726571559906,-0.0019986973835997433
59.28771448135376,-0.0036777901233659162
59.303155183792114,-0.00202550609622433
59.31919193267822,0.0013079199832588075
59.3300051689148,0.001971617469643318
59.33991098403931,-0.0008308638763376468
59.34933662414551,-0.003100459781788735
59.36285924911499,-0.0016047374596979856
59.37832903862,0.0016381564483762328
59.39354062080383,0.0023232923376115765
59.40875744819641,5.938826016125718e-05
59.423460245132446,-0.0010487205510823492
59.43090295791626,0.0016630521327940491
59.44618988037109,0.005388480453098756
59.46099877357483,0.005581280400867427
59.47232413291931,0.0023516084247716383
59.48026919364929,0.0005511542498462823
59.48989772796631,0.003282151935692008
59.49960088729858,0.007707763491068943
59.51538610458374,0.008884098066131486
59.52941155433655,0.00632945346484943
59.54456639289856,0.004412141909190839
59.55556631088257,0.006238312859479046
59.56338715553284,0.009589146691270208
59.572890281677246,0.010387345491017604
59.58826732635498,0.008531110701556327
59.596845865249634,0.007701134593782736
59.61284637451172,0.009537659362444741
59.62873387336731,0.010838546689108646
59.64374613761902,0.00815532345693245
59.653382301330566,0.0033263045339207435
59.66267728805542,0.0017036686709918543
59.678048610687256,0.004991434946613225
59.69325828552246,0.008501629843790803
59.7085599899292,0.006930030290782235
59.724241495132446,0.0011082666856067687
59.73314452171326,-0.00324359777360519
59.74908804893494,-0.002873262511787796
59.765132188797,-0.0004533485137154159
59.77212405204773,5.838484151694887e-05
59.77999234199524,-0.0009633384220701278
59.78925633430481,-0.00016669888430895165
59.80321907997131,0.0029359052082015774
59.81864762306213,0.00460644876480757
59.83406472206116,0.0022869067368044916
59.85005974769592,-0.00099029278364532
59.873398542404175,0.00013892149316576405
59.88277530670166,0.006537891617396308
59.89817476272583,0.013452598624773314
59.91362142562866,0.016602441850597054
59.9297468662262,0.017074853757704227
59.94412136077881,0.01847527984993506
59.95646548271179,0.020728542397916452
59.9717116355896,0.019562368174155215
59.987470865249634,0.012544425163372864
59.99669528007507,0.003147304875810923
60.006476163864136,-0.0030053631669040067
60.01398229598999,-0.004600501489598829
60.02899122238159,-0.005027629087586485
60.04470157623291,-0.00670540854818093
60.06069731712341,-0.0078853668879934
60.07313895225525,-0.006447745454080529
60.08228325843811,-0.00455888480953555
60.0977201461792,-0.006528810481385193
60.11385488510132,-0.012316537152889809
60.12762808799744,-0.01619812107766891
60.14003229141235,-0.013438188248388824
60.15552616119385,-0.006435273126074354
60.16267919540405,-0.0019385135883644676
60.17769408226013,-0.002828395401840265
60.193344593048096,-0.005283346736277988
60.20880150794983,-0.004732053581240843
60.223575592041016,-0.002067367539293065
60.23875045776367,-0.0016396751638656985
60.25375938415527,-0.004291545847387487
60.26938676834106,-0.005611012871700721
60.28450155258179,-0.002077398375312773
60.30003380775452,0.003520802399912466
60.3158655166626,0.005254388259305707
60.33153200149536,0.0018027804592777297
60.34665393829346,-0.0017749714299829993
60.3552520275116,-0.0008057311363673931
60.37008881568909,0.0028533315915936167
60.37950325012207,0.0036511703666126313
60.39421057701111,0.00014599813568466668
60.39994978904724,-0.0030462140754325294
60.40711236000061,-0.0017220346602108804
60.4230043888092,0.0021623240373298824
60.43840026855469,0.003372050484172967
60.45305156707764,0.0006239474057110725
60.468337059021,-0.0019663719277586617
60.48285079002381,-0.0009475140136307215
60.49820160865784,0.001662993295686535
60.51456689834595,0.0015412994352071142
60.53029131889343,-0.0015132713003103682
60.539060831069946,-0.0031818493868773245
60.5465898513794,-0.0008831152732124174
60.5566246509552,0.0023409100882513935
60.571613073349,0.002073424209339732
60.586750984191895,-0.0010476908791638303
60.60258173942566,-0.0020216619235376475
60.6134295463562,0.001475419075542919
60.62292528152466,0.005650602975344163
60.63273525238037,0.005734439550087887
60.63857793807984,0.0025387177063646445
60.65375828742981,0.0012007729071889788
60.66912984848023,0.0038615816282773505
60.68487477302551,0.006599329205962576
60.70027732849121,0.005023442997909458
60.71566724777222,0.0007462929747142914
60.73136019706726,-0.00042867962081295677
60.73879814147949,0.0037014883750159083
60.75634360313416,0.00862813469821214
60.76520490646362,0.008967948422245249
60.77485489845276,0.005293087328180703
60.79023313522339,0.002847329508245519
60.805986166000366,0.004308178803499114
60.8133602142334,0.006671397111073642
60.823025703430176,0.00614631703859273
60.83833026885986,0.003650965347998034
60.84604620933533,0.002985567956540018
60.86164402961731,0.004567724296591056
60.87683176994324,0.004200474855117531
60.89052939414978,-0.0008703604811000692
60.9057366847992,-0.007170171781978855
60.92117118835449,-0.008775573714181804
60.93699073791504,-0.004998782200505474
60.946457862854,-0.0015157141817963246
60.9555733203888,-0.003211482296331846
60.97141408920288,-0.008229094261537308
60.98647499084473,-0.010916552516161944
60.996054887771606,-0.009239713421907079
61.00538635253906,-0.006595681471613631
61.01334381103516,-0.0062827231508974755
61.02821040153504,-0.007045568792428895
61.04145359992981,-0.005852737237589749
61.05732607841492,-0.0032005923939029263
61.07202172279358,-0.0027081648556027105
61.087239265441895,-0.005451321660674127
61.09680128097534,-0.007552361581025781
61.1126492023468,-0.00515103900661455
61.12934541702271,-0.00011587839105657062
61.144936084747314,0.0018167978205043721
61.16073632240296,-0.0015310197050163992
61.17023539543152,-0.005818472347630744
61.18544840812683,-0.005869960852036681
61.200998306274414,-0.002320853359796475
61.213329553604126,-0.00024937461865900913
61.2296028137207,-0.0019423872497069715
61.244627714157104,-0.003936105741073391
61.26081681251526,-0.002283696143237441
61.27188301086426,0.0015868981634766664
61.28006339073181,0.002814694039729608
61.28960657119751,9.33616742988465e-05
61.29768347740173,-0.0023531505033385276
61.30522060394287,-0.0007902858129822826
61.31267189979553,0.002566423363430913
61.322075605392456,0.0025844159413133845
61.33766841888428,-0.0014423529548105675
61.35287618637085,-0.00461949061412174
61.371808767318726,-0.0032680304141578004
61.379316329956055,-0.0001597087121555903
61.39446687698364,-0.0006746363040838073
61.40965151786804,-0.0051241155916341785
61.424946784973145,-0.008017604197413387
61.44054079055786,-0.005506850472320128
61.45598530769348,-0.0008008011483608235
61.47073101997376,2.0048961695982772e-05
61.47979855537415,-0.003851539500697089
61.49640154838562,-0.007009398559935459
61.51142454147339,-0.005342038394267553
61.52709007263184,-0.001541034523137939
61.53878211975098,-0.000982760026214802
61.54652428627014,-0.0038508418608064307
61.556113958358765,-0.004681797647518731
61.56624245643616,-0.00012093457694754449
61.57827162742615,0.005912384219396389
61.59344935417175,0.006972702262318581
61.60900902748108,0.00236466673832273
61.6220817565918,-0.002265981739273469
61.63019609451294,-0.002558695744377327
61.63969230651856,-0.0006213490085439962
61.65453910827637,-0.0009488998470247667
61.670610427856445,-0.0034500387687990586
61.686235189437866,-0.003745647809067752
61.6971287727356,-0.00010320833563604763
61.706724882125854,0.0033363771986137077
61.713809967041016,0.0020061195950027244
61.72956085205078,-0.002656659742818316
61.74575734138489,-0.005101215639982178
61.76099729537964,-0.0033423635002859764
61.77678298950195,-0.0015780854836345368
61.79226064682007,-0.004037035338700623
61.807419538497925,-0.008783695204976735
61.82209086418152,-0.010254077727832206
61.830039978027344,-0.006924403994167026
61.839762926101685,-0.0033145265390094082
61.85588169097901,-0.0036253244644364295
61.87082529067993,-0.006099709994373656
61.88601779937744,-0.005994023129929665
61.90587759017944,-0.0027060299947504664
61.92101550102234,-0.0007273175475398541
61.936954498291016,-0.00302343913630337
61.95235085487366,-0.006442450385282027
61.96306896209717,-0.006010595238882011
61.973023891448975,-0.0022030155114620745
61.982640743255615,-0.0006912947602880259
61.99801993370056,-0.004531407274467523
62.01367092132568,-0.009645381099860335
62.02788925170898,-0.010132196509732476
62.03930854797363,-0.0062044304979165
62.05486679077149,-0.0037477811238198133
62.06999850273132,-0.006130962331590477
62.08535313606262,-0.009673862577110075
62.10134172439575,-0.009017338113855172
62.11813735961914,-0.004794840303795539
62.124046087265015,-0.0028331650739755777
62.13966417312622,-0.005999016072581598
62.15515851974487,-0.01011327875301174
62.17279863357544,-0.009660878971346305
62.18863821029663,-0.005348314854837786
62.203575134277344,-0.0030697217265604998
62.21872878074646,-0.005867826272056061
62.22954535484314,-0.010048110679723748
62.240057945251465,-0.010545786695179317
62.24880886077881,-0.0077857863311432685
62.26044154167175,-0.006567260868675262
62.27592849731445,-0.008941703445864962
62.29160499572754,-0.011376500919413217
62.30521726608277,-0.010129248092516144
62.313172340393066,-0.006902986829696414
62.32953786849976,-0.0064609036222163406
62.34485912322998,-0.009568022745989082
62.36018824577332,-0.011574936144213108
62.37214374542236,-0.008950749543041082
62.38008379936218,-0.0044749492104388475
62.3897852897644,-0.003435778330993435
62.39921760559082,-0.005999217575089625
62.40690588951111,-0.0066354243829100535
62.42199778556824,-0.0017090358721322872
62.43760848045349,0.005273813028369444
62.45297336578369,0.00816195901409716
62.46921944618225,0.006154204212363417
62.48446035385132,0.0041643658098156604
62.50005793571472,0.005305161922460065
62.515910148620605,0.0063979351043312776
62.53099966049194,0.0029495813050906816
62.54646158218384,-0.00361081317509262
62.555054664611816,-0.006993205557433205
62.57044792175293,-0.004283165489519466
62.58639645576477,-1.3879914556698446e-05
62.59593272209168,-0.00030475798705619254
62.60541081428528,-0.004939790082964606
62.61323547363281,-0.00809618731501811
62.6229043006897,-0.0065289616068084436
62.63279366493225,-0.0038192715557270993
62.6480712890625,-0.004945249016495769
62.66349625587464,-0.00903001637343085
62.67202544212341,-0.010575352303344113
62.67979288101196,-0.007363568989755858
62.68949031829834,-0.0037124909031725152
62.70266652107239,-0.004392106545741779
62.717873096466064,-0.007828722982844002
62.733694314956665,-0.008282716504142779
62.748841762542725,-0.003964912477893416
62.76317596435547,0.00038958762768119245
62.77278590202332,0.00015834251868243132
62.78779220581055,-0.0026757803191289767
62.80367636680603,-0.002378562277104017
62.82274842262268,0.0022649040409538326
62.84058237075806,0.005895041781974024
62.86275315284729,0.0038118154974537944
62.87196469306946,-0.0014207364190253072
62.88723111152649,-0.0032443573627172133
62.89580726623535,8.822529356227599e-05
62.91140127182007,0.0032362544751802958
62.92687201499939,0.0011185508533626885
62.94204521179199,-0.004287277065919206
62.95789122581482,-0.006923501767423081
62.97349786758423,-0.004916862671361844
62.9844696521759,-0.0025596232111805626
62.9954514503479,-0.0037195498303065283
63.01063871383667,-0.006421098743416226
63.0261971950531,-0.006132162512442423
63.04133462905884,-0.002591321536237268
63.056716203689575,-0.000159637941302153
63.07173585891724,-0.0012580926577712079
63.08755874633789,-0.0024952926388168723
63.0966272354126,0.0007072154881459956
63.10614848136902,0.007385348517679862
63.11713671684265,0.011839431603299998
63.12686634063721,0.011106415549971776
63.14178419113159,0.008693108997676214
63.15723896026611,0.009315160858438795
63.17313838005066,0.012161371752188569
63.19386339187622,0.012339206635105307
63.20923328399658,0.008389970572797348
63.22501373291016,0.004932611313225199
63.23878788948059,0.006397614044562376
63.24645066261292,0.01064497289103558
63.25638031959534,0.0116640328770232
63.26345014572144,0.00781813181459729
63.27004146575928,0.004154831969803817
63.28600716590881,0.005469376684506586
63.30180501937866,0.009769252675249777
63.31665635108948,0.011259874060993151
63.32251906394959,0.008538575190572713
63.32969856262207,0.006332240975731641
63.346216440200806,0.008373762747577323
63.36156558990479,0.011723503076794213
63.37717032432556,0.010790098021598582
63.39274740219116,0.005373987636964581
63.39991641044617,0.0012223346315227367
63.40797829627991,0.002232297151741625
63.42258191108704,0.005311377895354814
63.43753480911255,0.005063876792198873
63.45280718803406,0.001515211772200752
63.4631142616272,-9.014438251758728e-05
63.48030638694763,0.0029986211660640123
63.494300365448,0.006872343391809222
63.51014304161072,0.006293848588865983
63.52567934989929,0.0020082680390771396
63.53303909301758,-0.00027848008148821115
63.54311490058899,0.0021724609066048773
63.558441162109375,0.005420334928342225
63.571757793426514,0.00452236193478454
63.57977485656738,0.0005808425327175491
63.595271825790405,-0.0007538226186981706
63.610634326934814,0.0028036436609873705
63.626707553863525,0.006969970743144964
63.63878965377808,0.006838020306451566
63.646459102630615,0.0035395223151826255
63.65649390220642,0.0023195212995162267
63.663299322128296,0.004957709960580199
63.67005753517151,0.007381428453878876
63.68598437309265,0.005741216815664231
63.70179200172424,0.0021238893958538986
63.717262506484985,0.0016999854459107855
63.729848861694336,0.0053810537836234944
63.73952841758728,0.00844635377346203
63.75511956214905,0.007102728313392636
63.770689249038696,0.003681956000650007
63.7861077785492,0.003122414996123817
63.806437492370605,0.00579129989192533
63.81346130371094,0.006952060990307739
63.82966256141663,0.0037054729363324747
63.84433841705322,-0.0005435499116773351
63.859689712524414,-0.0006448739311124142
63.87188386917114,0.0030421010481181533
63.87967991828919,0.0050094164867333715
63.88998866081238,0.002183612379059303
63.90564298629761,-0.001885091882580561
63.921406745910645,-0.0020911686669438886
63.936808586120605,0.0010390816871415735
63.95193719863892,0.0021300155730554346
63.96331739425659,-0.001397284522050425
63.97026824951172,-0.00553596400269818
63.985999584198,-0.005083176779931265
64.00177073478699,-0.0007128491921078294
64.02389335632324,0.002050210065313499
64.03966307640076,0.00034801790588815827
64.05498957633972,-0.0025713053138007027
64.063059091568,-0.002528593635017517
64.0793526172638,-0.00048783688345712057
64.08872175216675,-0.0008088061568805927
64.10403490066528,-0.0043889455818608295
64.11903834342957,-0.006790242745322356
64.12994647026062,-0.004299493737528146
64.14635276794434,0.0005745518413177199
64.16136527061462,0.002123674831050876
64.1774730682373,-0.0009378055524938661
64.19378614425659,-0.0037456863988707674
64.20833086967468,-0.0019261999444993008
64.22305130958557,0.002471293495625622
64.23834085464478,0.003867130059844466
64.25305509567261,0.0008292361578956129
64.26874804496765,-0.002036497014726522
64.28907370567322,-0.00048493409673189313
64.2996244430542,0.0035981009179631026
64.312753200531,0.004955355452435884
64.32944750785828,0.002235537310703319
64.3395504951477,-0.0003937831272878326
64.35649514198303,0.0006414849595364671
64.37514805793762,0.0033097139003739704
64.38864254951477,0.003143504815253456
64.4043755531311,-0.0001054971948368298
64.41298699378967,-0.0019733175830690215
64.42284274101257,0.00029096133197356166
64.43337321281433,0.0036065438520440714
64.4488525390625,0.003299771494729065
64.4623556137085,-0.00015610236308590984
64.47212028503418,-0.0015268618502676575
64.47969794273376,0.0019290286125129542
64.48946690559387,0.006348362038605065
64.49902296066284,0.006154441165085726
64.51455664634705,0.0014408155245956506
64.52920150756836,-0.0021361611659767555
64.54579520225525,-0.0007819116166914966
64.56075096130371,0.0027023423467683995
64.58060455322266,0.0030702520041100967
64.5957612991333,-0.00023591351902597533
64.61112070083618,-0.002689052444561954
64.62189722061157,-0.0011982910149195033
64.62975573539734,0.0017991453400761994
64.63939189910889,0.0022551748178125854
64.6492760181427,0.0004717837452944025
64.66454672813416,0.0003803722931707181
64.6803069114685,0.003310512772314635
64.69621586799622,0.005560517077898331
64.70547580718994,0.003621282179174738
64.71290683746338,-0.0003367993197933368
64.72278428077698,-0.0008516830427194916
64.73289346694946,0.003505143537756269
64.74880576133728,0.0080026339966599
64.76455426216125,0.007914055429297503
64.77197027206421,0.004574042263568024
64.77972316741943,0.0031074278463746672
64.79617190361023,0.005166650367330419
64.80597591400146,0.0068103341910784035
64.8133807182312,0.004317059267898747
64.82922959327698,-0.0003649174316863917
64.84427428245544,-0.002170983932609521
64.85545134544373,0.00022179839250735653
64.87082052230835,0.002905065867070692
64.88679552078247,0.0025542631554200243
64.90231418609619,0.0010970052765701132
64.91779589653015,0.002521555273702788
64.92980647087097,0.0065075925427260746
64.93661141395569,0.008293477616512748
64.94297385215759,0.0053264716314971395
64.9585542678833,0.0013323884640330033
64.97453808784485,0.0017452110415710157
64.98981809616089,0.00650665806085641
64.99712204933167,0.010124334784835529
65.01123929023743,0.008989177994009882
65.02642488479614,0.005954511306057046
65.0384783744812,0.005972788198520842
65.046466588974,0.008965290048645344
65.05601716041565,0.009871860320717924
65.06474828720093,0.005731604782878745
65.07570219039917,-0.00017354874692975214
65.0886619091034,-0.0028428562330880796
65.10472226142883,-0.00224470954696696
65.11937952041626,-0.0027606679577029565
65.13773846626282,-0.006374282608549875
65.15334486961365,-0.009441634222771507
65.169429063797,-0.007741190206934388
65.18512201309204,-0.002729855892765921
65.2011706829071,-9.190652090323168e-05
65.21678948402405,-0.002370730455223162
65.23220491409302,-0.005782743789926015
65.24612545967102,-0.005554943004577555
65.26102685928345,-0.002297793838356917
65.27622437477112,-0.0005992928583884373
65.29230189323425,-0.0020792963010657782
65.30521059036255,-0.003005941048146062
65.31347227096558,-3.2657831014756746e-05
65.32850217819214,0.004202045312796662
65.34620118141174,0.0040237305311588215
65.36121916770935,-0.0014560992509710796
65.37697148323059,-0.006565913704358434
65.39194321632385,-0.0061565433087628525
65.40741658210754,-0.0020857084405137977
65.42275476455688,-0.00039332453585448016
65.43840622901917,-0.0031965488827565983
65.45321822166443,-0.0063599172982369435
65.4635877609253,-0.005680213660703929
65.47276663780212,-0.0025331075342994295
65.4815845489502,-0.0011942600502992937
65.49264407157898,-0.002208325320106199
65.50741815567017,-0.0016944183080303274
65.52181816101074,0.0024008334665077654
65.53702902793884,0.006405827062402026
65.55266237258911,0.005479813394944203
65.5682258605957,0.0004617048035507592
65.58318781852722,-0.002844563900502798
65.59869623184204,-0.0013325550415252095
65.60530138015747,0.0013492420522466797
65.61290001869202,6.512127550411043e-05
65.62278509140015,-0.004472018384351273
65.63192200660706,-0.0064792066304577706
65.64218139648438,-0.0029367928688449805
65.65792155265808,0.00234439649360594
65.67339324951172,0.003947988241565508
65.68864846229553,0.0019509678354534307
65.70433902740479,0.0010607744272931909
65.71960520744324,0.0034076258810699905
65.73539805412292,0.005541434418077125
65.75088357925415,0.0038748577572297813
65.76774096488953,0.00046222268824370506
65.77391505241394,0.0004379666565664322
65.78850531578064,0.004542546825630153
65.80368971824646,0.007574880494949438
65.8226957321167,0.005450710979102427
65.83740425109863,0.001154485362796539
65.85335659980774,0.0009937041820157803
65.86803436279297,0.006011737251447104
65.87956714630127,0.01035768255133938
65.88954830169678,0.008933028939055634
65.90569305419922,0.003877081027219709
65.92043495178223,0.0011811228845350287
65.9293601512909,0.0024165823412445634
65.9396584033966,0.003091968612710672
65.95607376098633,-0.0003989247674803702
65.97082853317261,-0.005307655292110925
65.9909405708313,-0.006271206177789236
66.00602626800537,-0.0028371280873169934
66.0260980129242,-8.335142001515596e-05
66.04122519493103,-0.0015387749617274682
66.05620765686035,-0.0044657192380065875
66.0627794265747,-0.0040826316385440065
66.07304739952087,-0.0005938479697141725
66.08834385871887,0.0010181294860349332
66.10389995574951,-0.0018762941972127745
66.11297178268433,-0.005697086849817259
66.12320733070374,-0.005610904271677132
66.13213467597961,-0.0022611229537681833
66.14719247817993,-0.0006848052780111197
66.16292595863342,-0.002996304817835781
66.17805743217468,-0.005365820287360243
66.19336938858032,-0.003669528794972588
66.20860600471497,0.0003382700567211689
66.2240993976593,0.0013342254970661461
66.23861575126648,-0.001966194642774863
66.24646496772766,-0.004826983999069374
66.25610589981079,-0.003144704669756331
66.26439189910889,0.0006370977608863844
66.27934408187866,0.0008945301485665032
66.29404902458191,-0.0030662574656363786
66.30952334403992,-0.005606939122764664
66.3226261138916,-0.0023131938586092183
66.33805918693542,0.003820807017294424
66.34478545188904,0.006182834327203637
66.35968255996704,0.00316199032100917
66.37236785888672,-0.0001716464707707271
66.38846397399902,0.0006098031403033661
66.40354609489441,0.0033288393297163533
66.41928029060364,0.002773748055259961
66.42970943450928,-0.0015661876374508847
66.43930149078369,-0.00467847907770152
66.44907665252686,-0.0031443422172476483
66.46447515487671,9.121750148430481e-05
66.4801332950592,7.125453465277928e-05
66.4883484840393,-0.0030364619107081047
66.506422996521,-0.004263143444529039
66.52108192443848,-0.0011030011114675701
66.53583073616028,0.0027632975427648284
66.55168747901917,0.002682242923152668
66.56138348579407,-0.00028691440391860265
66.57276034355164,-0.0008944252883767083
66.58849906921387,0.0026076533662775887
66.60377788543701,0.005623542792481813
66.61875510215759,0.003530957871904184
66.63408017158508,-0.0016055687177676773
66.6493730545044,-0.003515861763034137
66.66163206100464,-0.00016117983348108147
66.67728877067566,0.003557377891719782
66.69330048561096,0.0025817346879667084
66.7091896533966,-0.0014629885995741864
66.72429370880127,-0.0027923053558540005
66.74008679389954,0.00033314873209571664
66.75505495071411,0.0032283745933519596
66.7627763748169,0.001459992493128111
66.77270197868347,-0.002864900590718657
66.78825426101685,-0.00400604731160838
66.80291390419006,-0.0005608071585146341
66.82196259498596,0.0027100318756667647
66.83983540534973,0.0017279774730155851
66.85537266731262,-0.0010951809606503443
66.86235499382019,-0.0003711220628646733
66.87746858596802,0.004300863793333089
66.88859963417053,0.0072079774810757365
66.9058084487915,0.004092840255811001
66.91312956809998,-0.0019178718750766533
66.9195191860199,-0.004275966625261416
66.9347870349884,-0.0015442921487753085
66.94992208480835,0.0010904554192008773
66.96539425849915,-0.0008125436812898138
66.981271982193,-0.005010816409712229
66.99671602249146,-0.0061100472666620175
67.01247954368591,-0.0032527332723789352
67.02779126167297,-0.0010656709825989433
67.0385673046112,-0.002808729361848787
67.04618692398071,-0.0057367495417764425
67.05593085289001,-0.005277414967662494
67.06301474571228,-0.0018431625484263902
67.07916378974915,-0.000334008791085763
67.08846068382263,-0.0029746249617610557
67.10389947891235,-0.005825712098484568
67.11319756507874,-0.004171628734627156
67.12256932258606,0.000727255577380969
67.1376965045929,0.0031654643739869297
67.15373969078064,0.0008189465027456551
67.16969895362854,-0.0021098751659575595
67.18553876876831,-0.0009192896651508816
67.20155453681946,0.0028461587350806197
67.2175714969635,0.0034938516246240158
67.23331999778748,-0.0007522444992051906
67.25635170936584,-0.005076647258500539
67.26250195503235,-0.004590718232735123
67.2778844833374,-0.0008917649723586161
67.29383850097656,0.0004637541186121917
67.30899786949158,-0.002207841271046447
67.32259368896484,-0.004704903409839409
67.33236479759216,-0.003340067316054106
67.34252786636353,-0.0003416709381495911
67.35771703720093,-0.0004713621460206564
67.37209177017212,-0.0037986544856106305
67.38912725448608,-0.005172568995478004
67.40437126159668,-0.0014556604022342582
67.4194815158844,0.003551305758397389
67.43427658081055,0.0036369922145069564
67.45586824417114,-0.0016991066783603056
67.46933579444885,-0.006448378192697314
67.47718286514282,-0.005678789069176667
67.49281024932861,-0.0013528266246171702
67.50839042663574,0.001075591930280106
67.52392864227295,7.792371431317559e-05
67.53926658630371,-0.0007934731009781163
67.55448389053345,0.0010036249550857135
67.56985783576965,0.0029366924989664683
67.58510375022888,0.0013213604880170022
67.59630537033081,-0.0026932943613782946
67.61175203323364,-0.004159270283454271
67.629065990448,-0.0012524367141572234
67.64439105987549,0.001845876072955925
67.65952229499817,0.0005305651794456755
67.67286562919617,-0.003858236318862031
67.6890139579773,-0.005879487767625065
67.70410060882568,-0.0035405886687421223
67.71903944015503,-0.0009951660124177795
67.7401237487793,-0.0026535867709181864
67.75109314918518,-0.007001018450754672
67.75696158409119,-0.0087350735105974
67.77237510681152,-0.006120568147698948
67.78785014152527,-0.0032306589699251337
67.80590653419495,-0.004042018839400358
67.82162880897522,-0.006806704766470464
67.83749151229858,-0.006657825327514993
67.84617686271667,-0.0027382289126902087
67.85587620735168,0.00030810042856627823
67.8628478050232,-0.0012313103919625893
67.8741180896759,-0.00469230008965958
67.8890151977539,-0.004273085149651593
67.90416216850281,0.0013488523920394775
67.91322255134583,0.007363700423722228
67.92839908599854,0.009170060800270271
67.94380140304565,0.007789208617708059
67.95919966697693,0.007136055763822541
67.9717161655426,0.007652095390877488
67.97976541519165,0.005780915525612648
67.98958086967468,-1.8110640776991364e-05
67.99724864959717,-0.0057862241895151895
68.00833439826965,-0.0067033551165891925
68.02191424369812,-0.0036117194570154435
68.0366702079773,-0.002082231385565016
68.0523133277893,-0.0049967765505293405
68.07081198692322,-0.00881315197596674
68.08563804626465,-0.00865435462476025
68.10077261924744,-0.0051152036192362044
68.11228132247925,-0.0033740173204243064
68.12173366546631,-0.005976937000133441
68.12953019142151,-0.00938575046711601
68.13988137245178,-0.008959089349675632
68.15472483634949,-0.005249892651786717
68.17079329490662,-0.00288704555652242
68.18603014945984,-0.0039173133200605574
68.20149540901184,-0.005195483265918899
68.22087240219116,-0.003413857631627146
68.2368803024292,-0.00033895295288332607
68.25214719772339,-0.0005023328291021288
68.26756811141968,-0.004439822311082928
68.2796106338501,-0.007173206556863297
68.28934407234192,-0.00449607893657537
68.29808950424194,0.0013605437841141244
68.30892634391785,0.004509971051476118
68.32175397872925,0.0029634430771311006
68.33708047866821,0.000777215330818503
68.35661339759827,0.0020754966579722652
68.37263512611389,0.0053082368628782906
68.39585399627686,0.00557012932844452
68.41244649887085,0.0015576191858762928
68.42475986480713,-0.002570839846210901
68.44017553329468,-0.0028691676827755
68.4554660320282,-0.0007052879941817098
68.46345043182373,-0.00022524223301154307
68.4732096195221,-0.0021161461132123294
68.48880219459534,-0.002796219894331669
68.50448250770569,-0.00016695957417645112
68.5199990272522,0.002559841756112059
68.52954649925232,0.0008340943096071414
68.5394778251648,-0.004765492295265963
68.54855585098267,-0.008701296627657316
68.56431031227112,-0.007348450150345167
68.5792887210846,-0.0033046147210065314
68.59482455253601,-0.0013551563733363967
68.60529661178589,-0.0018108298648523936
68.61235928535461,-0.0004674425679923802
68.6226155757904,0.004887980034286912
68.63222694396973,0.010684410627889575
68.64797616004944,0.011995696091856769
68.66390538215637,0.009173916586908044
68.67304301261902,0.007407880066719539
68.68933176994324,0.009633989573900624
68.70483183860779,0.012529098463409131
68.72002601623535,0.011160744149128835
68.73552393913269,0.005874712460634179
68.74616289138794,0.0018845971135121825
68.75590920448303,0.002210058913799432
68.76309156417847,0.0038373438932093173
68.77897834777832,0.0023369491816702705
68.79459023475647,-0.0017035392035669931
68.81028270721436,-0.0034808399585703163
68.82289791107178,-0.0007912268472364736
68.84567475318909,0.0027525956054821723
68.8614730834961,0.0025794037090444053
68.8769690990448,-0.0007058506121817862
68.89345788955688,-0.002364112789110872
68.90758991241455,-0.00010319832199403873
68.92362833023071,0.0030464292813996634
68.93961882591248,0.0033475668090878303
68.9551568031311,0.001615640398075817
68.96281266212463,0.0015909401753818912
68.9727520942688,0.003986628153364622
68.97945785522461,0.0050536447701446845
68.9958758354187,0.0019371604882570251
69.01104807853699,-0.0028475257556699694
69.02711296081543,-0.00444753822651736
69.04278588294983,-0.002159844612526151
69.05880808830261,-0.0002384955186647045
69.07431530952454,-0.0017897038167638394
69.08843851089478,-0.004330568233714098
69.0961172580719,-0.0033606658617477535
69.10628581047058,0.0010025863763984083
69.1215455532074,0.0037404698748776826
69.13755059242249,0.001577224060468235
69.15320658683777,-0.002659313635869452
69.16252183914185,-0.004011418719834887
69.17262268066406,-0.0020677104823547295
69.1876015663147,-0.0010507405774160125
69.20261836051941,-0.0034463966714262397
69.21828651428223,-0.006353159559149097
69.23390293121338,-0.005706005940285287
69.25049328804016,-0.002280846073905515
69.26071119308472,-0.0008304840281831312
69.27213096618652,-0.0034268801457337096
69.28814387321472,-0.006374284372914669
69.30358958244324,-0.0051942374478512535
69.31281995773315,-0.0008794999380850239
69.32843971252441,0.0013309541470752678
69.34346055984497,-0.000879579316845481
69.35859727859497,-0.0036524469835807084
69.37344908714294,-0.0021741097184105945
69.38846945762634,0.0027792415722728207
69.40418839454651,0.005943832791484904
69.4201729297638,0.0046346039902892015
69.42960453033447,0.0018945170204481168
69.43914723396301,0.0015839664033913325
69.45422768592834,0.0027023444744384674
69.46957421302795,0.0011292880574331424
69.4850971698761,-0.003796390435696283
69.5058343410492,-0.00745598457019845
69.51308679580688,-0.005801538976153367
69.52482676506042,-0.0008725194387459029
69.54054665565491,0.0017811422933549166
69.55663657188416,0.0003441342096822623
69.5719964504242,-0.001313447597056803
69.578928232193,0.00042682058556327675
69.5939531326294,0.0035731641301417283
69.60997104644775,0.0033624768601552574
69.6256639957428,-0.0007339768987366718
69.64106607437134,-0.0038312383111916816
69.65532279014587,-0.0020700588161766016
69.67057037353516,0.002266840955230551
69.68521475791931,0.004025496658817254
69.70080733299255,0.0021559708943317095
69.71263909339905,0.0006418110485347381
69.7277820110321,0.002275588699378011
69.74295282363892,0.004302119849853905
69.7579562664032,0.002270889342255529
69.77327370643616,-0.0033022945845954284
69.7884624004364,-0.007020969270587174
69.80351901054382,-0.0055637077001934754
69.81247806549072,-0.0019273457551552738
69.82264351844788,-0.0011650885146360646
69.83187556266785,-0.003694056639320631
69.84355902671814,-0.005394105474925
69.85898852348328,-0.003913601339120558
69.87500953674316,-0.0019406484695667805
69.88821220397949,-0.00287614525626432
69.91220808029175,-0.005422697168465158
69.92814064025879,-0.005126400913384295
69.94287705421448,-0.0007658990603319361
69.95521450042725,0.0036393833282340918
69.96285629272461,0.004213498355953381
69.97242403030396,0.0023614671387343755
69.98895263671875,0.0023034375290761646
70.004891872406,0.004588169302123015
70.01261377334595,0.005073900327265293
70.02900671958923,0.0010922443970240842
70.03851413726807,-0.003971661319081951
70.05560994148254,-0.00458796579250176
70.06317377090454,-0.000512744665682489
70.0789144039154,0.002531102716253941
70.09500694274902,0.00025291012091337465
70.11088156700134,-0.004542006828998624
70.12192058563232,-0.005745474065355515
70.13061690330505,-0.002092894494057129
70.1402223110199,0.0014051414486006449
70.15526628494263,0.00045968825818177347
70.17132830619812,-0.0029808022772550616
70.18676924705505,-0.00409915423422832
70.20410871505737,-0.0021027732975508785
70.21983242034912,-0.0007031258954351794
70.23573136329651,-0.001986333661006632
70.25117421150208,-0.0030227781000516326
70.26302146911621,-0.0002813440583580495
70.27122902870178,0.004634093436214403
70.2869176864624,0.006499602894392045
70.30264401435852,0.0034729210508801607
70.31271839141846,-0.00021558956548695584
70.32974886894226,9.413196590453985e-05
70.34535551071167,0.0031303170486995514
70.36225390434265,0.0034258042580064337
70.37236404418945,-0.0011154598708992326
70.3794412612915,-0.006168581943693744
70.3897979259491,-0.006646611331814978
70.40251040458679,-0.0033282519700515677
70.41808199882507,-0.0014615406892886382
70.43413805961609,-0.0034389811193109095
70.44942164421082,-0.005692368857361386
70.4625141620636,-0.003926699082053419
70.4725890159607,0.0007686341779663481
70.48788547515869,0.0034153708710711788
70.50310897827148,0.0019631965673822835
70.51847743988037,-0.00019488013846534935
70.53456902503967,0.0006644313778629992
70.54880285263062,0.0033431441278268495
70.56199216842651,0.0037976524337378676
70.57776427268982,0.001354533756312044
70.59350967407227,-8.291626317229336e-05
70.60877132415771,0.0022561584643623297
70.62426710128784,0.0055808250315748905
70.63032984733582,0.005042515933002893
70.64577603340149,0.0005940650239505
70.66094255447388,-0.0024293495082021947
70.67162990570068,-0.00013418483339418816
70.67940640449524,0.00488329357243241
70.68907713890076,0.007108627737838127
70.69946312904358,0.005342999329541531
70.71468210220337,0.0037225969379777062
70.73004627227783,0.0053741746352326016
70.74556088447571,0.007771008662674873
70.76096987724304,0.006352003802882101
70.77205681800842,0.00127192653098119
70.78201913833618,-0.002332640648438314
70.79768705368042,-0.0010963549393433682
70.81313943862915,0.002205460728245828
70.82167220115662,0.002825467005685108
70.82979989051819,0.0009024430622222189
70.83962225914001,0.001292684849545064
70.85517454147339,0.0065027071824328
70.8706123828888,0.01262448927283699
70.88575410842896,0.014093624169733414
70.9005696773529,0.010819521683313868
70.91263580322266,0.007914664033860506
70.92234826087952,0.00848520541020793
70.93282127380371,0.009491151861107758
70.94758796691895,0.006343900961363183
70.96300959587097,-0.00022186747627951859
70.97871422767639,-0.0045780044718331196
70.99403858184814,-0.003390956011082094
71.00100684165955,0.00024820415389488525
71.0070288181305,0.0012360326061877486
71.02182269096375,-0.0008754066790119955
71.02869033813477,-0.0020706843208823838
71.03843212127686,-0.00018743295357039318
71.05593609809875,0.0018928598583922089
71.06289911270142,0.0006836583839532019
71.07810854911804,-0.002392953404946198
71.09304451942444,-0.0025534793806489607
71.10841369628906,0.0016994514003367393
71.12211585044861,0.006180612389544214
71.13717842102051,0.0063905453089859
71.1523609161377,0.0032790397677365897
71.16764783859253,0.001464929060328628
71.18235993385315,0.0025877665696292353
71.19729399681091,0.0032771817035608746
71.21201872825623,0.0005426294074494082
71.22728300094604,-0.0032881093349655085
71.23837423324585,-0.003364022326229844
71.25564312934875,0.0009260408247994097
71.27116227149963,0.004761412273966641
71.2866473197937,0.004085032682772123
71.30234336853027,0.0006894526192199133
71.32328462600708,-0.0006885414878568495
71.33816075325012,0.0010537227786779828
71.35326886177063,0.0024126570450803578
71.36841917037964,0.0009679353091329866
71.37903833389282,-0.0008180847965488097
71.38999390602112,0.0006057121415298456
71.4055347442627,0.004055164484067765
71.42104291915894,0.004603901028590399
71.43699645996094,0.0004724216065748457
71.45273613929749,-0.003958919287491409
71.46287822723389,-0.003687169880204334
71.47765302658081,0.00026247314716422443
71.49258542060852,0.002355081238113844
71.5078694820404,0.00020539066990772192
71.5214569568634,-0.0022752955708918972
71.52942180633545,-0.0006122977023341044
71.53896403312683,0.0037196200622193237
71.54814887046814,0.005233713526735155
71.55866575241089,0.0021832661052155573
71.57452774047852,-0.0007261364557555371
71.58985042572021,0.0014378557657310715
71.60494899749756,0.00715630453910144
71.62052369117737,0.010417896904865765
71.6356475353241,0.008527502070849301
71.65135216712952,0.005129372810991311
71.66270208358765,0.004691111615520458
71.67275404930115,0.006478514099644301
71.68918967247009,0.006310192015697867
71.696768283844,0.003114141102869472
71.70703530311584,0.0006529927356070372
71.72228527069092,0.0020186445852702455
71.73703265190125,0.005034138422926052
71.75317239761353,0.005349010273585938
71.76862239837646,0.0027602897623974537
71.78465437889099,0.001481193056494217
71.79933595657349,0.0038115906217185145
71.81278157234192,0.006379035347097972
71.8222861289978,0.0046493209719639
71.83427596092224,-0.0004782361903550897
71.84941720962524,-0.0034463026293949425
71.86096525192261,-0.0014071436389755166
71.87631344795227,0.001969405535268578
71.89200353622437,0.001600041856336146
71.90765285491943,-0.0020231354410527222
71.9229166507721,-0.0036379929917131322
71.93824124336243,-0.0006448477073781257
71.95342445373535,0.0032142237612024856
71.96039485931396,0.00301138153487919
71.96676659584045,-0.0006359348895244206
71.98272228240967,-0.0026180898159366434
72.0049819946289,-0.0005543685239612559
72.01258587837219,0.0020457094874788326
72.02265572547913,0.0011125253147389043
72.03794312477112,-0.0018214655975479577
72.05300974845886,-0.0016233127025467495
72.06812500953674,0.0028498622510452383
72.07921028137207,0.006418265370747625
72.08956480026245,0.004271511441096495
72.10262155532837,-0.0013834326938238647
72.11856412887573,-0.004109328653535058
72.13369035720825,-0.0017977710896096778
72.14949774742126,0.0007895882682993625
72.1655502319336,-0.0010760940672147673
72.17910647392273,-0.005430060848602842
72.19299817085266,-0.006388226902222857
72.20849084854126,-0.002354709618646419
72.22171235084534,0.0017355150544838959
72.22922992706299,0.0010756307808170939
72.23930716514587,-0.002810241511805778
72.25483465194702,-0.0047591417394933985
72.27031779289246,-0.003424206439622402
72.27919816970825,-0.0028540453766209874
72.29434180259705,-0.0061036752213634035
72.30490517616272,-0.010187639548890768
72.31265807151794,-0.009831663266360181
72.32260084152222,-0.004966131446572071
72.33238005638123,-0.001382768525239776
72.34771633148193,-0.003330979483192366
72.36261940002441,-0.008033114910684487
72.37818336486816,-0.009497611192389455
72.39360165596008,-0.006293229232034686
72.40918588638306,-0.0027976008804911465
72.42162275314331,-0.0027383160649918146
72.4369707107544,-0.0043863549583148
72.45550870895386,-0.003915950134926871
72.4631986618042,-0.0015657157464445716
72.47874665260315,-0.0013643253937175837
72.49412107467651,-0.004803754052753546
72.50938773155212,-0.007949280885846528
72.52435088157654,-0.006669383073818607
72.54006791114807,-0.0027158648458067546
72.5549635887146,-0.0017097736176160038
72.57004523277283,-0.005482121890055044
72.57917284965515,-0.009459573243387961
72.59512090682983,-0.00888756766612201
72.61014890670776,-0.005258296002686334
72.62597155570984,-0.003983270541161432
72.63804006576538,-0.006677055215509553
72.65564227104187,-0.009029783052862998
72.66281199455261,-0.007335435178528541
72.66891169548035,-0.004338711115386325
72.6841344833374,-0.005722516907692072
72.69972109794617,-0.011733779159548001
72.71582961082458,-0.015775490813666904
72.73129343986511,-0.012561118718579161
72.74655842781067,-0.0050979148754688505
72.76227831840515,-0.001007217737542231
72.77758312225342,-0.0030258985896543396
72.79273223876953,-0.006209492376306032
72.80792880058289,-0.005029419860078042
72.82375526428223,-0.00037954389559318293
72.83904099464417,0.002641191816778735
72.85441994667053,0.0022816554364459207
72.86968660354614,0.0021869182247336995
72.87915802001953,0.005435932815669965
72.88894271850586,0.009538833075269775
72.90502190589905,0.009774569928335735
72.92003107070923,0.00606424389224309
72.93599820137024,0.0033260828862333456
72.9531307220459,0.004567741271677295
72.9627456665039,0.006562953965456778
72.96947717666626,0.004492008350997022
72.98442435264587,-0.0008912560155664414
73.00009036064148,-0.0038417955501886185
73.0161383152008,-0.0013906214249942202
73.03149008750916,0.0024947898669857318
73.0467209815979,0.002233294443956254
73.06214308738708,-0.0018593073788774092
73.07794451713562,-0.0041472423755949395
73.08834481239319,-0.0013589014317071345
73.1050865650177,0.0033140545850672168
73.11316418647766,0.005120523955381018
73.11946487426758,0.00436877371194914
73.12673616409302,0.005292474373594259
73.14269661903381,0.009085149523949537
73.15837287902832,0.011563874049023827
73.17147016525269,0.009163834130319563
73.1792151927948,0.004635779762344641
73.18890452384949,0.003907187167419527
73.19879674911499,0.008126942709474724
73.21409368515015,0.011947090549909419
73.22964978218079,0.010526760604088923
73.23829340934753,0.0056544832823408175
73.256276845932,0.0027195010701733134
73.27103972434998,0.003075367778024758
73.28605270385742,0.0026474403056156847
73.30269598960876,-0.0013836434495320521
73.31771802902222,-0.005578350043825178
73.32898473739624,-0.004408779175877377
73.3388180732727,0.0019076027159860313
73.35029864311218,0.006892234029701161
73.3660819530487,0.005711107497875858
73.37892532348633,0.0009851526623742826
73.38886022567749,-0.0011833113158470643
73.40548253059387,0.0007617012326039318
73.4203474521637,0.0027453877021697964
73.43504810333252,0.001775826749485526
73.45041418075562,0.00034538394695870014
73.46664094924927,0.0022028689220298346
73.48249626159668,0.006007822107052637
73.49784898757935,0.006566278661807239
73.51347160339355,0.002242988494037957
73.52159142494202,-0.002117332002208393
73.52908849716187,-0.0012655570842326335
73.53898859024048,0.003702647681371002
73.54904341697693,0.00727175201225681
73.56488060951233,0.007197904197813795
73.58064246177673,0.007036410424902608
73.59577703475952,0.01009973978362742
73.60491228103638,0.013720271767423341
73.61261940002441,0.012325764409540781
73.62241625785828,0.005328792521443743
73.6324520111084,-0.001201527513062632
73.64758729934692,-0.0017258566984126782
73.66291880607605,0.00223495497355814
73.67145657539368,0.004794799021148648
73.69270300865173,0.003577598341075722
73.70251226425171,0.0019600265728112803
73.71821188926697,0.003160208374784353
73.73373651504517,0.005164219550930656
73.74939560890198,0.003933680487780166
73.76249766349792,7.07439974779369e-05
73.77868747711182,-0.0011449529438217077
73.79399371147156,0.003029165178086413
73.8092679977417,0.008426701085641052
73.82231426239014,0.008997664148942746
73.83238291740417,0.0046626140127720905
73.8483817577362,0.0012446781609550253
73.86397242546082,0.0026205038997819787
73.87874794006348,0.005961791657497372
73.89461755752563,0.006392800883037605
73.91059827804565,0.004115695661925926
73.92641735076904,0.0038564500527002647
73.9380738735199,0.007617940315487594
73.95555853843689,0.011231033736204519
73.96400690078735,0.009762274030594622
73.97534656524658,0.00430125248053138
73.99076056480408,0.0006390734319374211
74.00614166259766,0.0016279346872655307
74.0214741230011,0.003774921194434816
74.029141664505,0.00261642591279544
74.03893232345581,-0.0008782641828538901
74.04671359062195,-0.0018828097341336268
74.06255054473877,0.0011621131185128256
74.07856869697571,0.004119112109450898
74.0946364402771,0.002873605696300172
74.10938930511475,-0.0009215955400693697
74.12172651290894,-0.002191898907576125
74.13770890235901,0.0004572942046363669
74.15319848060608,0.002908661272309013
74.16244220733643,0.0015374128875879907
74.17951393127441,-0.0014861089589570222
74.19401359558105,-0.0012264260880946207
74.20942759513855,0.0028097926680015705
74.22138619422913,0.005575810449943902
74.22925209999084,0.0033750298655747407
74.23883891105652,-0.0007661485159942047
74.24787545204163,-0.0009697689464197111
74.25870370864868,0.0034376969744716176
74.27131748199463,0.00674887668398047
74.28673911094666,0.004353927603921264
74.30222344398499,-0.001179244210515724
74.31786394119263,-0.003568326250087032
74.33468770980835,-0.000993580597236424
74.34931969642639,0.00207478203304373
74.36506676673889,0.001518874579147771
74.37905263900757,-0.0008266194111227108
74.38915252685547,-0.00032785532634572296
74.39857721328735,0.003347809292330613
74.4140739440918,0.005473701325149552
74.42853593826294,0.0029275679236736955
74.44458961486816,-0.0012815769327905262
74.45497703552246,-0.0021137511952898443
74.4625813961029,0.0005570108481994071
74.47256064414978,0.001939781398850859
74.48738813400269,-0.0007860271231962257
74.50314021110535,-0.004437274570196782
74.51884150505066,-0.0043125985003899785
74.52909231185913,-0.0008637162490984069
74.53937077522278,0.0008163007216287241
74.54864954948425,-0.0020384810400804676
74.56232118606567,-0.006194820901797412
74.57875323295593,-0.007137697391244842
74.59376168251038,-0.0054566807032829946
74.60893940925598,-0.005825467234995096
74.62489700317383,-0.010014030023013295
74.64028215408325,-0.013930343502945738
74.65591430664062,-0.01305711935835327
74.67127656936646,-0.008729824945738903
74.67918705940247,-0.00643118888471502
74.6889271736145,-0.008485661262043864
74.69866251945496,-0.011338870596151084
74.71065831184387,-0.011001861726791169
74.72597813606262,-0.008703394932289235
74.7415099143982,-0.00873465926568228
74.75709009170532,-0.011824086218382452
74.77286672592163,-0.013791041992844845
74.78808164596558,-0.011547594493143364
74.80370306968689,-0.007821101213013049
74.81936573982239,-0.007629306836396324
74.83508443832397,-0.011283278482808828
74.85065531730652,-0.013794810338768242
74.86597967147827,-0.01163652885822386
74.87911653518677,-0.007427327189999111
74.89536476135254,-0.00603111891571758
74.9096896648407,-0.007674279605233524
74.9253978729248,-0.007865034637095364
74.94055557250977,-0.004214604304614331
74.95523810386658,-0.00036152562916303885
74.97010135650635,-0.0011387496021513298
74.98583984375,-0.005575615720518112
75.00567507743835,-0.007743575189856577
75.0215253829956,-0.004639431234668734
75.03743529319763,-0.00027711319179218766
75.05276679992676,-0.000260480550322966
75.06250357627869,-0.004317416669461722
75.07234072685242,-0.007002431812701709
75.08075141906738,-0.005327895851667191
75.08752655982971,-0.0026377069808404758
75.1033706665039,-0.0035967383552524858
75.11192989349365,-0.00761076489840098
75.12680840492249,-0.00987446202492814
75.138099193573,-0.008262238052455564
75.15447402000427,-0.006129516936690254
75.17057847976685,-0.007158307144541268
75.1865622997284,-0.00983585479117468
75.20215034484863,-0.009659112444538683
75.21230053901672,-0.005984983648920545
75.22236728668213,-0.0035398651859610436
75.23770046234131,-0.006008197674900512
75.25361943244934,-0.010527613592542433
75.2697491645813,-0.011038150124807727
75.28508305549622,-0.006195610360572245
75.30090570449829,-0.001076888786042114
75.31626582145691,-0.00037689559584275613
75.33146572113037,-0.002467974083893408
75.33846831321716,-0.0023247213204080582
75.34759020805359,0.0010730787481617204
75.35674834251404,0.0033171247284810947
75.37547945976257,0.000992020603086446
75.38815760612488,-0.0032662048649467427
75.40317964553833,-0.004312256042106985
75.41259622573853,-0.0016883867299537472
75.42243671417236,-0.0003001432948099872
75.4377772808075,-0.0035351010876297937
75.45291996002197,-0.00845994671396016
75.46881294250488,-0.009847384300709732
75.47890138626099,-0.00736744158438977
75.48895335197449,-0.005865700894212702
75.49865365028381,-0.008453191348256187
75.51401424407959,-0.012225361853405881
75.52954030036926,-0.012561429762594615
75.5452253818512,-0.0097299810702982
75.55483341217041,-0.008317386438616325
75.5626049041748,-0.010314680601071626
75.57247877120972,-0.011862306740759835
75.58285784721375,-0.00855751891168121
75.5983726978302,-0.0019824998609797593
75.61371302604675,0.0018829055256074484
75.62209296226501,0.0004247671326991784
75.62886643409729,-0.0023412073546373504
75.63903498649597,-0.0015128785600019693
75.6492760181427,0.001949997435339028
75.66511654853821,0.0028057662868773052
75.67853951454163,-0.0009143852011215593
75.69444823265076,-0.005029722697652148
75.70993757247925,-0.005010858374434341
75.72400975227356,-0.002271648890809264
75.7324116230011,-0.002106215866150049
75.7483298778534,-0.0061573901025794645
75.7638635635376,-0.009992377171810538
75.77136254310608,-0.009213661505478199
75.779061794281,-0.005532813142493222
75.78902888298035,-0.004294079920583179
75.79863858222961,-0.006998800289536786
75.81357312202454,-0.009352113650977559
75.82854461669922,-0.007448842266284462
75.83796906471252,-0.003306084302583491
75.85527658462524,-0.002070366811214774
75.86264991760254,-0.004968894760441251
75.87786865234375,-0.007842371150218706
75.89302277565002,-0.007079352791029461
75.90487504005432,-0.004444428984185396
75.91986060142517,-0.004084325085967127
75.94333124160767,-0.006222223927769097
75.95457696914673,-0.006735721887880039
75.96971082687378,-0.0032309650672625624
75.97908878326416,0.0012857491707143629
75.98858618736267,0.00261287358745449
75.99866342544556,0.001417005059609286
76.01383924484253,0.0022699675957825417
76.02948069572449,0.006789625748931976
76.04524421691895,0.010626784861676529
76.05528450012207,0.008896392894361355
76.06272649765015,0.0028156049079837383
76.07601833343506,-0.0016225385295686936
76.09128022193909,-0.001265822824026091
76.10719347000122,0.0005980998619282347
76.12232327461243,-0.0006285757998712119
76.13788080215454,-0.004342192487636862
76.15270042419434,-0.0059048082878332565
76.16791319847107,-0.0035838862355726756
76.17891716957092,-0.0012082271041295842
76.18923902511597,-0.002696357548922169
76.20384883880615,-0.006349928209869648
76.21211552619934,-0.00723858388318774
76.22725248336792,-0.004355308314624988
76.24330639839172,-0.002171786524301251
76.25850486755371,-0.0041310320577816004
76.27418160438538,-0.00732879796313984
76.28801107406616,-0.0062145727761501665
76.30378198623657,-0.00034866510770767195
76.31295585632324,0.004717732039171818
76.32799935340881,0.004875945861659678
76.34338736534119,0.002957825986069164
76.35938358306885,0.004635105565213013
76.37485933303833,0.010372640710948296
76.38160943984985,0.014539042295378845
76.38893866539001,0.012813706803145312
76.39850926399231,0.007655976141625259
76.41393661499023,0.004583086747764532
76.42954301834106,0.0048487650355649526
76.43803715705872,0.004735607701500765
76.45551562309265,0.001903900730569327
76.4626522064209,-0.0007857326047359466
76.4786868095398,0.00037234022884819655
76.4933533668518,0.0038118382809366304
76.50546717643738,0.004023805413719608
76.51255631446838,-0.0010434952731992351
76.52218556404114,-0.006778948406136797
76.53799223899841,-0.007608370922703102
76.55377078056335,-0.0039947349944712855
76.56912755966187,-0.0013028744105841904
76.58491969108582,-0.002317276537754858
76.5933485031128,-0.0038420516137024144
76.608731508255,-0.0018904212163277463
76.62114024162292,0.002143367302203351
76.63659024238586,0.00321308078596108
76.65215373039246,-0.000203346714710445
76.67086625099182,-0.0037745189975829222
76.68618178367615,-0.0032688652807802846
76.7021758556366,-0.0004141681555668896
76.71822571754456,-0.0003633042267399385
76.72897219657898,-0.004347291586465425
76.73911809921265,-0.007904266935438439
76.75441026687622,-0.007135851539246098
76.76986908912659,-0.004058815950796126
76.78540968894958,-0.003490968019634516
76.80126142501831,-0.006037715768530647
76.81661009788513,-0.007323233524095149
76.83237528800964,-0.004677661534856507
76.85503101348877,-0.001686497849946388
76.86238551139832,-0.003732019001001486
76.87205290794373,-0.010337610476126727
76.87976288795471,-0.015013904642784594
76.89015889167786,-0.013278981578007767
76.9045934677124,-0.00827228976795247
76.92069745063782,-0.006512928348570126
76.92951321601868,-0.009639694840170533
76.93924927711487,-0.013136043012107003
76.94856858253479,-0.013156572786072046
76.9641523361206,-0.011582134491867114
76.97941708564758,-0.012499625411429113
76.98786449432373,-0.01564608522115413
77.00336194038391,-0.016406347558568884
77.0131344795227,-0.012334476749260335
77.02841401100159,-0.006840176663236252
77.04356336593628,-0.004759346825629483
77.05958366394043,-0.005992717425273972
77.07114124298096,-0.006041522061726369
77.0789942741394,-0.0025380496266192054
77.08873534202576,0.0014912739739827874
77.09823369979858,0.0022016269175692185
77.11417937278748,0.0007378013630958986
77.12916231155396,0.0017771943234468081
77.13797640800476,0.006664584711351818
77.15565776824951,0.011012960435445387
77.16280102729797,0.010561302697181045
77.17524290084839,0.007255200530444443
77.18776106834412,0.006891197803839476
77.20323753356934,0.011369738817325939
77.21262288093567,0.016198329480744428
77.22181367874146,0.016653639513358368
77.22856831550598,0.014026009900713529
77.24387788772583,0.013421387464654643
77.25915741920471,0.016527287341772078
77.27144479751587,0.0195977717751081
77.27892255783081,0.019166236508701966
77.28840231895447,0.01703653196709258
77.2980329990387,0.01747330658827577
77.30912590026855,0.020864363503566116
77.32465624809265,0.023157039149162797
77.34029412269592,0.021999404344759547
77.35640835762024,0.020670081583795956
77.36255383491516,0.023705717760449652
77.37777900695801,0.029972821199032953
77.39368677139282,0.03308238011326253
77.4090371131897,0.02922368125536358
77.42113709449768,0.02208454233737793
77.42898082733154,0.018153384288770467
77.43895387649536,0.018655226019664788
77.447420835495,0.018865566043821273
77.45810198783875,0.015346466006969792
77.47110557556152,0.01085781341306594
77.48667812347412,0.010223324367241354
77.50249791145325,0.013220534940332708
77.52064609527588,0.014662018548611003
77.53599190711975,0.01158617625997729
77.55139899253845,0.007407664328900982
77.56674575805664,0.007153039207350669
77.5787889957428,0.01044743993858458
77.58633041381836,0.01207199865970863
77.60179996490479,0.009265489470074228
77.61753129959106,0.005483310788945088
77.62909197807312,0.005373830174950068
77.64536476135254,0.008156156634988955
77.66045379638672,0.00880239944951855
77.67617702484131,0.005301789640445928
77.68783473968506,0.0016290231243522102
77.70350408554077,0.002158951136685778
77.71414422988892,0.005456042767799086
77.72546744346619,0.006297189572722963
77.7411139011383,0.0031207647457982108
77.7568621635437,0.0003611374086807764
77.77270030975342,0.0023050351726692014
77.78869390487671,0.007055405755991184
77.8043920993805,0.00901664623656629
77.82042455673218,0.006355833988992967
77.83598709106445,0.0030920035676590698
77.85564041137695,0.0032058388214438764
77.86436343193054,0.0052924218147245156
77.87494730949402,0.005209200828025907
77.89064764976501,0.002651993591130012
77.90598249435425,0.0019913459703314726
77.92237138748169,0.005988848304715273
77.93768262863159,0.011416835342761462
77.9534809589386,0.013116701606830268
77.9617931842804,0.010970184416642867
77.97702765464783,0.009889862802015422
77.98763418197632,0.012734587547282218
78.00329065322876,0.016152539292437863
78.01048922538757,0.015290881762402895
78.02472424507141,0.010768773092407858
78.04004049301147,0.008037317647476337
78.05603051185608,0.009917840972351218
78.07202482223511,0.012760193941804438
78.0790958404541,0.011664338556364225
78.09546399116516,0.007448059652551936
78.11104130744934,0.005514333178235222
78.12660336494446,0.008197983895217628
78.13775587081909,0.011418217005979801
78.15568041801453,0.010364828143977723
78.16760587692261,0.0061812936316268784
78.17735886573792,0.004288694964002524
78.19231581687927,0.006835161027934266
78.20795512199402,0.009913068808092042
78.22141814231873,0.00929470836393231
78.2290186882019,0.006410301010982927
78.23895502090454,0.006087245658232321
78.2485339641571,0.009350258890892478
78.26385498046875,0.011645453128047583
78.27929759025574,0.00919592194520234
78.28768348693848,0.004583541071979608
78.30338072776794,0.0035110908737850935
78.31943941116333,0.007029216788228701
78.3351800441742,0.010074730684461915
78.35068130493164,0.008519833648134882
78.36036014556885,0.004954964590093655
78.37174415588379,0.005046645355117889
78.38720369338989,0.009538600063598785
78.40374088287354,0.013175627414233794
78.41922903060913,0.012065906937974822
78.4350106716156,0.009045621940657177
78.45066475868225,0.00947091259099054
78.46073412895203,0.01344515486664185
78.47597146034241,0.015529176266730036
78.4915041923523,0.012396303509375262
78.50480151176453,0.007645299780230163
78.5200400352478,0.006943777282219428
78.5353524684906,0.01028841022540854
78.55070638656616,0.012222318554054194
78.56203269958496,0.009583821254088975
78.57250308990479,0.005733439580898737
78.5863766670227,0.005352687604393093
78.60165357589722,0.0074856219719332635
78.61686539649963,0.007006277315284162
78.62945342063904,0.0024810759239831987
78.64509510993958,-0.0010062606284116369
78.65538358688354,0.0014822138894741033
78.66277694702148,0.007673401467048124
78.67775797843933,0.010590417975630753
78.69256520271301,0.007473689243057208
78.70849251747131,0.0030941790524385794
78.72158598899841,0.00312426387902598
78.73182249069214,0.00675989090547516
78.74726963043213,0.008504343217756297
78.75458645820618,0.006167172781181595
78.77072930335999,0.0036957817103171735
78.77897071838379,0.005047085209817537
78.78830480575562,0.008065519673369409
78.80336594581604,0.007292908883046211
78.81895422935486,0.0018760853335035238
78.834707736969,-0.002717238462896958
78.84954237937927,-0.001897223685394319
78.86468267440796,0.0018773352201384521
78.87582588195801,0.0026307749912700897
78.89156770706177,-0.0008294034559044646
78.90661978721619,-0.0034686685190277685
78.92156171798706,-0.0013237126397859585
78.92838096618652,0.0028986518603215184
78.93864560127258,0.0038118892088828595
78.95402407646179,0.0011166827535909452
78.9694151878357,6.228655075977019e-06
78.98451280593872,0.0036381388450415124
79.00514316558838,0.00845837816545407
79.01226234436035,0.009125638165480248
79.01851296424866,0.00606843793875333
79.03428220748901,0.004854700557343783
79.04985857009888,0.008186794486308586
79.06059861183167,0.011965270389346045
79.07847785949707,0.011190564119211084
79.0943214893341,0.007377257536237287
79.10954785346985,0.006746619319053075
79.12471461296082,0.01139033100099973
79.14023971557617,0.015695204983762527
79.154953956604,0.013253170165999244
79.16981363296509,0.005013159548800271
79.185063123703,-0.002241856356645967
79.20548391342163,-0.0046485293542221275
79.22146606445312,-0.005168334240893729
79.23642420768738,-0.007849712973856024
79.25227642059326,-0.01122493906780685
79.26225638389587,-0.010439684218361705
79.27663540840149,-0.004933578267023506
79.29167342185974,-0.0003220725606071625
79.30739521980286,-0.0012702113348433304
79.32283568382263,-0.005149593815604777
79.33851051330566,-0.005479060079969424
79.35518026351929,-0.000481220090167999
79.36239171028137,0.005004473972841755
79.37754487991333,0.006517016363264433
79.39307475090027,0.00573581248100849
79.40428709983826,0.0070491126719049516
79.41242742538452,0.010311037494154534
79.42225766181946,0.010570007069807985
79.43532752990723,0.005360968438294261
79.45072150230408,-0.0009997589306896051
79.46567487716675,-0.0026537627124571346
79.48063945770264,0.00011692445952140099
79.49804401397705,0.001542410871044376
79.50520896911621,-0.0015483694168891707
79.5125024318695,-0.005565704008383791
79.52845096588135,-0.005641148792301029
79.54357767105103,-0.0027860857616109694
79.55454421043396,-0.0025022703926150585
79.56242632865906,-0.006920212268944057
79.57183527946472,-0.011733528480956202
79.5817060470581,-0.012205366604719103
79.5971314907074,-0.00956420439501363
79.61278080940247,-0.008757958394291413
79.62824440002441,-0.011060035539953857
79.63783073425293,-0.012347159050216598
79.65528678894043,-0.009567376867222699
79.66269159317017,-0.005910860486592757
79.67819857597351,-0.0067825000347424575
79.69432020187378,-0.011888573572671033
79.70447015762329,-0.01480078032383975
79.7124490737915,-0.011222293097195316
79.7218132019043,-0.004839394071199897
79.73526096343994,-0.0026295654312581554
79.7506947517395,-0.005927008161561583
79.76658892631531,-0.009313987809582756
79.77723908424377,-0.008478346285338013
79.78877902030945,-0.005901792075308453
79.80449509620667,-0.006686373128756618
79.8199245929718,-0.01085471482035297
79.83601665496826,-0.013214400430704903
79.85138893127441,-0.010886053911671854
79.86202192306519,-0.007664207785725137
79.87254118919373,-0.008914869697151582
79.88305449485779,-0.01412521118714215
79.89904975891113,-0.017591839492548594
79.91439580917358,-0.01632637547803516
79.92890429496765,-0.014056840108053022
79.93847012519836,-0.015671566515829946
79.95410895347595,-0.020017290093639915
79.96898293495178,-0.02135066838986629
79.984694480896,-0.017425971290590304
80.00335144996643,-0.012721567627497259
80.01252007484436,-0.012221837601829022
80.02876210212708,-0.014580971763166816
80.0448534488678,-0.014317024293735197
80.05966567993164,-0.009892827388361917
80.0710506439209,-0.006274095083151253
80.07905650138855,-0.008283073715824974
80.08884406089783,-0.013851037716770905
80.10428428649902,-0.01645500653880199
80.1198570728302,-0.013531584301928514
80.13514423370361,-0.009600998521880495
80.15566945075989,-0.010030751280315555
80.16270637512207,-0.013984156974935685
80.16888642311096,-0.016042201006036524
80.1843810081482,-0.01400379292981623
80.19929838180542,-0.011917684887889567
80.21465277671814,-0.014171227801587688
80.23064613342285,-0.01903372111260035
80.24569177627563,-0.020829185293330846
80.26165175437927,-0.01774781044147063
80.27667903900146,-0.01429182810032936
80.28766560554504,-0.014903772655744385
80.30503559112549,-0.017839681485971967
80.31256651878357,-0.017974612218114406
80.31862330436707,-0.01442644626196929
80.33466958999634,-0.011983129034995358
80.3499915599823,-0.014203409105399611
80.36579489707947,-0.01800888332255084
80.3813145160675,-0.017595438718427482
80.39920544624329,-0.012420734971291637
80.41464114189148,-0.008242157338218682
80.42820811271667,-0.009705338681980395
80.44343614578247,-0.014567104856826798
80.45869731903076,-0.01726918820871348
80.47470879554749,-0.016607491044950295
80.4903028011322,-0.016779488249886336
80.5053141117096,-0.020711558338725067
80.52084636688232,-0.02548790969343503
80.5365035533905,-0.026404560732792293
80.55246758460999,-0.0236648773368267
80.56792426109314,-0.022070271450806023
80.57822918891907,-0.024226847481621013
80.59435296058655,-0.027029098557044984
80.60975170135498,-0.026418305579354914
80.62498617172241,-0.02352397148083535
80.63779902458191,-0.023190130783597294
80.65561652183533,-0.02675648237735306
80.6704683303833,-0.029510823768373853
80.68566679954529,-0.026951022615364424
80.70087552070618,-0.021352223433121972
80.72267961502075,-0.019228548406556235
80.73111701011658,-0.02288829566479044
80.74220323562622,-0.027662253404767478
80.75451135635376,-0.028500122449997934
80.77058839797974,-0.026607368446694347
80.78581809997559,-0.02702678092492021
80.80341148376465,-0.03096766824922199
80.81896591186523,-0.033875531181257496
80.83416986465454,-0.03183704172721645
80.8492980003357,-0.027105788307513645
80.86476874351501,-0.024929801001552118
80.8803083896637,-0.02627488767154749
80.8900785446167,-0.0268563070698326
80.90597462654114,-0.023829984498335916
80.92114019393921,-0.020347095150534983
80.93628120422363,-0.02106356214699532
80.95229721069336,-0.024897438941068488
80.96216535568237,-0.025794711716492322
80.97758936882019,-0.020993622287659407
80.99303483963013,-0.0152214702124009
81.00892329216003,-0.014602480776878823
81.0157642364502,-0.018503817300536733
81.02540969848633,-0.020572302591234617
81.04075217247009,-0.01747833833636717
81.05601572990417,-0.013299685526975222
81.0650315284729,-0.013696404246853727
81.08041143417358,-0.01811148564354377
81.09587979316711,-0.020682989005424736
81.11110091209412,-0.018363967752063462
81.1282868385315,-0.014930869886784296
81.14410614967346,-0.015475665980790216
81.15980410575867,-0.019227747753678914
81.17576885223389,-0.0207266163112099
81.19071578979492,-0.017538331262051905
81.20632719993591,-0.013567158439557133
81.22083520889282,-0.013405866643426861
81.22860336303711,-0.01590286609587744
81.23852205276489,-0.01607628158505916
81.24837470054626,-0.012450493505862685
81.26086235046387,-0.00916205932637531
81.27658152580261,-0.009804790823204273
81.29252862930298,-0.011963810016865271
81.30452060699463,-0.01054437395644593
81.31211137771606,-0.005432506884915456
81.32820439338684,-0.002507156441479967
81.34423232078552,-0.0060200040697953785
81.3604896068573,-0.012580155824350124
81.371896982193,-0.01516772701419137
81.38858842849731,-0.011865110393895827
81.39622616767883,-0.00753847706006252
81.40666627883911,-0.006696199271393013
81.42110824584961,-0.007895498206998038
81.43666934967041,-0.00718802122983557
81.45526909828186,-0.004819941627375051
81.46251702308655,-0.0049763576339117745
81.47991728782654,-0.008880555608423843
81.49473762512207,-0.011648205433315576
81.51014614105225,-0.00824969878164563
81.52172541618347,-0.0007152318566466787
81.53676891326904,0.003745861513656597
81.55208444595337,0.0017492589941387913
81.56152701377869,-0.0021407633812559326
81.57617664337158,-0.0017162585763850745
81.58847427368164,0.0027923303704722713
81.60422277450562,0.005719105140940791
81.61924314498901,0.0041056105199402
81.63483452796936,0.0013091783774005035
81.65012860298157,0.0014029550273728366
81.66612768173218,0.003066892686982063
81.6816155910492,0.002044955942303174
81.69682145118713,-0.0016272625834199668
81.71232175827026,-0.0026265008883571547
81.72083401679993,0.00231899122412126
81.72889995574951,0.008900811728534505
81.73879313468933,0.009775902753254115
81.75385165214539,0.003752054278976291
81.76931691169739,-0.00250835678214893
81.78520107269287,-0.002643541471822458
81.8053412437439,0.0021111864923721822
81.81219863891602,0.0057803989387057355
81.82510566711426,0.0060515192873538785
81.83772039413452,0.006508899702351716
81.85369682312012,0.010271162772057862
81.86958861351013,0.014812876798554272
81.88161039352417,0.015611667124475044
81.89688777923584,0.01321076913133173
81.91304445266724,0.013204165019867759
81.92082500457764,0.018736642088828994
81.92857313156128,0.025914528511856702
81.93849015235901,0.02869344778257662
81.94816017150879,0.0266608446941351
81.96409559249878,0.025066477475138054
81.9793210029602,0.027200558242982092
81.9947202205658,0.029789073051205137
82.00435447692871,0.027730196187143022
82.01225733757019,0.021412394489664546
82.0216977596283,0.016396634721643093
82.03196787834167,0.016114600565298485
82.04787182807922,0.017946856473717257
82.06349468231201,0.01790606292524561
82.07888531684875,0.016711208585362756
82.095050573349,0.01826761666443481
82.1019172668457,0.022943204340085413
82.11751675605774,0.025890661007008167
82.13315224647522,0.023410696102677944
82.14865636825562,0.01842558320955555
82.15515732765198,0.016933057824093944
82.16181468963623,0.01998451564231612
82.17224383354187,0.02231693194633102
82.18735551834106,0.019752994709131444
82.20316910743713,0.015259123571529105
82.21909213066101,0.01517480779966877
82.23763489723206,0.02060567259080797
82.25567650794983,0.02575186640852444
82.27085828781128,0.025487077534453756
82.28603792190552,0.02182966595706866
82.295236825943,0.02066329377975161
82.31058740615845,0.023619664088530414
82.32662391662598,0.026395617733513684
82.34191536903381,0.02534351577683782
82.35725116729736,0.022607375638037108
82.37241387367249,0.022628974698779076
82.38819146156311,0.025440355275357728
82.40342855453491,0.026614549963809436
82.41895604133606,0.023922042151292455
82.43404221534729,0.020983637614735595
82.45511484146118,0.022474079664969494
82.46205019950867,0.027518415982155927
82.47722578048706,0.030649589657512664
82.49292874336243,0.02918962861392345
82.50834703445435,0.026866701139610483
82.5213975906372,0.028568286744128663
82.5323646068573,0.0334133023041416
82.5421187877655,0.03576713416369687
82.55788087844849,0.03288382946722331
82.57344722747803,0.028637121940411705
82.5889241695404,0.02819656703160312
82.59868955612183,0.031053034376683226
82.61442971229553,0.0319795346471143
82.6304829120636,0.02838267541441708
82.6451506614685,0.02371652334106253
82.65262985229492,0.022373945333117116
82.66756772994995,0.02352870997576875
82.67809557914734,0.022772656220373978
82.69404625892639,0.019115632683213243
82.70551824569702,0.017028628960899003
82.72115588188171,0.0202011317755861
82.73672866821289,0.025790894546827325
82.75245261192322,0.027675414473730887
82.76160645484924,0.024572623146202146
82.77165603637695,0.021780321742646755
82.78173184394836,0.023960180904058617
82.79729175567627,0.028812086667185918
82.81336116790771,0.030277967637181512
82.82891821861267,0.026751368510518684
82.83778166770935,0.02298686078054249
82.8452422618866,0.02335066544521817
82.8605740070343,0.026052920443878306
82.87609672546387,0.026261467371323875
82.89203763008118,0.023238327035033573
82.90489196777344,0.021098349005218738
82.92162489891052,0.02226594188084951
82.92931485176086,0.023436547158506793
82.93932223320007,0.020250926173315628
82.95406889915466,0.014112173753105504
82.96915221214294,0.011126812398610785
82.97877311706543,0.014163920137566902
82.98858547210693,0.018930980474317245
82.9987404346466,0.01967281396856361
83.0147054195404,0.01680507739346667
83.02825927734375,0.0159758506320908
83.037752866745,0.01982155688412997
83.04543232917786,0.02389081032069979
83.05535292625427,0.022594316749137894
83.06919741630554,0.017127176912086744
83.0759015083313,0.014344264672892156
83.09118151664734,0.017869399594716007
83.10645389556885,0.023387317905886884
83.12092232704163,0.024362335562087736
83.12862062454224,0.02031238723959212
83.1386206150055,0.01667357763889559
83.14824438095093,0.01707307045782408
83.16424059867859,0.018892745449240942
83.17975330352783,0.017767218370342418
83.19584369659424,0.014047161974899238
83.20489716529846,0.011980798237963268
83.21203017234802,0.013150436723836777
83.2222490310669,0.013967960651097016
83.22869157791138,0.011031376615165955
83.23841738700867,0.006545275145280061
83.25402212142944,0.005654436875688676
83.26998043060303,0.009213878874559715
83.28517246246338,0.012410666479563763
83.3009603023529,0.011509263890856762
83.31725192070007,0.009266785592210298
83.3331618309021,0.011176852086545957
83.35459971427917,0.017627057537252425
83.36945056915283,0.02300800191660909
83.38486504554749,0.023176032373014657
83.40068459510803,0.02085970759224283
83.4113495349884,0.021378696885124178
83.42089986801147,0.024747786106247706
83.4378833770752,0.025497079872375893
83.44818162918091,0.020653200635768476
83.46122288703918,0.014569240705359717
83.47691822052002,0.0134791978160658
83.48763227462769,0.017135293065458808
83.50484108924866,0.019194889444046875
83.52611112594604,0.01584458599841632
83.53761911392212,0.01064198784458767
83.55302715301514,0.009043144132244087
83.56206512451172,0.010640267656981901
83.57155752182007,0.01008156923229506
83.58123898506165,0.005095363186973423
83.59477639198303,-7.1897621222365236e-06
83.61080431938171,-0.00037116207050097135
83.62700080871582,0.00250810540770634
83.63828992843628,0.0029426329774624054
83.64775323867798,-0.0008214963570410449
83.6584484577179,-0.004158611736749069
83.67104911804199,-0.002806001779560825
83.68598794937134,0.0008821231693493911
83.70142650604248,0.001184448191826607
83.71720266342163,-0.0027803804603011885
83.73213934898376,-0.005552902771625346
83.74785423278809,-0.0027843399645733555
83.76363039016724,0.0027186672060596734
83.77873539924622,0.0047810786290954956
83.78727102279663,0.0021785134802771683
83.80176711082458,-9.456712227986222e-05
83.8172972202301,0.0017663013178964493
83.82909965515137,0.004867067714904753
83.8460066318512,0.0038274975204781268
83.86035537719727,-0.001305968900070775
83.87595748901367,-0.004772819396899308
83.8875617980957,-0.0029618354310059153
83.9037778377533,0.0006272340602851236
83.91224789619446,0.00029980934473703737
83.91842675209045,-0.003967543786478876
83.93399095535278,-0.006703540711646088
83.94983267784119,-0.004739160875219113
83.96548962593079,-0.00151666983007744
83.97847247123718,-0.0019227599618016743
83.98823070526123,-0.005195503922099135
83.9960446357727,-0.006087368085800989
84.01160955429077,-0.002544265726030878
84.02653551101685,0.0011561367238774926
84.03745889663696,0.00031428389173393436
84.04526805877686,-0.003624414999286093
84.05496191978455,-0.0051172033428535865
84.062096118927,-0.0022564190995882387
84.06901597976685,0.0007191458838806668
84.08431816101074,-0.00037089583855041963
84.09970021247864,-0.0036133312411207974
84.11560916900635,-0.0038610273069976182
84.13164043426514,-0.00047972482230311314
84.1489143371582,0.0012740575097801806
84.16140699386597,-0.0024346760717777523
84.17705249786377,-0.008290336160553219
84.18740010261536,-0.010017920876943014
84.19550275802612,-0.006842206446597424
84.20542359352112,-0.00441065790847063
84.21239018440247,-0.006911912273136517
84.21963858604431,-0.01144500925851842
84.23486948013306,-0.01239151840919436
84.25013184547424,-0.009404467305982878
84.26536798477173,-0.007663553699622921
84.2786922454834,-0.010134622456547317
84.28865456581116,-0.01296693439358342
84.29546093940735,-0.010763826214840188
84.31128001213074,-0.004448843589814304
84.32676529884338,-0.0006143230140591242
84.3373053073883,-0.003045086601751519
84.34514260292053,-0.00796982632395643
84.36052823066711,-0.009356217951572557
84.37803268432617,-0.006706033478245405
84.39384293556213,-0.004682265862271077
84.40932774543762,-0.005655566599990737
84.42165637016296,-0.006182314668733623
84.43775415420532,-0.0025268094879874916
84.4527440071106,0.0028734209705646133
84.46810603141785,0.0036820492665370803
84.47852802276611,-0.002047181740899886
84.48817658424377,-0.009065024037191465
84.49533200263977,-0.011698043105034656
84.50270462036133,-0.010998077634673581
84.51815962791443,-0.01251949665374628
84.53400421142578,-0.01799233655252714
84.54520559310913,-0.022572098658164487
84.55505967140198,-0.021427496568219122
84.56969380378723,-0.016364443316077518
84.58498764038086,-0.013291323005759054
84.60093092918396,-0.014255276000585149
84.61212420463562,-0.01520339603192981
84.62184739112854,-0.0122955026912879
84.63810539245605,-0.007580343151995901
84.65299892425537,-0.006053849849893067
84.66820406913757,-0.00848532294628069
84.6880955696106,-0.010299327116810187
84.69479846954346,-0.008076922962060043
84.71017909049988,-0.0044128952950781165
84.72587442398071,-0.004244585668393871
84.73786926269531,-0.007886780628653155
84.75473260879517,-0.010673620484620557
84.76997518539429,-0.009703796798717081
84.78598928451538,-0.007986070111354292
84.8016128540039,-0.009867085946215364
84.81700277328491,-0.014181594605156882
84.83302450180054,-0.015208765210983473
84.84855675697327,-0.01062419791816008
84.86135196685791,-0.005423328899958333
84.87740349769592,-0.005965949543673497
84.89285945892334,-0.011921107386607985
84.89864420890808,-0.01694913696180426
84.91436219215393,-0.017094458229267494
84.93012285232544,-0.015520351807805852
84.95458340644836,-0.017563074326289778
84.97063732147217,-0.02338026874095734
84.98593854904175,-0.02827138466021713
85.00154042243958,-0.02963391797099038
85.01176023483276,-0.03035365381967044
85.02151226997375,-0.033929661517494894
85.03072214126587,-0.03871220916234002
85.04161429405212,-0.03992041777094571
85.05692863464355,-0.03672022455960186
85.07077074050903,-0.03404039611064909
85.086017370224,-0.03614159181789008
85.10366439819336,-0.04082758763793305
85.11980271339417,-0.04252084350888295
85.13495635986328,-0.04001263590367994
85.15427374839783,-0.038076440593488275
85.16481399536133,-0.040687635602496275
85.1800754070282,-0.04535422982936767
85.19561767578125,-0.04652460747744619
85.21063446998596,-0.04330763339195409
85.22610902786255,-0.04066599141694508
85.241628408432,-0.042392887048300756
85.25765991210938,-0.04573446988050171
85.27061891555786,-0.04523702874011524
85.27859044075012,-0.04045215749629493
85.28832411766052,-0.036683611053581776
85.30497908592224,-0.037701285343246516
85.32003259658813,-0.04063897333687919
85.33596634864807,-0.04020318928359094
85.3513720035553,-0.036192204620107735
85.36669111251831,-0.033784198370742174
85.38821864128113,-0.03642737998955475
85.40410161018372,-0.04148123836480756
85.41344213485718,-0.04449687768066815
85.42331862449646,-0.045709869095053646
85.43814587593079,-0.04944521928646778
85.45403981208801,-0.05734245038849388
85.46182799339294,-0.0651079979433822
85.47166705131531,-0.06766217249334827
85.48029375076294,-0.06572623635961158
85.49339580535889,-0.064639588402117
85.50895810127258,-0.06697024986490431
85.52423405647278,-0.06923326133837858
85.53859186172485,-0.06725176250301881
85.55066680908203,-0.062452445776263216
85.5605993270874,-0.060032825156001134
85.57610750198364,-0.061510445165318374
85.59123253822327,-0.06235445435723447
85.60711765289307,-0.05838774501471567
85.62305521965027,-0.05207969704853528
85.63911604881287,-0.049647714023881455
85.66153526306152,-0.0526693762588774
85.67106986045837,-0.055732879757741154
85.68598055839539,-0.0534496912143191
85.70204615592957,-0.04734039817028314
85.71233892440796,-0.04342592637840185
85.72817993164062,-0.044179316250151396
85.74305820465088,-0.04592654803995759
85.75827717781067,-0.044753450528981636
85.77345681190491,-0.04213090909246182
85.78946328163147,-0.0423968172775368
85.8050229549408,-0.0460830286754368
85.82075047492981,-0.04881949923685553
85.83598709106445,-0.047329199656042334
85.8457932472229,-0.04383700413468898
85.86094045639038,-0.042587311937340985
85.87694525718689,-0.04357235367740792
85.89233303070068,-0.042564564779081424
85.90429377555847,-0.0374298525956928
85.91136693954468,-0.031638510578743576
85.92181968688965,-0.02981115906990743
85.9350938796997,-0.03139128607001578
85.95060348510742,-0.031276496606285994
85.96608686447144,-0.026704489625083736
85.98208475112915,-0.021062641627706324
85.99458432197571,-0.019381159679199955
86.00464987754822,-0.021566834067946135
86.01485967636108,-0.022566544587164183
86.03012561798096,-0.01918491960762658
86.04661822319031,-0.014172579694566433
86.05409908294678,-0.012181353816937676
86.06181025505066,-0.013619489001206247
86.07114696502686,-0.015026314942154218
86.0851936340332,-0.014782835385518583
86.09450936317444,-0.01523422954896248
86.1097800731659,-0.018007923524855578
86.12443685531616,-0.01994649648791625
86.13988518714905,-0.016582393608401552
86.15469312667847,-0.008766008101223759
86.17052364349365,-0.0025772761707325564
86.18638849258423,-0.0016231030892366587
86.20233869552612,-0.001884215160907691
86.21162986755371,0.0034718298913205426
86.22200465202332,0.01523034570873549
86.23053097724915,0.026880672604019072
86.24198508262634,0.03263483981257404
86.25799226760864,0.034025862088471456
86.27388858795166,0.036630288082555106
86.28989386558533,0.042155874346937114
86.30570697784424,0.04708821147058013
86.32184362411499,0.04911550486491312
86.33792901039124,0.051280272007693084
86.35507082939148,0.05747217259102909
86.36179685592651,0.06585921745807422
86.36929202079773,0.0702063922340296
86.37550592422485,0.06791092001114898
86.39098072052002,0.06382298852416957
86.40636730194092,0.06433975201326136
86.42205691337585,0.06945336081617731
86.43725824356079,0.07326246811857667
86.4521050453186,0.07202721634557177
86.46727132797241,0.06876698766260447
86.4786217212677,0.06840998015739144
86.48811221122742,0.07061112892433444
86.49704337120056,0.07038988063244221
86.50410318374634,0.06555694419293467
86.52014136314392,0.060263494704555255
86.5352554321289,0.059507281606242746
86.5510036945343,0.062255368617813917
86.56205463409424,0.06279876894261527
86.57722878456116,0.0583661184119306
86.59293103218079,0.052457291668333156
86.60886335372925,0.04973644994115331
86.6245527267456,0.05010076215277936
86.63688945770264,0.049986269798256766
86.6516683101654,0.04815092409242769
86.66732001304626,0.04707183815462535
86.68310141563416,0.0481774111873391
86.69523549079895,0.0485705548002001
86.71124720573425,0.04475405011467326
86.7267336845398,0.038324198077245936
86.74211955070496,0.03513652901428384
86.75800633430481,0.0383540830479297
86.76525950431824,0.044522185049987936
86.78104782104492,0.0479585566073762
86.79447555541992,0.04754977644487462
86.81099104881287,0.04693102357090548
86.82600402832031,0.04824241597593024
86.84486651420593,0.04850899027758831
86.8598461151123,0.0439201824849765
86.87563014030457,0.0360136366147695
86.88757109642029,0.030730775456815268
86.90518450737,0.031064505482780506
86.91233110427856,0.03319389563813066
86.91993308067322,0.03157850862203952
86.93495726585388,0.026219904327528798
86.95011901855469,0.02221942934533521
86.96532845497131,0.02238584254613235
86.97846698760986,0.023260355058250016
86.99473786354065,0.02007955615706087
87.01002860069275,0.01367370892534691
87.02522277832031,0.009586585369614549
87.03738927841187,0.01051788007898201
87.04524874687195,0.012468569083792607
87.06140327453613,0.009917736354326764
87.07651448249817,0.0030559369180294923
87.09236073493958,-0.0025366508088311614
87.10421633720398,-0.003008799787777585
87.11974048614502,-0.0004470098853872281
87.136883020401,0.0010555408787333558
87.15226817131042,0.0013809003708935127
87.16752457618713,0.0038676896782604154
87.18288469314575,0.009341881629672135
87.20454907417297,0.01374535820286312
87.22153377532959,0.013322460784660827
87.23642563819885,0.01024598518251921
87.25165891647339,0.010432053573593298
87.26212859153748,0.016095477313006642
87.27747440338135,0.023118696156851155
87.29291367530823,0.02673331209717171
87.30835938453674,0.027580934771459543
87.32317352294922,0.030030108993945176
87.33832216262817,0.035631632552223125
87.34562849998474,0.041081067840706594
87.35516548156738,0.043205063367896285
87.37023997306824,0.04342759904367315
87.38598036766052,0.04521822215541257
87.40182209014893,0.04839937869874378
87.41204953193665,0.04881844981062922
87.4268205165863,0.0441344644881784
87.44210839271545,0.037516565988670744
87.45418119430542,0.03378423790693866
87.47021675109863,0.03319539560586354
87.48505568504333,0.03156537735019512
87.50097799301147,0.026561432837074718
87.51650214195251,0.02128078066131149
87.53186678886414,0.020020077610960176
87.554527759552,0.022143920881916683
87.57009172439575,0.022661846236666214
87.5849826335907,0.01879411290046934
87.60067582130432,0.013505190709272974
87.61567878723145,0.011224562275846534
87.62853026390076,0.0118145508213682
87.63562178611755,0.01116374363670825
87.65112042427063,0.007360334556151153
87.66628813743591,0.003540423884831605
87.67828726768494,0.0033372892319163574
87.68806958198547,0.005470598019362361
87.70324349403381,0.005291410162654128
87.7183427810669,0.0012449677136559508
87.73401117324829,-0.002822013572605012
87.74553108215332,-0.0028705554846744953
87.75524759292603,-0.0002498021123740336
87.76701974868774,0.00010620781008144277
87.78203845024109,-0.0035927150420838813
87.79783987998962,-0.00763353340040551
87.81317520141602,-0.008024486316671894
87.8278911113739,-0.005977956483395009
87.84461855888367,-0.006030824598143737
87.86001348495483,-0.00955139418572976
87.87529039382935,-0.012843032376565446
87.89136028289795,-0.012468493556771777
87.90735292434692,-0.010149409947608684
87.92378544807434,-0.010279159887900942
87.93970680236816,-0.01367366546082127
87.95495963096619,-0.01649945041269222
87.9702787399292,-0.015849317710766427
87.98615884780884,-0.0139152031370758
87.99517583847046,-0.014708870560290455
88.00508427619934,-0.017993420729429
88.01160931587219,-0.019267472934253994
88.02689003944397,-0.016136311541714563
88.04318141937256,-0.012103190593425335
88.05866074562073,-0.012120055462743027
88.07406973838806,-0.015841511837059466
88.08971881866455,-0.01802442017309617
88.10500454902649,-0.01568010936737555
88.12042021751404,-0.012132393248740337
88.12855553627014,-0.012412460805796086
88.13852596282959,-0.01646326913739945
88.16124320030212,-0.019533983374714674
88.17046451568604,-0.01892218428848578
88.18591213226318,-0.01738551690710681
88.2020058631897,-0.01855700437876924
88.2199068069458,-0.021278367724001296
88.23502039909363,-0.021270926577717217
88.25023460388184,-0.01779808119600484
88.26584386825562,-0.015439034430046399
88.28800988197327,-0.017854508477266686
88.29703116416931,-0.02209233494579539
88.31245398521423,-0.021829742097230244
88.32056164741516,-0.01572856942591088
88.33569192886353,-0.009689295066138645
88.3513662815094,-0.009726676674580256
88.36963486671448,-0.014770510667639349
88.38497829437256,-0.018682101357555776
88.4007043838501,-0.0182403219156394
88.4159893989563,-0.016151155139916308
88.42832279205322,-0.015724060363848193
88.4382255077362,-0.015659710711211604
88.44864344596863,-0.012642049074058012
88.45635890960693,-0.0075807030021462565
88.47171711921692,-0.005755737572426079
88.48703575134277,-0.009928525101573417
88.50252866744995,-0.016014343814251337
88.51178669929504,-0.017856765671601313
88.52166628837585,-0.014975217446420538
88.53736567497253,-0.012726811435211342
88.54454326629639,-0.014663530990988898
88.5595269203186,-0.017664994395572342
88.57051968574524,-0.016511349643532798
88.57842350006104,-0.01139418647810999
88.59467506408691,-0.007883058905792599
88.60141062736511,-0.009483410202629142
88.61112523078918,-0.01313137818658899
88.62661480903625,-0.013627282842965577
88.64175987243652,-0.010518313358052808
88.65374159812927,-0.00791792768846298
88.66181635856628,-0.00809156019310278
88.6717095375061,-0.008347450067406626
88.68131923675537,-0.005610706699424404
88.69458365440369,-0.0017598567908648512
88.70958471298218,-0.0016371271148722857
88.72104239463806,-0.006244473802916454
88.73835444450378,-0.010826271903965673
88.7454617023468,-0.01088842856560525
88.75189328193665,-0.007964671260194952
88.76764369010925,-0.007110438450457111
88.78288841247559,-0.009660137750719423
88.79801511764526,-0.011456916756230714
88.8213882446289,-0.009013974888527853
88.83215379714966,-0.004785887039411271
88.84755301475525,-0.003959536975802109
88.8629059791565,-0.007237909879895497
88.87829756736755,-0.009830763636123323
88.8877923488617,-0.008083338616504327
88.90289497375488,-0.004365224346288024
88.91830158233643,-0.003400794953030823
88.93383598327637,-0.0054511036278008665
88.94484233856201,-0.006155628093476721
88.95463562011719,-0.003194668147539186
88.97012567520142,-0.00011600634026738771
88.98571062088013,-0.0016539876801173778
89.00174403190613,-0.006933198561953689
89.0211489200592,-0.010094256460918034
89.03109049797058,-0.0077409237274757795
89.04648208618164,-0.0032259314212585606
89.06114959716797,-0.0020398766692403115
89.07714891433716,-0.004591417659263515
89.08720755577087,-0.00606274859864969
89.09491086006165,-0.003278563037282278
89.10471963882446,0.0009506947082096721
89.12022948265076,0.0018693353103674134
89.13568806648254,-0.0005923624277512367
89.15123319625854,-0.0019042025349864761
89.16145658493042,0.0004654719301114573
89.1717791557312,0.003393885655052333
89.18108034133911,0.0026898972158864343
89.19651341438293,-0.0005888410980278455
89.21209526062012,-0.0012038831790373494
89.22798562049866,0.0031382836883008464
89.23818755149841,0.008553159069075408
89.25370073318481,0.010134153464334703
89.27123928070068,0.008263931691442013
89.28803181648254,0.007370762589108732
89.30335807800293,0.009135187801469992
89.31926822662354,0.009959881251595318
89.33484053611755,0.0064441571626919734
89.34495782852173,0.0011158337864223774
89.35497045516968,-8.810392583210886e-06
89.37086963653564,0.00486497304662692
89.38597130775452,0.010778005099568978
89.40142464637756,0.01218666130709244
89.41169095039368,0.009540054989621322
89.42682456970215,0.007677923518157956
89.44128251075745,0.008875230016460896
89.45681619644165,0.01035752690899143
89.47216534614563,0.009202234134720808
89.48744344711304,0.006989421107853615
89.4950008392334,0.007374555493530248
89.50479292869568,0.010374058722047833
89.52004766464233,0.012033052347216733
89.53598165512085,0.010184627968771155
89.54472327232361,0.007853362961661305
89.56117177009583,0.009052445554940404
89.57131552696228,0.012832899850190774
89.57927799224854,0.014280412766260249
89.58955979347229,0.011382040151049572
89.60432624816895,0.008169555371934777
89.62007093429565,0.00946404696115307
89.63790512084961,0.01421695104543055
89.64525866508484,0.01668072965056088
89.66042637825012,0.014083541819417743
89.67573070526123,0.01046216919046288
89.69145083427429,0.011379082523514121
89.70481061935425,0.016609607066916374
89.71311473846436,0.020552258892830022
89.72288870811462,0.019532312593052534
89.7373960018158,0.016030231227382993
89.75235080718994,0.014558930514247519
89.76716542243958,0.015509115337635786
89.78682971000671,0.015558542447202707
89.80195879936218,0.013433851278237001
89.81724572181702,0.012202406477188807
89.832927942276,0.014668102929557203
89.84790349006653,0.01876298580182203
89.85384368896484,0.019926384903867757
89.86868047714233,0.017230454736239804
89.88399934768677,0.014453805976912263
89.89954376220703,0.014570945974208223
89.91427636146545,0.0156722831685844
89.92962551116943,0.014273004501470564
89.9443564414978,0.011169516180276335
89.95389008522034,0.011037158557378003
89.96178030967712,0.015796994384514894
89.9717149734497,0.021019229026728047
89.98056149482727,0.020949477553221622
89.99114394187927,0.015862083724288028
90.00708937644958,0.011831092161505578
90.02300882339478,0.013001606381397938
90.03818583488464,0.01657627898583519
90.05352735519409,0.017072654607656633
90.06925773620605,0.013854776675049234
90.08484053611755,0.011686440613428016
90.10039496421814,0.0138561254539167
90.11154770851137,0.01761637327974501
90.12159395217896,0.01819534995312349
90.1376495361328,0.015543983896348111
90.1533977985382,0.014256540662012053
90.16867280006409,0.01684871447095391
90.18828916549684,0.01998706192464353
90.20430111885072,0.019096191962794575
90.21097707748412,0.014922718887276452
90.2265248298645,0.012773263848487029
90.23733854293825,0.015327930846948992
90.2448616027832,0.01897414926722319
90.25484991073608,0.018817935253912295
90.26334977149963,0.015448702543406358
90.27875256538393,0.014050381688058219
90.2942864894867,0.01716963461106518
90.30391478538512,0.02130129728660566
90.31951189041138,0.02191745998300869
90.32864379882812,0.019634454040778453
90.34439730644226,0.018878086082942867
90.3593373298645,0.02128600323393292
90.37504363059998,0.023462797943512803
90.38731336593628,0.022234455849919565
90.40311455726624,0.019677634375796595
90.4183828830719,0.02045533533604727
90.43416786193848,0.025040856947198112
90.4496681690216,0.028529134559449644
90.46492338180542,0.027026350686950217
90.47827005386353,0.02285690211778785
90.49347591400146,0.021366459082008807
90.50887179374696,0.023838656307639164
90.524005651474,0.026331864723315113
90.5397605895996,0.02571200803360723
90.55159068107604,0.02407978779963771
90.56711983680724,0.02534989034087338
90.58277988433838,0.02906015626579333
90.5950403213501,0.03048350088920173
90.61009073257446,0.027173443731220773
90.62595582008362,0.022785656138085995
90.64088535308838,0.022548020020211973
90.65387344360352,0.026380997273263575
90.66182684898376,0.029170226497892127
90.6714539527893,0.027920840286514224
90.67865014076231,0.02589295212912469
90.68814325332642,0.027905179187538147
90.7040491104126,0.033333636369093006
90.7120144367218,0.0366083317000974
90.72141695022584,0.03451815935601606
90.73940086364746,0.030219957629660628
90.75492978096008,0.028684738539365234
90.76165294647215,0.030256279069291975
90.77185702323914,0.03119225106067384
90.78816866874696,0.02983447094928606
90.79862403869627,0.029143856285325977
90.8139626979828,0.03185071703867959
90.8291952610016,0.03544096660342666
90.84449458122252,0.034865137644767216
90.86220622062685,0.02988095140490579
90.87780523300172,0.026655458521180966
90.8943486213684,0.03045115636336136
90.9038679599762,0.03857524934952916
90.91172814369202,0.04310834203031993
90.92173075675964,0.040216250687668056
90.94439458847046,0.03422780725878288
90.95406079292296,0.03181272684660244
90.96999859809875,0.03448153782044325
90.9856915473938,0.038696221868732575
91.00326609611513,0.04159099664153133
91.018461227417,0.04327137634636835
91.03390526771544,0.04336357192861655
91.04926323890686,0.03888428959993158
91.061594247818,0.028144390676921704
91.07133221626282,0.015168107607977687
91.08106398582458,0.006935812788833692
91.09373950958252,0.005567856945993949
91.10903239250185,0.005474272420660315
91.1249988079071,-0.00019416555712342166
91.14271211624146,-0.01159997478797356
91.15352368354796,-0.022768102862556972
91.16079688072205,-0.029554793590331085
91.17616772651672,-0.03434320173834641
91.19201421737672,-0.04160609870790692
91.208078622818,-0.05108794270332054
91.21811199188232,-0.058317383608333696
91.22531032562256,-0.061502508193824
91.24024033546448,-0.064682937603678
91.25597834587096,-0.07230015940108522
91.271014213562,-0.08267782470206439
91.28642201423644,-0.08976727761125566
91.3010995388031,-0.09104938843568577
91.31711626052856,-0.0907592989383964
91.3350954055786,-0.09399142938625968
91.35048055648804,-0.09987248245299091
91.3660204410553,-0.1031860440347171
91.38129544258118,-0.1019654242023246
91.39739084243774,-0.10030843362351823
91.40425539016724,-0.10253542784440911
91.4116554260254,-0.10703898769422207
91.4214165210724,-0.1085088996167971
91.43683433532716,-0.10529315132946204
91.45223617553712,-0.10147896570396889
91.46770787239076,-0.1009728957659222
91.47817850112916,-0.10223789337888572
91.48810601234436,-0.10111703360312166
91.49514627456664,-0.09735608020923459
91.50136351585388,-0.09515765286671671
91.51678442955016,-0.09686270374722544
91.53194451332092,-0.09897706142964299
91.54728674888612,-0.09661416993938352
91.56330394744872,-0.0903528091171947
91.57862257957458,-0.08576135928333949
91.59429383277892,-0.08598708242957875
91.61027503013612,-0.08762029542503405
91.6207983493805,-0.08557672477215036
91.62802982330322,-0.0801708558638717
91.63844561576845,-0.07655141258638537
91.6453549861908,-0.07741986029334907
91.65225052833556,-0.07927968257159579
91.66136240959167,-0.07736237760625386
91.67690467834473,-0.07218750848096744
91.69212675094604,-0.06855697684903331
91.70821928977966,-0.06855437154358182
91.721599817276,-0.06857725730734213
91.73746633529665,-0.0646222443054085
91.75291204452516,-0.0581909220388916
91.76901578903198,-0.054218216060087344
91.78813314437866,-0.05390601352275148
91.797180891037,-0.05288763875968738
91.80936169624329,-0.04766299339273569
91.82504034042358,-0.04119814958608949
91.84085702896118,-0.039388813266715283
91.85420560836792,-0.04294449283844086
91.87138772010805,-0.04594797028595174
91.88635158538818,-0.04327092628420982
91.90235328674316,-0.03686244978189296
91.91840076446532,-0.03260209809946846
91.93384838104248,-0.03239923567240062
91.94905304908752,-0.03240671155318722
91.96495270729064,-0.02929822533552154
91.98060250282288,-0.02531772905461605
91.9963321685791,-0.024898536547723643
92.01173806190492,-0.027817402359868956
92.0218312740326,-0.028859575948850167
92.03114891052246,-0.02479647017857565
92.0464198589325,-0.018995593240413042
92.07101821899414,-0.017007954174397596
92.08775806427002,-0.019048298657314854
92.10504508018494,-0.019863995382941396
92.12061834335329,-0.016332109267258317
92.1359679698944,-0.012180624626199822
92.14456868171692,-0.013002700710420406
92.1546459197998,-0.018241726001080386
92.1644721031189,-0.02122753150706217
92.17982053756714,-0.017402685833488054
92.19525194168092,-0.009776173189283706
92.2109854221344,-0.004666926526877276
92.22607111930849,-0.004000682940917249
92.24029731750488,-0.00439126719555543
92.25387525558472,-0.003168809211220674
92.2690577507019,-0.0021395275245361294
92.27810716629028,-0.003932963148908751
92.2879991531372,-0.006796689398429907
92.30327892303468,-0.0059074288304913165
92.31845688819884,0.00024360699473291274
92.33437824249268,0.00739970360912857
92.34486961364746,0.010722109929400585
92.35463976860046,0.010575455284286741
92.36442685127258,0.011051910342673787
92.37991046905518,0.0136300044774182
92.3963544368744,0.015100871823976483
92.41135668754578,0.012602689990684356
92.42153334617616,0.008298178698568807
92.43679428100586,0.006696818844007333
92.45036625862122,0.008335658360032793
92.46609020233154,0.009034078434654062
92.48162174224854,0.006034931861886331
92.49526238441469,0.0023018693757784173
92.50476312637328,0.0026418523489876505
92.52601289749146,0.006931354629475531
92.54093551635742,0.01003384245433698
92.55632543563844,0.008722247865902881
92.57244396209715,0.006037209483426694
92.58804178237916,0.007007937914877368
92.60364651679993,0.011702822963948607
92.61837601661682,0.015286881892941324
92.63075494766235,0.014964798479043862
92.64647626876832,0.014023521940682524
92.66177678108215,0.017150935147820227
92.67781567573547,0.023445651795086554
92.68826365470886,0.026992110523815963
92.70411396026611,0.024494414791868643
92.71931624412537,0.019597194256748565
92.73511242866516,0.017992410855223476
92.74472308158876,0.020071140385267198
92.75520491600037,0.021132567774214985
92.77051901817322,0.01851911459418454
92.7857301235199,0.015453208746122273
92.80123376846312,0.016237351999548753
92.81118655204772,0.019825201021003942
92.82609176635742,0.02107002138986827
92.84124374389648,0.018004373157321896
92.85668230056764,0.01486428778593867
92.87264108657835,0.01647276938995869
92.8865168094635,0.021692736600190103
92.90235090255736,0.024969440546399158
92.91827487945557,0.023782300339114812
92.93563556671144,0.021791869020624445
92.9515781402588,0.02362727220870328
92.96668982505798,0.02877162263917425
92.98268270492554,0.03279272000361176
93.00653553009032,0.03355634400956969
93.0133969783783,0.033365206804262255
93.02512335777284,0.03442601981527682
93.04090809822084,0.03489597709450244
93.05656385421752,0.031675748168137854
93.07117199897766,0.025876893629574092
93.08753538131714,0.022566200702515707
93.0947687625885,0.024435755245220406
93.11016869544984,0.028017244153158073
93.12586045265198,0.02799200094777774
93.14164996147156,0.02406405558766294
93.15428471565248,0.021205710356878148
93.16080451011658,0.023045320082671298
93.17599773406982,0.027399007162282312
93.18659496307372,0.02977976567108935
93.2018473148346,0.029669411836162424
93.2171585559845,0.030719570620366444
93.23259949684144,0.034768005795393214
93.25523710250854,0.038400096404173634
93.27145719528198,0.037288640442996124
93.286518573761,0.032419912384352996
93.30252027511597,0.029262069768468384
93.31151556968688,0.030654082229735098
93.3275797367096,0.03316730533931079
93.33681464195251,0.031998891879867083
93.35243082046507,0.0275320345078673
93.36804866790771,0.024454273843232347
93.38413667678832,0.02491791118349071
93.40326404571532,0.02558578639536936
93.41796135902403,0.022752611253935053
93.43310546875,0.01814506482284459
93.44897150993349,0.01692150649057863
93.46458268165588,0.02044139202342183
93.47749137878418,0.023993795843660286
93.49031281471252,0.02296600999571575
93.50623750686646,0.01910395908859027
93.5218939781189,0.018144588817142128
93.53689169883728,0.02192811322614167
93.55332589149477,0.02576461800518609
93.56890273094176,0.024619211997043595
93.58471965789796,0.019608728826751028
93.59474992752077,0.016123866219979535
93.60471439361572,0.016625428349626114
93.61991024017334,0.018248611177825176
93.63488626480104,0.018030806181483817
93.65002965927124,0.017576312063307314
93.66144394874571,0.020121803091472386
93.67897891998292,0.024486149849465316
93.69453549385072,0.02537523455368345
93.709716796875,0.02041805547964736
93.72536611557008,0.014122076366024885
93.7371587753296,0.012646609553837238
93.75473165512084,0.01610676735629659
93.770272731781,0.018893112472622618
93.7856261730194,0.01756188172357443
93.79465985298155,0.015375779642993482
93.80458998680116,0.017278630248513942
93.81422758102416,0.022457111037691265
93.82753467559814,0.025012806116584026
93.8435206413269,0.02195255251835999
93.85850405693054,0.01746976615330068
93.87141180038452,0.01752748980713207
93.88463830947876,0.022058609125111227
93.90005230903624,0.025292187026027584
93.91487288475037,0.023513172199429545
93.93059515953064,0.01958377012831633
93.944726228714,0.018435033034676297
93.95493578910828,0.020278882986614892
93.96956944465636,0.020975426700932873
93.98516941070557,0.018509801165407735
94.00049877166748,0.01594893705083269
94.01176023483276,0.01662211565386678
94.02119541168211,0.018718601740823036
94.03600692749023,0.017449545650815693
94.05129313468932,0.011950155439562021
94.06732177734376,0.007055756474845517
94.08287978172302,0.007187174993320848
94.10311555862428,0.010722952895708801
94.11889219284058,0.012585087716065636
94.12755131721497,0.011260767149841222
94.14327025413512,0.010377464305923435
94.15379595756532,0.012845333994217686
94.171382188797,0.016222663364781658
94.1932544708252,0.016081683496077526
94.20354127883913,0.012445937243386482
94.21979761123656,0.009872117598383932
94.23555970191956,0.011039471656283818
94.24467873573305,0.013182166384698338
94.2607831954956,0.012533847625337635
94.27522087097168,0.01023895000132035
94.29053997993468,0.01090382372488621
94.30360984802246,0.01551525368652511
94.31143760681152,0.01886525425266342
94.32123517990112,0.01575798530218537
94.3365318775177,0.008032335877490826
94.35233807563782,0.0028248819022075313
94.36799955368042,0.004004843312914082
94.37815380096436,0.007818163350624196
94.39326691627502,0.008182057030149669
94.40927600860596,0.004337393587544246
94.42466354370116,0.0008261669231711564
94.44018936157228,0.0005443724245558245
94.45552468299866,0.0009909691466813346
94.47164607048036,-0.0011891686518005345
94.48724937438963,-0.004452996215669386
94.50334906578064,-0.0042646242218666785
94.5221872329712,-0.00017937467642137328
94.5311074256897,0.0024222835493848127
94.54747033119202,-0.0007641985040841648
94.56311559677124,-0.0066614782426719955
94.57035517692566,-0.008146262200453377
94.57816433906557,-0.003002988104332599
94.58794569969176,0.0033432290136632668
94.59523439407349,0.004767835739432103
94.6026349067688,0.0015949128028370058
94.6184618473053,-0.001209372813563612
94.6337480545044,-0.0013599039789423876
94.64978241920473,-0.0015430606884778598
94.6614420413971,-0.0040148258430486635
94.67103505134584,-0.0060869413096389
94.68703246116638,-0.003623564661814124
94.702805519104,0.0022732731229178384
94.71857690811156,0.0053716655447671405
94.73801159858704,0.0018778222961915144
94.74489378929138,-0.004612996321345247
94.75210905075072,-0.007633295341021432
94.76747059822084,-0.0057438589312296204
94.78330755233765,-0.0032156093279042215
94.79809975624084,-0.003117963565304729
94.81118369102478,-0.0029248143356834094
94.82127380371094,0.0012262883732149527
94.82940220832825,0.008036651766679772
94.84404373168944,0.011927405055158522
94.86106252670288,0.010326897048869778
94.87043356895448,0.007128860423119833
94.87813878059389,0.007287422308033098
94.88797998428343,0.009937237213592751
94.89496278762816,0.009643186184239306
94.90120816230774,0.004129226129259558
94.91665267944336,-0.002244299375696119
94.93171191215517,-0.004084166333800656
94.94727206230164,-0.0018120757748348684
94.9632728099823,-0.0003356436207899796
94.97444939613342,-0.0017635956908420214
94.98989796638487,-0.002654098572088186
95.00562763214111,0.0004504831992293459
95.0205135345459,0.005393734567324409
95.0284013748169,0.006962625407656582
95.038156747818,0.004118475149586405
95.04507637023926,0.0015787507049065189
95.06159496307372,0.003315838334785436
95.07676792144775,0.00698834008104246
95.09278988838196,0.007149035570808279
95.104070186615,0.002815153072492994
95.1117901802063,-0.0011822770162947605
95.12134957313538,-0.0009434575913241602
95.1366410255432,0.001202027018726723
95.15244579315186,0.0003012094813107829
95.16790390014648,-0.003958878083734971
95.1779534816742,-0.006767763763941661
95.1880419254303,-0.00515740986786825
95.1948790550232,-0.0023977793409360433
95.20212602615356,-0.0034972784723064617
95.2174482345581,-0.00815705753205713
95.23347783088684,-0.011078771905930627
95.24890875816344,-0.009108874094891178
95.26145100593568,-0.005209743346616499
95.27697443962096,-0.003915547862909598
95.29160070419312,-0.004949666639598883
95.30768036842346,-0.0041017557874389555
95.32262086868286,1.118454654237518e-05
95.33808374404909,0.0031750057465044037
95.34572529792786,0.0011097751886416484
95.35462713241576,-0.004255819726462474
95.370210647583,-0.0067167346427875075
95.38596534729004,-0.0036264147265735896
95.39448308944702,0.0009415033416433996
95.40452337265016,0.0019309041319118705
95.41432166099548,-8.368941629661834e-05
95.429527759552,-0.00046919360658746246
95.44507336616516,0.0022991564509263094
95.45333909988403,0.004296841989200596
95.46871829032898,0.0019683616600262585
95.484356880188,-0.002329783984696713
95.49957084655762,-0.003131531392642733
95.51482701301576,0.0007668166016884283
95.52801895141602,0.004618686536678872
95.5379159450531,0.0040535228853948845
95.5450987815857,0.0006362394402567107
95.55313968658449,-0.0009007666602316349
95.56866908073424,0.0004240417580500524
95.58389973640442,0.0006835793251319792
95.5999629497528,-0.0027560787131990826
95.61133146286012,-0.006673861591579528
95.62127089500429,-0.005922659785939147
95.63121366500854,-0.0006784691325034671
95.64162540435792,0.0031815813521437245
95.65672516822816,0.0015035760937166997
95.6727969646454,-0.002815765092091646
95.68857884407043,-0.0037718432352852266
95.70438385009766,-5.684870439872768e-05
95.7202606201172,0.003703344093893426
95.72900557518004,0.0034519905265478676
95.74382019042967,0.000718967324784439
95.7534408569336,-0.00033439461648237037
95.76134157180786,0.001090153325195011
95.77117991447447,0.0020742612785853774
95.77737641334534,0.0011630434666250987
95.79040622711182,0.0008261537434857986
95.80347037315369,0.0032843092725114596
95.8190414905548,0.006032407425899446
95.83478236198424,0.004331310388953305
95.8446159362793,-0.0021142604418192233
95.8600459098816,-0.007701609140799442
95.87556838989258,-0.007386751791436429
95.8907299041748,-0.0027172353638928804
95.90626192092896,0.0006143294207289284
95.92138600349426,0.0002250678592588119
95.93644428253174,-0.0006887045724691442
95.95228099822998,0.0010273879357141995
95.9709849357605,0.0033258322229004146
95.97866439819336,0.0017077521840579346
95.99439311027528,-0.004043174493455622
96.01078033447266,-0.008808034028776675
96.02617597579956,-0.008513697481931506
96.03679537773132,-0.005285746926624651
96.05218029022215,-0.004356829874601279
96.06758689880373,-0.007040254738962657
96.0779938697815,-0.009304456823110253
96.08765363693236,-0.007572262176413431
96.10343170166016,-0.0035078650167779325
96.1190061569214,-0.0013189957135903872
96.134259223938,-0.0017708148089323186
96.14450430870056,-0.0016073954558630077
96.15309071540833,0.0009406273488417158
96.16906762123108,0.0028920221884174554
96.183913230896,0.0006858224553473466
96.19471049308775,-0.003979250001333225
96.20447182655334,-0.005344875554753204
96.22003316879272,-0.0009086139269228887
96.23545861244202,0.004867303810531411
96.25098609924316,0.005693252435240359
96.27105283737184,0.000915357898736821
96.28074193000792,-0.004252585829584208
96.29637002944946,-0.005650449879829109
96.3119125366211,-0.004947333428965591
96.32727241516112,-0.006306438253312348
96.34317398071288,-0.010034812337768362
96.36110019683838,-0.01210315554278912
96.37661004066469,-0.009970407545785698
96.3917453289032,-0.006292755599940289
96.4033842086792,-0.005242103214332232
96.41147780418396,-0.00677052199430834
96.42095494270325,-0.007021730652573223
96.4301896095276,-0.004153629888200166
96.4449691772461,-0.0010358203787096992
96.46062064170836,-0.0008656941465933193
96.4757959842682,-0.0021266530564549246
96.49119520187378,-0.00045974927691116475
96.50610780715942,0.004952166472452838
96.521169424057,0.009648660327213442
96.52741169929504,0.009525007837869573
96.54391956329346,0.006036112523285073
96.5591812133789,0.003715439676014811
96.57463312149048,0.0036077204789465582
96.58047151565552,0.0019818143742536113
96.59127759933472,-0.003762418638624171
96.60703110694884,-0.01035717203993382
96.622478723526,-0.012102428244429003
96.63740134239195,-0.008106466442376975
96.65362000465392,-0.003424412466979738
96.66882228851318,-0.0024690708936455866
96.68431830406188,-0.003726359647361085
96.70009231567384,-0.002868955086155357
96.71119093894958,0.00046459993192948714
96.72092509269714,0.001984191960950175
96.72734880447388,-0.0009153868003501367
96.74067211151124,-0.004942097744134035
96.7554726600647,-0.004974722501260507
96.77092361450195,-0.0008321552842176735
96.78572797775269,0.0026538149942412935
96.80408692359924,0.002221193394949231
96.81981229782104,0.0001269653874162533
96.83504033088684,0.00020240641633889654
96.85035729408264,0.002110611870344598
96.86618328094482,0.002213295311578299
96.87327837944032,-0.00043156427079753864
96.88829827308656,-0.0020440991739762476
96.9039192199707,0.0005480841707607678
96.9112184047699,0.004713472943260013
96.92665386199953,0.0047369888870849525
96.94253993034364,-0.0007611820328392114
96.95809149742126,-0.006754063006704198
96.97353839874268,-0.008046373674502876
96.98248410224916,-0.00555269773664609
96.99861812591551,-0.004424283320751702
97.01472926139832,-0.006915153669097613
97.0278754234314,-0.009702697407147076
97.03743982315063,-0.008923490294290307
97.05234551429749,-0.005632914011246494
97.06710386276244,-0.004159842407886758
97.08270311355592,-0.00592966826647888
97.0976583957672,-0.007622492878409045
97.10892271995544,-0.006248220875826843
97.12458038330078,-0.003733822745387365
97.13683032989502,-0.004228665148867113
97.1519811153412,-0.007877080527392893
97.16779017448424,-0.010142887372215836
97.18597674369812,-0.007988887429905799
97.20150303840636,-0.0043175675538720225
97.21681547164916,-0.004242556432764612
97.22775292396544,-0.008086870299677515
97.23783659934998,-0.01070141623100826
97.24503707885742,-0.008163888375145784
97.25361227989195,-0.002849413312435735
97.26969885826112,-0.00012808365944050326
97.28534960746764,-0.0014089765615088656
97.29433369636536,-0.0030348013595472255
97.31031036376952,-0.0021127824940383273
97.32582783699036,-0.0007072030277300704
97.34125328063963,-0.0024665338722466186
97.35378503799438,-0.006743947374464788
97.36138701438904,-0.008871509983005356
97.37086415290833,-0.0063839495898686234
97.38168859481812,-0.002377396825860391
97.39187169075012,-0.0011594881666339256
97.40714764595032,-0.0022829825341137387
97.4223473072052,-0.0014044848982432377
97.43824434280396,0.003241719788386049
97.45416140556335,0.007988935423365602
97.46130466461182,0.008677407838808925
97.47073769569396,0.006489799094607054
97.48722290992735,0.006404713896018606
97.50534772872923,0.01029037820504182
97.52004718780518,0.014130791941824074
97.53494906425476,0.013134817517562847
97.554274559021,0.00768444515444661
97.56411290168762,0.0022193546762693593
97.57929635047913,-0.0008663981951497961
97.5939621925354,-0.003588777174616789
97.60996794700624,-0.008089491994682074
97.62542271614076,-0.012449583257913014
97.64103388786316,-0.013020616826672618
97.65341520309448,-0.010027354674695416
97.6690549850464,-0.008143118957209747
97.67801833152772,-0.010674565409995684
97.68781232833862,-0.015202139551483397
97.6951858997345,-0.01680910416165638
97.71085596084596,-0.014534478443660157
97.7260193824768,-0.012174231569305242
97.7416925430298,-0.01253487398844098
97.75441575050354,-0.01348561336354395
97.76847887039185,-0.011469646282874224
97.77998518943788,-0.0072678339607119445
97.79500269889832,-0.005389944552945464
97.81071519851685,-0.0076392502501440316
97.81997513771056,-0.010083691030372582
97.8279993534088,-0.008176076482410678
97.83781814575195,-0.0031897652795163972
97.844824552536,-0.0009137435792780295
97.86075258255003,-0.0040933538309708035
97.8757712841034,-0.008812274464129192
97.88668608665466,-0.009721537471039784
97.89460253715517,-0.006989613079566807
97.9043755531311,-0.005623109196707283
97.91383409500122,-0.00833812570902322
97.92713689804076,-0.01186851482959356
97.94190788269044,-0.011608812970207964
97.95774698257446,-0.00795414481920403
97.97297859191896,-0.005623079497359424
97.98832201957704,-0.0071892209113060355
98.00366997718812,-0.009908567885197174
98.01966619491576,-0.009951899393229262
98.03541493415833,-0.0076972007287968445
98.04349875450134,-0.006583793452318126
98.0587568283081,-0.007564274877840547
98.06526708602904,-0.007546695944920797
98.07653069496156,-0.004193117780590817
98.09219789505003,6.847020011265534e-05
98.10703563690186,0.0009649807887184389
98.12009620666504,-0.0016849238862613062
98.1279275417328,-0.003512205543859455
98.13783383369446,-0.0015761515441590928
98.15287470817566,0.0014217973190456226
98.1682779788971,0.000773364301927321
98.18440127372742,-0.003476646430163132
98.19391918182372,-0.0059819858078053465
98.20399689674376,-0.0027952210101590083
98.2143201828003,0.003599595908222874
98.22235608100893,0.007602997988962603
98.2375147342682,0.007499628321144163
98.25298833847046,0.006726127367468248
98.26896810531616,0.008157898096365808
98.2777135372162,0.00971297778444917
98.28753352165222,0.007424744200630272
98.29453420639038,0.0015388944018552087
98.30981278419496,-0.003067442208131917
98.32495927810668,-0.0029225376946483968
98.33762001991272,-0.0002550558306836843
98.34457921981812,0.0001984730098993654
98.35433554649352,-0.002686983766277962
98.36973261833192,-0.005693310762089504
98.38527631759644,-0.006411767033649869
98.4007773399353,-0.0065941599720954975
98.41113686561584,-0.008978314856224238
98.42085719108582,-0.012511723514738107
98.43654012680054,-0.013265497342317613
98.452002286911,-0.009984640992997694
98.46772050857544,-0.00622112855891109
98.4836733341217,-0.005635222120225372
98.49984335899352,-0.006935530343097652
98.5079972743988,-0.005818540218194176
98.52326154708862,-0.001480299916351558
98.5386803150177,0.0014827026538863264
98.55396056175232,-0.001120638653261015
98.56890487670898,-0.007206912645015358
98.5771415233612,-0.01057787290412961
98.59393978118896,-0.008494778562429008
98.60336470603944,-0.004743428521150825
98.6111319065094,-0.004337043408468917
98.62085485458374,-0.007179151270898551
98.63057780265808,-0.009087514187375623
98.64598321914671,-0.008238167227829678
98.66163635253906,-0.007727602505803553
98.67728304862976,-0.010744378271614528
98.68676853179932,-0.015440394878310374
98.70199346542358,-0.016971383153317914
98.70820045471191,-0.013941203204040346
98.72350215911864,-0.010217058595505975
98.73888158798218,-0.009605009610357
98.75315356254578,-0.010879919589285128
98.761075258255,-0.009986982974635218
98.77077627182008,-0.005989110775130588
98.7807092666626,-0.0022012333676286883
98.79595446586607,-0.0011240810369994095
98.81150913238524,-0.0008124056498761204
98.82625651359558,0.0018727799992720117
98.84191966056824,0.005915198496397646
98.853741645813,0.006825652668235468
98.86899638175964,0.002870144151632699
98.87725019454956,-0.0018887684539853537
98.89247870445251,-0.0023835769427350073
98.90339136123656,0.00104725986893293
98.91873049736024,0.003277808994352493
98.93116784095764,0.0012073091802123075
98.9441237449646,-0.0024281966636657696
98.95906138420104,-0.0031964298306258253
98.97422313690186,-0.001109010109128299
98.98673915863036,-0.0003090282574807089
99.00205206871031,-0.0030351155261655995
99.01811718940736,-0.006526057790244
99.03275918960573,-0.007186373042870787
99.04872941970824,-0.005932226932973846
99.06102228164671,-0.006918086598197724
99.0710780620575,-0.011302866756613416
99.08411741256714,-0.014953654275796065
99.09965181350708,-0.013626768508568378
99.11554408073424,-0.008658870095419288
99.1308135986328,-0.005358905851777738
99.14454102516174,-0.006312824819040791
99.15982747077942,-0.00864612409326918
99.17515468597412,-0.008574052070494217
99.19110083580016,-0.006576420552795208
99.20409297943117,-0.006110912055072957
99.21383380889893,-0.008095436704199875
99.21965622901917,-0.009262925845666965
99.23486590385436,-0.006826926246748917
99.25014042854308,-0.002719524311191388
99.26101422309875,-0.0010518347192002278
99.2763967514038,-0.0021926148371926467
99.29225277900696,-0.0021205116165878193
99.30764150619508,0.0015958187291377113
99.31971907615662,0.005649225410932021
99.32780981063844,0.005023402948355123
99.33761358261108,-5.092530216336058e-05
99.3454658985138,-0.003991144786293592
99.3568947315216,-0.003029966639682374
99.36983919143675,0.00010793292331560782
99.38495373725893,0.00037706178568568246
99.40080165863036,-0.0025006780348073724
99.4111557006836,-0.0039180517879481526
99.42713451385498,-0.0012517269733990366
99.44197463989258,0.0020624493482858915
99.45713496208192,0.0010722945102175044
99.4703450202942,-0.003790918679242303
99.48754596710204,-0.0070553437899339155
99.49756813049316,-0.005381144374203407
99.51111841201782,-0.001743206497571165
99.52704620361328,-0.0010501403977831794
99.54265999794006,-0.0034782058925598063
99.55363917350768,-0.004682873886262271
99.56088709831238,-0.002174212065957732
99.57137417793274,0.001375362178547553
99.58070254325868,0.0023531973701432065
99.59596276283264,0.0014312694932475094
99.61151647567748,0.001978276643957384
99.62109184265135,0.004152653896022488
99.62785243988036,0.003928724010078323
99.6376576423645,-0.0007935711894937764
99.65144848823547,-0.0057466012192072535
99.66666674613953,-0.004732304740725224
99.68228483200072,0.0023020325477869294
99.69796109199524,0.008494968953098116
99.72043228149414,0.008051599373107756
99.73601388931274,0.0026983235608280805
99.75118064880373,-0.001445979825803547
99.7665069103241,-0.0017045873524822747
99.77762079238892,-0.0007350488070075301
99.7878737449646,-0.0008466772508823458
99.79459929466248,0.00015066708771569815
99.80135130882265,0.00521353212252448
99.81669354438782,0.012134390798870418
99.83261942863464,0.014845029012658446
99.84736275672913,0.011131254464422285
99.862535238266,0.006231781283865155
99.87802052497864,0.006781517772500477
99.893901348114,0.012674307113076808
99.9086458683014,0.01748144843915929
99.92401957511902,0.016748907754918885
99.9304084777832,0.013177074933857127
99.9459159374237,0.012189099505321576
99.96216440200806,0.014398402746777816
99.97722506523132,0.015299138301143014
99.99328923225404,0.012138635598696386
100.00892949104308,0.007977694500475863
100.0249366760254,0.007286946081109223
100.04093742370604,0.009643199462923184
100.05627393722534,0.010625033202613023
100.06429386138916,0.008403260628761698
100.07085871696472,0.0062813533088759395
100.0863709449768,0.007473431755128922
100.10178709030151,0.009858349203085898
100.11769533157349,0.008643979974949942
100.13702988624571,0.0034196756571601796
100.14453387260436,-0.0005741288735222766
100.16037344932556,0.0007734295412003805
100.17542052268982,0.0048075285134335085
100.19108200073242,0.005559022094255909
100.2042624950409,0.0017510344412805011
100.212877035141,-0.001565910548617587
100.2239911556244,-1.560605672467231e-05
100.23670053482056,0.004043932556694346
100.25269532203674,0.0047137622166502045
100.26872706413268,0.0006816264631344607
100.27819752693176,-0.0027423491417926742
100.29418468475342,-0.0004012819278525837
100.3099570274353,0.006292166925873507
100.32544922828674,0.011695896441031443
100.3365921974182,0.013267623340285533
100.34467887878418,0.013621876024691561
100.3542342185974,0.01515067077744259
100.36042380332948,0.01581575011264314
100.37658095359802,0.012549128587340346
100.39183592796326,0.006983270681245987
100.40779566764832,0.00442157509670525
100.4206840991974,0.006837537208173021
100.43668675422668,0.00981020338075349
100.45191359519958,0.008185828509968116
100.46752142906188,0.002992880541352258
100.48318767547607,0.0001230765035192782
100.4944818019867,0.0025239042718513205
100.50515389442444,0.006567803412512921
100.5144820213318,0.007401859459776835
100.52716040611269,0.005542665834607545
100.5421061515808,0.005419547798292731
100.55755281448364,0.008242158833102201
100.57311582565308,0.009731892702013332
100.58016967773438,0.006145706790705491
100.587553024292,-2.847227183246266e-05
100.59439730644226,-0.0029465697247290507
100.60964035987854,-0.000947714148933547
100.62499403953552,0.0016990183822525704
100.63680458068848,0.0010873481652651559
100.64430475234984,-0.0009789216701805723
100.65419793128969,3.450085490419542e-06
100.66408371925354,0.0044115412134728225
100.67535996437071,0.00770090729607984
100.69071984291077,0.006764966506717905
100.705890417099,0.00435273998085086
100.7210931777954,0.005181673574753949
100.73633694648744,0.009151481412820822
100.75186610221864,0.011247282656379868
100.76735997200012,0.008379311920905564
100.77752947807312,0.003648003224944332
100.7879593372345,0.0020970829394613357
100.79447102546692,0.003951730926669783
100.80317783355711,0.00483254959239506
100.8192138671875,0.0025017470788072944
100.83470344543456,0.0003822486633111256
100.85074043273926,0.002699320386640969
100.86094760894775,0.008119965821998653
100.8705894947052,0.011023954956637438
100.88618755340576,0.008784295990420379
100.90166425704956,0.004982300519741016
100.9180142879486,0.004255505900881782
100.933363199234,0.0061633186321874
100.94130897521973,0.006567933295359249
100.95515251159668,0.004210091264328139
100.9699547290802,0.0028283816589515665
100.98501682281494,0.005657461552503164
100.9942750930786,0.010192554380036066
101.0049216747284,0.010981927915691778
101.02042198181152,0.006932137266151468
101.03575348854064,0.003034719214602381
101.05125665664671,0.0039177837718313525
101.06123447418211,0.007872081904385127
101.07097458839417,0.009395423678690597
101.0811891555786,0.006660273281030495
101.0968279838562,0.0037048779056614266
101.1107165813446,0.004617659277584555
101.1258819103241,0.008011885583792401
101.1365602016449,0.00933588475398224
101.15126371383668,0.007399862370763358
101.16615152359007,0.005794199193718583
101.17721319198608,0.007384628544899688
101.1929087638855,0.009908232943947801
101.20304560661316,0.00905227177382676
101.21081805229188,0.004696597362676365
101.22120571136476,0.0013413457781870216
101.23037552833556,0.0018837900961340692
101.24562788009644,0.0035183294685043392
101.26127219200134,0.001792003088803412
101.27596020698547,-0.0027228497281726652
101.29208779335022,-0.004681625183119616
101.30642771720886,-0.0011332842528138302
101.32163381576538,0.004227687002254569
101.33707404136658,0.005701968985799418
101.352557182312,0.0028621735422247573
101.36111879348756,0.000643989319875109
101.37501907348631,0.002379441127524014
101.3824691772461,0.005450687348761915
101.39025616645812,0.005318936585661276
101.40574932098389,0.0020276826526784324
101.42147588729858,0.00011610763041888621
101.43659377098083,0.0022905530973275187
101.4518871307373,0.0058203649309521484
101.46728181838988,0.006555763023856733
101.48292636871338,0.004670717082070324
101.49894642829896,0.003932443106849579
101.51370072364809,0.005679220691089204
101.5292398929596,0.006402904196420154
101.54382038116456,0.002756548670665518
101.55956435203552,-0.0029904444335255623
101.5761468410492,-0.0050655363141967474
101.59100008010864,-0.001400931055523683
101.60600018501282,0.003818671135955206
101.61986827850342,0.0057160154087949125
101.62771415710448,0.0047297925941406655
101.63734650611876,0.0050315327083350105
101.64455008506776,0.008014575518386817
101.6604483127594,0.010215653682010058
101.67539310455322,0.008484849773359587
101.690185546875,0.004826887872608345
101.7038505077362,0.003799105157656748
101.71923351287842,0.006029575450631746
101.73495507240295,0.007178567904053565
101.74378323554993,0.004130063125454379
101.7592957019806,-0.00021689551088962178
101.77168798446657,-0.0005886632505862591
101.78060603141785,0.003339514363496121
101.79421424865724,0.006117274198421565
101.80976510047913,0.003549031086055609
101.82506370544434,-0.0019272131385331282
101.83728408813477,-0.0047293845227210675
101.85322880744934,-0.0034857982150483095
101.86867809295654,-0.002176348573474207
101.88408994674684,-0.003948324504357931
101.89428734779358,-0.006649004308312518
101.90419125556946,-0.006253567551337153
101.91896533966064,-0.00296699596385501
101.92620849609376,-0.0011870640642301195
101.94172954559326,-0.003490737732411095
101.95741653442384,-0.007202757364347037
101.97063159942628,-0.008138222358297443
101.9830551147461,-0.0059283805471338135
101.9936888217926,-0.0035233317011580203
102.00869464874268,-0.002142733883343695
102.0239052772522,0.0005671878628061718
102.03857111930849,0.006277504540516886
102.05447053909302,0.011944256684795582
102.06987571716309,0.012602484790720061
102.07763075828552,0.007953824337854605
102.09446144104004,0.0035829284618887867
102.10949206352234,0.00439610354058847
102.1256377696991,0.008694647367349005
102.13644671440125,0.010780943108456165
102.14434933662416,0.008459055294005785
102.15426349639893,0.005307043681516448
102.1603627204895,0.005100834610716649
102.17348504066469,0.006528647532963727
102.18684315681458,0.005432349404704178
102.20261240005492,0.0009804958394025757
102.21770143508913,-0.0031438473207445147
102.23659157752992,-0.004010186136286944
102.2525188922882,-0.0033178799203409264
102.268328666687,-0.004241119200606257
102.28366541862488,-0.006047284012835621
102.29930925369264,-0.004741402818860582
102.31444311141968,0.0007490388265838956
102.33003997802734,0.005733781348342512
102.34458923339844,0.00493847662453533
102.36152577400208,-0.0007883594672740417
102.37703824043274,-0.00523146269042969
102.3928771018982,-0.004238169627848291
102.40298223495483,-0.00026155796409710894
102.41071844100952,0.001528294929983338
102.42124009132384,-5.708477463291185e-05
102.43717694282532,-0.00160854965388636
102.45268559455872,-0.000760534683211877
102.46815657615662,0.0002890330545774831
102.47782921791077,-0.0016135391696190733
102.4876217842102,-0.005282210813014405
102.4945867061615,-0.0062497484377581495
102.50924158096312,-0.0030822324954550904
102.52486515045166,2.588132997298877e-05
102.540061712265,-0.0015034508694303722
102.55620121955872,-0.006448936663424427
102.56401300430298,-0.009219300779002317
102.5795886516571,-0.00710075713767471
102.5947244167328,-0.003514457863372363
102.61032700538637,-0.0030821720856925006
102.61995100975037,-0.005631013784649715
102.6277494430542,-0.007337396181226875
102.64274787902832,-0.0067679067938367365
102.65874433517456,-0.006746781273924675
102.67423009872437,-0.009422937651931487
102.68648147583008,-0.012095631140546327
102.69422006607056,-0.01044227385714052
102.7042064666748,-0.004960472632097598
102.7137086391449,-0.0012792819134842454
102.72872424125671,-0.0032461123011364446
102.74454927444458,-0.007963378358007235
102.7587549686432,-0.009617765838853324
102.77056217193604,-0.006972653089801948
102.78590607643127,-0.004416177704812064
102.80175423622131,-0.005429673137030656
102.81743836402892,-0.007746274705142305
102.83314156532288,-0.00687243515990602
102.84415674209596,-0.002819114991044047
102.85363721847534,-0.00042919810747925254
102.86021518707275,-0.0027685934295466168
102.87621998786926,-0.006839956833303605
102.89138412475586,-0.0076327345726209085
102.90372562408449,-0.004879200357890858
102.9205813407898,-0.003190828272348336
102.93594312667848,-0.005530205380634032
102.953045129776,-0.009130414964778545
102.97008967399596,-0.009352708301470492
102.97820377349854,-0.005884707214073141
102.98778414726256,-0.0026623242889272612
103.00317335128784,-0.001965357831734585
103.01790976524352,-0.001362198545424571
103.02771139144896,0.002049503599578628
103.04408073425292,0.006313685252940925
103.0582983493805,0.006278304658793035
103.07406187057497,0.0005026563893737973
103.08643865585329,-0.0061152774829337075
103.09407043457033,-0.008011098915398767
103.10420274734496,-0.005532449934154736
103.11351466178894,-0.0036924453187949257
103.12079119682312,-0.00511685149298116
103.13590908050536,-0.0070128833266521655
103.14399886131288,-0.005999091228490263
103.15920996665956,-0.003498816160865869
103.16973209381104,-0.003862619712723305
103.17743873596191,-0.00797099377272776
103.18778371810912,-0.01159053171306017
103.2025158405304,-0.011005918324898452
103.21787786483765,-0.008075013182629053
103.23326706886292,-0.007566290075185531
103.25336980819702,-0.010479326921625853
103.26158952713013,-0.012742533225123424
103.27199053764345,-0.011130398980522389
103.2865960597992,-0.0080154329795037
103.3019359111786,-0.008116033868761006
103.31095027923584,-0.011691585984081484
103.32058382034302,-0.013853471286805811
103.33060693740843,-0.01126208575917506
103.34599018096924,-0.006977711748731868
103.36137580871582,-0.0065112236467604724
103.36984276771544,-0.010396519460522079
103.37752652168274,-0.01360455010200396
103.38830804824828,-0.01249862508407008
103.4061062335968,-0.009465739016579263
103.42179822921752,-0.008947192299688916
103.43753719329834,-0.010908222786214821
103.44447541236876,-0.011091335766693779
103.45304131507874,-0.007386729403525303
103.46080160140993,-0.002990488761227618
103.47064661979675,-0.0018509490853076092
103.48039269447328,-0.00299422840287285
103.49574565887453,-0.0019195657270248048
103.51138234138487,0.0027700105924453556
103.52690148353577,0.006853590952560766
103.54375910758972,0.005856974368809168
103.55140900611876,0.00104986437810392
103.56616973876952,-0.0021936597226931438
103.58200216293336,-0.001405631005413141
103.59796357154846,0.00024261998972822572
103.61078691482544,-0.0009828624951865286
103.62791109085084,-0.003880690769037348
103.6428747177124,-0.004143219425371143
103.65839672088624,-0.0007353902278252962
103.669908285141,0.0023805432885460943
103.677885055542,0.0016746079891511207
103.68733620643616,-0.0010793645994083903
103.6979956626892,-0.0014013493115055194
103.7135455608368,0.0015265851800433943
103.72836804389954,0.003759216746424013
103.74364876747131,0.0023048741619470844
103.75345301628111,-0.0005281030347009958
103.76044082641602,-0.0004590112506473779
103.77714371681212,0.0024458320166196655
103.791889667511,0.0035889250106638793
103.80773854255676,0.00032214630161156704
103.82401156425476,-0.0039278709851708615
103.83893513679504,-0.00386950850459659
103.85557699203493,0.000638795658368255
103.87128853797913,0.004302786858892859
103.88708639144896,0.0032538335262468987
103.90228056907654,-0.00024400585109144238
103.91801524162292,-0.001460341537039253
103.93388509750366,0.00015328847157294097
103.9557876586914,0.0006856032623063138
103.96380424499512,-0.002021484997893476
103.97889709472656,-0.004855648322868046
103.9944829940796,-0.0038232057920766934
104.01036047935486,7.78426051185107e-07
104.02070212364195,0.0016687646186368567
104.03605937957764,-0.000868111389793346
104.05130076408386,-0.003982983613670591
104.06717133522034,-0.0034176919813030384
104.082852602005,5.9136012915478146e-05
104.09417486190796,0.002179419277187616
104.10311651229858,0.0013556212244895142
104.11828875541688,0.000590563672746517
104.13357090950012,0.002546650914283457
104.14412927627563,0.005022375455614148
104.16008973121644,0.003524680715470438
104.1762354373932,-0.0024053768255455207
104.19149255752563,-0.00790799681117322
104.20440149307252,-0.008605639872086221
104.21102952957152,-0.005796815417844977
104.22050380706789,-0.004082449313246597
104.2358045578003,-0.004844053842772892
104.25130677223206,-0.004699394225861771
104.26650619506836,-0.0010261883079813678
104.28172850608826,0.003413174715667636
104.29454708099364,0.0036236265716370823
104.3096432685852,-0.0007550763991476159
104.32469272613524,-0.004435723322805372
104.34036350250244,-0.0030415639699043484
104.35366892814636,0.0014553352162115533
104.36353850364684,0.003579299917668295
104.37952256202698,0.0014017107799679388
104.39470839500429,-0.001641193592281785
104.41029858589172,-0.0020219683992600116
104.42381882667542,-0.0007138073724553325
104.43731212615968,-0.0008771658487386176
104.44456028938292,-0.002518221053447075
104.4603304862976,-0.0022298607925353596
104.4749870300293,0.0014599674147561083
104.48645043373108,0.005076178603965271
104.4942467212677,0.004400498617976808
104.50371837615968,0.0002893979980591191
104.51807594299316,-0.0022356932816792515
104.5336446762085,-0.0006471616557423439
104.54884338378906,0.0018972774527517213
104.56396675109865,0.0013002804848350111
104.579998254776,-0.0014990496581896804
104.59402990341188,-0.00177196289644285
104.61028957366943,0.0023020732093375854
104.6258659362793,0.0069508242266456645
104.64172673225404,0.00788118351874326
104.65058779716492,0.005906116533301545
104.65707755088806,0.0052563163911198045
104.67246699333192,0.007168046142145741
104.68836879730225,0.008048964847461725
104.70317316055298,0.0049287962888407595
104.71063613891602,0.00033838122112052164
104.72052717208862,-0.0006567735532615888
104.7364902496338,0.00257630159092174
104.75187516212463,0.0050585692129435905
104.76710486412048,0.0027439122776812663
104.77756333351137,-0.0020712515302127956
104.79460787773132,-0.003901612031336757
104.810800075531,-0.0014389600819647006
104.82675194740295,0.0009872933307106411
104.84176206588744,-0.00026223867713776657
104.85390186309814,-0.002920674812336429
104.86927485466003,-0.002002574023532479
104.88435292243958,0.0030300121219642645
104.89968919754028,0.0070960153800671945
104.91520953178406,0.006005998111475678
104.93222784996031,0.0017804979722327065
104.94778633117676,-0.00034566723510706795
104.9633641242981,0.0010897948020268146
104.98747062683104,0.0023586411256205538
105.00250506401062,0.00028334840672629164
105.01026940345764,-0.003161629929882614
105.02535891532898,-0.003808939918944508
105.04097366333008,-0.0014126986739749722
105.05701088905334,-6.140271795348736e-05
105.07188892364502,-0.0022658576629048274
105.08654141426086,-0.0052558905905911585
105.10244941711426,-0.004888161902169014
105.11063241958618,-0.0015603700741875749
105.1206030845642,0.00042582078552252077
105.13561701774596,-0.0008846747478069234
105.15150213241576,-0.0023690710194124304
105.1669762134552,-0.0006463393771999853
105.1870927810669,0.002582475658980925
105.19437432289124,0.0026433452470929703
105.20042037963869,-0.001274638650950728
105.21599268913268,-0.004346616865124349
105.23100590705872,-0.0023670493147225696
105.24613690376282,0.0023705130563830687
105.2608518600464,0.0038379052753331373
105.27060508728027,0.0001649116260690163
105.27931213378906,-0.003984442927783929
105.2946321964264,-0.0036791623747887093
105.31006979942322,-2.5452618726505387e-05
105.319584608078,0.0018495392520916022
105.3276345729828,-0.0001134409992530035
105.34265303611755,-0.0026715140916121053
105.35923624038696,-0.0025484087904358885
105.37498307228088,-0.0012284845859215666
105.39065623283386,-0.0023383085281711022
105.40265893936156,-0.005617864826528862
105.41812682151794,-0.006541112719781675
105.4306058883667,-0.0025638794801851584
105.44547367095949,0.002746166892849454
105.46102643013,0.0038658616431838976
105.46976113319396,0.00040086427988064244
105.47728157043456,-0.0025720484304171246
105.48743557929993,-0.0013786345703101707
105.49442195892334,0.001643883318936445
105.50113773345949,0.0019895695618814377
105.51625776290894,-0.0004337309546373312
105.5269136428833,-0.001386419457538634
105.54263401031494,0.0011964403502283077
105.55293560028076,0.003733840218249276
105.56086468696594,0.0017608633933255736
105.57715725898744,-0.003575457075144084
105.59287858009338,-0.006443158490807779
105.60865950584412,-0.0036795887504930333
105.61962103843688,0.0012894922879765338
105.62739038467409,0.0031404311417480633
105.63708734512328,0.001414890718936283
105.64445185661316,0.0002528857110096962
105.65037417411804,0.00196321186605151
105.66005325317384,0.0038002500809287748
105.67495274543762,0.0024862993401789163
105.69009351730348,-0.00022555550625145146
105.70344972610474,0.0007271469644243194
105.71080088615416,0.0068006239613377425
105.72052669525146,0.013468276475341805
105.73083734512328,0.01594795247692943
105.74660134315492,0.015167430380419749
105.7624125480652,0.015649836093357038
105.777770280838,0.018387890774960607
105.794579744339,0.018940779915447882
105.80703282356262,0.013641444382933677
105.81959223747252,0.005254148560416
105.83474087715148,4.908223521176715e-05
105.85040950775146,0.00020790151242222176
105.86923050880432,0.0018952092740106654
105.88473916053772,0.0012867462670115657
105.90042114257812,-0.00019338412577453315
105.91534233093262,0.0013032709473598278
105.932297706604,0.005568895370193553
105.93854522705078,0.007800009362915996
105.95347905158997,0.004996699207470349
105.95920062065125,0.00025030538627893867
105.9746425151825,-0.001274571308618818
105.98683643341064,0.0008691322684282795
106.00287008285522,0.0023200799056035007
106.01011419296265,0.0004902717631147732
106.0267117023468,-0.001688343590521732
106.04154372215272,-0.000249149806909169
106.05378794670104,0.0036210040428263147
106.0639626979828,0.00483129184093062
106.07954788208008,0.0015797216657549994
106.09520840644836,-0.001744559682933484
106.11041259765624,-0.000380404722316186
106.12110233306883,0.004153864553836967
106.13619136810304,0.005876608243558529
106.15180373191832,0.002290223018464672
106.1674542427063,-0.0023610547693652187
106.1870574951172,-0.0028848815416998587
106.20264673233032,4.9457224663884e-05
106.21729969978333,0.0013131170896066833
106.23270106315611,-0.0013434131212083705
106.24877095222472,-0.0043718342010412616
106.27001523971558,-0.0037753594437608105
106.28595662117004,-0.0008652813926741604
106.3015615940094,-0.00023193144287014951
106.31697249412537,-0.0030076359389027314
106.32727718353271,-0.005161769482741283
106.3376441001892,-0.0032459957115049424
106.34898233413696,0.0006763285005307418
106.35539746284483,0.00197024489059233
106.37093234062196,-1.5683580529274235e-05
106.38677859306335,-0.001218287739222087
106.39428067207336,0.0010224011994897503
106.40301704406738,0.003922626033780333
106.410817861557,0.003303401174315581
106.42092967033386,3.8154617535146595e-06
106.43103647232056,-0.0007605036587151812
106.44412517547607,0.003345195722315092
106.45991778373718,0.007922948036725828
106.47591066360474,0.007096170761214892
106.49105381965636,0.001114130339431149
106.50714206695557,-0.0038662081548205334
106.5207381248474,-0.003542777210968657
106.53586721420288,-0.0004076078237563905
106.5515751838684,0.0004495543028718179
106.57141828536987,-0.0015227681657155375
106.5869505405426,-0.0021299397481403222
106.60232090950012,0.0009846319017335612
106.61763191223145,0.0046050364892424485
106.63362383842468,0.004470782761078383
106.64201641082764,0.001601883516229569
106.64947199821472,0.0012212879422053586
106.660089969635,0.005466735316934081
106.67535710334778,0.0100509684467315
106.69082117080688,0.00977834099747268
106.7029435634613,0.005487140976809428
106.71078038215636,0.002877951901461526
106.72025656700134,0.004900753251391554
106.73532152175903,0.008202704892456301
106.75048470497131,0.008233602741833143
106.76609253883362,0.005476747090860479
106.77735590934752,0.004103130019830372
106.78736567497252,0.005496564301392384
106.79454350471497,0.006357687524883629
106.80207777023315,0.0040962381747497115
106.817289352417,0.0013066280019725259
106.8267056941986,0.002316159878668215
106.8428544998169,0.006509064378786147
106.85713505744934,0.008298080026570108
106.8700966835022,0.004392775309748512
106.87970447540285,-0.0016086398550209731
106.8947389125824,-0.0038986083529771037
106.91032218933104,-0.0020617394798280383
106.92666292190552,-0.0010738726668911387
106.9422037601471,-0.003869363849737536
106.95738792419434,-0.007103670597346881
106.9731342792511,-0.006098909691805527
106.98889136314392,-0.001853552475849718
107.00398087501526,-2.1243523523519295e-05
107.01554441452026,-0.0031031619724702485
107.03023314476012,-0.006782453112426901
107.04561471939088,-0.00571855533158282
107.06082582473756,-0.0009540662673884694
107.0675995349884,0.0012915813764193442
107.0828731060028,-0.0021109630101823363
107.09834265708923,-0.007068368204112511
107.11067914962769,-0.007723918738142671
107.12094116210938,-0.003928326749791211
107.13629913330078,-0.0007456669296633038
107.14362001419067,-0.0012153801495822757
107.16008615493774,-0.0026288773921798814
107.17019367218018,-0.0011433092061342034
107.18695425987244,0.002317328451232762
107.19462466239928,0.0034589099259345626
107.20381307601927,0.001156565553776787
107.218914270401,-0.0005617477483001185
107.2340178489685,0.0017458600944912877
107.25369143486024,0.005597485409050939
107.26916813850404,0.005536517057851539
107.28476548194884,0.000619867086250738
107.30098128318788,-0.0038954543038132628
107.31044340133668,-0.003189411190668865
107.32031154632568,0.0010403011944897216
107.33032274246216,0.0031407556092023204
107.33916282653809,0.0009742916774131438
107.35474729537964,-0.0019106742535051307
107.37008380889893,-0.0019167340418267417
107.38571643829346,-0.0004473786634895524
107.3941843509674,-0.0011978402687843502
107.40411520004272,-0.003932497890805712
107.41943883895874,-0.0041544242129472496
107.43500328063963,0.0004910444737865889
107.45037746429443,0.006206587463185359
107.47032976150513,0.007475138743549627
107.48072862625122,0.004090022806932978
107.4965283870697,0.0011204803118913186
107.51002383232117,0.0018853764300742247
107.52550554275513,0.0036940155214208866
107.53604936599731,0.0021762886587391728
107.54392504692078,-0.0020751541265102216
107.55384945869446,-0.0040695823418791105
107.56891965866087,-0.0014407308296262673
107.58449125289916,0.002055202617695274
107.6002597808838,0.001591975476615296
107.61629891395567,-0.0021938635491208485
107.62751054763794,-0.004322745989484242
107.63545799255373,-0.002550078449329457
107.65087461471558,-0.0003486165069209975
107.66659569740295,-0.001640572592471413
107.68231654167175,-0.004915782819390215
107.6943292617798,-0.005283152783400691
107.70410299301147,-0.0016130686939935996
107.71459484100342,0.001534733340007762
107.7297375202179,0.00018777129647783945
107.745539188385,-0.0033764595795654343
107.76032280921936,-0.0037588408949368697
107.77123236656188,-0.0001230575986682302
107.78050351142883,0.0024210575970752867
107.79591608047484,-0.00013081747766732592
107.81112504005432,-0.004964449660029053
107.82655119895936,-0.006121658717440611
107.8422966003418,-0.002554866000931421
107.85353302955627,0.0005820248400238568
107.86350178718568,-0.0008396724246024796
107.87875533103944,-0.004257450247916154
107.89424872398376,-0.004161105979321594
107.91017317771912,7.180900681270789e-05
107.92810297012328,0.003231595344997061
107.94129085540771,0.0014618591233444386
107.95294165611269,-0.0025559011038944865
107.96865701675416,-0.0035649993511989563
107.97734665870668,-0.0010662410378243985
107.98695611953735,0.00030465351945362703
107.99423575401306,-0.002343162821203424
108.01027345657349,-0.0059305294339785965
108.02586007118224,-0.005782224426002793
108.04163002967834,-0.0022433278489478797
108.0539903640747,-9.001485755157329e-05
108.0635769367218,-0.0016769412896443631
108.07930302619934,-0.003700033710124014
108.09451508522034,-0.0021890652711017583
108.11042523384094,0.0015322394357727316
108.12566065788268,0.0026179774965745554
108.1442801952362,-0.00023373416836151937
108.16009378433228,-0.0026374346707941487
108.17560720443726,-0.000639463413234018
108.1916012763977,0.0034705032144080545
108.20718121528624,0.004093644617002993
108.21826267242432,0.00013374437419514697
108.2340087890625,-0.0032963606657893476
108.24949526786804,-0.001860019628947478
108.25997734069824,0.001997097749892965
108.26942992210388,0.0024631255290653567
108.2773756980896,-0.0015042937820061338
108.28685665130617,-0.004668442584744234
108.29421854019164,-0.002743248481424589
108.30913472175598,0.001720030472020696
108.32518243789671,0.002924248637544244
108.34081172943117,-0.00026913461645302564
108.36035442352296,-0.003182726592698884
108.36746883392334,-0.0022668226199533577
108.37672019004822,-6.756899877368664e-05
108.3923008441925,-0.001155194547078677
108.4080092906952,-0.0049789793103779695
108.42292761802672,-0.006079386833362543
108.42983031272888,-0.0016431429459439657
108.44556260108948,0.004174461161743929
108.459965467453,0.0054548313926366596
108.47539925575256,0.0023057525184691117
108.490656375885,0.0005623562263761001
108.50391459465028,0.003793857148147681
108.51321601867676,0.008569058295209063
108.52491927146912,0.009336119702733769
108.54046177864076,0.005986188879563715
108.55285477638245,0.0037081991795098277
108.56867671012878,0.005684501930427825
108.58407378196716,0.008985501929262785
108.59944367408752,0.009136907034280254
108.61550617218018,0.006537117558699221
108.62723207473756,0.005613298996117445
108.63691353797913,0.008222734632067456
108.64440941810608,0.010974751685552557
108.65391755104064,0.010315932772299467
108.6690263748169,0.007916093900787149
108.68407368659972,0.008353348751970725
108.69416451454164,0.012171898588892414
108.71033430099487,0.014330375252443071
108.72494316101074,0.010750100993251497
108.7402639389038,0.004130263617615555
108.75553941726685,0.000814276055203155
108.76973724365234,0.002776451001678823
108.78514623641968,0.005609640225893988
108.80052542686462,0.005053472649045848
108.81096649169922,0.002762499671376738
108.8278660774231,0.0033106466209256516
108.84379315376282,0.006975334152724165
108.8590178489685,0.008850734157699618
108.87526679039,0.005755534890137358
108.88580918312071,0.0011049834732323165
108.89990830421448,0.0005580677294135215
108.90844392776488,0.004269188399273062
108.92416429519652,0.0065637525099227
108.93943095207214,0.0036137406627314876
108.95298719406128,-0.001452042125586479
108.96116638183594,-0.0029321648949659287
108.97159385681152,-0.0001385287070132979
108.98725152015686,0.0022730061825939683
109.00234127044678,0.0011874620240368808
109.0179135799408,-0.0009409352043782727
109.0364122390747,-0.00046681253385876713
109.04407453536987,0.0014023842640167351
109.05010485649107,1.4923587291881921e-05
109.0654273033142,-0.005648096429728616
109.08078360557556,-0.010510070721405557
109.0967664718628,-0.009574015788907288
109.11246633529665,-0.004459750802044898
109.12769412994383,-0.0012157363538250808
109.14339137077332,-0.002362333610242904
109.15842032432556,-0.004133015050137315
109.16952157020567,-0.002535095776571536
109.17731738090517,0.0005473658643035781
109.18687176704408,-3.7918798371851985e-05
109.19398999214172,-0.005053296170619815
109.2021939754486,-0.009083058023484485
109.21748471260072,-0.00737771391345679
109.23319840431212,-0.002008317975278604
109.24437546730042,0.0010530528447922302
109.26005363464355,-0.0002509075429726112
109.2755675315857,-0.0020932497067450108
109.29155659675598,-0.0009177813342924864
109.30691027641296,0.001377929819460999
109.3194065093994,0.0005779504208054834
109.32715797424316,-0.003209051081996259
109.33676600456238,-0.005300040159330019
109.34690237045288,-0.003209055850058677
109.35932159423828,-0.0006977682827296096
109.3744821548462,-0.0028780998573873185
109.39042091369627,-0.008850379278418141
109.40597820281982,-0.012258421961615806
109.41901803016664,-0.009354827025840885
109.43435502052309,-0.0036350914963631385
109.44962525367735,-0.0007647010673084813
109.4649465084076,-0.001028324739476651
109.4771535396576,0.0001675325812738773
109.48692965507507,0.004788908381885906
109.49749422073364,0.008643234863844398
109.50430393218994,0.006979106792990545
109.51989793777466,0.001282600809056046
109.53596448898315,-0.0023547671529300924
109.5512912273407,-0.0010088820615602222
109.56074380874634,0.0019346877756752465
109.57055068016052,0.0022645241403604598
109.58574414253236,0.0008940232177089094
109.60136246681212,0.00179624039757054
109.61730360984802,0.005176500573823184
109.63770508766174,0.006111348425267166
109.64503169059752,0.0010903591945230422
109.65163326263428,-0.006622972900416272
109.65999579429626,-0.010623637205504176
109.66969895362854,-0.009324963486292574
109.68544745445251,-0.007469522084438389
109.70102405548096,-0.009300423623114132
109.7108724117279,-0.01294279266047395
109.7266881465912,-0.013614005936931807
109.7420403957367,-0.010807741829629874
109.7580132484436,-0.00910992698758636
109.77381539344788,-0.011467064478311403
109.78213739395142,-0.014565763830035067
109.79182004928587,-0.013136334262140566
109.8076798915863,-0.007385064928173106
109.82289910316469,-0.0031219961090445548
109.83889818191528,-0.004138301236379749
109.8549416065216,-0.00718834359619418
109.87056398391724,-0.0064747386991032985
109.88587856292725,-0.0015184820005802423
109.8939208984375,0.002277145105679757
109.90437722206116,0.0009049666138131714
109.91305780410768,-0.0032825016437802996
109.92665839195251,-0.0054636557166638094
109.94263648986816,-0.005054557922328551
109.9528558254242,-0.005594396644764948
109.96799850463869,-0.008447979589259634
109.97737097740172,-0.010049656203148911
109.99333786964417,-0.0071259357654556935
110.0085904598236,-0.0023524946532561208
110.02363514900208,-0.0016949116877647639
110.03889036178587,-0.006417881057407843
110.05492067337036,-0.010851001985292815
110.06196451187134,-0.009528404388643951
110.07276320457458,-0.004326782742998572
110.0863392353058,-0.0019422138375759903
110.10220909118652,-0.005074961309994094
110.1170687675476,-0.009116470033691437
110.13262367248537,-0.008527637998656443
110.1481909751892,-0.0040440617228318446
110.1639530658722,-0.001112305494476206
110.17699718475342,-0.0022300437127246785
110.187175989151,-0.004008744453904983
110.19398522377014,-0.0026872074339245886
110.20086288452148,0.00018639321654022713
110.2165150642395,0.00010489376166251756
110.23258638381958,-0.0035772829474124464
110.243812084198,-0.006371328888970804
110.2534201145172,-0.004913494344991868
110.26915550231934,-0.0018067079396718337
110.28454446792604,-0.0019674743931755003
110.29983592033386,-0.005523851709723157
110.3153429031372,-0.007408347975111611
110.32161140441896,-0.0044200178805364546
110.33767938613892,0.00012728956338877058
110.35303783416748,0.0007954595693466108
110.3605318069458,-0.0026034448093579326
110.37002635002136,-0.0049033390925217035
110.38600611686708,-0.002827299647208106
110.40132975578308,0.0005372814311893619
110.41703915596008,0.00013683372623262855
110.43179440498352,-0.004063822831506106
110.43856525421144,-0.007189386211940991
110.4533383846283,-0.006221207226452771
110.46852993965148,-0.0037974737870215486
110.487074136734,-0.0039759889444113735
110.50237584114076,-0.006413239311175038
110.51793026924132,-0.0073885417743920455
110.5331494808197,-0.005888169718689912
110.54419589042664,-0.005484934209519203
110.5538158416748,-0.008944114554874339
110.56748986244202,-0.013386157232792266
110.58280611038208,-0.013434876111698637
110.5983407497406,-0.008377945274752954
110.61363673210144,-0.0033386104248125936
110.62962555885316,-0.002628671500023118
110.6442723274231,-0.004372472156388596
110.66007566452026,-0.003727798719322035
110.67525053024292,-1.6485606901357405e-06
110.69135642051695,0.0024340154251869897
110.70325207710266,0.0006451445738460083
110.7185513973236,-0.002349592046065351
110.73374581336977,-0.0017037336462073947
110.74935388565063,0.0021834876754621433
110.76483941078186,0.003772646982211597
110.77721071243286,-0.00010780926431414907
110.79191732406616,-0.005608445509670058
110.8069622516632,-0.006660059434788615
110.8219349384308,-0.0029088728310142932
110.83736109733582,-8.039174476560902e-05
110.85364389419556,-0.002324976402484689
110.8617353439331,-0.006933713666261204
110.87190961837769,-0.00837924608370081
110.8871419429779,-0.00580167959219081
110.9022843837738,-0.0036176622780402395
110.9176115989685,-0.004832337982708025
110.9333062171936,-0.0067875779459151825
110.94917964935304,-0.005299740457464208
110.96504306793211,-0.0010669914356674984
110.9808075428009,0.000932354396045989
110.99376344680786,-0.0017570250872121413
111.00316166877748,-0.005740442858196391
111.01830554008484,-0.006652089656140369
111.03368997573853,-0.005280647853950443
111.0490939617157,-0.006212079658340928
111.0606849193573,-0.010954845683136325
111.07634496688844,-0.01542581867166696
111.09135961532591,-0.015478955686729327
111.10346865653992,-0.012665531899899048
111.12024593353271,-0.012020380385795011
111.13561391830444,-0.01494777269883803
111.15093564987184,-0.017238453614091036
111.16656446456908,-0.015066182514400027
111.1824038028717,-0.010599358841283296
111.20042014122008,-0.00933400334720501
111.21642971038818,-0.012752249550423396
111.2322952747345,-0.016401453963180115
111.25017142295836,-0.015942704284790273
111.2609703540802,-0.012713703806148623
111.2703857421875,-0.011280944315148872
111.2818489074707,-0.012840730643753713
111.29739689826964,-0.01394163679572272
111.31315183639526,-0.01204499408059271
111.3365194797516,-0.009555175964704338
111.3525686264038,-0.010312897964796315
111.36841201782228,-0.013594349818534567
111.38381767272948,-0.014455992287171308
111.39406275749208,-0.010360040086520516
111.40352082252502,-0.004992058748660906
111.41665410995483,-0.0037535345751590708
111.43170881271362,-0.006797878552905005
111.44717359542848,-0.009008141859891211
111.46237683296204,-0.006905092467247066
111.46918153762816,-0.0029724399494547404
111.47711777687071,-0.0015819253051555606
111.4866907596588,-0.002493127652038964
111.49393343925476,-0.0011763212557445316
111.508638381958,0.004605072544853399
111.52369332313538,0.011396365393536183
111.53910326957704,0.01464829593942452
111.55403304100037,0.014732196363091952
111.56857228279114,0.015919709298092805
111.5841417312622,0.01998389548920592
111.60008716583252,0.02364963333762207
111.61652398109436,0.023518343773122424
111.63195705413818,0.021386565080084817
111.64713788032532,0.022221409783586058
111.66318535804749,0.027433759579156704
111.67882108688354,0.03288130039069778
111.6942286491394,0.03449982673322319
111.70402121543884,0.033712247548573326
111.71947860717772,0.035040121362790916
111.7370343208313,0.039308067176410055
111.7438452243805,0.04202510619977681
111.7543294429779,0.039270920963479186
111.76962423324584,0.03292987179230239
111.78560280799866,0.028056290398066584
111.79358410835266,0.02614910000472827
111.8078191280365,0.023760607465758705
111.81531286239624,0.01825558745997674
111.83012413978577,0.012367271327046396
111.84608578681946,0.010853672285197322
111.8607759475708,0.013805713512002282
111.87094593048096,0.016101464227737547
111.88613510131836,0.014009469817287956
111.90135884284972,0.00989309670049214
111.91719031333923,0.008568764495103982
111.93659710884094,0.010528388331707508
111.9446897506714,0.011530490956672551
111.9547152519226,0.008958759278519909
111.97046756744383,0.005755359343373623
111.98576259613036,0.006257020350836403
112.00111985206604,0.009873129443166217
112.0109076499939,0.011699528977206525
112.02647614479064,0.009335041949693883
112.04163312911987,0.006301939315040989
112.05682182312012,0.0071622119570916055
112.0692663192749,0.011102216997795995
112.07714223861694,0.012979930060608335
112.08706879615784,0.01041767825309866
112.09626817703248,0.007067355534397462
112.11173248291016,0.007533325441307311
112.12696051597597,0.011075120521688873
112.14212322235107,0.012822173124559232
112.15304708480836,0.010648130784739897
112.16039156913756,0.00800576588865164
112.16958665847778,0.008879525057331725
112.17980241775513,0.012155154220137736
112.1952612400055,0.013362404765966137
112.2107756137848,0.01116585613364221
112.21903705596924,0.009272916987411853
112.22723841667175,0.01100522068160987
112.23702096939088,0.014254940450975211
112.24975633621216,0.014131213683313847
112.26495623588562,0.009782970568512198
112.28045630455016,0.005816396097035496
112.29198241233826,0.006129813698455166
112.30332159996031,0.00866312760115897
112.31884431838988,0.008406744463494677
112.33405900001526,0.004476188375249209
112.34959077835084,0.001359557712654972
112.3648567199707,0.0026486343507444365
112.37684392929076,0.006086623973557409
112.38654017448424,0.0068007148358983065
112.40168309211732,0.004031468154922881
112.41725897789,0.001879414137351522
112.43334627151488,0.003186488681227876
112.4437313079834,0.005356649957221366
112.460045337677,0.004067018187733249
112.474200963974,-0.0003823108203141251
112.48959374427795,-0.0030881390096699295
112.50252509117126,-0.001061712257275001
112.5102653503418,0.002731583906946227
112.52106165885924,0.003444316121704297
112.53607320785522,0.0009447972023116443
112.54323053359984,-0.00018192658456130215
112.55921506881714,0.0028101066697483216
112.57529258728027,0.006891368523841473
112.59047317504884,0.0074090128935873495
112.6057436466217,0.004457267344047302
112.62128210067748,0.0025864961979611893
112.63728165626526,0.004414916347424109
112.6600067615509,0.007181911279053098
112.66943216323853,0.006926550477169517
112.68356466293336,0.004131822618639193
112.69306755065918,0.0027780223247036045
112.70826888084412,0.004394301580362869
112.72366309165956,0.005896766519271279
112.73870706558228,0.004313266268692414
112.75421977043152,0.0013022923020473422
112.7696852684021,0.0006879124913477049
112.7846450805664,0.002597901119728752
112.80073356628418,0.002955779427953409
112.81598138809204,-0.0006225436907852837
112.83656907081604,-0.004941230496659125
112.8516492843628,-0.005216370330780548
112.85971331596376,-0.0016890682284930814
112.87499618530272,0.00037500158358303066
112.8904619216919,-0.0023798228233025713
112.90379643440248,-0.006800720324395247
112.91801571846008,-0.007286081488984616
112.93362951278688,-0.003174253396549408
112.95350790023804,0.00043237170723211084
112.97118973731996,-0.0005657564317386107
112.98664712905884,-0.004123346907285871
112.99348711967468,-0.00528665757185261
113.0031590461731,-0.0029562725956511124
113.02034497261047,-0.0008115614526432195
113.03693389892578,-0.0016248821353680482
113.0526614189148,-0.0034399356816452687
113.06149172782898,-0.0029815298856010653
113.07706880569458,-0.0009985825485940097
113.09227204322816,-0.0014684884727390246
113.10794854164124,-0.005616326320843046
113.12404942512512,-0.009436660594973688
113.13988423347472,-0.008640317771701062
113.15556812286376,-0.004376265709713436
113.1708459854126,-0.0017492735736673573
113.186185836792,-0.0030989109770675747
113.201101064682,-0.005276204939792426
113.21665453910828,-0.0044843589083744745
113.22713947296144,-0.0016465146110640216
113.24318504333496,-0.0007298281581647225
113.25900602340698,-0.0026459528219297665
113.2741928100586,-0.0036675069329243147
113.2862069606781,-0.000789073403441492
113.29404520988464,0.0035387369453708534
113.30755233764648,0.004168300204880976
113.32318639755248,-4.137693372228621e-05
113.33836627006532,-0.004666431436223311
113.35366988182068,-0.005381902639706707
113.36913418769836,-0.0031271006919910966
113.38533401489258,-0.0019745936113162365
113.39932513237,-0.003094856209636091
113.41415762901306,-0.0034191477002426954
113.4292974472046,-0.0006777374406586084
113.44357490539552,0.002673704553239201
113.4531307220459,0.002523742222622291
113.4691607952118,-0.0010384094106154762
113.4765100479126,-0.003492965983011428
113.49215054512024,-0.0019086174363022671
113.50795292854308,0.0010661854675714398
113.52112984657288,0.0009195496734621781
113.53153562545776,-0.002296177386200345
113.54395985603333,-0.00377872973457468
113.5588607788086,-0.000532452255271482
113.57495045661926,0.00425220764356713
113.58683156967165,0.005181465788847029
113.59420824050903,0.001717246901832135
113.61010718345642,-0.0013374612023015708
113.62455415725708,-0.0005091856121904226
113.64007782936096,0.001836095478593994
113.6528344154358,0.0012460311583438026
113.6602246761322,-0.0023589064625310864
113.67028307914734,-0.004644301811168264
113.68422484397888,-0.003094422389940281
113.69368290901184,-0.0006292229093514277
113.70947861671448,-0.0015939174135858277
113.72558641433716,-0.005795723017028128
113.739755153656,-0.008851955160596685
113.75334215164185,-0.008261289606130678
113.76183247566225,-0.006681939954381628
113.77949810028076,-0.00786448546014654
113.79320907592772,-0.011031203092178027
113.80880451202393,-0.011717816387646915
113.8195095062256,-0.007981871513980887
113.827321767807,-0.003247542019173208
113.84374642372131,-0.0017452564308266215
113.85349488258362,-0.0029554939322868484
113.86879777908324,-0.0028537846034283644
113.87723684310912,-4.749230343278291e-05
113.88684058189392,0.0020647745132233784
113.89395523071288,0.00021944216792910577
113.9040322303772,-0.003805695370248999
113.91905856132507,-0.005437930127247451
113.9268434047699,-0.0036280991780477446
113.93664836883544,-0.0022592563495223645
113.95335721969604,-0.004549203947147719
113.96091341972352,-0.008334658899961496
113.9710898399353,-0.008979064733584471
113.98627972602844,-0.005876465962087241
114.00230431556702,-0.003374839682725843
114.0103747844696,-0.004753025789537142
114.02669906616212,-0.007681086549383358
114.04112553596497,-0.007562232304370859
114.05619478225708,-0.004075779771573572
114.06298923492432,-0.0016989808426473355
114.07011151313782,-0.0034664978156933616
114.08676767349245,-0.006783006402274996
114.09619665145874,-0.007193997749598711
114.1062695980072,-0.004764579357674556
114.11959266662598,-0.004024329005530243
114.13517808914185,-0.00748429785696264
114.15047979354858,-0.011778996602217044
114.16570496559144,-0.01186612079315041
114.18104314804076,-0.007542298794306585
114.19639730453493,-0.003413319857283985
114.21036124229433,-0.002634489340407634
114.22024726867676,-0.0032467124289415864
114.22967863082886,-0.0019108298727326363
114.24559307098389,0.0007493259077295087
114.26159882545473,0.0010154886316288973
114.27728533744812,-0.002188301294635844
114.29369044303894,-0.005126730746280613
114.30951690673828,-0.004087044335948445
114.32454824447632,-0.0006452121117274134
114.33977890014648,0.00015312989850009616
114.35392546653748,-0.0034809621756100168
114.36272716522215,-0.007634708402790806
114.37353897094728,-0.00800373187954739
114.38881611824036,-0.005642214934137666
114.40249943733215,-0.005158724295284729
114.41779661178587,-0.00798099518822121
114.4272756576538,-0.010289625713269464
114.44308948516846,-0.008597172231268687
114.45849180221558,-0.005050412642724809
114.47404670715332,-0.004791120921352062
114.4900815486908,-0.008811765813060805
114.505126953125,-0.012152449789452697
114.51209044456482,-0.010061409005446716
114.52240800857544,-0.0038796696943507536
114.53809857368468,0.0011243336158310241
114.55397033691406,0.002681838434267517
114.56992983818054,0.003605929686915595
114.58541345596312,0.006531546031984554
114.60063099861144,0.009258951025599677
114.6166479587555,0.007632575989543069
114.63264060020448,0.0018700683484462175
114.64803409576416,-0.002960131901117982
114.66354894638062,-0.003382798734045377
114.67914247512816,-0.0019130420468084493
114.69428634643556,-0.003090068453234126
114.70993947982788,-0.006683421318645124
114.7189621925354,-0.007807374889388971
114.72708201408386,-0.0039910947330246745
114.73700332641602,0.0007473661903139577
114.74354767799376,0.0008164216674616904
114.75865483283997,-0.0035713245661402474
114.7736632823944,-0.006635190538540487
114.78891444206238,-0.004563984589614633
114.80323433876038,-0.00016842267554711098
114.8130612373352,0.001348007423387401
114.8285870552063,-0.0006864723647456612
114.84400677680968,-0.0022360365692810644
114.85971784591676,-0.0007600698862432437
114.86924123764038,0.0013729869111185687
114.87689924240112,0.0009403508372426849
114.88661003112792,-0.0009267506150216582
114.89381861686708,-0.00026861034120119443
114.90868401527403,0.0035780609733558027
114.924134016037,0.006357278093811244
114.94319009780884,0.0045368868033289055
114.95695972442628,0.00036909227008903546
114.9709975719452,-0.0009955057480045154
114.98562717437744,0.0014581617510781623
115.00088477134705,0.0032613026899705466
115.01994252204896,0.0007943874865693756
115.02989077568054,-0.0035103057034868426
115.04518938064577,-0.004420321645731815
115.06069040298462,-0.001123858416278547
115.06929993629456,0.0016610815942271484
115.08643841743468,0.0002549009043361283
115.10526657104492,-0.0029395695567053896
115.12092566490172,-0.003007639356160082
115.13642811775208,0.0003421629202299916
115.15249609947205,0.0022116324474465
115.16827178001404,-0.0006299205756443468
115.18310403823853,-0.00516869218082985
115.19896125793456,-0.006327188026077699
115.21408247947691,-0.003923452920701025
115.2267279624939,-0.002541602641537954
115.23675441741943,-0.004637334502315669
115.24382710456848,-0.006844920403474815
115.25050163269044,-0.004834342910984713
115.26620197296144,0.0001762220609811617
115.28231930732728,0.002641336661705
115.29765224456789,0.00017881189310129525
115.31045722961426,-0.0031049160450097816
115.32529258728027,-0.0022283111850558606
115.34105658531188,0.001856749078317589
115.35605931282043,0.0037535121000756874
115.3720645904541,0.0012811719986476982
115.38744187355042,-0.0014778330562360167
115.40315747261047,-1.1642850623345274e-05
115.4101722240448,0.004135732445952472
115.42632961273192,0.00534116487249387
115.44314169883728,0.001575016122216367
115.45722389221191,-0.0029043676647296742
115.4726083278656,-0.003472888122306627
115.48871779441832,-0.0013213492375179594
115.50355124473572,-0.001328648145775275
115.51150369644164,-0.004818295823414524
115.51864790916444,-0.007571182566320592
115.5343852043152,-0.005952598837587109
115.54945158958436,-0.002383079587814435
115.56539511680604,-0.0021902274618341186
115.57691407203674,-0.0061250766496320575
115.58655953407288,-0.009114705629412738
115.59405708312988,-0.007106843682557309
115.60881328582764,-0.0024640280719083413
115.62439107894896,-0.0004380012887176361
115.63996171951294,-0.001840001230456508
115.65480446815492,-0.0023139637450409092
115.66241192817688,0.0008444637255784109
115.6734972000122,0.00419681014931495
115.68889570236206,0.002657036140257308
115.70221781730652,-0.0031901326383996006
115.71768546104433,-0.007364510314049095
115.72725677490234,-0.00624157564935509
115.74305701255798,-0.003124677919506395
115.75819396972656,-0.00339274035112596
115.77362561225893,-0.00712435979172074
115.78877711296082,-0.009411865432235255
115.80469799041748,-0.007560331367159321
115.82079887390135,-0.004799745904133739
115.83599805831908,-0.005415643373986645
115.85163807868958,-0.008476285806020806
115.86757183074953,-0.009136476972179364
115.88309693336488,-0.005581577710137866
115.89884924888612,-0.0017010402712449167
115.91034245491028,-0.0017063914020631408
115.91991424560548,-0.0043100661103662626
115.92723655700684,-0.004666043063462581
115.93328523635864,-0.001298719561695753
115.94870829582214,0.0018041225512899829
115.96005082130432,0.000950105439040747
115.97048664093018,-0.0017902281445571103
115.9859538078308,-0.0013065246205001223
116.00196027755736,0.0032802345320707632
116.0174970626831,0.007083164108250238
116.03494453430176,0.006047775306365364
116.05018472671507,0.0025792208674935632
116.06575226783752,0.002285562992005833
116.08118963241576,0.006281064734018656
116.09348607063292,0.00969456791892389
116.1029977798462,0.008392794637018999
116.1182713508606,0.00454467514249968
116.13342189788818,0.003394385723324999
116.14312553405762,0.005961764442544417
116.15819931030272,0.00795783099944359
116.174174785614,0.0062091352584968795
116.1865780353546,0.0032103033573648776
116.20152807235718,0.003258296539144012
116.21674346923828,0.005802505771455389
116.23498439788818,0.00573053695012667
116.25012683868408,0.000463845211861861
116.26531505584715,-0.0060575207846175596
116.2809193134308,-0.008213720098847403
116.29335021972656,-0.005751577825144962
116.30331754684448,-0.0034024627492442653
116.31051826477052,-0.003937271093812587
116.32606101036072,-0.004609583265980294
116.34189772605896,-0.0018302739444331405
116.35252380371094,0.002935625623174984
116.36774134635924,0.004737116101865399
116.3834264278412,0.0020551261980785982
116.39901876449584,-0.0008424110808811431
116.40949988365172,0.00035576968247935355
116.42478466033936,0.004142874711621076
116.4402995109558,0.005462457286685941
116.4511079788208,0.0029048110597990656
116.46586036682127,0.0006484389273465785
116.48139238357544,0.0024036802987382065
116.49335408210754,0.006008567994692544
116.5097644329071,0.0064561047021951075
116.52450251579285,0.003109176720342173
116.54053473472597,0.0007796063889539899
116.5521388053894,0.0029773410099079942
116.5600883960724,0.00678682253534059
116.57045269012453,0.0066750262853969514
116.57980990409852,0.002071088098812417
116.58689904212952,-0.0017419349262787732
116.60220646858215,-0.0006568146182300005
116.61757850646973,0.0029341954531839306
116.62661409378052,0.0036558455537187458
116.6369035243988,0.0004536430980522509
116.65263414382936,-0.002343451435806345
116.668203830719,-0.0013457741703443754
116.68376207351685,0.0012728909173378307
116.6932725906372,0.0013064308675754712
116.70362305641174,-0.001039340358690273
116.7113802433014,-0.001229106285757317
116.72633409500122,0.0029194868374763693
116.74169158935548,0.007522717833743868
116.75727939605711,0.007489249362242239
116.76957988739014,0.003434486985316495
116.77624344825745,0.0010425106824157317
116.79191756248474,0.003658243799396713
116.8077712059021,0.008192895738743676
116.8190803527832,0.009678586790288117
116.82692003250122,0.007844263250134115
116.8365511894226,0.006669257559744614
116.84355354309082,0.008065244189954402
116.85557627677916,0.009021463774397923
116.87101674079896,0.00630002831266117
116.88580679893494,0.00178384018285476
116.89378619194032,0.0005147189165519144
116.9031355381012,0.0038443478317307005
116.91146874427795,0.007272463046660849
116.92723178863524,0.006222933313140895
116.94299292564392,0.0019454134668169904
116.95221376419067,-0.0004786382581455006
116.9675190448761,0.0009639492445681378
116.98226261138916,0.0030738216752646645
116.9908139705658,0.0026821523580930692
117.0059163570404,0.001372959422196442
117.02111625671388,0.0027872663332724574
117.03552269935608,0.006546192762775871
117.0434069633484,0.007888406221802079
117.05325889587402,0.00400590555929087
117.06882452964784,-0.0016644371487059234
117.08487606048584,-0.003399814609624241
117.10017895698547,-0.00026857742944387964
117.1187779903412,0.0031443174313712805
117.12441229820251,0.0031661467512025115
117.13760495185852,0.0017245177933493693
117.15239310264587,0.002997366077278624
117.16755890846252,0.0069740800473831405
117.17679929733276,0.009135772665928885
117.18634676933289,0.006755317989756142
117.1936650276184,0.0028515676834800687
117.20965790748596,0.0020470666995254312
117.22450232505798,0.004064952318003905
117.23963451385498,0.004087577160191729
117.2534477710724,-0.0003978209044505658
117.26645612716676,-0.005819318989603385
117.28216934204102,-0.007096745529508314
117.2971897125244,-0.004172752628022156
117.3125536441803,-0.0015047435882986464
117.3265814781189,-0.0015733771264881415
117.336665391922,-0.0017878909630197576
117.34377479553224,0.0009587200880811168
117.35895085334778,0.0049121436470013265
117.37448525428772,0.005271968499659375
117.38542103767396,0.0008826243642311039
117.39386296272278,-0.003652879922346717
117.40318131446838,-0.003675617080127298
117.4166910648346,-0.00030249838333892224
117.43168950080872,0.0015998735015987583
117.4468913078308,0.0003944500709783896
117.46258401870728,-0.000171861565749586
117.47219824790956,0.00343429596896819
117.48288011550903,0.009190562138592609
117.49842262268066,0.011999654265488744
117.51376628875732,0.010418695003796483
117.52693009376526,0.008091143887386954
117.54228401184082,0.008015828845722623
117.55139303207396,0.008098576367306636
117.55960321426392,0.004555758305137587
117.57434391975404,-0.0017130281629668198
117.5855176448822,-0.005258877296776877
117.60095453262328,-0.0031325687890595335
117.61682724952698,0.0007744445924811856
117.63213968276978,0.0004154351645237189
117.64783239364624,-0.004676540828631985
117.66256141662598,-0.008883710844804889
117.6766767501831,-0.007831965132542544
117.68878698349,-0.003727496381047828
117.704598903656,-0.0018480205839649742
117.71976327896118,-0.00341268092786017
117.72724962234496,-0.004620518643536465
117.74290204048155,-0.0027162080971498146
117.75806665420532,-0.00018129610058293982
117.77375888824464,-0.0010907895094271246
117.78921437263487,-0.004957803014952245
117.80483627319336,-0.00701021353776814
117.82021355628969,-0.00468889983464567
117.82893133163452,-0.0012321513075334095
117.836279630661,-0.0012173629970298797
117.850909948349,-0.004245343946989754
117.86636781692503,-0.005596165417220669
117.88246464729308,-0.0029002865749836316
117.8934178352356,0.0005664909116805969
117.9033544063568,0.000522191708230368
117.91820430755617,-0.0024264687181528334
117.9331192970276,-0.003973456350190133
117.94840240478516,-0.0025313330856945983
117.96035885810852,-0.001576804868716449
117.96992301940918,-0.004501695067636481
117.97869038581848,-0.00935027730932844
117.99393248558044,-0.011139616846232908
118.00941467285156,-0.00867963422900929
118.02464604377748,-0.006209218728985018
118.04019951820374,-0.00735629562187214
118.05537462234496,-0.009897306069530758
118.07053589820862,-0.008865199521959787
118.0859832763672,-0.003819367316650527
118.1019413471222,-4.1215978265984215e-05
118.11171078681946,-0.0016891405354513014
118.11790823936462,-0.0061500432836489975
118.13363027572632,-0.007382060642032014
118.149080991745,-0.0038108083089916267
118.1640808582306,-0.00013463798384609347
118.1796579360962,-0.0007581907179982851
118.19558072090148,-0.003945052413516196
118.2113344669342,-0.0045363748990805575
118.21879196166992,-0.0011478871992123382
118.23624277114868,0.0022203649639461597
118.24401640892027,0.002107783772115366
118.25487875938416,0.0004051781646628276
118.27034544944765,0.0012661893741327149
118.28579711914062,0.0047717062006069405
118.30178022384644,0.006596026362332604
118.310081243515,0.004192729134672413
118.31987261772156,0.000589771284897118
118.33521127700806,0.00027763553701120464
118.350971698761,0.0029835838511114844
118.36723232269289,0.004168765411118307
118.3769142627716,0.0015402065135843197
118.3863606452942,-0.001675656197406956
118.39375019073486,-0.0013436242340767615
118.3996958732605,0.0016880965888332639
118.41161727905272,0.0028784681876536933
118.42605471611024,0.0006470846259250878
118.44216322898863,-0.001212161092168379
118.45770359039308,0.0010098006305713377
118.47313523292542,0.0053209460027844315
118.48911833763124,0.006443720304064813
118.5039165019989,0.003128107647606092
118.51882982254028,0.00010517487058977419
118.52657675743104,0.0017726791828123999
118.53685975074768,0.00627896621397685
118.54356241226196,0.00813724916649884
118.55880761146544,0.005643238110131657
118.57439303398132,0.0028611046345627215
118.58543801307678,0.0036987601155265854
118.60091543197632,0.006528596931907021
118.6099042892456,0.006749036518222008
118.62550067901611,0.0034281400096035845
118.64110374450684,0.0005902982046195314
118.65648365020752,0.0014700403438339432
118.67215180397034,0.004054644382266022
118.6872582435608,0.004285087623511661
118.70253109931946,0.0021772939925176612
118.7098457813263,0.0017992127661360308
118.72622895240784,0.004911218292776168
118.7407615184784,0.007553202248616683
118.75665044784546,0.005055434665059352
118.77225828170776,-0.0011319861798886116
118.78741788864136,-0.00451110342011897
118.80116486549376,-0.0015616335461056362
118.81661009788512,0.0039002307258658923
118.83218002319336,0.005804063728610215
118.851633310318,0.0034329271431908985
118.86767482757568,0.001503862399321722
118.88295364379884,0.003169183027027973
118.8940408229828,0.0058967883725267204
118.9033498764038,0.0056699673550548975
118.91400122642516,0.003038297906499522
118.92922759056091,0.0021924157099943273
118.9448754787445,0.004589125796345115
118.95961046218872,0.006612023481089375
118.97630763053894,0.004817565680663855
118.99106907844543,0.0011836133970481813
119.0068531036377,0.0006104542689398258
119.01889276504517,0.00402170121383752
119.0267961025238,0.006875871764498088
119.03641819953918,0.005395212579041489
119.043687582016,0.0018635539222763965
119.0594892501831,0.0014667538420941703
119.06852722167967,0.004954806547304453
119.08397459983826,0.007388303109078833
119.09970808029176,0.004869820251684223
119.11710715293884,4.832693791008771e-06
119.1260941028595,-0.001509994603099757
119.14206790924072,0.0014767445348313332
119.15801501274107,0.004184665003253259
119.1735498905182,0.0025508639014946415
119.18350291252136,-0.0013767753235380304
119.19846844673155,-0.002638527695946833
119.21399021148682,-0.00038578306653984764
119.22919368743896,0.001209196831988078
119.24506998062134,-0.0007838716814288975
119.26042556762695,-0.0037225911699800707
119.27609729766846,-0.003196841844009632
119.29156446456908,0.000510351794557138
119.3032534122467,0.002614181536158734
119.3103895187378,0.0005366457628320138
119.3260657787323,-0.0023268192662119704
119.34160137176514,-0.001199959927658404
119.35737752914427,0.003471834254038704
119.37328791618349,0.0066240475730422145
119.38893389701845,0.005483660352676372
119.40483355522156,0.0031064807549088845
119.42045021057127,0.0037601391035621597
119.43562030792236,0.006863793015496697
119.44322180747986,0.008009547879466393
119.45342564582825,0.005395680624719732
119.46949052810668,0.0023996111230667255
119.48488187789916,0.002656689150893898
119.50006008148192,0.004735824486598497
119.50995302200316,0.004116145789263077
119.51996302604675,-0.00020104430623633452
119.52814602851868,-0.003845347941161612
119.54392957687378,-0.0028724317581998856
119.55929613113403,0.0007067253247925813
119.57523822784424,0.0014175919935314528
119.5887167453766,-0.0024941747866258045
119.60391569137572,-0.0070542067405814785
119.6195785999298,-0.008320487700456703
119.63502264022829,-0.007623164023630858
119.64312887191772,-0.008917865243495273
119.65320229530334,-0.012301318398940058
119.66869378089903,-0.013295265474725683
119.68522620201112,-0.009185739236003583
119.70065593719482,-0.003389857622274948
119.71604990959167,-0.0013610879819912747
119.73151278495789,-0.0034739468573594984
119.74708127975464,-0.00472532490725556
119.76282143592834,-0.001673679897424895
119.77797937393188,0.002935362320454111
119.79359984397888,0.004026587879054848
119.80331587791444,0.0009352991479198323
119.81174325942992,-0.002218150120452813
119.82704615592957,-0.002542093400223212
119.84267210960388,-0.001991289730852418
119.85824728012084,-0.0036696067027035886
119.8696072101593,-0.006558172388913016
119.88524103164671,-0.006591980551489539
119.89993691444396,-0.002721645722446917
119.91543817520142,0.0008418590404706871
119.92988681793211,-0.00013322028204107482
119.94340705871582,-0.004160996157840165
119.95422410964966,-0.0058787497665721035
119.96878695487976,-0.0031971776780242715
119.98424434661864,-1.8281234671472558e-06
119.9999134540558,-0.0006630513846046415
120.01117777824402,-0.003972156293967164
120.01851153373718,-0.004962002760007069
120.0334632396698,-0.002060882593831366
120.048889875412,0.0005016709490922218
120.06021213531494,-0.001465592942570346
120.07634973526,-0.006104181106952905
120.09281039237976,-0.007711402802569786
120.1079490184784,-0.004162389015553077
120.11904287338255,0.0005647820079905488
120.13649725914,0.0019272926960485098
120.14811491966248,0.0005280338009181185
120.16358232498168,0.00027919443797331253
120.17875576019289,0.0021158803195658053
120.19471907615662,0.002520485491187158
120.2100706100464,-0.0009671023581981435
120.2252197265625,-0.005323614893574646
120.240380525589,-0.0054962160195032375
120.25571298599245,-0.0013091884273856483
120.26869535446168,0.0018816913342406894
120.28575730323792,7.849957581288879e-05
120.2987105846405,-0.004154914876556337
120.31450843811037,-0.00525422029521422
120.33006882667542,-0.002080596649360982
120.34601998329164,0.0008994007437205174
120.35981059074402,5.0384527904425574e-05
120.36953711509705,-0.002467687733742824
120.37830328941344,-0.0019860148920934455
120.39281845092772,0.0019915761400657013
120.40932035446168,0.005160844771139744
120.42473363876344,0.004580817122579913
120.44013118743896,0.0028035383454268177
120.45324277877808,0.00415340177976558
120.46867489814758,0.008471842450244777
120.48409295082092,0.01114178757362605
120.5033106803894,0.00930311125747365
120.51213812828064,0.005530042153379359
120.52815079689026,0.003950299341610314
120.54354977607728,0.00448967950219206
120.5518352985382,0.0034758341910001815
120.55988645553587,-0.00039077679438322306
120.56949973106384,-0.003550695809620765
120.57785773277284,-0.0025142312717437937
120.58755493164062,0.0007509267820675057
120.5933072566986,0.001035917865162415
120.60930156707764,-0.0029241865651052925
120.62490820884705,-0.0063189337092815065
120.6404755115509,-0.004486557714647957
120.65286135673524,0.000845184396314925
120.66255974769592,0.003830036952974474
120.6772608757019,0.002144100868865086
120.69266033172607,-0.00043962769248764866
120.70238876342772,0.00021523342181592985
120.72624850273132,0.002833995369200911
120.7410204410553,0.002933302948144079
120.75663542747498,-0.00039901560190213573
120.77272200584412,-0.002942903511957552
120.7886950969696,-0.0012809378389244102
120.80424880981444,0.0021972236968981268
120.81941175460815,0.0024192457221829467
120.83426904678343,-0.001372931231253956
120.84977507591248,-0.004569404823699242
120.860023021698,-0.003637269922520907
120.86970448493958,-0.0010677136903722946
120.88297057151794,-0.0018772106601769
120.89283919334412,-0.006547825427843518
120.9083857536316,-0.010252939075816907
120.9235544204712,-0.009371001412232854
120.93884038925172,-0.006170401036173362
120.95341324806212,-0.00532109311136845
120.9685995578766,-0.007437282747669029
120.98406457901,-0.008803064589416458
120.99932193756104,-0.007346410233916231
121.0098843574524,-0.005899650598754132
121.02056837081908,-0.007797030136063514
121.03538799285889,-0.011221612953293134
121.05020093917848,-0.010931495386252597
121.06569266319276,-0.005477280770164421
121.0814311504364,0.00023021304145031643
121.0934443473816,0.0009879921796576675
121.10302424430849,-0.0020647734144316017
121.11266851425172,-0.003219276954159316
121.12825894355774,0.00017573651142502745
121.14362502098083,0.004639708272508916
121.15282320976256,0.005856541733108658
121.16850996017456,0.004545615642869927
121.18400168418884,0.004724474656769668
121.19266295433044,0.007288481710623024
121.2020993232727,0.008478663696009777
121.2182502746582,0.005546631502539405
121.23250102996826,0.0013001263339995077
121.24795722961426,0.000655731129540212
121.26317071914671,0.003873291303457977
121.27841544151306,0.006126007093001708
121.2928078174591,0.0041830679216602815
121.30960750579834,0.0008940316301909259
121.32602024078368,0.0011796266057840258
121.34126877784728,0.005046551990122496
121.35658645629884,0.007301704351940235
121.3700783252716,0.004492117863638289
121.38554000854492,-0.0003388371064098404
121.40078139305116,-0.0016495507313986683
121.4159939289093,0.0012080117425486941
121.426828622818,0.0033150624489347454
121.4365622997284,0.0011271152550840465
121.45156693458556,-0.002660231078363627
121.46688842773438,-0.0030982015326062582
121.47628045082092,-0.00014095042418842737
121.49256944656372,0.0011898403032104279
121.5020101070404,-0.0020541650172781916
121.50966095924376,-0.006287577874113713
121.51987648010254,-0.005934734763799486
121.52814412117004,-0.0008566913816924209
121.5438268184662,0.0034467387003357724
121.5590319633484,0.0030600582625546356
121.57394003868104,0.0003558759577428751
121.5865762233734,-9.728706668451353e-05
121.59372615814208,0.0017132711537854312
121.60929346084596,0.001600890056648748
121.61865830421448,-0.0020218198526382185
121.63389539718628,-0.005086286064326791
121.64336681365968,-0.003416007996096827
121.65258455276488,0.0008787731571487517
121.66845059394836,0.0015487465501115743
121.68362712860107,-0.0036087438173997817
121.69916081428528,-0.009610262443349725
121.71492648124696,-0.010491679425675252
121.73089981079102,-0.006569936807887821
121.7432963848114,-0.0033765162554218933
121.7581398487091,-0.004306684123692847
121.77325558662416,-0.007069119076792341
121.78030800819396,-0.008066417344775145
121.7932698726654,-0.007715113900820087
121.8092119693756,-0.009019138788042587
121.8249523639679,-0.012022467926340258
121.84105658531188,-0.012939834969997066
121.85653305053712,-0.009722073030554213
121.86584663391112,-0.005873553367180905
121.87349009513856,-0.006338254796475226
121.8888773918152,-0.010729305098112867
121.90449285507202,-0.013511359319230292
121.9115149974823,-0.011268480469855294
121.92715430259705,-0.007141502414759084
121.94251084327698,-0.0062967979391516365
121.95806837081908,-0.00874286053570636
121.96908187866212,-0.0094454129070748
121.98025488853456,-0.0054572284948605785
121.98723292350768,-7.191793193202776e-05
121.99370193481444,0.0016914113989983008
122.0091598033905,-0.0001645634656059873
122.02431893348694,-0.0010625597821328262
122.03527331352234,0.0013018142291028193
122.05085396766664,0.0035239552087722105
122.05931639671326,0.0013949865354504732
122.07592058181764,-0.0038277627489731294
122.09131336212158,-0.0067673996900006
122.1067988872528,-0.005000408644505805
122.122398853302,-0.0017694677183214221
122.13847732543944,-0.0006800528182153379
122.15214371681212,-0.00046334693392951435
122.16016840934752,0.002362120811715566
122.16960048675536,0.007005802985131587
122.17806625366212,0.008119461043336742
122.19329738616943,0.0028851499218489735
122.20924973487854,-0.004255043325757653
122.21865224838255,-0.006292240139281472
122.240385055542,-0.0020947568591574836
122.24910712242126,0.0024360612405372032
122.2643539905548,0.002061275213412991
122.27990818023682,-0.0013915467908260327
122.29511880874634,-0.002175620795289955
122.3173806667328,0.0013609260098249448
122.33264398574828,0.004877773952773468
122.34269094467165,0.0044099920031637485
122.35803723335266,0.0017173147845697357
122.36868095397948,0.0011988434566725806
122.37635350227356,0.003148571587988735
122.38663911819458,0.0032566432058777155
122.39365029335022,-0.0008737503924893847
122.40432381629944,-0.005694168711105784
122.41860222816469,-0.006259340789664581
122.43366360664368,-0.0031124074903355
122.44886827468872,-0.001664680438982115
122.46678423881532,-0.004697563273932145
122.48241925239564,-0.008414380914299295
122.49809670448305,-0.007652464857630473
122.51354336738586,-0.0030476567426335104
122.52640867233276,-0.0001491720848076747
122.53608655929564,-0.0017752152637909545
122.54255628585815,-0.004386982553515284
122.55385160446168,-0.0034300546335453664
122.56850147247314,0.00022602775872567447
122.58417081832886,0.0019768820031246075
122.59996557235718,0.000572636338976838
122.6167016029358,6.033076991100012e-05
122.63207221031188,0.00361303165004524
122.6476743221283,0.00819509648938217
122.65992498397829,0.00810969979902296
122.6702961921692,0.0029261818877898593
122.67805361747742,-0.0012433201529337865
122.68452405929564,0.0007093794798399911
122.70016956329346,0.006478090157107811
122.71535873413086,0.009577537403707922
122.73114132881165,0.007647921234887015
122.74703431129456,0.004622644734279754
122.76292943954468,0.00437299239863977
122.77841687202454,0.005194188925394275
122.7942144870758,0.00283544241003242
122.8011085987091,-0.00258294563120465
122.81625866889954,-0.005887392616035738
122.83160638809204,-0.003605646933131243
122.8432276248932,0.0012079800710748491
122.85884594917296,0.002857740810271036
122.87428188323976,0.0002844411403983482
122.88941359519958,-0.0022224763015155093
122.90190386772156,-0.0014938505570931031
122.91007900238036,0.000267539738624702
122.91999912261964,-0.000657069866112042
122.92688536643982,-0.003429587361804674
122.93775844573976,-0.003408337090662479
122.95184445381165,0.0011045125591840647
122.96819353103638,0.005769734672570309
122.98302340507507,0.005567306891877073
122.99927377700806,0.0015065368233169324
123.01529812812804,-0.0006127568058774227
123.02989530563354,0.0021227273360555033
123.045640707016,0.0060536107433351236
123.0519630908966,0.006257821034023912
123.06975436210632,0.003495598762047858
123.08518314361572,0.0032003829883280226
123.1001968383789,0.007915606876643826
123.1161756515503,0.013571987890595976
123.13156270980836,0.014656563186615337
123.13829946517944,0.011176879137389196
123.15289998054504,0.008089983544457939
123.16867899894714,0.008358067935787833
123.18424963951112,0.009359850393007983
123.19994807243349,0.00733196508831865
123.21579813957214,0.003165926728218384
123.2310869693756,0.0012262961267749484
123.24675154685974,0.003057249032037497
123.25360107421876,0.005202746855800409
123.2695369720459,0.004310304209070711
123.28411030769348,0.002029427183350293
123.29250264167786,0.0024415511780755987
123.30842113494872,0.005624452207705429
123.3235285282135,0.006814365001954335
123.3320152759552,0.0028815960084932666
123.34714102745056,-0.0027346868206481753
123.36266827583312,-0.0038333137421982712
123.38475465774536,0.0007413701343765965
123.40020966529846,0.005751111520210216
123.4092915058136,0.006470546217524736
123.42482137680054,0.004422371504175416
123.44082975387572,0.004322248525362008
123.45278096199036,0.006927968135438553
123.46017050743104,0.007997280785838922
123.47099447250366,0.004614851980166543
123.48621582984924,-0.0003552916077477579
123.4928228855133,-0.0020650088437419193
123.5092797279358,-0.00021158497147695868
123.52413654327393,0.0009990566109481505
123.53323531150818,-0.0007762817297717363
123.54303741455078,-0.0025731699364620543
123.5592246055603,-0.0005731561594568718
123.57405138015748,0.003937919418683579
123.5890600681305,0.0057984622701005096
123.59921360015868,0.002968857341539052
123.6152482032776,-0.0005067908622572392
123.62989974021912,-4.284768055513952e-06
123.65157794952393,0.003258618853434857
123.66015028953552,0.0040203946607853
123.6764600276947,0.0006087802653593453
123.69149112701416,-0.002411994386554183
123.70220160484314,-0.0004840348633521688
123.71744346618652,0.004525301499647413
123.7334520816803,0.006779799645205252
123.74925231933594,0.004378986152225064
123.76444268226624,0.0016545262091902228
123.78012251853944,0.002759233254466194
123.7931034564972,0.0057057388101116255
123.80833840370178,0.005289967718907826
123.82352328300476,0.0007351149156871206
123.83954763412476,-0.002752836901950817
123.85489106178284,-0.0007520213047645234
123.8711483478546,0.004611723702845283
123.88691926002502,0.007665335010417414
123.90252542495728,0.006571271430307365
123.91790843009947,0.00499221478085276
123.93313550949097,0.00623603908844959
123.94849967956544,0.008511437213563483
123.964040517807,0.007951795680114768
123.97645449638368,0.004730990522366631
123.986225605011,0.0031731375941146016
123.99256038665771,0.005563294333851708
124.0079882144928,0.008632612660657882
124.02319741249084,0.007974628185429052
124.03874278068542,0.004241130578025791
124.05202960968018,0.002251354168798312
124.0600085258484,0.004122226515936184
124.06944060325624,0.006116481321528708
124.0846996307373,0.003844215399212701
124.09250664711,-0.0013549050088633068
124.10731649398804,-0.003927448541967982
124.12277913093568,-0.001636948668645498
124.13900542259216,0.0013108346186497721
124.15924715995789,-3.082424288091247e-05
124.17602443695068,-0.0046359844266935
124.19139003753662,-0.006996081312081589
124.2021324634552,-0.004668649325393939
124.2097156047821,-0.0014255660515780939
124.22586941719057,-0.0017855377528405644
124.2410774230957,-0.0047142005505267145
124.25643134117126,-0.005234708562295851
124.2636559009552,-0.00144639803266425
124.26971745491028,0.002994915794419777
124.2772181034088,0.00415924323889571
124.28727507591248,0.003068751090296477
124.30248522758484,0.003457735040617697
124.31824254989624,0.0056864803733009985
124.3336763381958,0.006004462735005802
124.35259056091309,0.002400645985883093
124.36780667304993,-0.0016097320231209266
124.38297700881958,-0.0012644897532493931
124.39850926399232,0.0027026827844968348
124.41876912117004,0.0044733407349977754
124.43601608276369,0.0007177000899127768
124.45181369781494,-0.0047588201561666555
124.46738624572754,-0.005764210164102236
124.49046850204468,-0.0016200396149866516
124.50566816329956,0.0023525683090182712
124.52136540412904,0.0021705129090418777
124.53739714622498,0.00015810725706191233
124.55265855789185,0.0009425310764686573
124.5611960887909,0.004446508272399205
124.5770993232727,0.005825344501720368
124.59231853485107,0.0023372992726542344
124.60185289382936,-0.0025913939917707254
124.6170973777771,-0.0037698060760967527
124.63307642936708,-0.0008952406670851812
124.64857935905457,0.0016599134456707115
124.66415143013,0.0011848891424689457
124.67963671684264,-4.997895337283207e-05
124.69476819038393,0.0011346712318264286
124.71020770072936,0.0037293158674155365
124.72586059570312,0.0040241272023317474
124.7413022518158,0.001401341198049065
124.75740313529968,-0.00039084053493211373
124.77342081069946,0.0012501624240457217
124.78921961784364,0.003452541726063848
124.8044798374176,0.0014721513618307113
124.81849217414856,-0.004371511307208003
124.83596348762512,-0.008271112645994685
124.8434672355652,-0.006151804679483483
124.85499358177184,-0.0009418838984136396
124.86851000785828,0.00132734538940438
124.8845796585083,-0.000640988063413396
124.9005184173584,-0.002240390535421654
124.9100923538208,0.0001303840298144147
124.92580962181091,0.0037870482795842445
124.94110774993896,0.003495898098623202
124.95668029785156,-0.0009588215315370291
124.97269225120544,-0.003977536223115626
124.97981238365172,-0.001416450412663653
124.98697113990784,0.003916940902540187
125.00566935539246,0.0059508245877159145
125.01871585845949,0.0031099205234438863
125.03353571891785,-0.0002446422297258234
125.04966282844543,-0.00016560692726518694
125.06633758544922,0.0018165552161598058
125.0818567276001,0.001712601078558914
125.09744882583618,-0.0006343724320172568
125.1099500656128,-0.0012994285289093634
125.12612676620483,0.0015658251391491755
125.13447189331056,0.0043278106028716125
125.14918565750122,0.002625470031264068
125.1652445793152,-0.002158836579589957
125.18040871620178,-0.004078363147747846
125.19568943977356,-0.00032787279231876734
125.2110857963562,0.0049049345962669565
125.22649478912354,0.005734104694610475
125.24195051193236,0.0018716441429636394
125.25744199752808,-0.0017179159231845984
125.2739794254303,-0.0017753718694524965
125.2893385887146,-0.0005288461551382113
125.30478310585022,-0.0015649735035442275
125.31849598884584,-0.004265918105623857
125.33622908592224,-0.004845212594174674
125.34328198432922,-0.002188935385703219
125.3592884540558,0.00022465814339617664
125.37427234649658,-0.0007441488964156041
125.38944435119627,-0.0032609587310966194
125.4019899368286,-0.0030711117461563716
125.41217422485352,0.000226584848783953
125.42807388305664,0.0022615247073624217
125.44394302368164,-1.9897366086785075e-05
125.46006965637208,-0.0037237713412953664
125.47145295143127,-0.0036288383197481656
125.48617339134216,0.0006387654900891705
125.50207471847534,0.003824589575167352
125.51714563369752,0.001971580941799204
125.53271198272704,-0.0023187893583448446
125.547945022583,-0.003441926145815808
125.5599091053009,-0.00021054670377380858
125.5758273601532,0.00294508086324262
125.59101343154909,0.0022574971198042687
125.60646152496338,-0.0005722848878323182
125.62252521514893,-0.0014392403228957401
125.6379120349884,9.997275561425675e-05
125.65215396881104,0.0005496211900728114
125.6677975654602,-0.0018812818819567223
125.6829550266266,-0.004216732277821766
125.69856190681458,-0.0029692631070174355
125.71366739273073,0.0003338402445806411
125.73635721206664,0.0006290444432758382
125.74338555336,-0.0037663789392062136
125.75896334648132,-0.008401203540733516
125.7756941318512,-0.008267572101859461
125.78593707084656,-0.004311240743889666
125.79314184188844,-0.002000180113233577
125.80673813819884,-0.003904119706950407
125.8222393989563,-0.00640449848796973
125.83818221092224,-0.004902841673911858
125.85184454917908,-0.00023629151391522767
125.85966372489928,0.0024883662540275088
125.87509512901306,0.0008446096657130872
125.89109659194946,-0.0018775840405722908
125.9063596725464,-0.0015531809483782307
125.91879439353944,0.0011330614952138563
125.92615604400636,0.0022951949700018787
125.93597912788393,0.0011470988922651477
125.94308519363403,0.0015873770050363481
125.95915269851685,0.006429080668383431
125.97511005401611,0.012413912319980522
125.99084448814392,0.013477875592890681
126.00647115707396,0.008323130603959493
126.02177834510805,0.002134610577659706
126.03707146644592,4.476800921956493e-05
126.05248141288756,0.0010696880136048898
126.05963039398192,0.00044232034511768265
126.06968545913696,-0.0032621489542813916
126.08240413665771,-0.006171295523189553
126.09801578521729,-0.004842549450484315
126.10895562171936,-0.0014032596470706126
126.12420105934144,-0.0007561709551011301
126.1350874900818,-0.00378270521297185
126.15102434158324,-0.006174913291806328
126.16638684272766,-0.004543845085857529
126.18184399604796,-0.0011302138092352866
126.19324851036072,-0.0004884642142971387
126.20933198928832,-0.0029771417509975484
126.22426390647888,-0.0043756977280632004
126.23906707763672,-0.002095182366138793
126.25474333763124,0.0010032604494480742
126.26999521255492,0.0006883851147236107
126.28568363189696,-0.0025129040851210164
126.301007270813,-0.003937056413216455
126.31594681739809,-0.0013358636777744265
126.33144760131836,0.0018965925874580793
126.34651708602904,0.0014010912032657017
126.3620867729187,-0.002094462079362607
126.37813544273376,-0.003791905779071149
126.4010226726532,-0.001474466418983883
126.41072058677672,0.0014765179295547141
126.4256272315979,0.0008587491608041441
126.4413492679596,-0.00254290052894066
126.45193886756896,-0.00429601431967575
126.45940136909483,-0.0028215603095387643
126.46946263313292,-0.0017026940212881603
126.48469567298888,-0.0044497881136630725
126.49234127998352,-0.00922132454178071
126.50803804397584,-0.011150023351668472
126.5185887813568,-0.009088004728067204
126.53686332702635,-0.007191892756709649
126.5435106754303,-0.00900070455028066
126.5590922832489,-0.012333281840608622
126.5757405757904,-0.012249378006946022
126.58616900444032,-0.007931469600828939
126.60173463821413,-0.0038019556444913124
126.6170370578766,-0.0033457209839175797
126.62504744529724,-0.004386140599914963
126.64078569412231,-0.0024466450249735717
126.6515884399414,0.0026286331719425063
126.65951418876648,0.00620247694127567
126.66930723190308,0.005193204388166451
126.68479657173155,0.0022624148625234866
126.69231581687929,0.0019338298364587592
126.7076930999756,0.004167889104782512
126.7182354927063,0.0045435429003058345
126.73625946044922,0.0008557894391142931
126.75109648704527,-0.0032623336713875047
126.76648044586182,-0.0031003305432207784
126.78213810920715,0.00039433489255634837
126.79060244560242,0.0014509360019626303
126.80280113220216,-0.00283777472648009
126.81848430633544,-0.008366144993575405
126.83425116539,-0.009259846076731597
126.8427255153656,-0.005559558190835822
126.85796308517456,-0.0029898621717350327
126.87008666992188,-0.0052727477845142725
126.88366675376892,-0.009494968024667814
126.89899849891664,-0.01052777387106744
126.91501045227052,-0.008001626255922975
126.93277287483215,-0.006250504796265356
126.94848775863647,-0.007819123251675757
126.96399688720705,-0.009981166135673764
126.98174285888672,-0.009001121755947784
126.99311017990112,-0.005679914355653763
127.00102639198305,-0.004075436458768836
127.01657748222352,-0.005338029523805583
127.0318796634674,-0.005783052774574157
127.04308557510376,-0.00226285100198128
127.05995917320251,0.002764847575886546
127.07465291023254,0.003969019918116393
127.09022784233092,0.00019195278060583345
127.1016571521759,-0.003968267128976998
127.10975694656372,-0.004313768520496989
127.1192238330841,-0.002416942746339603
127.126948595047,-0.00285950441166176
127.13698148727416,-0.006476308339057578
127.15166640281676,-0.009254765058250292
127.16728949546814,-0.008319235299192056
127.18332314491272,-0.006251053636143075
127.19950556755066,-0.007428002547989741
127.21538996696472,-0.011621531651030638
127.23063349723816,-0.014147537362156817
127.2458279132843,-0.012511607761380387
127.25948238372804,-0.010068814900193939
127.26919960975648,-0.011307270736275308
127.27707076072691,-0.015299897066075912
127.2922375202179,-0.016652849117722027
127.30160808563232,-0.012790975912653046
127.3169972896576,-0.0074526100829434335
127.33242297172546,-0.005560945492032555
127.34978556632996,-0.006731335514239235
127.36541199684144,-0.006474928131278106
127.38083958625792,-0.003180971200483502
127.39600849151611,-0.000767029207692644
127.40929174423218,-0.0030723487914983702
127.42598962783812,-0.007901130324153922
127.440678358078,-0.009340700048264972
127.45258855819702,-0.005460033328391498
127.46781063079834,-0.0008630457094445658
127.48330807685852,-0.000555622310891441
127.49857425689696,-0.0035231540534263425
127.52165985107422,-0.004713483785794299
127.53179883956908,-0.002367894665481454
127.54213428497314,-0.00029347857107904507
127.55824971199036,-0.0020210304753674265
127.57371473312378,-0.005374961265319139
127.58887004852296,-0.0053540605656500016
127.60534024238586,-0.0013310846638131674
127.62139177322388,0.0016849675925292359
127.63624024391174,-0.0002541692406566663
127.65237045288086,-0.004559728640006482
127.66698598861694,-0.005498861675103104
127.68269324302672,-0.0018823588253206718
127.69834113121031,0.0014801578439841432
127.71801614761353,0.0004887582907454292
127.73328924179076,-0.0026733914620401446
127.74924778938292,-0.002742538882508002
127.7647557258606,0.001186921933801092
127.78678035736084,0.0043401584705998275
127.79465341567992,0.002841229254427104
127.80158710479736,-0.0010062747123089004
127.80949592590332,-0.0020200151908886525
127.8255696296692,0.0007444850704117741
127.8411238193512,0.003014345117353917
127.85642337799072,0.0015740139711314604
127.86897087097168,-0.0012649367641566203
127.8848009109497,-0.001252341666270511
127.90031838417052,0.0014672463884703654
127.9163100719452,0.002438442540987646
127.93501543998718,-0.0006815187952485089
127.95813059806824,-0.004566485989143424
127.96844744682312,-0.0047235168937401345
127.98424553871156,-0.0017367609308066353
127.99933552742004,-0.00037109980978450936
128.0095672607422,-0.002785397847589724
128.0256371498108,-0.0054842707758989626
128.04116702079773,-0.0043096136872746
128.05642247200012,-0.00037833817146843036
128.0719952583313,0.0014186527775816508
128.08736634254456,-0.0008050020860376162
128.10214829444885,-0.0034667105290943
128.1100127696991,-0.002799111293623576
128.12563061714172,-0.00030201202919157835
128.1404197216034,-0.0005357081383359826
128.1560161113739,-0.004354715635927894
128.17154741287231,-0.007274227435444574
128.18716549873352,-0.005479404078858351
128.1943621635437,-0.0011170667238018747
128.21023154258728,0.0006309261204488028
128.22576999664307,-0.0013242550103011617
128.2358055114746,-0.002627283995570743
128.24320101737976,0.000219265166265819
128.25916576385498,0.004794595226527984
128.27537059783936,0.00604802762259055
128.29093623161316,0.00328018584655525
128.30239176750183,0.0010502091831327198
128.30983662605286,0.0028379376921062807
128.31980514526367,0.00636513228406802
128.3289954662323,0.006981298824120814
128.3414580821991,0.0041681509248258815
128.35706615447998,0.0020078007166431672
128.3723864555359,0.00317446900764244
128.3884356021881,0.005208318355887527
128.4026598930359,0.0044289322222398255
128.4183328151703,0.0017057946142838409
128.4342451095581,0.00148612471037837
128.45021891593933,0.00522903917820491
128.45947074890137,0.008732670211569088
128.46965312957764,0.007564866902926643
128.48465204238892,0.0032271578396479523
128.5000524520874,0.0013217940635947994
128.515766620636,0.004024913692890767
128.5313959121704,0.007206120173746136
128.54295134544373,0.00620668649047957
128.55774116516113,0.002290759150688314
128.5730381011963,0.0008701872074529256
128.5889401435852,0.004058449107120321
128.6024615764618,0.007858298871193568
128.6115698814392,0.007638715894811871
128.61768341064453,0.0041424173448647884
128.63287472724917,0.0019764468610877052
128.64837980270386,0.0032071982310259268
128.65960502624512,0.0051257349266008514
128.6747784614563,0.004873083769706613
128.69084668159485,0.003846166417262198
128.706383228302,0.005436352385410068
128.72194266319275,0.009543241927740111
128.73026657104492,0.01213263636705171
128.7367537021637,0.010820209149925266
128.7516963481903,0.00852117180085659
128.75907373428345,0.009675200805134709
128.77594304084778,0.014168699179441007
128.79093432426453,0.017594307332314495
128.80647802352905,0.017550819909876142
128.82240962982178,0.016928932998754115
128.83528566360474,0.019324660118653275
128.85245060920715,0.023135585427976793
128.86033582687378,0.023092689556524278
128.86678338050842,0.01749853565095515
128.88241291046145,0.011086440747809928
128.89841747283936,0.009217205070547338
128.91396260261536,0.011131453929801933
128.92995810508728,0.011390995316125092
128.94591069221497,0.007448475539484664
128.96184992790222,0.002993623987447148
128.97755455970764,0.002698036796165228
128.98510479927063,0.005798172760005672
128.99280166625977,0.00732668781166711
129.00242018699646,0.005054687071745142
129.01216435432434,0.002372650345355667
129.02828216552734,0.0032225186840018115
129.04363632202148,0.006389591714716288
129.05857515335083,0.007225689825762982
129.0745370388031,0.004296937954743172
129.0856158733368,0.0015438332263326656
129.09322428703308,0.0029086652438731625
129.108163356781,0.006914836656916669
129.12402200698853,0.00866643163574427
129.1350860595703,0.006395484646259199
129.14304280281067,0.0034972677452691377
129.15267729759216,0.00342801687830026
129.16237354278564,0.004808441448377136
129.1781177520752,0.0036690090809351453
129.19307470321655,-0.0004204440938628414
129.2015097141266,-0.003210470982178616
129.20961380004883,-0.0014832495005553574
129.21950316429138,0.0023618649022139767
129.2344892024994,0.00345038906197365
129.25010514259338,0.0010368474054440694
129.26619172096252,-0.0006742222507874549
129.282244682312,0.0013808010698040962
129.30269932746887,0.004765940689522618
129.31604409217834,0.005109237717600093
129.33134770393372,0.002531644970772314
129.34654688835144,0.0017416572812283039
129.36193227767944,0.0054768032029184205
129.3692445755005,0.010418778782221947
129.38456201553345,0.011360470699480438
129.39305996894836,0.007923535413898444
129.40875434875488,0.004668290306602555
129.42360949516296,0.004739162898887369
129.4349808692932,0.006022547635377954
129.44276428222656,0.004892164860298904
129.45299553871155,0.0018142771394670284
129.47128033638,0.000711339015214757
129.4871847629547,0.0031544807606036147
129.50262212753296,0.005899033104129807
129.51800155639648,0.005373390093440831
129.53595232963562,0.0026578835212653076
129.54300236701965,0.0018006295501352926
129.55821752548218,0.003944137028643956
129.57392621040344,0.005750616749956546
129.58955216407776,0.004369378665782974
129.60473203659058,0.0017058386913557455
129.6203970909119,0.0017077438598985108
129.6348695755005,0.004486264180440494
129.65021777153015,0.005862428720761437
129.6593496799469,0.0033337842548318737
129.669198513031,7.800971568157301e-05
129.68513464927673,0.0009670897680449347
129.70026111602783,0.005804254480507394
129.7163531780243,0.009265671782159614
129.73559999465942,0.007846779504815313
129.7428412437439,0.004227492144130663
129.7492275238037,0.0030577959442072834
129.76492595672607,0.004300956909222646
129.77994799613953,0.0036640872237534193
129.79572701454163,-0.0006044609425554918
129.80238842964172,-0.004515773651914582
129.80936932563782,-0.00364978291029154
129.8190531730652,0.00035697439306153116
129.83426022529602,0.0014825517323875245
129.84996581077576,-0.002752063173176285
129.86602926254272,-0.00785109974407554
129.8860900402069,-0.008216388355306092
129.9011266231537,-0.004450550468777293
129.91665029525757,-0.002244926347750714
129.93254899978638,-0.004509445862919691
129.94811391830444,-0.007577484665641032
129.95966839790344,-0.006553142533037501
129.97565340995789,-0.0021941379682948975
129.99110412597656,0.0002609247455805019
130.0067663192749,-0.001495590576838016
130.0185422897339,-0.003759619797958992
130.03598833084106,-0.0023925625188741632
130.04323554039,0.0010173266731188517
130.0523600578308,0.0013764898617419613
130.06808257102966,-0.002364853510545687
130.08418226242063,-0.005238739462720644
130.10247230529785,-0.0030195190749855725
130.11041498184204,0.001674232070744575
130.12573146820068,0.002707602433621099
130.1410777568817,-0.001278160170466613
130.15148162841797,-0.005198778170425291
130.15984797477722,-0.004773504853188377
130.16926050186157,-0.0023464680005853573
130.1844937801361,-0.0030211452013819123
130.20031833648682,-0.0067595366132250125
130.2158079147339,-0.008012235809274851
130.2309956550598,-0.0037392610987894365
130.2525053024292,0.0015987115471820014
130.26778864860535,0.0016453656970163524
130.28333377838135,-0.0031154189969268306
130.298930644989,-0.005866248735942445
130.31503081321716,-0.0028623254775547793
130.33021998405457,0.001294145428437951
130.34572911262512,5.259611327196323e-05
130.36100339889526,-0.005771699240018477
130.37613606452942,-0.00878668353531769
130.38641691207886,-0.004975314148525156
130.40101981163025,0.0009348201100010704
130.41686081886292,0.002106700239637255
130.43183946609497,-0.0010805116924740418
130.44783306121826,-0.002043974370500763
130.46185278892517,0.0022142423618627116
130.47037625312805,0.006510953239163548
130.48565697669983,0.004724434189282109
130.49268889427185,-0.0013182508700070898
130.50254225730896,-0.004059736842885948
130.51930713653564,-0.0006938766550116018
130.5346658229828,0.002821153929689721
130.55005717277527,9.905065435835553e-05
130.5649712085724,-0.006558961920494601
130.58597564697266,-0.00917539408092961
130.59211659431458,-0.0051204097684490225
130.59863328933716,-0.0006054754317085999
130.61348628997803,-0.0016520718125324946
130.62882351875305,-0.005374361573353362
130.64395594596863,-0.004198050317718766
130.65165066719055,0.0027385438541542035
130.65928149223328,0.007436574469196777
130.66907572746277,0.003910034894308056
130.67890167236328,-0.002875391361026003
130.69462490081787,-0.0030523572641918875
130.71058797836304,0.0047758032685424725
130.71834707260132,0.01126595721399375
130.73583912849426,0.008725125908674433
130.74327659606934,0.0013776702467534904
130.7498278617859,-0.0006044213560995374
130.76599311828613,0.004955340655439791
130.78188276290894,0.009607310118590767
130.79707980155945,0.006422833064718185
130.81847834587097,-0.00026198098221643935
130.83413672447205,-0.001232721505176147
130.85018849372864,0.00420202296536446
130.86616706848145,0.00704188693559875
130.88572907447815,0.0017168513451572879
130.90295553207395,-0.005063453601929264
130.91829299926758,-0.0029947992248675103
130.93338871002197,0.006849561082106118
130.95216512680054,0.011624913789024081
130.96266865730286,0.0025894229822241567
130.9783627986908,-0.013036793914735799
130.99380254745483,-0.019419973269477038
131.0014226436615,-0.009145075549631785
131.0192346572876,0.010358835806906466
131.02871870994568,0.025583818033828615
131.03615617752075,0.027700504034602638
131.0515420436859,0.015656166410631774
131.0588665008545,-0.004693291244368555
131.07418274879456,-0.021796690758308028
131.09013867378235,-0.02442588181224176
131.10219526290894,-0.012232631894360559
131.11818528175354,0.0015371403757120563
131.1333351135254,0.0028440267054580023
131.1490020751953,-0.007592766686511671
131.15927481651306,-0.015517476978483592
131.16865038871765,-0.010671683825860326
131.17681193351746,0.00115970077692639
131.18623661994934,0.006575629360066835
131.20140290260315,0.0017550144996003956
131.21636533737183,-0.004131141217769567
131.23575711250305,-0.0026014485310250053
131.24293565750122,0.0027914346615428307
131.2579460144043,0.0025586613571423706
131.27364540100098,-0.004528711762396158
131.28479194641113,-0.009212206683507614
131.29276633262634,-0.004470745884583014
131.3085699081421,0.004553741535578841
131.31640458106995,0.007090949275603689
131.3313570022583,0.0006594333347456948
131.34710049629211,-0.006488968945926554
131.36272406578064,-0.007032544983370912
131.3778941631317,-0.003825301538440581
131.38602995872498,-0.004461765157228972
131.4014024734497,-0.009746815221632083
131.41696619987488,-0.012625823429819908
131.43238615989685,-0.008697963088053122
131.442476272583,-0.00297385981884418
131.45289707183838,-0.003145734329088039
131.46272015571594,-0.008884371738621359
131.4783170223236,-0.012231030325871365
131.49409770965576,-0.008468592388455485
131.51010489463806,-0.0022417041641799944
131.52579951286316,-0.0005648945647791887
131.54061460494995,-0.002816777850661179
131.55627346038818,-0.0019001865669771231
131.5715959072113,0.005136068488079411
131.584951877594,0.012129548297148207
131.5929913520813,0.01169190672986003
131.6023166179657,0.005084164188394715
131.6086311340332,0.00040708404265594057
131.62175273895264,0.001754575849734057
131.63766503334045,0.004400771108673424
131.6516261100769,0.0023217036600276216
131.6667764186859,-0.0029825418791981054
131.68425059318542,-0.004895559684399326
131.69298028945923,-0.0016816339304150435
131.70797777175903,0.0004028865658670124
131.72338771820068,-0.004371192274070366
131.73874378204346,-0.012777467153651145
131.75044298171997,-0.01616387246989814
131.7658588886261,-0.011520432112435846
131.78169775009155,-0.005334894546432085
131.8021297454834,-0.005121353658830283
131.8103165626526,-0.009990854503219378
131.82534909248352,-0.012616420167432963
131.84049582481384,-0.009314715499742734
131.85893321037292,-0.004381279052176789
131.87461638450625,-0.003437942439107221
131.89014410972595,-0.0056503759549649
131.90527272224426,-0.005403227717261388
131.92063069343567,-0.00039723912407484737
131.93665051460266,0.005365464316269867
131.95216584205627,0.007410436170327845
131.96755290031433,0.006750568485476722
131.98566818237305,0.00765888851739207
131.99476218223572,0.01086171494323924
132.00583028793335,0.012127296693444402
132.0215620994568,0.00829966347731496
132.03742337226868,0.002080763911364385
132.05290913581848,-0.0013855571701943139
132.06892609596252,-0.0013010407031367763
132.08444142341614,-0.0016819201643753648
132.1004180908203,-0.0049621960979776315
132.11598920822144,-0.008086289100476374
132.1355423927307,-0.006764267426589744
132.14501690864563,-0.0017459012335654944
132.15603137016296,0.0019193149970500925
132.1710226535797,0.001611937927156822
132.18695616722107,0.0002829312756901681
132.20311856269836,0.001594905962775148
132.20995354652405,0.004214979029315478
132.21902465820312,0.003712483943322202
132.2346420288086,-0.0005461456595377999
132.25015830993652,-0.003621723372664994
132.26558017730713,-0.0013441241147544875
132.28148436546326,0.003911962342675485
132.29648303985596,0.006164417614492034
132.31192350387573,0.0035469111393562486
132.32740759849548,0.0003260894195089084
132.34303784370422,0.000759613573556462
132.35145711898804,0.00352681580692196
132.3665862083435,0.004225168183994108
132.37526059150696,0.0018802094750041106
132.39055705070496,3.1879205752359226e-05
132.40657329559326,0.0011348002380085279
132.42187976837158,0.002756557161775454
132.4285204410553,0.0013124967713148213
132.44406414031982,-0.002139379872903321
132.45908403396606,-0.002871516456526066
132.4743616580963,0.0006196626869853883
132.48950266838074,0.003651746060452051
132.50480580329895,0.001229525239214861
132.5209035873413,-0.004850464703959929
132.53477954864502,-0.007636497779647143
132.54264950752258,-0.0036713205982647004
132.55254340171814,0.0027769238587963367
132.56200861930847,0.005397335598382453
132.57790970802307,0.003569806831797871
132.59304118156433,0.001990514693595899
132.60871243476868,0.0035341660466639926
132.61876487731934,0.005656827395872495
132.63582515716553,0.004929627306872952
132.64328122138977,0.002585143958130014
132.65873265266418,0.002895087247667594
132.6740837097168,0.006858769997823118
132.68927693367004,0.010520875028030428
132.7024416923523,0.010499140449677813
132.7105038166046,0.00880533405195144
132.72275018692017,0.0099403726438972
132.7379856109619,0.014301585015624134
132.75229573249817,0.017330190225373934
132.76775908470154,0.01577292677302696
132.785569190979,0.01226971976516167
132.79198718070984,0.011646225295927569
132.8069281578064,0.013989434991300691
132.82285976409912,0.014426792854477323
132.83837914466858,0.01032275323958148
132.85207676887512,0.005895412565808521
132.86169910430908,0.007289294663558602
132.87264466285706,0.014278535277728053
132.88783812522888,0.019852188553864565
132.90316343307495,0.018515195167496636
132.91856789588928,0.01243936432821669
132.93550419807434,0.007772893784093898
132.94273781776428,0.006779502504370961
132.9578149318695,0.00640844086971226
132.97307109832764,0.004186281165512845
132.98461055755615,0.00221341243296862
132.9926221370697,0.0035613693287616507
133.00231432914734,0.0068144936623290835
133.01210045814514,0.007224765138930701
133.0274736881256,0.0032273928192783565
133.04248094558716,-0.0009487449109471392
133.0571928024292,-0.0006098479276103064
133.068457365036,0.0032245281746663378
133.0842854976654,0.005233804526018513
133.09987378120422,0.002844987533935625
133.1150689125061,-0.000708952277678853
133.1309790611267,-0.0012177493850193924
133.1474928855896,0.0008782880783994554
133.15488052368164,0.001895132485596569
133.16971230506897,0.000856430545674291
133.18576192855835,0.00101254000137653
133.19250535964966,0.004587902850050932
133.2027235031128,0.008603277218812284
133.2175648212433,0.008439558679291647
133.23291850090027,0.004500297049506845
133.24812364578247,0.0022312202020939005
133.27263689041138,0.0048643826104281356
133.2785530090332,0.008841335014475525
133.28864288330078,0.008504817217171477
133.3038935661316,0.0037720038503628577
133.31916999816897,0.00024924021234713127
133.334237575531,0.0016713250964178203
133.34972643852234,0.005100713079108218
133.3650414943695,0.005280852656424522
133.38035988807678,0.0017335864050847727
133.39689230918884,-0.0012646356813988786
133.4092845916748,-0.0012153592664917875
133.4190537929535,-0.0006622045067115844
133.42877745628357,-0.0025918171040409037
133.44331336021423,-0.005212374582074696
133.45834064483645,-0.004490402931825592
133.47350978851318,-0.0012665594061469251
133.48560643196106,-0.00225824943935402
133.49261116981506,-0.012280708585116276
133.5086760520935,-0.027638438937477684
133.52391624450684,-0.03983788138090481
133.53924798965454,-0.04523051892825024
133.5525631904602,-0.04833613650052184
133.5625524520874,-0.055058661249384334
133.5692973136902,-0.06524379258218033
133.5833821296692,-0.07413016204280273
133.59942030906677,-0.07953674382746612
133.61904525756836,-0.08413725177820612
133.63430404663086,-0.09007111545876256
133.6500062942505,-0.09450110291517311
133.66597437858582,-0.09310665815864969
133.68587565422058,-0.08659002348717537
133.70199608802795,-0.0806096283547523
133.71747541427612,-0.07892371378769897
133.73250675201416,-0.07921646439665687
133.74258303642273,-0.07712436298697856
133.75230836868286,-0.07238931514265068
133.76178240776062,-0.06851236122162221
133.7778913974762,-0.06695570670885805
133.79331254959106,-0.06467987804359188
133.80138063430786,-0.058689718428651956
133.80888509750366,-0.050864571290650584
133.81873226165771,-0.04571915047982289
133.82850575447085,-0.04393755523149753
133.84182333946228,-0.04095753953276811
133.85686945915222,-0.03307974749741631
133.87227725982666,-0.02286547402247304
133.8874442577362,-0.01612812576348869
133.90260577201843,-0.01424813495052573
133.91795897483826,-0.012196095055776783
133.9339632987976,-0.005147188471925775
133.94905400276184,0.005087210172964873
133.9590072631836,0.012451265039437415
133.9688045978546,0.014586053738377524
133.97790336608887,0.015598153238817506
133.98902869224548,0.020146153847454683
134.00482845306396,0.02716801219924019
134.02001690864563,0.0317295688034759
134.03440117836,0.03203626711981007
134.0425055027008,0.03165970337968747
134.0520646572113,0.03406499691126169
134.0624053478241,0.037508556254654865
134.07740259170532,0.03773260556077977
134.09280514717102,0.0345452592285375
134.10834789276123,0.03263164247226222
134.11933636665344,0.03515108808210085
134.1295747756958,0.039120579736213204
134.14497900009155,0.039239941414962023
134.16069793701172,0.03493748321532607
134.176349401474,0.030883635864170596
134.1846799850464,0.03040899674808671
134.19284105300903,0.031116355705780974
134.2024998664856,0.028706807027378912
134.21734046936035,0.02344361875487981
134.23305010795593,0.020086322707557693
134.24263191223145,0.021447857137901722
134.25238466262817,0.024692658525489276
134.269535779953,0.025477852523172945
134.28542137145996,0.023918796347572092
134.30113434791565,0.0239704090279361
134.31668138504028,0.02733235341338342
134.33254432678223,0.0306997101583544
134.34787011146545,0.030253264163061195
134.36175107955933,0.026942798659427395
134.37742233276367,0.025056254868465366
134.39244604110718,0.026140355703086742
134.4079749584198,0.026934168088282466
134.42347121238708,0.024308919389229418
134.43639492988586,0.02024490352922729
134.4519817829132,0.019653833350999718
134.4681854248047,0.023814729208663038
134.4852635860443,0.02842791238977437
134.5005247592926,0.028993221304700806
134.51567482948303,0.026147687523327925
134.53085684776306,0.023847546694781636
134.5424747467041,0.02340616721838076
134.5525186061859,0.02204170760973305
134.5612621307373,0.01782497408386636
134.57189750671387,0.013538398118766958
134.58721327781677,0.013461668706077354
134.6027729511261,0.0173455601002329
134.61813282966614,0.02016248528081517
134.6334512233734,0.018391598138271122
134.6489942073822,0.014494052079862183
134.6636621952057,0.013528999569426202
134.67927885055542,0.016475455429307048
134.69231295585632,0.019229063844918376
134.7023983001709,0.018409725196709883
134.7084972858429,0.015817680646176013
134.72129082679749,0.015439547194225287
134.7345986366272,0.017447657649320117
134.7497320175171,0.0178472872672188
134.7654447555542,0.014301881279722739
134.78453040122986,0.009745933955869156
134.79991102218628,0.00847243900630562
134.81482100486755,0.010134967216209368
134.83055329322815,0.010203543396488665
134.8465449810028,0.006371411567914166
134.85662293434143,0.0019549638386096614
134.8653461933136,0.0014359982247422582
134.88099145889282,0.004288550231327271
134.89655447006226,0.005693616251262222
134.91188025474548,0.003165000882396809
134.93556141853333,-0.00013449227705063585
134.94264030456543,2.7523574536420393e-05
134.95822930336,0.0029467691092672013
134.97399711608887,0.00402670480516908
134.9848210811615,0.0014384893780501062
134.99283480644226,-0.0010358079910447598
135.0024712085724,0.0008360152124571641
135.01262521743774,0.00567702799443497
135.0283646583557,0.008086228688188108
135.04400753974917,0.005806231113520068
135.05999040603638,0.0026153477845374234
135.06898665428162,0.0030534920095703307
135.0855255126953,0.006399934298759531
135.0933997631073,0.008134925293326479
135.10924458503723,0.00648172766525097
135.1243028640747,0.00462508208520952
135.14028668403623,0.005606170984575986
135.15545415878296,0.007463636359319474
135.17052912712097,0.005849761605812995
135.18631768226624,0.0005789767649761277
135.20151948928833,-0.0032940451933060133
135.21880269050598,-0.0017896413201606484
135.23450255393982,0.002757247758671744
135.2498698234558,0.004708166680878732
135.2585039138794,0.002296399549389632
135.2681224346161,-0.000704579307516656
135.28634190559387,-0.0006957068581316733
135.2967131137848,0.0009308119724027886
135.30639624595642,0.0004655123549600765
135.32151222229004,-0.0022241458922258534
135.3369104862213,-0.0032819682042714176
135.35179495811462,-0.00046813610048762047
135.36710047721863,0.003503579915043864
135.3818712234497,0.004903725287191686
135.39795780181885,0.004545801852239548
135.4132513999939,0.006678594997191343
135.43532609939575,0.012396721599556137
135.44251036643982,0.016968268454310955
135.44892072677612,0.015395902878972894
135.45663785934448,0.008903322354380207
135.47175693511963,0.0033882552020328832
135.4874267578125,0.001913482729187171
135.50100827217102,0.0015606854459689731
135.50905466079712,-0.001304405148453677
135.5189335346222,-0.0051977008302591145
135.5343315601349,-0.005516118225997663
135.54994082450867,-0.0013447460578009576
135.56537294387817,0.0028589322480274027
135.58599162101746,0.003167680206956907
135.59273409843445,0.0011857428869603477
135.59902262687683,0.0010254003812164851
135.61495900154114,0.002815006653714047
135.63023161888125,0.0024124830242575994
135.64182543754578,-0.0019734187142043365
135.65136098861694,-0.005888585119748333
135.6671404838562,-0.0037842282389959885
135.68313431739807,0.0032535047840520593
135.69924759864807,0.007964712044920722
135.7151083946228,0.005578072671088634
135.72872042655945,-0.0006039624461487737
135.73581457138062,-0.003981490992740311
135.75138664245603,-0.003066488946699012
135.76652026176453,-0.0022168155002586475
135.78542375564575,-0.004495891723577521
135.80065369606018,-0.007332162791382536
135.8086018562317,-0.006982856958977221
135.82423090934753,-0.004747199868648409
135.83458590507507,-0.005420444835517288
135.84236121177673,-0.010032943065080242
135.85210275650024,-0.013599373261139726
135.86098670959473,-0.011683074922144564
135.87656903266907,-0.006807864081736785
135.89241576194763,-0.0054675223255415085
135.90844082832336,-0.009435807847655046
135.92389059066772,-0.013198301713423503
135.93958592414856,-0.011133894692270812
135.95490550994873,-0.004810929449648383
135.97011351585388,-0.0007221315014537448
135.98543500900269,-0.0018675745624917172
135.9926574230194,-0.004634014825247569
135.99901413917542,-0.004598284799628148
136.0148389339447,-0.002551293139639684
136.03033447265625,-0.002409734931137249
136.052237033844,-0.004703177692749222
136.0678653717041,-0.005581095087355499
136.0829200744629,-0.00290353756438022
136.09849762916565,-0.0002169229455211974
136.10903096199036,-0.0021130317820997
136.12337112426758,-0.007134115927743158
136.13142919540405,-0.008717686764898442
136.14195108413696,-0.0037548052519385203
136.15675902366638,0.0027894875737275123
136.17242193222046,0.003994999927889134
136.18475937843323,5.191453081022663e-06
136.19224667549133,-0.0022098791032178554
136.20245909690857,0.0018157586060525387
136.21136140823364,0.008079839316338145
136.22712063789368,0.009399703831553533
136.24244737625122,0.004630771520242374
136.25123596191406,-0.0004757253628490136
136.2589602470398,-0.0012540319491590214
136.26872205734253,0.00039664189866836725
136.28167581558228,2.2157806420167268e-05
136.2918725013733,-0.0024527638869951433
136.30643963813782,-0.002895520149826268
136.3222680091858,0.0004903108200652794
136.33827900886536,0.004092603866787307
136.35366797447205,0.0038345416586770594
136.36921763420105,0.0009676031500186831
136.38514518737793,0.00028395525432005114
136.40025758743286,0.0032126369195394815
136.4092276096344,0.005661365516276062
136.41627502441406,0.003776060763663787
136.4259068965912,-0.0004809030332344733
136.44005060195923,-0.0018628512463072676
136.45613384246826,0.0010049940574937567
136.47135210037231,0.0038596237766569353
136.4846329689026,0.002843779752570506
136.4927339553833,-0.00020073470367783968
136.50199556350708,-0.0006217753641025482
136.5143859386444,0.0021319293137379764
136.5296986103058,0.0034432463983353656
136.54513239860535,-3.6287698804048345e-05
136.56058883666992,-0.005416656936797734
136.57666635513306,-0.007162152131812084
136.58573532104492,-0.004458281206697349
136.60103940963745,-0.002234441562739655
136.61691617965698,-0.004433298513553499
136.63213801383972,-0.008751369294763368
136.64239716529846,-0.009906186350678432
136.65895295143127,-0.006727873410339417
136.67294812202454,-0.003395013969199198
136.68812727928162,-0.0034949028076712626
136.70329427719116,-0.005342850415408473
136.71923398971558,-0.004790701879684895
136.7269389629364,-0.0011906279568374904
136.7386507987976,0.0018383496577912388
136.75131583213806,0.0014768372652574488
136.76632857322693,-0.0008675581684466423
136.7819664478302,-0.0023493459019980067
136.8022222518921,-0.003025283075759688
136.8176658153534,-0.005077136201801312
136.83324003219604,-0.008229895297598613
136.84850549697876,-0.008738536463955292
136.85913562774658,-0.004314494282187699
136.87535166740415,0.0016973329494573012
136.89226627349854,0.003400222583407807
136.90774655342102,-0.0006342745571516007
136.92326140403748,-0.005589795441820686
136.9343240261078,-0.006372312541749355
136.94251823425293,-0.0035079848948728933
136.9522466659546,-0.001412272623882479
136.9649007320404,-0.00190640261258153
136.9805874824524,-0.0020723764283224325
136.99658679962158,0.0008497191050712326
137.0091814994812,0.00474712881139663
137.0187520980835,0.004994138755702841
137.03414821624756,0.0007497107619715187
137.04003882408142,-0.003583899725183691
137.05218839645386,-0.0038843580378156
137.06706857681274,-0.0013377173383468317
137.08519101142883,-0.0002686684665708305
137.09229373931885,-0.0020525314813381887
137.10823106765747,-0.003611641141134648
137.12321209907532,-0.002290898404056714
137.13453769683838,0.0001005895177717429
137.14212679862976,-0.00011397213209649775
137.1521656513214,-0.0030618480519687824
137.1645781993866,-0.004949177147883476
137.17965078353882,-0.0033909313749515488
137.19178247451782,-0.0009280317613538324
137.20690774917605,-0.0016533864534226178
137.22220039367676,-0.005506987952702782
137.23528289794922,-0.008147982383904295
137.24320030212402,-0.00665353086596313
137.25857663154602,-0.003237564634353203
137.27336239814758,-0.0019520401087884656
137.28929233551025,-0.003122864970265077
137.3047924041748,-0.0033640877496787843
137.31412410736084,-0.0009865600304219619
137.32449197769165,0.0011485443695293301
137.33990025520325,-0.0003842197081329072
137.35128736495972,-0.0043832971916140575
137.3691554069519,-0.0061712301745240955
137.3846435546875,-0.0037237464116077245
137.3993000984192,-0.0003288817195884258
137.41415190696716,-9.545734238592968e-05
137.4303274154663,-0.0025288665503873826
137.4462375640869,-0.0035613008607989108
137.4616940021515,-0.0013326718464753825
137.4777181148529,0.001481143405436862
137.49324750900269,0.0018393201815606016
137.5084421634674,0.000728613369305792
137.5260362625122,0.0013282946863708892
137.5407383441925,0.0036608639837250106
137.55282545089722,0.0037613749871755068
137.56013703346252,-0.0009033588202966422
137.56967687606812,-0.007196793401346994
137.57802724838257,-0.009577387422357938
137.58820271492004,-0.0069163058572405366
137.60365986824036,-0.0037401125556432335
137.61883997917175,-0.0041923924333483525
137.63387632369995,-0.0069119230783649946
137.64969062805176,-0.007622443089667581
137.6649739742279,-0.005466475620186486
137.68011164665222,-0.004048284338725479
137.693785905838,-0.005826082890329824
137.70382833480835,-0.008038773853478825
137.71068048477173,-0.0062557076174161634
137.71752381324768,-0.0007844411912069278
137.7331051826477,0.00313132117500726
137.74829649925232,0.001928629934963742
137.76383543014526,-0.0017357421838346157
137.7765595912933,-0.0026597067910614893
137.78617978096008,9.391644793855722e-05
137.79397177696228,0.002441782512300571
137.80942034721377,0.0012269613785831418
137.8250195980072,-0.0016101118949419524
137.83477067947388,-0.002195091814749694
137.84327125549316,-0.0002881983029161153
137.85931611061096,0.0007580878115654437
137.87512922286987,-0.0007483511806061095
137.89050030708313,-0.002326730701781575
137.9057731628418,-0.0013025274403385529
137.9218945503235,0.000688707098130252
137.93632864952087,-0.0003684769204264425
137.9517195224762,-0.004894580703932737
137.96703243255615,-0.008316146430378478
137.98310327529907,-0.006742123628245805
137.99343419075012,-0.002141774706186072
138.00318813323975,0.00020768151674262735
138.01119923591614,-0.001384409222280331
138.0177981853485,-0.00323752175088833
138.03309965133667,-0.0019225747288752005
138.048743724823,0.0007906421149516006
138.06374382972717,0.0006694257770766408
138.0767457485199,-0.002582211127773443
138.0861361026764,-0.004580124486244537
138.0949113368988,-0.002431616091610865
138.11036896705627,0.0009532487049838637
138.12606358528137,0.0007715653829761238
138.13446378707886,-0.002863211690933143
138.1434450149536,-0.004882276436057193
138.15306735038757,-0.002266879929903358
138.16101741790771,0.0016325790122587586
138.16809105873108,0.00163524770077777
138.1839005947113,-0.002028210248144677
138.19974946975708,-0.003856068010634881
138.21494936943054,-0.0005791785195538193
138.22661542892456,0.004240521610766193
138.23613214492798,0.0048855043857740175
138.24398517608645,0.0010470264479371027
138.2593319416046,-0.0020151387290987823
138.27421283721924,-0.0006907116974249035
138.2894413471222,0.002485086431709821
138.30266880989075,0.003031154887271819
138.31204342842102,0.0011113918572427123
138.3194580078125,0.0010737879256417593
138.33509063720703,0.004718945701047248
138.3506679534912,0.008111835061563297
138.3597548007965,0.0068147339138185685
138.37532424926758,0.0024049015593826384
138.39060378074646,0.000964444727129517
138.40619802474976,0.00518997922413233
138.41981482505798,0.010768873877581953
138.42707514762878,0.012055362635797089
138.43625164031982,0.009393666477796032
138.44506311416626,0.008218762304083645
138.4570918083191,0.01142851730439093
138.472412109375,0.015637642971186992
138.48841404914856,0.016184846276150293
138.50439882278442,0.013473686643402592
138.5201494693756,0.011731342744324542
138.52766466140747,0.012372631324296304
138.5428352355957,0.011828094705438188
138.5583381652832,0.007097997089691154
138.57501220703125,0.0010214744802756798
138.5904140472412,-0.0006031667931144645
138.60261607170105,0.0034961385771980725
138.61776518821716,0.008173628064883483
138.63313031196594,0.008275380364228375
138.64352297782898,0.0047473357047685405
138.65322494506836,0.0024099082796100128
138.66833448410034,0.0029528532256470775
138.6830017566681,0.003060501870099801
138.69767093658447,-6.263181704642016e-05
138.71042370796204,-0.004096957888575614
138.72617602348328,-0.0047332019671547125
138.73448300361633,-0.0019862351238146836
138.74928975105286,-0.00043226990538657256
138.75844812393188,-0.002786135145237776
138.77364468574524,-0.005886156401123858
138.78944778442383,-0.004919613122569614
138.8027732372284,-9.115656638224732e-05
138.81834936141968,0.003573089216010789
138.833074092865,0.002929832904931927
138.84860134124756,0.0005002167320346759
138.86000227928162,0.000309499942500689
138.86902356147766,0.0021252624949150965
138.8783745765686,0.0023607682605499163
138.89329648017883,-6.816207271100787e-05
138.9094157218933,-0.0018229450205173323
138.9250111579895,-8.995882137774946e-05
138.9346206188202,0.002925440760746679
138.94436955451965,0.002817752705583364
138.9539668560028,-0.0006471745731591594
138.96133303642273,-0.0028149059400886423
138.97608470916748,-0.0004882488791922183
138.99199295043945,0.003411263983616347
139.00116848945618,0.00360157851325178
139.00973773002625,-0.00030867667717517826
139.02067255973816,-0.003057603842857055
139.02784204483032,-0.0006731357171735684
139.04317092895508,0.004230864621012706
139.05946969985962,0.005946882896183131
139.07493042945862,0.003137613853235301
139.0844542980194,0.00017779001482859226
139.09353590011597,0.0008353748948629613
139.10342407226562,0.0032319561582117174
139.11106991767883,0.0029752297553466995
139.12595582008362,-0.00022094999102222068
139.14159321784973,-0.001970402613615003
139.15686178207395,0.000438162651135342
139.1697006225586,0.0038830137847635773
139.17652130126953,0.0035911735900354394
139.19149780273438,-3.904526612359422e-05
139.20714926719666,-0.0016351867832487632
139.2229392528534,0.001977617587457541
139.23640775680542,0.0074489744440900995
139.2517168521881,0.009324097981439334
139.26671886444092,0.007044086874496174
139.28259301185608,0.004994755542798713
139.29319787025452,0.005911550224728531
139.3027946949005,0.007093106872303377
139.31152391433716,0.004668301717888882
139.31845569610596,-0.00029774768138502404
139.33406782150269,-0.0026523986271884993
139.3496494293213,8.510647735064615e-05
139.36439561843872,0.004427363311958762
139.3805811405182,0.0056097242970335505
139.39573168754578,0.003713138336080074
139.4117991924286,0.0028885598279626058
139.42725253105164,0.005120118820324169
139.4426307678223,0.0074319012250752565
139.45321369171145,0.006342531312778266
139.4750304222107,0.003113938247980568
139.48414158821106,0.002288729891205402
139.49963688850403,0.0054840656829778
139.5155086517334,0.009106818814668516
139.5268111228943,0.009221907512227618
139.54167342185974,0.006814390550413123
139.5568084716797,0.0061401018855487535
139.57290697097778,0.00857412455184399
139.58792519569397,0.010653574322699404
139.59472012519836,0.00898713790490795
139.602037191391,0.0049807085209226925
139.61775875091553,0.0027385748076383834
139.63244915008545,0.003326789505525501
139.64495515823364,0.003690667394590978
139.6598334312439,0.0016551948618383327
139.6752471923828,-0.00043672166468703734
139.69094920158386,0.0010304388017465392
139.70120882987976,0.005314913393500279
139.70956325531006,0.007551126032489551
139.71962881088257,0.005004070121695543
139.72705817222595,0.0008502904842413402
139.7427396774292,0.0001164943710641156
139.75846600532532,0.0031817047779393723
139.77347254753113,0.005648943842093333
139.78413152694702,0.0046027824669934905
139.79992580413818,0.002509245098641059
139.8106255531311,0.0034341005005690184
139.82610845565796,0.007020328206977466
139.84128975868225,0.008763111697465978
139.8513526916504,0.0062592343412303485
139.86001110076904,0.0026897313366874356
139.87004160881042,0.0026121754950567443
139.87721514701843,0.005844672393078876
139.89278268814087,0.007851752059910079
139.9081380367279,0.006012514558344987
139.92314839363098,0.0030881239177929848
139.93044686317444,0.003196209411261015
139.94158840179443,0.005995389301973726
139.9572422504425,0.007189049345227044
139.97315573692322,0.004580478617164419
139.98845553398132,0.0011388583742052009
140.00334119796753,0.0007825695103012642
140.0190155506134,0.002895765360545189
140.0342333316803,0.003344515998699901
140.04961037635803,0.00043862462077351883
140.0607089996338,-0.002760433229208871
140.07064533233645,-0.0030290285678665975
140.08606910705566,-0.0016956607253727299
140.10169339179993,-0.0025444164977960174
140.11736154556274,-0.00594061664219932
140.13297581672668,-0.007868525476754902
140.14175820350647,-0.00558132423967612
140.14704656600952,-0.0018487280308505695
140.1573784351349,-0.0014663500304607888
140.17246413230896,-0.004681477940045814
140.1879334449768,-0.006801861683397329
140.20315170288086,-0.004662087504658853
140.2185575962067,-0.0009522827623092214
140.23407793045044,-0.0004501472377531229
140.2500865459442,-0.003596208837781734
140.2597939968109,-0.0064393898358082674
140.26957154273987,-0.00681418239753522
140.27865839004517,-0.00779619296327174
140.28812646865845,-0.01345160191970503
140.30347442626953,-0.02290220866912553
140.3182487487793,-0.031155045496382507
140.33670139312744,-0.035628057471776345
140.35269808769226,-0.039305912734357316
140.36797761917114,-0.04620054863114723
140.3840253353119,-0.05557566859914414
140.39942359924316,-0.06306110663819986
140.4149181842804,-0.06695784710306524
140.43049097061157,-0.07059039062228725
140.44546627998352,-0.07717975032708796
140.46044206619263,-0.08454485534596962
140.47600507736206,-0.08742599182074734
140.49164581298828,-0.08440079418312732
140.50833010673523,-0.0796804138387289
140.5178644657135,-0.0772530363647611
140.5354962348938,-0.07567070078333316
140.544944524765,-0.07076797805992921
140.56112456321716,-0.06226350652036615
140.5761570930481,-0.05471385983048449
140.59146809577942,-0.05135844203351106
140.60110759735107,-0.04950133134562125
140.60991859436035,-0.044010856951828256
140.61967277526855,-0.0342540932246884
140.62771940231323,-0.025018590848827908
140.64273738861084,-0.02022959594318363
140.6581370830536,-0.018085823715120963
140.67377924919128,-0.014127461585604182
140.6862931251526,-0.0077240837995323506
140.70552039146423,-0.002823270335307628
140.71808290481567,-0.00199993235137546
140.73419380187988,-0.002401045546887674
140.74970722198486,0.0004893340864306301
140.7602756023407,0.006554003864508783
140.77604937553406,0.011218893182878513
140.7917218208313,0.01189873807628979
140.80695867538452,0.011532065470158422
140.8223934173584,0.014152516651229614
140.8382580280304,0.018830470217070187
140.8538417816162,0.020743243766923762
140.86974573135376,0.01807457786870237
140.87888169288635,0.015073993319227676
140.8940510749817,0.016755726042819843
140.91011667251587,0.022286435707082924
140.92497277259827,0.02605056756466783
140.93490839004517,0.024976311381237175
140.9443337917328,0.022251554667842524
140.9543333053589,0.02261807526259446
140.96265172958374,0.02593049905032832
140.97817373275757,0.02774441742340364
140.9917070865631,0.025718340752703874
141.0082287788391,0.02267968147764876
141.02284145355225,0.022262887657723954
141.0384645462036,0.023641064786220294
141.05456471443176,0.02298057725839201
141.07022905349731,0.019454655044882835
141.0821135044098,0.01701694645130468
141.09791469573975,0.019143256967550027
141.11327981948853,0.02384693517874096
141.1266553401947,0.026053118898927682
141.136212348938,0.024137802116231934
141.15153694152832,0.021641482516998288
141.16691660881042,0.02199804000717115
141.18288707733154,0.023855184958068855
141.19261288642883,0.02348823152233969
141.20858240127563,0.02059360194131123
141.21934294700625,0.01896205916856545
141.2348990440369,0.02096714605453264
141.25037479400635,0.02386128665545806
141.26615452766418,0.023512646326120004
141.27700638771057,0.0205409924503515
141.28629851341248,0.020010101464588648
141.2952721118927,0.024656830879222193
141.3102729320526,0.030818875138582533
141.3260395526886,0.03271889168232649
141.34152936935425,0.029377297749580186
141.35649466514587,0.02501329575849394
141.37019801139832,0.022913129129324993
141.38506245613098,0.021529918914333486
141.3915147781372,0.017935668938673037
141.40704250335693,0.013130965593965312
141.42196989059448,0.01123137119894977
141.43748211860657,0.013560631340826437
141.45290803909302,0.01621828057500168
141.4682297706604,0.01497177274783747
141.4839174747467,0.010942677898362018
141.4995470046997,0.00914722161285217
141.51474618911743,0.011706771319454018
141.53036522865295,0.015000922123810403
141.54179120063782,0.014681753302574891
141.55821800231934,0.011578996353724811
141.56883478164673,0.010292696720528013
141.58430790901184,0.01251128596275797
141.5996344089508,0.01448777624206539
141.6156301498413,0.012241536262750437
141.63076376914978,0.0071737694515161855
141.64438605308533,0.004239738161493646
141.6514995098114,0.0053233928380390805
141.6662940979004,0.00709027264181036
141.68202352523804,0.006080199944599296
141.69781398773193,0.0035900614194486835
141.71000933647156,0.0034625040621100896
141.72009253501892,0.006194718583300021
141.7318696975708,0.008021051168256594
141.74710702896118,0.006384317458272624
141.7631573677063,0.0039037436366826696
141.77754163742063,0.004946455998263378
141.7871732711792,0.00944153082931664
141.79441857337952,0.01263885749540828
141.80379223823547,0.011291237383150502
141.81935477256775,0.007795820702919702
141.83408427238464,0.006660811307438987
141.84420347213745,0.0082542042152314
141.85474467277527,0.0084660667716369
141.8702094554901,0.004692373273702744
141.88529920578003,-0.00016895688196924292
141.90088438987732,-0.0012423357031174918
141.90976214408877,0.002099031653694361
141.9255633354187,0.005708749560032736
141.94109845161438,0.006263950079698109
141.95646452903748,0.005115483044655895
141.9721221923828,0.005340461558238733
141.98460388183594,0.006634783611218955
142.0006456375122,0.00560468929505635
142.01000785827637,0.0011483223936918727
142.02481937408447,-0.002914558065375503
142.03992438316345,-0.002205916615068559
142.05598378181458,0.0025183421995013237
142.06527185440063,0.006216318027315987
142.08131766319275,0.005940144533611318
142.09648323059082,0.004116521466438247
142.10976839065552,0.004462721682733361
142.1194453239441,0.0065239208643841605
142.1344587802887,0.006558451554112878
142.14982628822327,0.003352534505336562
142.16511154174805,0.0004928688973318126
142.17691349983215,0.0016396452146989256
142.18700170516968,0.005338998579792072
142.19413900375366,0.00676452679301352
142.20119786262512,0.004178993648603167
142.21680545806885,0.0012467041304818367
142.2325530052185,0.001988142087798102
142.247567653656,0.0053351596349223
142.26327753067017,0.006736089745826745
142.27773094177246,0.004423075848142275
142.29332518577576,0.0015917420943386143
142.30904006958008,0.0016731458401239166
142.32507753372192,0.0036056923873822332
142.3316559791565,0.0038008467097487477
142.34670186042786,0.0017470036806078897
142.3538806438446,0.0009072591407098445
142.36923670768738,0.0034230645034519563
142.38473510742188,0.006345876224855383
142.39997220039368,0.00524032090187865
142.4160673618317,0.000406667456779758
142.42688989639282,-0.0031569029215233304
142.43289470672607,-0.002343250006951779
142.44800519943237,-5.263972055748992e-05
142.46304440498352,-0.0010669110483356252
142.47627544403076,-0.005334978341945574
142.48678588867188,-0.0079558013613773
142.50170350074768,-0.0058854614022998564
142.51716017723083,-0.002090478142700201
142.52483320236206,-0.0014347275332130009
142.54015135765076,-0.004072013681784649
142.552636384964,-0.005518085891224708
142.56813597679138,-0.00314914108564776
142.58369255065918,0.00011926497084846976
142.59995031356812,0.00011690440079245058
142.61029171943665,-0.002540205745110026
142.62033677101135,-0.003348441398781093
142.62777519226074,-0.0005116320701319078
142.6356565952301,0.0022593068798815005
142.65007543563843,0.0009224432557651289
142.6650352478027,-0.0030156734136094713
142.68066549301147,-0.004376512767012893
142.68962144851685,-0.0014503788891642444
142.70437335968018,0.001623973854941176
142.71989226341248,0.000634270012004608
142.73512387275696,-0.002821972344116979
142.75041890144348,-0.003562628577404576
142.75979685783386,-7.980640978498934e-05
142.7693223953247,0.0032382698043295233
142.7779095172882,0.002005816808172937
142.7916030883789,-0.002281844877567628
142.80653882026672,-0.004430232721273998
142.8222107887268,-0.002640579220888828
142.83739924430847,-0.0006854256507116046
142.853360414505,-0.0023397876054630125
142.86885046958923,-0.006044511095597223
142.884503364563,-0.007280165287155627
142.8930537700653,-0.005112478781789857
142.90252947807312,-0.0034564360156898377
142.9180166721344,-0.005256208648856065
142.93285298347473,-0.008070848787789226
142.94317865371704,-0.0076003096828101725
142.9531955718994,-0.004155881223387571
142.9687123298645,-0.0026120497127558166
142.98411870002747,-0.005596796780936921
142.9932565689087,-0.009495813884862012
143.00295686721802,-0.009131897856577337
143.00978255271912,-0.004804478734803916
143.01939272880554,-0.0019308583934505444
143.02869033813477,-0.003777502084353468
143.04417371749878,-0.0073337944204728
143.05074048042297,-0.00784826869852457
143.0662021636963,-0.005408483696894088
143.08163189888,-0.004338384153037465
143.09350609779358,-0.006603945273163418
143.10323548316956,-0.008883708670143556
143.1184425354004,-0.007467310171128113
143.13340163230896,-0.003744855234759575
143.14858293533325,-0.002209135456077499
143.16076397895813,-0.003815951818816027
143.17063403129578,-0.0044512361361568826
143.1776819229126,-0.0010408208188234067
143.18619751930237,0.0033197949490284453
143.20151662826538,0.002868860605894286
143.21736335754397,-0.0031164274348362596
143.2324984073639,-0.009021861780133021
143.24295234680176,-0.009914032707050659
143.2528748512268,-0.0073113788142685505
143.26084685325625,-0.006059041822020923
143.27676653862,-0.007155926306698794
143.29258346557617,-0.006779664182278266
143.3080186843872,-0.0026327647524492215
143.32368063926697,0.001790383688025459
143.32975602149963,0.0014286794872403166
143.33654141426086,-0.0034096833745358556
143.35166811943054,-0.007233193811304715
143.35815286636353,-0.006585112072297969
143.37464332580566,-0.004295936785572673
143.3897032737732,-0.004928254725205946
143.40495085716248,-0.007982016561436165
143.4202606678009,-0.008573947601973633
143.435702085495,-0.004688803818095959
143.45122456550598,-0.0006464671211651031
143.46649193763733,-0.0015580978061348785
143.47792410850525,-0.006244896385569325
143.48485684394836,-0.0085416846816544
143.50008702278137,-0.005443706793768048
143.5161395072937,-0.0010374912435564467
143.5247893333435,-0.0008903291474562044
143.53422594070437,-0.004644086904780117
143.54145169258118,-0.006852133023685952
143.55702567100525,-0.004584079455513833
143.57259583473206,-0.0011410921971571409
143.58778524398804,-0.0009963790249009658
143.6038315296173,-0.003422242151277407
143.6099796295166,-0.003832888085682557
143.62053108215332,-0.0007083285932608019
143.6352736949921,0.0019718241228595932
143.65143585205078,0.00036258615606448406
143.65957117080688,-0.003571860636347194
143.6696276664734,-0.00454916532210891
143.68462681770325,-0.0012710826544398662
143.7003047466278,0.0017330287219613286
143.71594786643982,0.0003854479047906744
143.73541927337646,-0.0033069909968597585
143.74471998214722,-0.004125898909062891
143.75153803825378,-0.0009160359427611777
143.76703476905823,0.001963822690237781
143.78248286247253,0.000941332190621091
143.7976212501526,-0.0017334180396724234
143.809424161911,-0.0013522146590561922
143.81917214393616,0.002381166519576474
143.8275625705719,0.0049061650563389705
143.84251856803894,0.0034761211809443185
143.85790371894836,0.0013089249155674159
143.8736662864685,0.003084427638433182
143.88738536834717,0.008074720451803408
143.9021451473236,0.010722963971662652
143.91815638542175,0.008012701676116285
143.93426275253296,0.0033918531474540986
143.95815062522888,0.0018950996033697733
143.97080898284912,0.00343335934023006
143.9857439994812,0.0035667626888062987
144.00256252288818,0.00032857449377108206
144.0099003314972,-0.0028101226136943644
144.0194456577301,-0.002013999726137399
144.03000330924988,0.0012345870907489826
144.04042100906372,0.0021342606583498753
144.05597043037417,-0.0005644540567669421
144.07137513160706,-0.0027465888866414416
144.08646273612976,-0.0009402966735625267
144.09400153160095,0.002413219488559187
144.10379815101624,0.002160160507481892
144.11852288246155,-0.002209493056836975
144.13416242599487,-0.005490696897059895
144.1493067741394,-0.00371635617898138
144.1597957611084,0.00043471944930158126
144.16929006576538,0.0012784034242418034
144.17733645439148,-0.00223470067722729
144.18544149398804,-0.005414602405362881
144.20046305656433,-0.004615923197983426
144.21622586250305,-0.002275462608707643
144.23163080215454,-0.003134860680663565
144.24313020706177,-0.007092114769097706
144.25268721580505,-0.008951834147574354
144.2607064247131,-0.005605640731793982
144.2757260799408,-0.0005823632684662254
144.29135918617249,0.0005223889345707432
144.30706453323364,-0.002551003067546116
144.3229284286499,-0.0047667873699635075
144.33816194534302,-0.003093130286296151
144.35333466529846,-0.0006866320012482909
144.36895418167114,-0.0020568569301829477
144.3858940601349,-0.006126742265171111
144.40149402618408,-0.007134332509371222
144.4163887500763,-0.0022807309179794805
144.43240427970886,0.004476477676386908
144.44798684120178,0.007727342395401607
144.46112728118896,0.007643046236890941
144.4707646369934,0.00910029700982961
144.4858756065369,0.014302451344058751
144.50132942199707,0.01919652532007691
144.5079357624054,0.018550780174958714
144.5175507068634,0.012590303073002525
144.53693962097168,0.0061912882068961336
144.55235171318054,0.0022134360134361203
144.5678672790527,-0.001376045464759931
144.57456803321838,-0.006791967428399089
144.59008884429932,-0.011625648672938542
144.6059648990631,-0.011563609823545443
144.6142220497131,-0.006895115663351143
144.6247375011444,-0.0030661333375377286
144.63940405845642,-0.003951199342843986
144.65546870231628,-0.007115969092227906
144.67238807678223,-0.007653904200647104
144.6877522468567,-0.00507874274997839
144.70344138145447,-0.0036046959233637815
144.71201729774475,-0.005701811543463856
144.72178530693054,-0.008321334235398306
144.73306393623352,-0.0072285268372355
144.74349546432495,-0.003202200706389008
144.75367307662964,-0.0010685665924699576
144.76930212974548,-0.0027287865105420457
144.78481030464172,-0.004158381077973776
144.7933690547943,-0.0010120375823154046
144.80278396606445,0.004833637684531638
144.81117129325867,0.00720057839943442
144.8265790939331,0.003732134768749641
144.84294986724854,-0.0008177090411874578
144.85252451896667,-0.000688993319724579
144.85981035232544,0.003591875875660775
144.8700213432312,0.00642212440604311
144.88511633872986,0.004860765982208674
144.90043592453003,0.002223192101149586
144.90743803977966,0.002935199887844507
144.92291569709778,0.006228275722132236
144.9363842010498,0.007524844161085019
144.95139503479004,0.005183384136020688
144.96715378761292,0.00272922598101772
144.97454929351807,0.003475934095024415
144.98424291610718,0.0055291826254001645
144.99283242225647,0.004522467511391021
145.00329637527466,0.00018182032757572963
145.01083660125732,-0.002775860767283423
145.01876997947693,-0.000912957594736565
145.03479313850403,0.003182834890736432
145.05045175552368,0.004355131526986758
145.06608653068542,0.0017622515938130314
145.08585786819458,-0.0003817572362407695
145.09426069259644,0.0009157000444688177
145.10942316055298,0.0031772258954239083
145.12470841407776,0.0023024274386969986
145.13741755485535,-0.001120459681625675
145.15288043022156,-0.0023155723193129096
145.16123008728027,0.0008939083361210894
145.17047452926636,0.004779257001902372
145.18423461914062,0.004821831105343436
145.19130516052246,0.002036520238020415
145.20041704177856,0.0013896552048430356
145.21587944030762,0.0045066331797732374
145.22756385803223,0.007161411054474959
145.24304366111755,0.005285110139220089
145.25813961029053,0.0009944857717585091
145.27366757392883,-5.835281855040225e-05
145.2840931415558,0.0035353928134047394
145.2929036617279,0.006941413805253471
145.3026955127716,0.005737937255945335
145.31154131889343,0.0019546387776944217
145.32709741592407,0.0010888111256329197
145.34129309654236,0.0043446842689690195
145.3580286502838,0.006979690268184078
145.36757040023804,0.005018593429598012
145.38605380058289,0.0008725650935606257
145.39401602745056,-2.3114389286137908e-05
145.40901374816897,0.003188187461110976
145.42481327056885,0.005633368061568578
145.43976426124573,0.003591259753521369
145.4552764892578,-0.0003543770830324185
145.46416211128235,-0.0011700620911697685
145.47466492652893,0.0013133350967502603
145.49026703834534,0.002144057437690364
145.50633811950684,-0.00146859348592234
145.51393961906433,-0.005705574246919519
145.5219659805298,-0.005076737146941499
145.53816056251526,-7.017082884293356e-05
145.55309748649597,0.0031632731834072628
145.56751680374146,0.0008453678171584716
145.58579301834106,-0.003563453426816417
145.59417581558228,-0.00419926695302953
145.6018421649933,-0.0006213667624564729
145.6166954040527,0.00195687079511044
145.63189315795898,1.1685228708224662e-05
145.6474530696869,-0.003666936327851489
145.65969347953796,-0.004245632977335725
145.66924500465393,-0.0017115754386901275
145.67804622650146,-0.0006285114085952837
145.69328832626343,-0.0032939896866569004
145.70802235603333,-0.006177927159290098
145.71737933158877,-0.004898028093708433
145.73425149917605,-0.0008292253420199196
145.74933791160583,0.00015298572427958738
145.76536893844604,-0.004530156849284651
145.78000450134277,-0.010412316824682192
145.79600381851196,-0.0115305561714597
145.8098955154419,-0.007847464618808763
145.81918263435364,-0.004669601692733456
145.82766485214233,-0.005250319785104483
145.84243440628052,-0.006922159092916105
145.85788822174072,-0.005782994544052555
145.87371611595154,-0.002828834500540573
145.88903784751892,-0.0025600947886237034
145.90113854408264,-0.00604269406291747
145.9170114994049,-0.008583965561743123
145.93310594558716,-0.005827538345448133
145.9491536617279,-4.978541671489078e-05
145.96439599990845,0.002166922587195721
145.98037886619568,-0.0020479185982477293
145.995952129364,-0.008635398357860017
146.01195406913757,-0.01177798303671039
146.02850484848022,-0.010058412108343016
146.0359423160553,-0.0063047323092146335
146.04412317276,-0.0032055202789272466
146.05225586891174,-0.0012361390844851617
146.06702828407288,-0.0001946183453863438
146.08233737945557,-0.0003699159499839708
146.0984344482422,-0.00147534073440082
146.10942935943604,-0.001977830090576956
146.11932635307312,-0.0007697590806031999
146.1274116039276,0.001123908429275392
146.14237475395203,0.001735438784059454
146.1578061580658,0.0008802902512491534
146.17455005645752,0.0003846126166182121
146.19121050834656,0.0011734531179884542
146.20146942138672,0.001401912736660771
146.21702980995178,-0.0012355317916763456
146.23275876045227,-0.005844022217887697
146.24836468696594,-0.008578247600017762
146.25951838493347,-0.007072132256366695
146.2693099975586,-0.0034748538348489486
146.2781617641449,-0.001959652001975146
146.29313468933103,-0.003673794874815112
146.30922317504883,-0.005499402374397494
146.31904983520508,-0.004148436555959269
146.33585262298584,-0.0003469089741961265
146.34520769119263,0.0021051796791244585
146.3542926311493,0.001010481290772528
146.36741828918457,-0.0017866401089558794
146.38267183303833,-0.0030111420974724057
146.39825129508972,-0.0019098033728731701
146.41324424743652,-0.0005103553775848984
146.42959427833557,-0.0003912295694162575
146.44442343711853,-0.0006504780740889246
146.46030974388125,0.0003502197985699128
146.47579503059387,0.002291072208290091
146.48854851722717,0.003240969932030502
146.49709963798523,0.0025331758233360646
146.5131630897522,0.0019136009050831214
146.52815580368042,0.003102944207486498
146.54274773597717,0.0051568276921184
146.5525419712067,0.00552463782619788
146.56052660942078,0.003512994712481198
146.5745723247528,0.0013110380083783614
146.59138798713684,0.0010476585952845791
146.6069374084473,0.001934535573100268
146.6233193874359,0.0014804996734919377
146.63078236579895,-0.0009076975674080275
146.63719964027405,-0.0029535077181622703
146.65330839157104,-0.0025413978968664803
146.66889572143555,-0.0006003496636355367
146.67658138275146,0.00010202635886769832
146.68670535087583,-0.0013787942692324228
146.7036590576172,-0.0029732291037429205
146.71767330169678,-0.0024165209733134387
146.73373436927795,-0.00023210822108640653
146.74396967887878,0.0010799502848586686
146.7538547515869,0.0004115931811946882
146.7620189189911,-0.00063660430751271
146.7677676677704,-0.0001223795151814311
146.78358268737793,0.001618580053688899
146.79938054084778,0.0026521381757140354
146.8154649734497,0.0022051605747223876
146.83065104484558,0.0014943314387689869
146.8463840484619,0.001611389459229864
146.86198353767395,0.0017349734642023822
146.8775188922882,0.00037230751842234043
146.8840777873993,-0.0021334630702451534
146.89295959472656,-0.0035066296920650826
146.90245079994202,-0.0021916330261880865
146.91089487075806,0.0007322986315087951
146.921377658844,0.0028514320493161515
146.93649649620056,0.003112757198791388
146.95254969596863,0.0024803214583579325
146.97475409507751,0.002147206524004264
146.98277878761292,0.0021056466877104577
146.99866151809692,0.0018999948117647165
147.01485013961792,0.001952381406523253
147.027690410614,0.0030588337792994275
147.04389309883118,0.004643291035247243
147.05459642410278,0.004699673338874595
147.07008981704712,0.002332393393805214
147.08560943603516,-0.00015431052450519834
147.10129618644714,0.0010135653432063667
147.1079969406128,0.006662984441284215
147.12300896644592,0.012689258412332252
147.13868689537048,0.013602080229322753
147.15419006347656,0.008227372991995155
147.1618869304657,0.0009755656251489323
147.16974997520447,-0.0030909019091598503
147.18469500541687,-0.0035285396202818712
147.20048713684082,-0.0037426236999386154
147.21065616607666,-0.005689140019174503
147.219229221344,-0.007425938904149936
147.23502111434937,-0.006553223906383215
147.25024509429932,-0.004179641502638292
147.26588106155396,-0.0035401067167877736
147.28603553771973,-0.005337906413296319
147.30086636543274,-0.006697377846492874
147.31585597991943,-0.005340298047895167
147.3308584690094,-0.0029316827025523476
147.34391379356384,-0.0026582263545420915
147.35350227355957,-0.004462999883272298
147.36031079292297,-0.004880505186438018
147.37565064430237,-0.0019127972622706314
147.39106249809265,0.0019183774915047485
147.40067291259766,0.002828371886996279
147.41916155815125,0.0009445197035227385
147.42781400680542,0.00014237129110782559
147.4392635822296,0.0026503625516987373
147.4550585746765,0.00588278667670559
147.47007513046265,0.005890109760266098
147.48420643806458,0.0025914501220328442
147.4928538799286,-0.0004021624155105375
147.5023078918457,-0.0008265435098998471
147.51043486595154,-0.0003904027593642232
147.5256221294403,-0.0014678083776287025
147.54111313819885,-0.002981319946557257
147.55060839653015,-0.0016789483427515966
147.55964922904968,0.0029601069063487934
147.57490253448486,0.0074216190312853874
147.5912983417511,0.00863229378250463
147.60671639442444,0.007960790184862055
147.62283968925476,0.008932203108999028
147.63454937934875,0.01179974745308153
147.6433265209198,0.012764216841543866
147.652987241745,0.00913094734771108
147.66009545326233,0.0032524197060422623
147.67566442489624,-0.00024194883782953207
147.69094014167786,-9.098050890120855e-05
147.7012288570404,0.0007249594949573606
147.7104663848877,-0.0003041555474652619
147.72018218040466,-0.0017374338974332623
147.72670030593872,-0.0006566101006291701
147.7356836795807,0.002679775087907112
147.7514910697937,0.004714289442774747
147.76679515838623,0.0032192187491532336
147.78230547904968,0.00021957320314483963
147.80302095413208,-0.0008009103377833993
147.81019568443298,0.0005584772223235566
147.82553386688232,0.0015669832329785213
147.8411316871643,0.0006055479644121184
147.85077095031738,-0.0004630368610069257
147.85792875289917,0.0008364669934001687
147.8694305419922,0.0036410567974597585
147.8776340484619,0.0045202121136050785
147.89324569702148,0.002120241453365419
147.9088168144226,-0.000783581263387064
147.92437648773193,-0.0008217098749184627
147.93400812149048,0.0016352013839127564
147.9523549079895,0.003250386176094135
147.96015167236328,0.002380517221066808
147.97540402412417,0.0010535589807105531
147.99108386039734,0.0016366764079787503
148.00633335113525,0.0031629545239781906
148.02165603637695,0.0027167407061101483
148.03695154190063,-8.276518528904176e-05
148.0507128238678,-0.002056073704803194
148.06626510620117,-0.0006237468244680235
148.08647847175598,0.002561887982925255
148.0939130783081,0.0036799261518910944
148.1098985671997,0.0017883787151006813
148.1255099773407,-5.8534765476629544e-05
148.1340208053589,0.0008426062572476915
148.14331531524658,0.0030441234820574974
148.15365719795227,0.0029517635173897548
148.16458797454834,-0.00015567320748730322
148.1827690601349,-0.003060911497307737
148.1972632408142,-0.0029502969176697477
148.21214604377747,-0.0011128208582676486
148.2277066707611,-0.0009143441776628726
148.24329829216003,-0.0029762382806154696
148.2588346004486,-0.004328672699621527
148.2677879333496,-0.0026730253469571365
148.28255939483645,0.0002929999956339488
148.29792594909668,0.0011788864030216578
148.31274485588074,-0.0004461385712690607
148.32659649848938,-0.0016278016547556584
148.342670917511,-0.00034580585725076064
148.35789322853088,0.0016702873968380185
148.37311100959778,0.0016519864401872244
148.386004447937,1.9062902911550026e-05
148.39299392700195,-0.0001410787434265264
148.39954233169556,0.002249206152294878
148.41493105888367,0.0041581792915945095
148.43020725250244,0.002210307318753241
148.44572758674622,-0.00264820083164971
148.46149897575378,-0.005991725057230371
148.476642370224,-0.005236842378495196
148.4921395778656,-0.002383838936726654
148.5022315979004,-0.0007745270504298848
148.5095911026001,-0.0006475288841565666
148.5217797756195,0.00037786780146774096
148.52928185462952,0.002964800158663451
148.5452663898468,0.004423941421026892
148.56071376800537,0.002331403057197268
148.56739044189453,-0.001761557369467287
148.58604860305786,-0.004001247933652646
148.59334182739258,-0.0031471196114548263
148.60784268379211,-0.0019293971463474504
148.62377619743347,-0.0030345538432006262
148.63887882232666,-0.005429551520355468
148.6540093421936,-0.006088491420589807
148.6608431339264,-0.004397516189223993
148.6703667640686,-0.0027940141937227094
148.68387389183044,-0.0028040628267272617
148.69967412948608,-0.002445554721397096
148.7096016407013,0.0008732544291568337
148.71904230117798,0.005854525397834243
148.72663235664368,0.00790146006054977
148.7421588897705,0.00468488034713462
148.7577965259552,-0.0006324538373930003
148.7674949169159,-0.0031079816591367206
148.78565096855164,-0.00191210876580149
148.79329562187195,-0.0006320293964471359
148.80920553207395,-0.0019232345647488339
148.82453274726868,-0.00408363389675808
148.83970880508423,-0.004031373408205406
148.8549485206604,-0.002001989638847854
148.87050771713257,-0.0011203730956406907
148.8779604434967,-0.0026510800612001284
148.89332127571106,-0.004004618285381816
148.90889430046082,-0.0024822443892233426
148.91750264167786,0.0006816301566839426
148.9357078075409,0.0019152525032335613
148.94321751594543,0.000324608407375799
148.957617521286,-0.0010793458314147337
148.97295451164246,0.0002510748328150036
148.98870158195496,0.0026605904290249215
149.00404691696167,0.0025656951211614643
149.01231384277344,-0.0003937651319379635
149.02742266654968,-0.0026025882611150327
149.04311561584473,-0.0012850547201738003
149.0587785243988,0.0017700722682302556
149.07457971572876,0.0027745380486312874
149.08687591552734,0.0011998641488342129
149.09252619743347,0.00033199578292024656
149.10227489471436,0.0023721359357120127
149.11740899086,0.0051132450500427406
149.13238167762756,0.0050305117795546635
149.14116740226746,0.0024437633244725923
149.15280604362488,0.0013037767219274297
149.16115760803223,0.0037088410658006523
149.1755907535553,0.006820614853135653
149.19102215766907,0.006580780038590451
149.20083808898926,0.0030858593337306462
149.20958542823792,0.0001817127015685753
149.21930575370789,-4.552410989251861e-06
149.23186206817627,0.000170635633859987
149.24718117713928,-0.002365551309636852
149.26274490356445,-0.006567740127529166
149.27882528305054,-0.008327849801970582
149.29305958747864,-0.005946064415803856
149.30311012268066,-0.0022342617481300635
149.30952334403992,-0.0003757577110440045
149.3249363899231,0.00029149165137170056
149.34095287322998,0.0023845914867154866
149.35670447349548,0.005415992218561375
149.37261819839478,0.005431480714056869
149.3911247253418,0.0004712692633304159
149.40651631355286,-0.005829922268530007
149.4222276210785,-0.008059104212218466
149.4347047805786,-0.005484607006729576
149.45080614089966,-0.0025436195267397417
149.4667055606842,-0.0028109649403012782
149.48246908187866,-0.004619042997033524
149.4977159500122,-0.0040009585919810785
149.51028871536255,-0.0005656815433735798
149.52036309242249,0.0018989866218376813
149.53568363189697,0.0007756093453489435
149.55088877677915,-0.0016909978818968649
149.5667097568512,-0.0015003639224179849
149.58593463897705,0.0016343433014505766
149.5945439338684,0.004058887384682845
149.61011338233948,0.0033106626221568606
149.62572312355042,0.001312106199062881
149.63406014442444,0.0013055745830433667
149.6412672996521,0.0031404002698608826
149.65326189994812,0.003726499705212276
149.66432452201843,0.0019353037293952063
149.6741373538971,0.0007250917971349508
149.68915152549744,0.003103621808069116
149.70429682731628,0.007418439515979245
149.7203619480133,0.008816228880996533
149.73610424995422,0.005355659648149616
149.75117468833923,0.000678230513310853
149.76722264289856,-0.00041519005959994343
149.78328895568848,0.0023488197375957226
149.792090177536,0.005103579795745444
149.80215072631836,0.00523784086955254
149.80930709838867,0.0042011413999127716
149.8254473209381,0.004326042110322722
149.83401036262512,0.004866779441069156
149.84919047355652,0.0031983075917501155
149.86434388160706,-0.0007315095622948955
149.87664127349854,-0.003533039113394195
149.89209032058716,-0.002748512758869519
149.90765476226807,-0.00031349158804777296
149.9223930835724,3.724844806246813e-05
149.93832635879517,-0.0020823863834866377
149.94957399368286,-0.0033419510397946525
149.9652271270752,-0.0017043187594330599
149.97433590888977,0.00037029400439699076
149.9902093410492,-0.0007137098913894213
150.00613355636597,-0.004368183590019647
150.02073073387146,-0.006167712124934426
150.03597903251648,-0.0036679870099823753
150.05275535583496,0.00026448778494505393
150.06257891654968,0.0012623402001204049
150.07281970977783,-0.0008215105299117249
150.08845806121826,-0.002107645683938578
150.1040222644806,-0.00032209653408219515
150.11155676841736,0.0020987489947820155
150.12674975395203,0.0016572587830233376
150.14241909980774,-0.0010959556065784958
150.15775561332703,-0.002222221273068404
150.16768288612366,0.0001250329526465998
150.17767906188965,0.003082723704371098
150.18873858451843,0.002952974996614466
150.19871139526367,0.0001531996354358616
150.2142653465271,-0.0015641198097036159
150.23591470718384,-0.00034762827334594223
150.25138902664185,0.0014537920796492783
150.26674580574036,0.0009782297366489727
150.28231716156006,-0.0009251220580827045
150.2971956729889,-0.0009933407933473844
150.30927300453186,0.0015843023160655046
150.31886959075928,0.0038124244366171886
150.32686829566956,0.003056868163677527
150.3331253528595,0.0007691243158946919
150.3478982448578,0.00039353716299064443
150.36331033706665,0.0024245145356393723
150.38575196266174,0.003725926829829882
150.40108966827393,0.0022005374160025573
150.41660928726196,0.00021374525905827678
150.4340329170227,0.0017307054438654682
150.45008754730225,0.006852091252889534
150.4650273323059,0.011197162395826235
150.48046231269836,0.011090235391280862
150.50568342208862,0.007670744615029476
150.52144980430603,0.004645066063139904
150.53698205947876,0.0031504811805280475
150.55308198928833,0.0009430399128693616
150.56882858276367,-0.003273305325122186
150.57684206962583,-0.00697416024617279
150.5848729610443,-0.006858312548024459
150.60019421577454,-0.003609191817507071
150.6158812046051,-0.001446847268966952
150.6273229122162,-0.002770109753177151
150.63519287109375,-0.00514371716175999
150.65057969093323,-0.004698845923985388
150.66579794883728,-0.001177053734090451
150.67704129219055,0.002219021572354667
150.6865622997284,0.0034983183851861753
150.6928951740265,0.0041079569945113945
150.69982481002808,0.005663009335748393
150.7157473564148,0.00645027235782397
150.73098826408386,0.0034008136011518175
150.74257969856262,-0.0029648811333039754
150.7597782611847,-0.00792643987254656
150.77476525306702,-0.007847377612179487
150.7907748222351,-0.004578203743153961
150.80296874046326,-0.0030337730697412974
150.81104469299316,-0.0050481549092988255
150.81699776649475,-0.007524028585545824
150.83240604400635,-0.006992874162048237
150.84754300117493,-0.004164947744203123
150.85935950279236,-0.0024746589967273654
150.87513184547424,-0.0030920830185052406
150.88979649543762,-0.0035459486652558814
150.9053316116333,-0.0017244363751977038
150.91707181930542,0.000671748655990121
150.9358148574829,0.00032962793064931703
150.942950963974,-0.0028556858763179086
150.95316910743713,-0.005260381262863961
150.96715760231018,-0.0042429396858408765
150.9822051525116,-0.0015841753654460657
150.99768996238708,-0.0008607241538699877
151.01367020606995,-0.002454095092614665
151.02838325500488,-0.003190766934312132
151.0409586429596,-0.001047347146840156
151.0561137199402,0.0018027866926303804
151.0669596195221,0.0019720572735344006
151.08579277992249,-0.00031028623542785896
151.0933163166046,-0.0013559154381283163
151.10271167755127,0.0010055189373215818
151.11693167686462,0.004550954964974703
151.132230758667,0.005788327180360353
151.14289236068726,0.004552414725394905
151.15276193618774,0.0036688632841190946
151.16780591011047,0.0044798589869738375
151.1854419708252,0.004899972600650112
151.1931610107422,0.002827722374981304
151.20875239372253,-0.00021294149013102075
151.2236659526825,-0.0008057066783869236
151.239351272583,0.0014719820732875958
151.25306677818298,0.0030673553716755618
151.25963306427002,0.001107479260324636
151.27447056770325,-0.00261662303701438
151.2898244857788,-0.003921473224031334
151.30494856834412,-0.001759277850233442
151.31722044944763,0.00047000153129306776
151.33556962013245,-0.0005004280260097011
151.34455823898315,-0.0036127658477054154
151.35595726966858,-0.005182756581763931
151.37177062034607,-0.003815302246941092
151.38717412948608,-0.0017375992888230725
151.40078783035278,-0.001144237611832326
151.4097456932068,-0.0011723019400543028
151.4201302528381,0.00014070692314392392
151.43599843978882,0.002085867157438163
151.45122480392456,0.0016815077155716703
151.4660313129425,-0.0018770976427290261
151.48128485679626,-0.005129000584895859
151.49728178977966,-0.004195600238357146
151.5132749080658,0.00020299754317167464
151.52885150909424,0.0033891291106991775
151.54281997680664,0.0024007219614349206
151.55221915245056,-0.0007110316899350913
151.5598485469818,-0.0021064020477024946
151.57423567771912,-0.0012617474880809534
151.58952260017395,-0.0010403299542537652
151.6049497127533,-0.003012445226045662
151.62042045593262,-0.0048854439232375105
151.62660241127014,-0.0037407435112372846
151.63675594329834,-0.0004068332670336711
151.65196013450625,0.001398829592438359
151.6667115688324,9.195431988742427e-05
151.67638421058655,-0.0016739621633842685
151.68662977218628,-0.0008520280553807413
151.70166063308716,0.0016236791109005295
151.7168366909027,0.002158252848027251
151.7323350906372,-0.0003291011181673089
151.74790048599243,-0.0027207509526216526
151.7637596130371,-0.0019613526911311315
151.78766441345215,0.0007036540917770369
151.8007972240448,0.0015316515794980752
151.8159830570221,-0.00034103076889357336
151.83531713485718,-0.0015480166351604454
151.8430917263031,0.0007780426948405914
151.8579773902893,0.004698709062503753
151.8734152317047,0.005660504082927084
151.8893439769745,0.0023313806050080364
151.90193438529968,-0.0018040279317284092
151.9107449054718,-0.003122196002748497
151.9169723987579,-0.002281288776780346
151.93236589431763,-0.002468808846722522
151.94842886924744,-0.004331432675811472
151.96430325508118,-0.004975024931030421
151.9803764820099,-0.0024158847069361365
151.99564242362976,0.0010390534442404867
152.01069736480713,0.0015324121170972604
152.02638602256775,-0.0011672303899363289
152.0420436859131,-0.003308250937117507
152.05020308494568,-0.00219480999446341
152.0656876564026,0.0003336952051893006
152.0804045200348,0.0007198592280691922
152.09560561180115,-0.001289087649664056
152.11076951026917,-0.002495315980988352
152.12648725509644,-0.001048232996017018
152.14195823669434,0.0007726591241406214
152.15038967132568,-0.00018642311781300568
152.15908789634705,-0.003304761380437507
152.1693410873413,-0.004805358837998088
152.17667651176453,-0.00281314855303832
152.18593907356262,0.00025024202451068376
152.20128464698792,0.001205359409817722
152.2173252105713,0.00045289344422490556
152.23336458206177,0.0009653757249028
152.24275636672974,0.00354364138502367
152.2522988319397,0.00533707798702098
152.25979328155518,0.0038802697072894375
152.27426528930664,0.000832644654391631
152.29020500183103,-7.513747898605554e-05
152.3022265434265,0.0019246571018506939
152.30874705314636,0.003726799889019987
152.32488203048706,0.0027783850099886522
152.33255887031555,0.000501512772855582
152.33832120895386,-7.21302001997126e-05
152.35036849975586,0.0010828665156786981
152.3660125732422,0.0008890419355622144
152.38553714752197,-0.002115682246633352
152.39311170578003,-0.00502236453716113
152.4087429046631,-0.004060896098805482
152.42409467697144,0.00015357504989549136
152.43984413146973,0.002974238790340646
152.44763898849487,0.0015623264440634708
152.4597771167755,-0.0014840051049967318
152.4755735397339,-0.0015865288929031109
152.49113202095032,0.001876510264768204
152.50686645507812,0.004990700272203938
152.52268290519714,0.004592876203523793
152.53914260864258,0.0021382481449586785
152.5537850856781,0.0011311507724047851
152.56898140907288,0.002078232414853072
152.58381032943726,0.002125034443078833
152.59271383285522,-0.00033100695136462164
152.6025469303131,-0.0028986305441442363
152.60963010787964,-0.002458755876793878
152.62486600875854,0.0001464431984911159
152.64063835144043,0.0008622569975845244
152.65761971473694,-0.002123014353684265
152.67303156852722,-0.005750731552407138
152.68822026252747,-0.006075451691151165
152.70393681526184,-0.0034366119676419856
152.71733474731445,-0.0017065213027990355
152.7359972000122,-0.002782804671321605
152.74318265914917,-0.0040788525738855086
152.7533676624298,-0.0023986513139474088
152.76711201667786,0.0014548469088469344
152.78252625465393,0.0038611853773301533
152.79824829101562,0.0034835493001472706
152.80820035934448,0.0028882026439140066
152.82321619987488,0.004489841523813763
152.83822584152222,0.006885134157669154
152.85381865501404,0.0069456027767558345
152.8688530921936,0.0045406296113482455
152.88286590576172,0.0028897982989573496
152.89837980270386,0.0039243954527879875
152.9075224399567,0.005428695059729705
152.9233582019806,0.004323609854028139
152.93463516235352,0.0014844387246993598
152.9506950378418,0.0009139385283169009
152.96665692329407,0.004018331588577302
152.98208928108215,0.007036518742653798
152.99794006347656,0.00567664638290829
153.013170003891,0.0009744867825855117
153.02895879745483,-0.0016655592488006802
153.04249906539917,0.0007254138285919445
153.0578088760376,0.004864325273770271
153.07425212860107,0.00528914214556479
153.09080290794373,0.0008832514013165749
153.10029363632202,-0.004469397280280885
153.10946249961853,-0.007308553382212349
153.11883759498596,-0.008466932565557006
153.13535833358765,-0.010602109646084016
153.1503551006317,-0.013672592117416563
153.165513753891,-0.015115044678129876
153.18111562728882,-0.0141871591485177
153.19875979423523,-0.013646673052277023
153.21457433700562,-0.01587160941319774
153.23026156425476,-0.018962319176892672
153.24285340309143,-0.01881763304173576
153.25247502326965,-0.014685396210534059
153.25941920280457,-0.010446106177502855
153.26831102371216,-0.009630339122746502
153.2831540107727,-0.010924821619881576
153.29900312423706,-0.010313455918305778
153.30937123298645,-0.0067906062444633725
153.32546854019165,-0.003657662935482938
153.3410246372223,-0.003706420894532843
153.3565821647644,-0.005254144735361108
153.3673915863037,-0.004728596042341231
153.38557410240173,-0.0020473167488889426
153.3923316001892,-0.0009276292595555051
153.40759253501892,-0.003499479978080972
153.4169373512268,-0.006855307136974289
153.43220615386963,-0.006594818872231519
153.44269943237305,-0.002613710123951289
153.45240688323975,0.000805185900253055
153.46758651733398,0.0006517672543078861
153.48312187194824,-0.0012249690817064162
153.4925525188446,-0.0013121099507320381
153.50859546661377,0.0004539416487740612
153.5217559337616,0.0009728099997339196
153.53732681274414,-0.0009934510043098244
153.55266761779785,-0.002564622386334631
153.55951166152954,-0.0007108299441847125
153.5742149353027,0.0031928007234272205
153.58942532539368,0.004916809306355763
153.6061110496521,0.003115852839195374
153.622056722641,0.0012725418842147497
153.63380122184753,0.003060186498352005
153.64939665794373,0.007525239089566433
153.65928649902344,0.010664022389369752
153.66872024536133,0.010890440430676225
153.67634415626526,0.010484893015309438
153.69192910194397,0.0111206173768368
153.7075173854828,0.01035796504403715
153.7225203514099,0.00474363387197216
153.7343726158142,-0.004551394091729731
153.74388360977173,-0.011761391886716615
153.75323748588562,-0.012842539792239347
153.7671172618866,-0.009955295001220887
153.7822461128235,-0.008267810678903977
153.79276657104492,-0.009388485800649405
153.80198001861572,-0.00999770056959691
153.80995416641235,-0.007063173303456049
153.82512831687927,-0.002270047930895928
153.84199047088623,0.0002647171780373425
153.85350275039673,-0.0004552075377627237
153.85936379432678,-0.0012424245929388241
153.86898350715637,0.0005921410616664567
153.87646579742432,0.0035413206039504206
153.8824815750122,0.004280212745861479
153.89800357818604,0.002513946926719735
153.91359901428223,0.0012980426988297307
153.9290533065796,0.0024676083260222687
153.94254779815674,0.0038949412509853435
153.95203638076782,0.0026343121698149128
153.9594566822052,-0.0005465879267212825
153.97534441947937,-0.0018569783463179977
153.99083709716797,0.0003919107593691462
154.00139331817627,0.003376101210708405
154.017352104187,0.0035051457503393734
154.03335332870483,0.0011864040691503639
154.0508999824524,5.777333960899219e-05
154.06485652923584,0.0018807260646085322
154.08035850524902,0.004307233067539077
154.09592819213867,0.004570942524932177
154.10751223564148,0.0036907049312169637
154.123188495636,0.005027377106820238
154.13823461532593,0.009148553809947287
154.1538004875183,0.012416009778679049
154.1604869365692,0.011589093607943548
154.16612482070923,0.0081500409110628
154.18115425109863,0.006272792009163629
154.19698190689087,0.007238154736194565
154.2091646194458,0.00807435693359464
154.22533917427063,0.006179117016423453
154.24087119102478,0.0032326598547858924
154.25646424293518,0.0028388718057472282
154.26700735092163,0.005336389669655923
154.27418780326843,0.0072214041263351505
154.2855236530304,0.005999128279786239
154.2930040359497,0.0035736832205311127
154.30851364135742,0.003421735622958479
154.32412672042847,0.005608274766669278
154.3401699066162,0.006696421415631056
154.35613918304443,0.0046584095109561095
154.37177681922913,0.0018466641489906942
154.38719654083252,0.0018109614370679958
154.40322065353394,0.0044056527607907415
154.40956783294678,0.00606010916439269
154.41969108581543,0.004845824948270537
154.43166184425354,0.0032110535051751675
154.44684100151062,0.004490358222084758
154.46227169036865,0.008044783169137162
154.4742295742035,0.009883383519305594
154.49029898643494,0.00799264828669679
154.50577807426453,0.004994805696888976
154.52091765403748,0.004462263266237243
154.53694319725037,0.006066670742825731
154.5508017539978,0.006297004721980003
154.56564235687256,0.003589747457064008
154.58090329170227,0.0005594444643159068
154.593581199646,0.0002454106659173145
154.60880637168884,0.0018054407996796196
154.6243658065796,0.0017945762715022692
154.63955163955688,-0.0008648603742101883
154.6504988670349,-0.003380870948565629
154.66077709197998,-0.0031805327573426285
154.6741406917572,-0.001626059603353351
154.69095492362976,-0.0019381829293415444
154.70008182525635,-0.004326955864859398
154.715984582901,-0.005456773165765672
154.7319746017456,-0.003202916497843463
154.74894285202026,5.080026222453651e-06
154.7649917602539,0.00014154372314248214
154.78026628494263,-0.003081339191787686
154.79625177383423,-0.005827589509945061
154.81162285804749,-0.0051979641106647025
154.82705736160278,-0.002762768943291164
154.83412909507751,-0.0018981174818060097
154.84268045425415,-0.002951870115716986
154.85240936279297,-0.0030834859192907333
154.86067080497742,-0.0007679510358839976
154.87411546707153,0.0017081866399871666
154.88913583755493,0.0014603860888477422
154.9049530029297,-0.0006627059344073193
154.91870951652527,-0.000982951283827102
154.9304175376892,0.0018672920549199557
154.94073843955994,0.004702798273589777
154.95577263832092,0.003784667301208538
154.97234177589417,-0.00018682848344723666
154.9864010810852,-0.002837648835095969
155.0024356842041,-0.0016474042836976985
155.0174503326416,0.0011593508543039116
155.03343391418457,0.0020383791813713614
155.04884958267212,0.0008650406140039107
155.05949425697327,0.00039379520073946905
155.0665180683136,0.0015401716810014947
155.08223271369934,0.0016159490324200649
155.09124183654785,-0.0016696986272044102
155.10757565498352,-0.006151394612218284
155.1231598854065,-0.007233181837288851
155.1384847164154,-0.0036689681881914055
155.1544361114502,0.0007098021704913171
155.16682624816897,0.001786998022861783
155.18590807914734,8.558929153686329e-05
155.19273233413696,-0.0006568607892077152
155.2028706073761,0.0010426530300199615
155.21888613700867,0.0026023186912529504
155.2342927455902,0.0014977028903170255
155.25073051452637,-0.0008495743209553685
155.2605917453766,-0.001058406626686017
155.27036786079407,0.0012819323688744448
155.27686071395874,0.002907856790656412
155.291996717453,0.001465956290448031
155.30759859085083,-0.001150226863910652
155.31784200668335,-0.0014880583752852374
155.32714700698853,0.0005345741062798707
155.3369369506836,0.0014557777291412887
155.3487298488617,-0.0008222115031996167
155.36353850364685,-0.003900110449574095
155.3740930557251,-0.003976347266640999
155.38935685157776,-0.0009508182606678991
155.4036910533905,0.0015165148912508627
155.41979217529297,0.0010361055975606577
155.4357726573944,-0.00045248518308054365
155.45114636421204,0.00015101518293247364
155.46669340133667,0.002307785288928962
155.4855239391327,0.0023812847681761676
155.49345517158508,-0.0010813543842726494
155.49931573867798,-0.004789526294467621
155.51450109481812,-0.004699009085269579
155.53016304969788,-0.0012357007121716818
155.5461790561676,0.0013878700792989136
155.56156492233276,0.0007695546298506499
155.57727193832395,-0.000898273944591871
155.59286499023438,-0.000489084721065158
155.6083505153656,0.0013930590508182054
155.61743330955505,0.0013978144111635514
155.62796092033386,-0.0015006105944519918
155.6421835422516,-0.004246160420482857
155.6575222015381,-0.0038585936195990145
155.66703414916992,-0.001597689144549036
155.6761863231659,-0.001139465082914631
155.68666458129883,-0.0032757540035550543
155.69414973258972,-0.004687579297725562
155.7094566822052,-0.0026427914080195958
155.72503066062927,0.0009891410179070118
155.73366379737854,0.002142246822458116
155.74284672737122,4.730329653953279e-05
155.7529594898224,-0.0018803024132881948
155.7603418827057,-0.0008926236550698286
155.77580952644348,0.0014470540213931222
155.79202222824097,0.0018820957462321345
155.80750679969788,0.000372622860927793
155.81756234169006,0.00015543709783449262
155.82691597938538,0.002906521604043419
155.83653330802915,0.006029113809239433
155.84419584274292,0.006065815661273085
155.85760521888733,0.0034990297861243872
155.8733606338501,0.0021489305215722115
155.88894057273865,0.003915966541760173
155.90477418899536,0.006180576407881536
155.91507863998413,0.005504158957598184
155.93039751052856,0.002419005580531333
155.9458405971527,0.0005215859662193581
155.95748019218445,0.0011795923764712575
155.96582531929016,0.0015534260866812643
155.98069167137146,-0.0009559793556272482
155.99592542648315,-0.0040690368136309975
156.0115773677826,-0.002826986755843842
156.0262429714203,0.0036880404761314373
156.03681445121765,0.01012959404409948
156.0519208908081,0.010667104619293705
156.06783604621887,0.005649558709477754
156.08310556411743,0.0006968269146648718
156.09071826934814,-0.000276555699838242
156.10054063796997,0.0011544653251860427
156.1094045639038,0.00165434632644127
156.11893892288208,0.001274862232273336
156.1269781589508,0.0026773335583235983
156.14189338684082,0.006225858635926655
156.15742802619934,0.008713669583575941
156.1675033569336,0.007797784446546557
156.17643857002258,0.005553098637621597
156.18600296974182,0.005704814088501549
156.19380593299866,0.00833969711868478
156.20539712905884,0.00974573494402493
156.22126817703247,0.00778793705837501
156.237211227417,0.005190226595778684
156.25320720672607,0.00588712420544441
156.26023650169373,0.009456981371618847
156.27517676353455,0.011525131477381954
156.29083347320557,0.009699013980089655
156.30599451065063,0.006808473264742466
156.31469774246216,0.006982698610885102
156.33034467697144,0.010070811474324972
156.3458833694458,0.012092210261411156
156.35989952087402,0.010870036971064131
156.3772838115692,0.008854259766625365
156.39072155952454,0.009312607633462228
156.40616655349731,0.01147733507834054
156.41783094406128,0.01160413794110865
156.42439985275269,0.008443003979368745
156.43600416183472,0.005332799058448994
156.44432544708252,0.005849334655983192
156.45549964904785,0.009010978270871377
156.4714663028717,0.010686955931693425
156.4868700504303,0.009154199055975512
156.50014066696167,0.007025193745385628
156.50905966758728,0.007075582233616334
156.5187315940857,0.008185444038159174
156.52647233009338,0.007289729619281784
156.54112911224365,0.0044356233653838496
156.5565984249115,0.0034166148111074396
156.57172417640686,0.006720014152242523
156.58709979057312,0.01180994748517967
156.59304070472717,0.014160663673152211
156.60324048995972,0.013033410561364322
156.61721444129944,0.012031023973667435
156.6328194141388,0.013690544733020681
156.64856004714966,0.015727372763682843
156.66018533706665,0.014234011437650646
156.6750431060791,0.00933929530151851
156.69065165519714,0.005348578157847482
156.70025968551636,0.005135975020473018
156.70929431915283,0.00660751025372361
156.71898293495178,0.006077323785257273
156.7308783531189,0.0036419765236308647
156.74603414535522,0.0028848777026256947
156.76126956939697,0.005392059026120392
156.77607893943787,0.008052498509864125
156.78397297859192,0.007226264755639988
156.79462003707886,0.004040842057743705
156.80906867980957,0.0032952126224762685
156.8240818977356,0.007281679697273773
156.8397147655487,0.012855713532030721
156.85016870498657,0.015565499503044266
156.8593089580536,0.015049579759532713
156.86888074874878,0.014504543682084089
156.87615633010864,0.01545776071282201
156.89177989959717,0.01543924546522736
156.90777611732483,0.011734320639623923
156.9239432811737,0.005690851195297735
156.93347263336182,0.0013635338564268547
156.94227814674375,0.0003960989850296339
156.95223355293274,0.0003448375570880846
156.9594178199768,-0.001328905324886269
156.97494435310364,-0.0034729097956144256
156.99061155319214,-0.0031931579436808816
157.0002245903015,-0.0006807247284814043
157.00904154777527,0.0003398262943829183
157.01880478858948,-0.002358438692731404
157.0339813232422,-0.005979544186886484
157.04932045936584,-0.005963953659105731
157.06499767303467,-0.0019212502709619501
157.08411860466003,0.0018009184077976616
157.09931230545044,0.0017785946303922394
157.11446571350098,-0.00020376213196326076
157.13054203987122,3.1252002547779104e-05
157.1415719985962,0.0031116712518335045
157.1519753932953,0.005218886907210861
157.16014051437378,0.0033625173533557377
157.1712749004364,-0.0005499744815064005
157.18729615211487,-0.0024150228062289514
157.20304203033447,-0.0014495861596350793
157.21900129318237,-0.0007454409688903787
157.24092316627502,-0.0023407894115115052
157.2563135623932,-0.004189139214806594
157.27250957489014,-0.0035369667059465416
157.2854597568512,-0.001750299375816832
157.29232907295227,-0.0033360763575000824
157.3043098449707,-0.010167204502880606
157.31936955451965,-0.018897122434126754
157.33360481262207,-0.025252306561986775
157.3406434059143,-0.029340192499158792
157.35009574890137,-0.034749151191351496
157.3588147163391,-0.04297562134588419
157.36866331100464,-0.051224982351902516
157.37687253952026,-0.05665277071028978
157.39056372642517,-0.06076372106847374
157.4064815044403,-0.06740367866504435
157.42174768447876,-0.0770089970866705
157.43772649765015,-0.0853008313575029
157.45494723320007,-0.0884897025710024
157.46681785583496,-0.08791139792615542
157.48287653923035,-0.08776614561813782
157.49252581596377,-0.08923261983791544
157.50204157829285,-0.08916045475612717
157.50975346565247,-0.08493520952919598
157.52509546279907,-0.07841564349828015
157.5405352115631,-0.07337149172837684
157.55537009239197,-0.07025857624111298
157.5686001777649,-0.06591976424373837
157.57654356956482,-0.05860440496652507
157.5850555896759,-0.0509821577780277
157.60067677497864,-0.04666578175627675
157.61629366874695,-0.0450821523819395
157.62394189834595,-0.04201631794714898
157.63364934921265,-0.03520400814269187
157.64227485656738,-0.0272308072267037
157.6522662639618,-0.021813299841472344
157.6678342819214,-0.01881652445764926
157.68328285217285,-0.014932077430835827
157.69885993003845,-0.008773711030845798
157.70937323570251,-0.0029917051610009898
157.71866631507874,-0.00042331234436027154
157.72663283348083,0.0001830765167456878
157.74167895317078,0.0026976767038786953
157.75723695755005,0.008296641762709826
157.77388954162598,0.013695010478198596
157.7868266105652,0.01547378841628285
157.80303287506104,0.014565708564441539
157.81853032112122,0.014721181925001567
157.83397364616394,0.017187927131011353
157.84903693199158,0.019147819952681777
157.86874890327454,0.018121360801214872
157.88420963287354,0.015971253111932406
157.89994382858276,0.016565775850022918
157.91495156288147,0.020264949473935603
157.9302785396576,0.02318245976760338
157.94893622398376,0.02249839367766611
157.96453022956848,0.020348901724933824
157.97990345954895,0.020678149942916696
158.00512528419495,0.02345040665208884
158.02107501029968,0.024515451606064262
158.0369234085083,0.021507704521347627
158.05276322364807,0.017521941128005016
158.06825160980225,0.017207567773455938
158.083833694458,0.020474476516957982
158.09931015968323,0.02248298547523329
158.1086974143982,0.020041248421494122
158.1183648109436,0.01577409393488073
158.12868285179138,0.014552906011087266
158.14474487304688,0.017226813226609447
158.16037321090698,0.020063175170804953
158.17503666877747,0.020157886729721575
158.19165968894958,0.019041216325008957
158.207102060318,0.019767894342094396
158.22313237190247,0.022137256218160567
158.23343014717102,0.023020401712099254
158.24239015579224,0.02111571073249841
158.25187301635742,0.019024039277839515
158.25934386253357,0.019506486738583708
158.26958203315735,0.0213388850912276
158.28339648246765,0.020949599883736
158.29868268966675,0.017758605579926336
158.3142557144165,0.015561776645270383
158.32647514343262,0.0175914612051036
158.3403766155243,0.02185408018515151
158.35618376731873,0.02332320853472744
158.37181568145752,0.020282149638343586
158.38763761520386,0.016362338965425712
158.40038752555847,0.0156579296918152
158.41809225082395,0.017654283611826235
158.43206977844238,0.01866264087040068
158.44317507743835,0.017276923051823042
158.4529685974121,0.015993211332967855
158.46905755996704,0.016938122495834013
158.48497486114502,0.018226864627879313
158.49258756637573,0.016557312270669
158.5029149055481,0.01249327281919941
158.51017999649048,0.01058286609317271
158.51843905448914,0.013432506398937722
158.533766746521,0.0176178028519735
158.5490119457245,0.017427606886723068
158.56506967544556,0.011945178458718815
158.5742907524109,0.00615291666963133
158.58573961257937,0.004597071860790305
158.59237480163574,0.006108737722196665
158.60137224197388,0.0063307594210107575
158.6169159412384,0.003929297334026222
158.64125204086304,0.001796583362781466
158.6576750278473,0.0022810623508774004
158.6693000793457,0.0038509221003067582
158.67606449127197,0.0038135780446251467
158.68613052368164,0.0025892919596979583
158.6927592754364,0.003022724953822292
158.7028181552887,0.005802975819901177
158.70965552330017,0.00792377787666103
158.7192726135254,0.006771648344123067
158.72610139846802,0.004145837272345273
158.73684692382812,0.004231272309875218
158.7518754005432,0.00796566909528285
158.77172803878784,0.01159494902996389
158.77964854240415,0.011652769697329963
158.78615713119507,0.009604217537247457
158.79211449623108,0.009668860374755145
158.80159068107605,0.012789013934829846
158.80885910987854,0.015166497680805312
158.8183765411377,0.01348790857224087
158.83529663085938,0.009625111420722036
158.8422713279724,0.008279727259525395
158.8518044948578,0.01078491080823031
158.85900497436523,0.01350791338674337
158.8750352859497,0.012848862886330924
158.88647603988647,0.009821542593550617
158.90240144729614,0.008099667777233931
158.90961027145386,0.00868155886440083
158.91909170150757,0.008837011070634511
158.93517684936523,0.0065833980814648
158.9421043395996,0.003947147149144809
158.95186829566956,0.0041341127552981735
158.9589719772339,0.006671905956584714
158.9684054851532,0.007689221939016574
158.98952507972717,0.005236157504367899
159.00156545639038,0.002221655634593438
159.00881433486938,0.002658867975529997
159.01846051216123,0.006246197724054733
159.03523087501526,0.008732954167499838
159.04198288917542,0.007543956965027016
159.05190658569336,0.004936313324593819
159.0590741634369,0.004550277239586712
159.07517504692078,0.006410201899691556
159.09050798416138,0.007308982572495851
159.1029508113861,0.005631842167845816
159.10939192771912,0.003428528566834895
159.11962866783142,0.0028417507606429606
159.13501238822937,0.0024506789444462226
159.14236044883728,-0.0007520662155690156
159.15169310569763,-0.0064489158955118595
159.15933108329773,-0.010489893210036499
159.16857171058655,-0.010050282355180334
159.18549942970276,-0.007491949391319608
159.2075262069702,-0.007392678242542222
159.21899127960205,-0.010530900794222935
159.22627592086792,-0.012903115363878694
159.2361285686493,-0.011061485085165896
159.2424476146698,-0.006532281374554652
159.25174951553345,-0.003525647956854436
159.25878477096558,-0.00339114078057415
159.26833629608154,-0.003468827290329814
159.28503561019895,-0.001551532269089375
159.30105876922607,0.0006862191206642165
159.31812953948975,0.00025786756094694076
159.33520102500916,-0.002309755016057679
159.3422749042511,-0.003018266886368469
159.35170984268188,0.0003706590958988147
159.35880661010742,0.005051460962453544
159.36885404586792,0.006521511300636495
159.3850555419922,0.004162395027499309
159.39253973960876,0.001588475584157704
159.40186977386475,0.001518132416057737
159.40979743003845,0.0023667837956056178
159.4197380542755,0.0010944503493670954
159.42612051963806,-0.0020543777369047174
159.4362268447876,-0.003801326408152665
159.45182037353516,-0.0026264376915887742
159.45906496047974,-0.0010514964846579874
159.4691355228424,-0.0019961409927128837
159.48512887954712,-0.004429588303942747
159.49251246452332,-0.004682200922715261
159.50237274169922,-0.0016616080820874846
159.52230024337769,0.0014842743623058369
159.53494548797607,0.0016800018692648033
159.54224467277527,5.3008778857304394e-05
159.55176377296448,-9.604562411337416e-06
159.55978536605835,0.0019797007840655937
159.56996607780457,0.0027263003358141066
159.5867612361908,-9.932079572143055e-05
159.60171031951904,-0.004254645218177382
159.61694645881653,-0.005690657549552377
159.63559126853943,-0.0038627486490437533
159.64245104789734,-0.0021070571171162757
159.65228700637817,-0.0025980959669929618
159.6596257686615,-0.003087611398745609
159.6689064502716,-9.412022591072887e-05
159.68558144569397,0.005908294100367074
159.6937756538391,0.0106139915645273
159.7029094696045,0.011267873745161125
159.7108860015869,0.009950949919111447
159.71836066246033,0.010308818702062484
159.7405171394348,0.012309969482525204
159.75176239013672,0.012282277834522003
159.75926566123962,0.008112277419405192
159.76866841316223,0.0023749108599038487
159.77598071098328,-0.0008672650720564943
159.78607773780823,-0.0010775442363321138
159.80178213119507,-0.0012339480915778377
159.80913996696472,-0.0031343117165495127
159.8185648918152,-0.004832275821249087
159.82597875595093,-0.003805000945987048
159.84174990653992,-0.0011916772427238548
159.8527853488922,-0.0007766343229815746
159.8591136932373,-0.003777989312135319
159.86838507652283,-0.006700659679027662
159.8754985332489,-0.005639419556925748
159.88494205474854,-0.0014954633701078214
159.8930687904358,0.0010118196576521217
159.90284967422485,-0.0006231998983868758
159.9099326133728,-0.0036623825951307026
159.92004871368408,-0.004073421669710365
159.93493723869324,-0.0019531034615823263
159.95878148078918,-0.0010680710827307314
159.96890926361084,-0.003398113954862472
159.97563290596008,-0.006379416182410977
159.98496055603027,-0.006533626066323866
159.99251103401184,-0.00416577958797769
160.00210762023926,-0.002550113031479279
160.00890946388245,-0.0030744418152739363
160.0182991027832,-0.0035100270304731667
160.03365874290466,-0.0018241688005291611
160.04764771461487,0.0002374104878490827
160.06267857551575,-0.0006925917180030049
160.07825231552124,-0.004593336416485601
160.0935287475586,-0.007483562740054706
160.10906410217285,-0.006442462112850352
160.12517666816711,-0.003349133974546584
160.14067578315735,-0.0021368753105069204
160.15558576583862,-0.0034677256803187138
160.1708664894104,-0.004284395354925551
160.18585753440857,-0.002665690096136434
160.19261646270752,-0.0008679917251661886
160.2082588672638,-0.002084347554478188
160.2239212989807,-0.005498891483374159
160.23916268348694,-0.006810596375196947
160.25544142723083,-0.0037984800021531075
160.27152562141418,0.0006470447639746811
160.28600907325745,0.002220611585946364
160.2928102016449,0.000582230769183674
160.3082401752472,-0.0008248486793351479
160.32293319702148,0.00010123096483414
160.33806729316711,0.0014798534388257073
160.35245895385742,0.0008608305784644809
160.35977578163147,-0.0006205260785927531
160.37516045570374,0.0002930960579308953
160.39067459106445,0.00385334748049413
160.40221309661865,0.006103244809137553
160.4099497795105,0.0038714142978796863
160.4196412563324,-0.0006569138876456183
160.42780685424805,-0.0022626558063008166
160.43742990493774,0.0008800205876634474
160.45275211334229,0.005115578383994818
160.45917630195618,0.006201912655786908
160.46838092803955,0.004501692659964183
160.48445796966553,0.0036681913729158236
160.50587224960327,0.005124370783797932
160.5127420425415,0.006246640877696352
160.51857161521912,0.0045804848507929406
160.52798414230347,0.0017288724083679727
160.53781175613403,0.0011480373067525099
160.55335521697998,0.002996556164393099
160.56854796409607,0.0035781656189097866
160.57670259475708,0.00045050348555514784
160.58593702316284,-0.003896955125566114
160.5928876399994,-0.005095251953755365
160.60823583602905,-0.0026174405613222027
160.62281322479248,-0.0003334042919996733
160.63875818252563,-0.001204795579177667
160.65167427062988,-0.0034947454093835805
160.658762216568,-0.0036204305600890862
160.6738977432251,-0.0014384459718172608
160.68934226036072,-0.00042794303125874816
160.70469212532043,-0.0025691729726040275
160.72388863563538,-0.005328321842789996
160.73629212379456,-0.005179142170663674
160.75241422653198,-0.0026770637677314456
160.75926184654236,-0.0017524445564630281
160.76952934265137,-0.004078379038234981
160.77575778961182,-0.006425560479313511
160.78824043273926,-0.004812179685694614
160.80338430404663,0.0001495976541058576
160.8189880847931,0.0038730234645599944
160.8264093399048,0.003359825846145626
160.83627915382385,0.00025378521370151435
160.85136795043945,-0.0022042351700004873
160.85705971717834,-0.003575191902079019
160.86853432655334,-0.005897293742166883
160.87576007843018,-0.00961862893568167
160.8838620185852,-0.012120689363396137
160.89958953857422,-0.011268361732358198
160.90917801856995,-0.008810900889021249
160.91924929618835,-0.008295666440734723
160.9337100982666,-0.010124734171909821
160.95319485664368,-0.010929154519154344
160.96836352348328,-0.00845820009830242
160.98395133018494,-0.005087368092551423
160.99056363105774,-0.004772759002961136
161.0052752494812,-0.007585260993896837
161.0208179950714,-0.009505751059677124
161.03577613830566,-0.00783188710036243
161.049742937088,-0.00471682429885286
161.0592122077942,-0.00401484108098335
161.06892371177673,-0.0059407512807165734
161.07926487922668,-0.006998929153529189
161.0905578136444,-0.0051326002449647735
161.1055555343628,-0.002656316681746897
161.12155723571777,-0.002748911396441757
161.13680624961853,-0.00460594409247306
161.15201210975647,-0.004407144849872969
161.16003966331482,-0.0009110431757584794
161.1747689247131,0.0023572933736992867
161.19052958488464,0.0017260201063329969
161.20030283927915,-0.001486289933004775
161.20905923843384,-0.002547079891567641
161.21861243247986,0.00044289502741640206
161.22594261169434,0.004157025064105389
161.24164152145386,0.004663113749594178
161.24980688095093,0.0025635465649678124
161.26500582695007,0.0016567546466516089
161.28501558303833,0.003282591298782828
161.30035829544067,0.004434211665567426
161.3091700077057,0.002207255412524137
161.3193302154541,-0.0018805652178624024
161.33328461647034,-0.003924432426807599
161.34347105026245,-0.0031110083638569088
161.35817313194275,-0.0027428473528827205
161.37376976013184,-0.005241397629462923
161.38627696037292,-0.008257822542032917
161.40714812278748,-0.007649251569171076
161.42235136032104,-0.0033946946305592396
161.43529653549194,-0.00014568311845709092
161.4425106048584,-0.0013383268111924291
161.45815896987915,-0.004696284219672917
161.47082114219666,-0.005201498820030028
161.48672461509705,-0.0015634467126793216
161.5028281211853,0.0024136713695751023
161.5238287448883,0.003149264498846601
161.53921914100647,0.0018864577368282703
161.55247926712036,0.002448459257510186
161.5679850578308,0.005582067737527417
161.5834300518036,0.00785233382867881
161.5985894203186,0.006460942799262405
161.61460280418396,0.003081576121064698
161.62981414794922,0.0014269514013535189
161.64480066299438,0.0022460410781855325
161.65982818603516,0.002898111841665084
161.67565321922302,0.001770278925068053
161.69151496887207,0.0007158813787932456
161.70412802696228,0.0017801594627804888
161.71922135353088,0.0032524053486863856
161.73635005950928,0.0014762033212788776
161.74249935150146,-0.003609663848057801
161.75539183616638,-0.007287017188994823
161.7708339691162,-0.00569418328451973
161.78598999977112,-0.0010272732521040512
161.7932572364807,0.0008907742217564843
161.8025782108307,-0.0022398598968258205
161.8181116580963,-0.006588952590973987
161.83507823944092,-0.007308184415546992
161.84253478050232,-0.0043465675222710606
161.85787534713745,-0.001479561005417785
161.87346172332764,-0.0006710454924370476
161.8847758769989,-4.4751981864912175e-05
161.89252376556396,0.00200936005892406
161.9072675704956,0.0031933008375689687
161.91600584983826,5.108249820207468e-06
161.92268133163452,-0.006796741064659972
161.93304204940796,-0.012008073170184392
161.94868206977844,-0.011946645640436963
161.96408128738403,-0.008714094902137003
161.97802758216858,-0.0070353245990569125
161.99353408813477,-0.008104052810197528
162.0087480545044,-0.008779430123719723
162.02385449409485,-0.00674921172852659
162.03904104232788,-0.00400578375203765
162.05426597595215,-0.0037870248024962686
162.07055521011353,-0.00563924956700131
162.0862319469452,-0.005844590535810322
162.0930244922638,-0.0027156561785509122
162.10776138305664,0.0007121345522040088
162.12357926368713,0.0005287244112511878
162.13941192626953,-0.002808100880651568
162.15542769432068,-0.005001702775541791
162.1712453365326,-0.0034785685587651483
162.1873230934143,-0.00037710398492286164
162.20280003547668,0.000893523099789976
162.22383761405945,0.0003832846354380852
162.24034810066223,0.0009826647460934289
162.25468850135803,0.003721924852784396
162.266361951828,0.006044246426786767
162.2756688594818,0.005573833440202945
162.2851173877716,0.003780457660921807
162.29266452789307,0.004019099998592208
162.30692768096924,0.006600642675501805
162.32232403755188,0.008039992348641438
162.3331217765808,0.005832005940895183
162.3487319946289,0.0021267161494066054
162.35916686058044,0.0009531110799382494
162.3738043308258,0.0026792289485553034
162.3904926776886,0.003526780011204066
162.40568232536316,0.0010508813942869538
162.41885781288147,-0.0020071765668058066
162.44077372550964,-0.0010986292256927653
162.4571635723114,0.0038777248924620087
162.47291445732117,0.007875057222228709
162.48432850837708,0.006543595667432102
162.4997012615204,0.0010161954807384947
162.5151469707489,-0.0041635766621235856
162.53040099143982,-0.0065374851021776075
162.54394102096558,-0.007252479980478971
162.55403351783752,-0.0074281367036849524
162.56076550483704,-0.005522596234634285
162.56957077980042,6.091794304371751e-05
162.5847306251526,0.007108355996969535
162.59990787506104,0.010804002804411798
162.61557006835938,0.009103418367100857
162.6316430568695,0.005017556120478465
162.64679098129272,0.002557632307232065
162.6621549129486,0.0018977527424652906
162.67774724960327,0.0003248996109819817
162.69278597831726,-0.002749492776948555
162.7085783481598,-0.004222901852829893
162.72379970550537,-0.00165361447663802
162.73949599266052,0.002693745623711342
162.75471901893616,0.004197698840942144
162.76996183395386,0.0017468568767059194
162.78591442108154,-0.0008980692842695347
162.80253767967224,-0.00020131173712801967
162.80902647972107,0.0025282310605137964
162.8181939125061,0.0032275423934313412
162.83368015289307,0.0008052084869944499
162.84939742088318,-0.001488741731710424
162.86484503746033,-0.0007985007569656973
162.87972712516785,0.0013020393384541077
162.89234805107117,0.001213902970310714
162.90798807144165,-0.0012294236776871819
162.92293977737427,-0.0020671040825067395
162.93475937843323,0.0014448438127967439
162.94472980499268,0.00668089871852731
162.95412921905518,0.008485529965727347
162.9693899154663,0.005338595071120826
162.9845507144928,0.000809324412684214
162.99973464012146,-0.0011776888440527009
163.01823687553406,-0.0006357042216303731
163.03346395492554,-7.447642402735226e-05
163.04868149757385,-0.00027726643709979817
163.06400299072266,0.00035594575465167837
163.0756504535675,0.002356414018428486
163.09153270721436,0.0033358004542010924
163.1074402332306,0.001027830801223277
163.12212133407593,-0.0030035399563289457
163.13759064674375,-0.00471848312889264
163.15275621414185,-0.0027028828920565035
163.16842031478882,-7.390818818886436e-05
163.1836338043213,-0.00033647873922178434
163.1987624168396,-0.002713128544913291
163.20910716056824,-0.0033589502866146364
163.21850323677063,-0.000791482441220906
163.2265169620514,0.002008865217074906
163.23675918579102,0.001747556199426148
163.2518754005432,-0.0006003387890167614
163.2668752670288,-0.0011787355693532197
163.28204202651978,0.0013674933975264636
163.29689526557922,0.004050533136463754
163.3125228881836,0.003719872324854401
163.32576298713684,0.0013056705771229615
163.33524656295776,0.00024262352948458766
163.3426342010498,0.0015273394381738895
163.35813927650452,0.002531256318363125
163.3735549449921,0.0011463914319524897
163.38907623291016,-0.0008609597963951804
163.40412402153015,-0.0002553808611343722
163.41984820365906,0.0028681385221647504
163.43506002426147,0.004857898181775417
163.45063281059265,0.0034410182218125853
163.46609783172607,0.0009698309488281442
163.47650051116943,0.0012692468030541136
163.48638081550598,0.004310517877340817
163.4968559741974,0.006141536674945406
163.51211738586426,0.004308892146292996
163.5281114578247,0.0013218220317738943
163.54336023330688,0.0013139775979476242
163.55894947052002,0.004465857715776662
163.5692446231842,0.006862946876511627
163.5759003162384,0.005887025115072341
163.59137797355652,0.0035826434850632556
163.60691452026367,0.0034368460100804186
163.61316990852356,0.005324221552396417
163.63355946540833,0.005809509004026848
163.6488754749298,0.003269140907007779
163.6643569469452,0.0004516125973817205
163.67989563941956,0.0007351020452774303
163.69216108322144,0.0032590786085474567
163.70146489143372,0.0038169940352539393
163.70965552330017,0.000477944481197019
163.72354650497437,-0.003693015776535657
163.73876667022705,-0.004549519691604026
163.7527289390564,-0.002114549237680237
163.75910472869873,-0.00016557109195998053
163.7749125957489,-0.0010137239390205638
163.79049921035767,-0.00277950376682317
163.80606245994568,-0.002671998794153493
163.81670689582825,-0.0012625505585410505
163.82782769203186,-0.001526126801453522
163.83714270591736,-0.004129297570913803
163.84346270561218,-0.0059775751651086045
163.85911870002747,-0.0043648046768234436
163.87507462501526,-0.0008607965844804816
163.89049339294434,0.0007412535589237245
163.90393018722534,-0.0003977835805495525
163.91379642486572,-0.0012703765474282585
163.92959880828855,0.0002751322739447718
163.94571018218994,0.0020777064530649457
163.96108436584473,0.0006410210232284354
163.97538208961487,-0.0035590888989753254
163.98492765426636,-0.006123615469594081
163.99289083480835,-0.004396247998935685
164.00810933113098,-0.0010334374452866685
164.02335596084595,-0.0004960703840758993
164.03939700126648,-0.003149086417434419
164.05414724349976,-0.004945010020510223
164.0633361339569,-0.0030756690662690923
164.07351398468018,0.0001386813334737576
164.0889847278595,0.00040709088119045235
164.10532307624817,-0.0027017074831213314
164.11159944534302,-0.005223140115457539
164.12690663337708,-0.004144600271509864
164.14021921157837,-0.0011883441948847614
164.15489077568054,-1.631589448701379e-05
164.1700496673584,-0.0011048880513635983
164.1857373714447,-0.0014824303370533326
164.2015678882599,0.0006993035686446583
164.21649885177612,0.0035404043607652484
164.2324697971344,0.004320732881114857
164.24817371368408,0.0034988243613515947
164.25994324684143,0.00393560724986706
164.2756838798523,0.006511095217929097
164.29126477241516,0.008534330900673499
164.30704951286316,0.007375694350180493
164.31916880607605,0.004231695121865995
164.33105421066284,0.0026094873567285206
164.3463490009308,0.0035946421545295574
164.36205887794495,0.004603886920342575
164.3775658607483,0.0033697496472276846
164.39126348495483,0.0013922724455430026
164.40698790550232,0.0018266606006976187
164.4219925403595,0.004752465110412733
164.43752217292786,0.0066390580640076835
164.4491102695465,0.00500497825192144
164.46496438980105,0.0018473857802010962
164.48074889183044,0.0009303893061083195
164.49596118927002,0.002591385505528385
164.51183700561523,0.0033430103737697777
164.52752995491028,0.0009113939311189072
164.54309487342834,-0.002347535952052556
164.54982233047485,-0.0025328446833678296
164.55879831314087,0.0004816228115275597
164.56833744049072,0.002946293874358073
164.57579255104065,0.0024292833858122957
164.58525490760803,0.0008900877539503286
164.59984612464905,0.0013139380452375452
164.61580228805542,0.002889640317105549
164.63170075416565,0.0019031790270681087
164.64769077301025,-0.002690282733497507
164.66301321983337,-0.007006224331398511
164.6781840324402,-0.006865720926256711
164.69393944740295,-0.0031980449035999446
164.70952939987183,-0.000810708758264517
164.72537398338318,-0.002160016489851539
164.74141192436218,-0.004506490785139299
164.75693726539612,-0.0040399650114486835
164.77217054367063,-0.0010317880105727459
164.78742575645447,0.001017024636721132
164.8026773929596,0.0006604153813079576
164.8179371356964,0.0005159238595327722
164.83366417884827,0.003136284060993759
164.8492076396942,0.006765768528491881
164.86460256576538,0.007299902438367183
164.8852140903473,0.003982927633947509
164.90059328079224,0.0008992146694950393
164.91582894325256,0.0019357174372230785
164.93109273910522,0.0058531063017900325
164.94231748580933,0.008008741490632888
164.95255708694458,0.006283730163073422
164.9595983028412,0.003240932303389945
164.9752118587494,0.001991227903205965
164.9912130832672,0.0019791865186306982
165.00676727294922,0.000634432950843138
165.02279615402222,-0.0019475910034437698
165.03886771202087,-0.0026069323047050925
165.05426454544067,0.00013754277003028004
165.07096004486084,0.003217634559802741
165.08557033538818,0.0026280085102217167
165.1009864807129,-0.0011989246979832117
165.1090965270996,-0.0037589942352648223
165.1196482181549,-0.0022216734741277943
165.13310623168945,0.0012528639380658354
165.149151802063,0.002962686334583582
165.16479468345642,0.002761221064325819
165.1804268360138,0.003620649336364804
165.196444272995,0.006596557851470946
165.21174001693726,0.008718852839091068
165.22560286521912,0.00702859916327239
165.23471784591675,0.00303929574202691
165.24963307380676,0.0011145092127943573
165.26532006263733,0.0027878402918554437
165.28093314170837,0.004862553233891008
165.2961175441742,0.003939639410839287
165.3079800605774,0.0010564562228134685
165.3180570602417,2.8357814808689717e-05
165.33405804634094,0.002011747932090285
165.34934210777283,0.004062860702858552
165.364844083786,0.0036251632813375343
165.3856201171875,0.002375017053636845
165.39420914649963,0.003830969257279113
165.40193057060242,0.008097001994938267
165.4170536994934,0.011260071960718545
165.43291902542114,0.010451607368995842
165.4484212398529,0.007611865962785199
165.46392798423767,0.006740765073045096
165.47993159294128,0.008456658756235516
165.49598240852356,0.009417802912069392
165.50679683685303,0.007336327109668273
165.52355408668518,0.004428028554552898
165.53930187225342,0.004322664953301832
165.54937195777893,0.006778759171118778
165.5639832019806,0.007817692265331735
165.5800979137421,0.005265266621935985
165.59235882759094,0.0018955604937976394
165.6081280708313,0.0016348737898784164
165.62336921691897,0.004101710382456037
165.63856291770935,0.005170011265213624
165.6496398448944,0.0027626915921628646
165.65888690948486,-0.0003171268727931002
165.6680645942688,-0.0005270316459274967
165.68383693695068,0.0012380151973855912
165.69982051849365,0.000968627108858532
165.71597576141355,-0.0023306582872418707
165.73575568199158,-0.004481670828355814
165.75132632255554,-0.0014403550312282497
165.76628136634827,0.0048799084215059
165.78180813789368,0.008299508776707092
165.79379963874817,0.0057123413921723355
165.80900764465332,0.0007116988899884441
165.82336330413818,-0.0009645861985440153
165.83937788009644,0.0019721266611512243
165.84976291656494,0.0060279514273819095
165.86003947257996,0.008319105351709448
165.871080160141,0.009745612254203288
165.88657236099243,0.012038470529113278
165.9023358821869,0.013917272064481963
165.91770124435425,0.012536834780405189
165.9336655139923,0.008115467492947448
165.9431598186493,0.004584831423259026
165.9580116271973,0.004802385761103671
165.97369766235352,0.006936067353235077
165.98837041854858,0.007200549443556963
166.00258660316467,0.005172760839470571
166.00972867012024,0.0042496334955975535
166.02556538581848,0.006622943333692039
166.04123210906982,0.009829979533142694
166.0571973323822,0.00977191626806045
166.06858825683594,0.0061134047754097575
166.0810582637787,0.002667750325258875
166.09621047973633,0.0023148655082996187
166.1116464138031,0.003493346207217486
166.12550401687622,0.0029450077737348942
166.13321590423584,0.0006134882689945976
166.14839053153992,-0.0002665219904517401
166.1567108631134,0.002075335166077149
166.1718552112579,0.00518450423820991
166.18729782104492,0.005601829152864141
166.20280957221985,0.0035299311672997106
166.2235598564148,0.002338544824203994
166.23284602165222,0.0036930602322067987
166.248144865036,0.005372847026089417
166.25945258140564,0.004896225103249884
166.26913619041443,0.0035329923135852936
166.28089332580566,0.0046044085908027305
166.29622411727905,0.00829758987117601
166.306813955307,0.01056506229746134
166.32186341285706,0.008144885448030919
166.334942817688,0.0030020777398693265
166.34802532196045,2.5318084056564962e-06
166.36288356781006,0.0008628328954347619
166.37359166145325,0.0024954954912150074
166.38906931877136,0.001711459349131265
166.40515542030334,-0.00047919648457769425
166.42037320137024,-0.0008531450947158101
166.4353904724121,0.0009246104233364715
166.4496419429779,0.0016165176297684033
166.45853853225708,-0.0007774531027304721
166.46823978424072,-0.0036612563556968954
166.4758276939392,-0.0029969720938136943
166.48511600494385,0.0011641339662711112
166.49948573112488,0.0044374281045309345
166.5148844718933,0.0036462015687853825
166.53004264831543,0.0007364554723396124
166.5431683063507,-7.331834213932615e-05
166.55826950073242,0.0021700490264088363
166.5735380649567,0.004418932363858529
166.58936429023743,0.004259137537645471
166.60207533836365,0.0030849859706237686
166.6098017692566,0.0034611432484448344
166.6155948638916,0.004887784777999756
166.63072657585144,0.004415973922161249
166.64612007141113,0.0012894284526959608
166.66207432746887,-0.0013158112128230325
166.67733883857727,-0.0003368631400624978
166.69346141815186,0.0028933343006559034
166.7088179588318,0.004270751060642994
166.7245273590088,0.0023324787388522028
166.734721660614,-6.28451039451311e-05
166.74204325675964,-9.489926825852722e-05
166.7518503665924,0.000847263259371003
166.76733589172363,-0.0007950536072604912
166.78250169754028,-0.005271004400965363
166.79798078536987,-0.00842540245299701
166.81061124801636,-0.0068636063988823885
166.8256049156189,-0.0024776279056089034
166.8400173187256,-0.0001359996242274032
166.8569300174713,-0.0016533457391691448
166.86820244789124,-0.0041664226526706895
166.87609243392944,-0.004814562834907412
166.88298439979553,-0.004909456502444786
166.89830493927002,-0.007773896514380615
166.9135730266571,-0.01359658742370138
166.9307346343994,-0.018890511800497816
166.94628643989563,-0.021435822689349217
166.96171379089355,-0.023593151478488634
166.9770200252533,-0.02907662989082254
166.99222350120544,-0.03757114601770005
167.00261044502258,-0.04475322036998482
167.01824259757996,-0.04779187222283496
167.0335657596588,-0.04878561932287557
167.04873538017273,-0.05154125773855741
167.0593740940094,-0.05637538384546209
167.07471346855164,-0.06011711767626227
167.09011483192444,-0.060954558828118045
167.10538578033447,-0.061099903576755474
167.11627507209778,-0.06361560531253337
167.13548064231873,-0.0680062122039759
167.14228987693787,-0.07078656542595232
167.15635228157043,-0.07019026916033236
167.1713604927063,-0.06836288156313518
167.18696069717407,-0.06794049593203431
167.20294451713562,-0.06795572129631981
167.21181988716123,-0.06510283289328628
167.2264506816864,-0.05874084950219299
167.2420334815979,-0.052476492961040955
167.2577884197235,-0.04982625856933312
167.26965284347534,-0.04979608714550192
167.28519296646118,-0.04839706684713632
167.30005407333374,-0.043892288869390714
167.31596875190735,-0.038535057759648925
167.32541251182556,-0.034701162403939216
167.3345558643341,-0.03127421250154951
167.3422474861145,-0.025613259356447187
167.3566300868988,-0.018176749832640993
167.37224459648132,-0.012784945111988152
167.3831844329834,-0.011656749903975559
167.39193201065063,-0.012091121383310872
167.40179753303528,-0.00976439648970737
167.41335535049438,-0.00443181123813625
167.42911338806152,-0.00020078849492225067
167.44464206695557,0.0001842163351766764
167.45523595809937,-0.0007059275395051466
167.4680461883545,0.0016889330468285342
167.48112058639526,0.007740815922266419
167.49656295776367,0.01301579184816285
167.51205706596377,0.014050753932376748
167.52771377563477,0.01264601740012692
167.54027318954468,0.012964710971338798
167.54998755455017,0.0156862600333475
167.56479358673096,0.01736548822228339
167.58059239387512,0.015699650413433942
167.5921721458435,0.013122859254417583
167.60774660110474,0.013596346002798432
167.62331700325012,0.01712214257157908
167.6379804611206,0.019760903760429535
167.6495397090912,0.01917412199982011
167.6587085723877,0.017868223963928266
167.66834163665771,0.019516121768279486
167.68351936340332,0.0234983275622256
167.69953680038452,0.025355455104106337
167.71451950073242,0.0226194929049094
167.73037481307983,0.018067702935768766
167.7425594329834,0.016099528701842794
167.75176644325256,0.017388851500254078
167.75908160209656,0.019006770457204784
167.77372336387634,0.019247222134053457
167.78915667533877,0.01989015237148527
167.7998342514038,0.02274416076360489
167.80818510055542,0.02588027033313603
167.82278323173523,0.025532242080792737
167.82953429222107,0.02134540656135567
167.84487509727478,0.017464685319450376
167.8607940673828,0.017503048888692273
167.87691497802734,0.020062700678530596
167.8918914794922,0.020920315533420452
167.90662741661072,0.0187958143422533
167.92214465141296,0.016717643658083092
167.9373209476471,0.01734598026493392
167.95318627357483,0.01913679546322484
167.95904159545898,0.01879327788964357
167.97504448890686,0.01627050203284696
167.99115014076233,0.014930368412721919
168.00698161125183,0.01654367515694561
168.02256321907043,0.018464580779056723
168.03694677352905,0.01736346752832319
168.05277943611145,0.014390222314265136
168.06881260871887,0.01416917524570721
168.0813491344452,0.018496342585125083
168.09709405899048,0.02330113891776125
168.1122851371765,0.02331370911926341
168.12516403198242,0.018414598768902404
168.13425183296204,0.013386803954827265
168.150244474411,0.011788362171159588
168.16566634178162,0.012280793326107717
168.18127298355105,0.011768317282663036
168.19696640968323,0.010258834814781747
168.20406317710876,0.010555959691519453
168.21265482902527,0.013632750340971058
168.21968936920166,0.016621875793298234
168.23495602607727,0.01639942269103421
168.25012922286987,0.013640601460665097
168.2658977508545,0.01157151445754195
168.27320551872253,0.011294629357599718
168.28823971748352,0.010516437513037654
168.30343508720398,0.00754939470526659
168.3187689781189,0.004628358591669894
168.33401703834534,0.0053012002562694725
168.35051679611206,0.00920804646404055
168.36510467529297,0.011745763335255415
168.3810920715332,0.009631219597901374
168.39222311973572,0.00508245768646837
168.4079391956329,0.0029370428177204816
168.4233045578003,0.004549641470629632
168.44009709358215,0.00662409865613036
168.45243072509766,0.006233756497699595
168.467955827713,0.004805754431894855
168.48278427124023,0.005605738445286611
168.4980947971344,0.00859761533418956
168.50970268249512,0.01016644271384878
168.52563047409058,0.008098290804763906
168.5409870147705,0.004687622684464886
168.55668950080872,0.0035663947796524885
168.57218718528748,0.004785668684577818
168.58792304992676,0.005096797100930844
168.5967342853546,0.002928168824202128
168.6117823123932,0.0008528802693218851
168.62721800804138,0.0019259795869673822
168.6332926750183,0.005086082203704165
168.6489679813385,0.006291352516316434
168.65970587730408,0.003981035156885981
168.67371892929077,0.0012423110814469922
168.68973779678345,0.001586450318982992
168.70506715774536,0.004203556076376425
168.71872115135193,0.0053251942276708285
168.7349877357483,0.0037093528585223313
168.75049114227295,0.002412995321362976
168.76654887199402,0.004315338429819686
168.775208234787,0.007814652463162711
168.7907154560089,0.008895462682435918
168.80590057373047,0.006651572442040418
168.8219451904297,0.004429903315180379
168.83283877372742,0.005008264723993385
168.84216022491455,0.006656699319880673
168.85235595703125,0.005667824315271143
168.8592827320099,0.0018647537800230963
168.86911725997925,-0.0005990462156818541
168.8832769393921,0.0016133286370877391
168.8989930152893,0.006774386112482023
168.91503477096558,0.010221328189767738
168.9235029220581,0.009712348892105923
168.93877506256104,0.006986583919617469
168.95417952537537,0.004281249639448799
168.96981072425842,0.0014379326068636941
168.9830253124237,-0.0023639258803464075
168.99172973632812,-0.005545951538432773
169.00166177749634,-0.005198138092194746
169.01725006103516,-0.0013647711122095703
169.03261375427246,0.0018755472590967909
169.0478241443634,0.0010174537844451913
169.06299781799316,-0.0023473323982593384
169.07873582839966,-0.003437964038095354
169.0902557373047,-0.00042585258204283494
169.10597705841064,0.0033593031437025886
169.12142086029053,0.004151228209337275
169.13993287086487,0.0029065942760479247
169.15465760231018,0.003771895366043977
169.1677763462067,0.008019597348859039
169.1838731765747,0.011926234157675474
169.19978833198547,0.011545798612279001
169.21578526496887,0.007804062488797171
169.23070788383484,0.005067402005558245
169.24671053886414,0.005390853806174213
169.25774335861206,0.006319621868401083
169.26814007759094,0.004845416771895509
169.28333163261414,0.0016118819084431748
169.29903554916382,-0.00044049516137567406
169.3148741722107,-0.0006210980590129569
169.33033537864685,-0.0013724225372624631
169.3421516418457,-0.004149470386963623
169.35893058776855,-0.006495142150040455
169.373229265213,-0.005074044337470481
169.38882303237915,-0.0007563410640350804
169.40420150756836,0.0016424207703652153
169.41784596443176,-0.0007586157283843587
169.42916107177734,-0.005137673934579057
169.44389367103577,-0.006549236768592646
169.45640468597412,-0.004180045428221819
169.47168850898743,-0.0019448304872634365
169.4845426082611,-0.0028643613795485143
169.50044465065002,-0.005093896070872172
169.51604628562927,-0.004844713281062694
169.53169131278992,-0.0017372082868911771
169.5514419078827,0.0009473350619347169
169.56692481040955,0.001141137508753408
169.5824670791626,0.0008020065768000502
169.59807658195496,0.0026213394191585172
169.60884022712708,0.005470288383459646
169.61855745315552,0.005409841217049499
169.62757802009585,0.0012169817817139223
169.64312410354614,-0.0033024913465843596
169.6587197780609,-0.0037680376392724996
169.67387700080872,-0.000598428303437467
169.68926119804382,0.0019185921106403764
169.70518922805786,0.0014441129423821868
169.72218823432922,0.0003301492817913866
169.7371907234192,0.0018387329602946672
169.75318884849548,0.005382808398604095
169.76846504211426,0.0073417165291469865
169.78419589996338,0.00604861971970627
169.79136848449707,0.0039032627158911543
169.8016791343689,0.0038157815367799216
169.81776309013367,0.005145159399168899
169.8337914943695,0.004899960856015426
169.84241461753845,0.0024321797968061215
169.85802841186523,0.000760192072632178
169.87353348731995,0.002374969147545246
169.8819420337677,0.005418017766699342
169.89718317985535,0.005885162735633263
169.90892219543457,0.0030234366622858637
169.919513463974,0.00039296988409951735
169.93473982810974,0.001032036083466551
169.95595979690552,0.0034290767484963535
169.97202920913696,0.0038501156268787224
169.98577690124512,0.0016434411802551448
169.99256777763367,6.756990192117619e-05
170.00806212425232,0.0016174530286709858
170.02349543571472,0.004537060649097465
170.0401749610901,0.00533831233709112
170.054833650589,0.0035655641182941104
170.06428146362305,0.002030185408529666
170.07572412490845,0.002430960878020907
170.08508825302124,0.0029375627029718412
170.09997367858887,0.001336955923557801
170.11578369140625,-0.0009628917086893134
170.12538528442383,-0.00030510697951471855
170.13481879234314,0.003932139133237601
170.14313101768494,0.0075948599412258904
170.15870237350464,0.0065122542805637635
170.17377543449402,0.0017354300971016935
170.18963527679443,-0.001705899811346112
170.20494842529297,-0.0009245486715635251
170.21582651138306,0.0018307509274704432
170.2313413619995,0.0028740666038310292
170.23982572555542,0.001986263747855341
170.2551727294922,0.001841092056776377
170.2707166671753,0.00331503495367635
170.28537893295288,0.0038008552894070852
170.30031418800354,0.0010638140463233188
170.31575560569763,-0.002978921387786081
170.33565378189087,-0.004211045249799356
170.34268379211426,-0.0015759724434211096
170.3522663116455,0.0015426294934859544
170.3675982952118,0.0017629126183116195
170.38351249694824,-4.9165042855170036e-05
170.3927526473999,-0.00042467797154561635
170.40764617919922,0.0016149610975238213
170.42277359962463,0.003165192886293493
170.4383680820465,0.0016678904175905687
170.44982647895813,-0.0012536830749026015
170.4586272239685,-0.0019037165775697058
170.46861743927002,0.00028758218727072734
170.48382019996643,0.001858288434340294
170.4987850189209,0.00012853647338176288
170.52118611335754,-0.002942799283679901
170.5333182811737,-0.003234158549476173
170.54874205589294,0.00017949577260074163
170.5587067604065,0.004040859924530704
170.5690004825592,0.005226623986157749
170.58369541168213,0.004128834544192732
170.5939497947693,0.002802974343194436
170.60361051559448,0.0012848223820718387
170.6185953617096,-0.002205797988732009
170.63392090797424,-0.007555564040424681
170.64228010177612,-0.011442894991558431
170.65238761901855,-0.011074199419631678
170.66032433509827,-0.008044048639028453
170.67134356498718,-0.006600517606338221
170.68674564361572,-0.008291591947872217
170.70203399658203,-0.010284116721051461
170.71758460998535,-0.009669252246748666
170.7402307987213,-0.007657720580337313
170.75534772872925,-0.0077099067519730904
170.76795721054077,-0.010220603605952533
170.78361010551453,-0.011346587193866641
170.79912161827087,-0.007930276904005933
170.81801843643188,-0.001955929518485263
170.83338403701782,0.0016091462718290264
170.84837913513184,0.0007938755435430989
170.86418843269348,-0.00152364963334972
170.87534141540527,-0.0020353519386681943
170.88439226150513,-0.0012591307126788645
170.89198231697085,-0.0018566710236181533
170.90684628486633,-0.0039527218820149986
170.9221909046173,-0.004581649837544977
170.934574842453,-0.0021649916806118883
170.95056819915771,0.0005723047059932446
170.96018314361572,-0.00022771443085289672
170.9733924865723,-0.004423913239097911
170.9889714717865,-0.007815920895789849
171.00187230110168,-0.00728715845710947
171.00777435302734,-0.004273160437072282
171.02435183525083,-0.0021945784756890047
171.0393705368042,-0.0018095562316619708
171.0552155971527,-0.0009621023572858595
171.07031345367432,0.0013550428287311738
171.07698583602905,0.0028927306607978882
171.08752059936523,0.0012758970865048356
171.10313320159912,-0.00214562355549043
171.11867761611938,-0.0035395631810774186
171.1345181465149,-0.0015440068506959107
171.1403558254242,0.0008830248437781583
171.15560507774353,0.0003793703869670983
171.17159390449524,-0.002443492747533027
171.1876516342163,-0.004082860602051313
171.20306420326233,-0.0030337640721454424
171.21818351745603,-0.0016323105174601209
171.2341811656952,-0.0023813497205464732
171.24918246269226,-0.004087077091022165
171.26415467262268,-0.003405596428392825
171.279319524765,0.0002935938886895013
171.29509377479553,0.0036766391050065787
171.3064866065979,0.003779763527803673
171.32306909561157,0.001964570842040137
171.33825588226318,0.0018496570112025686
171.35394263267517,0.004014595104977021
171.36897444725037,0.005031386493696117
171.38510608673096,0.002429409033981095
171.4001762866974,-0.001305067477578527
171.4157795906067,-0.0015457766784266057
171.4356231689453,0.002359051111692759
171.44335651397705,0.005894031512021236
171.45666766166687,0.004801119335822604
171.4720950126648,2.2826892584209115e-05
171.48706126213074,-0.0040452495182740755
171.49987959861755,-0.005136724849669358
171.50857782363892,-0.00496765203759915
171.51805424690247,-0.005518893772444591
171.53414845466614,-0.005681190942860995
171.55011343955994,-0.00322482557445705
171.5568885803223,0.0009746551912720035
171.56648063659668,0.003033810166454855
171.58614325523376,0.0009143747726193402
171.59272527694702,-0.002640102839923616
171.60815525054932,-0.0034654774857450056
171.62355589866638,-0.001272613441753539
171.63910698890686,0.000309747436550679
171.65321445465088,-0.0010845502481634014
171.6689839363098,-0.0033452964241032866
171.68441820144653,-0.0029959404799440653
171.70016360282898,-0.00021098186478798195
171.71607899665833,0.0012436465373479389
171.7406942844391,-0.0009404309208401376
171.74762058258057,-0.004509559665276594
171.76300287246704,-0.0056135321922290765
171.77826952934265,-0.003580607392770746
171.7934708595276,-0.0010323605175085841
171.8095622062683,0.0002842299150676844
171.82496666908264,0.0015843502129522101
171.84092545509338,0.004086004045523305
171.85709357261658,0.00576512338008597
171.8732144832611,0.0032613497819374525
171.88657975196838,-0.0032082396536252025
171.9019136428833,-0.008951167460455378
171.91791820526123,-0.0097974450706219
171.9337296485901,-0.006729977380912952
171.94925498962402,-0.004190077647754576
171.96505045890808,-0.004508775939926346
171.97532391548157,-0.0058307560564004835
171.9847767353058,-0.005724938643979568
171.9927179813385,-0.004857413088924068
172.00552701950073,-0.005513796368321781
172.02069091796875,-0.0074795775557044576
172.03676891326904,-0.007652484966423475
172.05275678634644,-0.004303285299174701
172.06802606582642,6.706042431263784e-07
172.08374166488647,0.001206635338100131
172.099143743515,-0.0012484181201532648
172.108638048172,-0.003992420310396628
172.12429332733154,-0.004288864574784655
172.13985800743103,-0.0032664249244316506
172.15516710281372,-0.003581458514389006
172.1707043647766,-0.005232660548494833
172.1829686164856,-0.005627768975333749
172.19236040115356,-0.003585194787250601
172.202303647995,-0.001176150217352081
172.20931792259216,-0.0005469424027429439
172.22459721565247,-0.0003903466622019996
172.24060344696045,0.0024334313821599523
172.25001668930054,0.007973071508652056
172.25907969474792,0.011952213879856436
172.26960802078247,0.010519132016676341
172.27602791786194,0.00495590429498184
172.28759002685547,8.452069405807494e-05
172.29972100257874,-0.0014591979992611662
172.31562089920044,-0.0014691673981917649
172.3316445350647,-0.0024063412447250013
172.34679198265076,-0.003475170552897678
172.36303687095642,-0.0022471057463160516
172.3773696422577,0.0007561611848078634
172.39309358596802,0.0016214590178321136
172.4086401462555,-0.0019804630204974935
172.42227506637573,-0.00711584390398336
172.4375729560852,-0.00862984220970556
172.45301151275635,-0.005260725336982909
172.4682092666626,-0.0008656157696225808
172.48342323303223,0.0006367996185425884
172.49908137321472,-0.00038598865459062983
172.50922918319702,-0.0011702252363266553
172.51900601387024,-0.0011761425084906762
172.5266993045807,-0.0023913875079635337
172.53411555290222,-0.005159438387681781
172.5494842529297,-0.006305511507975355
172.5648045539856,-0.0029945222266828473
172.57663321495056,0.0029032145393144493
172.58417081832886,0.006388453271215965
172.6002037525177,0.005179344707696081
172.61553692817688,0.0021640142667946113
172.63066458702087,0.0013158336114044422
172.6426932811737,0.0026680941674629604
172.65463304519653,0.0029790564495510022
172.66299676895142,0.0008198423145607959
172.67054677009585,-0.0011568742416362056
172.68609976768494,4.8348540872908234e-05
172.7020263671875,0.0033159075286072963
172.71630454063416,0.00458799277462971
172.72689819335938,0.002217192749695269
172.73695731163025,-0.0008486697245524096
172.75249671936035,-0.0010154039911468298
172.76717162132263,0.0013514248256521985
172.782466173172,0.002887790882037941
172.79194164276123,0.002142396239721804
172.80221581459045,0.001436232357409176
172.81368613243103,0.0031427345721525943
172.82122921943665,0.005789123859623083
172.83642554283142,0.005679767079226119
172.85161066055298,0.0019895691725665054
172.86675572395325,-0.0017554914863655274
172.8744719028473,-0.002071905942293252
172.88429427146912,8.450977930090264e-05
172.89919781684875,0.0008632317422065808
172.91482210159302,-0.0012415939220185258
172.92966437339783,-0.0036717200511013977
172.9431402683258,-0.003661292221723519
172.9542121887207,-0.0019566178193553352
172.96938920021057,-0.0012805636568338282
172.98481607437134,-0.0021461658929509612
173.00062036514282,-0.0022545308790744276
173.01597476005554,-0.00025168450187512334
173.02498316764832,0.0018627452128047884
173.03989005088806,0.0014658979400719975
173.0557541847229,-0.0006272310697516652
173.07155776023865,-0.0008233852330884379
173.0868091583252,0.0024145571991566446
173.1010925769806,0.00623284728219228
173.10859394073486,0.0069970778182883355
173.11783170700073,0.005042555453634457
173.13268399238586,0.004045187510411534
173.14793014526367,0.00581989236837653
173.1632809638977,0.007643543891763224
173.1812722682953,0.0057872487545802855
173.18980956077576,0.0005014265683408595
173.206529378891,-0.004233736500802498
173.22341895103455,-0.005705326127802959
173.2350435256958,-0.005352454770953224
173.25029301643372,-0.005882434465069064
173.2661898136139,-0.007127715278851665
173.28143525123596,-0.006681915412730999
173.29881882667542,-0.004160395180564908
173.3146743774414,-0.0025186008619269744
173.3301568031311,-0.004167738975197924
173.34156847000122,-0.007389122269001888
173.3509819507599,-0.008356822133243666
173.35853004455566,-0.006108241383154975
173.36553597450256,-0.003581732491707935
173.38139247894287,-0.0034406564032652626
173.39669060707092,-0.004723501573258443
173.4098551273346,-0.004925617025347224
173.4253125190735,-0.004138935912210727
173.440851688385,-0.0049483869465928865
173.456444978714,-0.008124405243077417
173.47194480895996,-0.010538756683411855
173.48561072349548,-0.008808814451573154
173.50033593177795,-0.003955642611709856
173.515789270401,-0.0005624319449988091
173.53114318847656,-0.0012826111192501518
173.54659247398376,-0.003909190468061383
173.55829572677612,-0.004735745986430712
173.57411432266235,-0.0034144109753103226
173.58966541290283,-0.002726989738449819
173.60457491874695,-0.004004031199593744
173.62018656730652,-0.005014026502544893
173.63028120994568,-0.003442734867843428
173.6458203792572,-0.0008651458922189336
173.66103148460388,-0.0011234054583024846
173.67496633529663,-0.004893189598933975
173.6812150478363,-0.007970418662967807
173.69652199745178,-0.006143286083771125
173.71243858337402,-0.0005692829369021942
173.72799849510193,0.0033701560643546067
173.74342036247253,0.0022716248017510036
173.753178358078,-0.001972179450762764
173.7592031955719,-0.005523148256276023
173.7687509059906,-0.007486264204170368
173.7842299938202,-0.009662346267475072
173.79930758476257,-0.012228144261647728
173.81491231918335,-0.012405109624252744
173.83016872406006,-0.008639532390105101
173.84157419204712,-0.004143650941489483
173.85684990882874,-0.003838416097375558
173.8727638721466,-0.008111607337758134
173.88862705230713,-0.011921919827987824
173.8961820602417,-0.010910073966284534
173.91197729110718,-0.006614265485644717
173.92808294296265,-0.0039624902908106255
173.94232654571533,-0.004640171081203933
173.95748710632324,-0.005388285272038835
173.97328543663025,-0.0032363286356491276
173.98533535003662,-1.3423696765879406e-05
173.9920048713684,0.0002576057828239666
174.00760984420776,-0.0027689003759267905
174.02306365966797,-0.005113997298734066
174.03908276557922,-0.004036856687274268
174.05429816246033,-0.001852473040863012
174.0678629875183,-0.0024373263630689326
174.08332109451294,-0.005337599978254243
174.0985391139984,-0.006066150270432511
174.11405611038208,-0.0025085508316083317
174.13540649414062,0.0015643708556213481
174.1435351371765,0.0011934000830002094
174.15908432006836,-0.0030235341207685198
174.1740984916687,-0.005465558860584746
174.18246960639954,-0.0027942800146559975
174.2009916305542,0.0017623695372336375
174.2167930603027,0.0027918383062155473
174.2323076725006,-0.0003579895513515061
174.2482132911682,-0.0033018777822385282
174.26364850997925,-0.0028401591075801202
174.27889132499695,-0.0009119237724659102
174.2939395904541,-0.0012486345062747658
174.3094928264618,-0.003923144939551943
174.32487511634827,-0.005429408096331855
174.3402304649353,-0.003780934178347743
174.35585069656372,-0.0011904470134563015
174.3710277080536,-0.0006906941945120071
174.3874008655548,-0.0017816652841198754
174.40267491340637,-0.001395653156980027
174.41441822052002,0.0012911545650487939
174.42955660820007,0.0031983666713822473
174.44507813453674,0.0013835224376820086
174.45847868919373,-0.0027085149456563657
174.4667510986328,-0.004686514942475507
174.48189187049866,-0.0024984733539633714
174.49723505973816,0.0014056740587359453
174.51271891593933,0.0035290418336628797
174.5240340232849,0.003337069399610273
174.53404760360718,0.002677637464691284
174.5423264503479,0.0023800568785130117
174.5505714416504,0.001366433085519157
174.56596517562866,-0.0008714411463788384
174.5811791419983,-0.0027513021496615676
174.59632182121277,-0.0025417418526532086
174.60859274864197,-0.0007588860622017989
174.62409114837646,0.0006598915671993417
174.6394772529602,0.0011037016802584337
174.65527248382568,0.0017103622672532016
174.6636860370636,0.002802903847178444
174.67870163917542,0.002443845260484976
174.6940679550171,-0.001162504283623272
174.71007752418518,-0.006487427297344316
174.72581386566162,-0.009474157559203528
174.7411584854126,-0.007858373651480932
174.75628757476807,-0.003633062880688102
174.77161478996277,-0.0005247690348966678
174.7822127342224,0.0002355636086332235
174.80196595191956,0.0005227640142857468
174.8176691532135,0.0019344077859300055
174.83325505256653,0.003323672442059799
174.84847497940063,0.0026702369599556847
174.85841917991638,0.0005018564659645705
174.8686282634735,-0.00022812466533734459
174.88461565971377,0.0020297065889752744
174.89937090873718,0.005078616222615886
174.9145953655243,0.0055160596460727285
174.93032884597778,0.0029386010044401387
174.94272017478943,0.00028229155155141787
174.9480860233307,-2.4966708163452755e-05
174.95635533332825,0.001133273810037552
174.97088646888733,0.0013514002979025889
174.98608112335205,0.00022762549539042092
175.0013461112976,-0.00037740369974910654
175.01689267158508,0.0005331554412635552
175.03231239318848,0.0012820910485271267
175.04763674736023,-0.00025483868408585596
175.06339073181152,-0.0034722231643424177
175.0744571685791,-0.0054398857478163845
175.08480834960938,-0.004532268839609303
175.09181594848633,-0.00247367539189356
175.10280179977417,-0.0020668592780150852
175.11804366111755,-0.003628109055560775
175.13241720199585,-0.004760895923547962
175.14807653427124,-0.0034868435139406456
175.15924954414368,-0.00038461149146485274
175.17405033111572,0.002823379363405791
175.18955159187317,0.005706457794928045
175.2045350074768,0.008949988990963938
175.21758270263672,0.012090918798911946
175.2301778793335,0.012894217341066255
175.2454915046692,0.009760166369413596
175.26055645942688,0.0040537240610833995
175.27495861053467,-0.0009591428967120511
175.28309059143066,-0.00336750797384598
175.29802250862122,-0.003912283929284286
175.3131902217865,-0.003962061260197403
175.3249180316925,-0.0033799204221283087
175.3346128463745,-0.0013610501484631644
175.34069681167605,0.0012287885493311229
175.34800386428833,0.0018421192863583048
175.36335802078247,-0.0008770664266421961
175.3790590763092,-0.005058632420193251
175.39180445671082,-0.007315169395289865
175.40783095359802,-0.006221630519782783
175.42195796966553,-0.0033281042985672986
175.43802213668823,-0.0008051810120487779
175.44900178909302,0.0008929291281477745
175.45829939842224,0.0024631062741938487
175.4674015045166,0.003720003549035538
175.4744930267334,0.0034988836939568013
175.4840452671051,0.001774276767835872
175.49918150901794,0.0005887210710628383
175.51478147506714,0.0016662469382243347
175.53086638450625,0.0035103179799889535
175.54269194602966,0.0024956508916702167
175.55868268013,-0.002362964796057813
175.5742483139038,-0.007013562917861944
175.58955597877502,-0.006583747685987099
175.60451912879944,-0.0017582248015590891
175.61426997184753,0.001314494279598066
175.62977504730225,-0.0014776461483041233
175.644766330719,-0.006734394634287758
175.65829801559448,-0.007713852713428301
175.67400813102722,-0.0030253500897285046
175.68889164924622,0.001666272439237173
175.70454049110413,0.0011623441439095436
175.72027921676636,-0.0027357242886339077
175.73444771766663,-0.004315009895233583
175.74997425079346,-0.0019345887551977762
175.76598048210144,0.00028970140573690307
175.78193283081055,-0.0009840616105310368
175.79952335357666,-0.0032925555449302116
175.80638146400452,-0.0020743548303876124
175.82161569595337,0.0023862426664914677
175.8368899822235,0.0049456317068228405
175.84898447990415,0.0027367120794453415
175.85988235473633,-0.0006074714534479522
175.87598538398743,0.00025687175525255547
175.88605427742004,0.005087396739157849
175.90192031860352,0.008311382829225566
175.91742181777954,0.006444651273309624
175.9265856742859,0.0024776931844649568
175.9365930557251,0.001479645402086967
175.95200109481812,0.003876461442635242
175.96724224090576,0.005634034662525676
175.98330330848694,0.00444431192819682
175.99171829223633,0.0027534765530170878
176.0020670890808,0.0036107543904809066
176.00915956497192,0.005889073327494379
176.0158190727234,0.006062293209676629
176.03102350234985,0.003841650414375748
176.03963041305542,0.003140290391079008
176.0550036430359,0.00653786132393196
176.07029032707214,0.011037519145982244
176.08552074432373,0.011533689089139845
176.10100102424622,0.007636569481600235
176.1083652973175,0.004436590451960489
176.11852860450745,0.005890958151510801
176.12477898597717,0.00975206220640063
176.1318814754486,0.01095048962121919
176.14700722694397,0.008670008824140905
176.16252398490906,0.00728955277328164
176.175057888031,0.010023392522290588
176.18284392356873,0.014231942498218984
176.19801807403564,0.014825885873401161
176.2130196094513,0.010863304489828614
176.22821807861328,0.006323207531390984
176.24415254592896,0.004443062158400598
176.25326824188232,0.0037893833047888455
176.2590081691742,0.0013204501510672676
176.26830768585205,-0.0024089936104633035
176.28411722183228,-0.0037035099665576818
176.30016326904297,-0.0012969606032607489
176.3160116672516,0.0012062659476366104
176.3231942653656,3.893924267513605e-05
176.33552026748657,-0.0032507286833023466
176.34258580207825,-0.0035095948805343195
176.35827779769895,0.0010735395820046486
176.37422704696655,0.006253118286620438
176.3898103237152,0.0070958774944631375
176.40605688095093,0.004247573628746152
176.42312264442444,0.0027151596441069717
176.43271470069885,0.005004321274369489
176.43962478637695,0.00799543286351536
176.45481657981873,0.007559674818999926
176.47093200683594,0.0042464318048756194
176.48716068267822,0.0022276959481201367
176.50096035003662,0.003389428012076897
176.51689386367798,0.00512052442556558
176.53290510177612,0.0046704551318111735
176.54194235801697,0.003374094012103831
176.55233335494995,0.004429441255278849
176.56352972984314,0.0075712360156205034
176.57906484603882,0.008772940057548565
176.5949509143829,0.005885562813921724
176.60841917991638,0.0021922975782692226
176.62341690063477,0.0023491326182926912
176.63952827453613,0.005996172520718752
176.6564655303955,0.008075476877601396
176.6723883152008,0.005769148324773217
176.68511581420898,0.0025241427018094314
176.69225811958313,0.003384670136984671
176.70187044143677,0.007939245859440818
176.717346906662,0.010708987449197651
176.73320841789246,0.008574225104716983
176.74847316741943,0.005024311563642338
176.7580921649933,0.0054010309731030975
176.7676875591278,0.009783316989337994
176.77676343917847,0.013239348654837658
176.79237699508667,0.012693358416515924
176.80838441848755,0.010596731034579854
176.82407784461975,0.010635312644679503
176.84047293663025,0.012232970419450845
176.85732865333557,0.011934966911513767
176.87293434143066,0.00928001152359952
176.88959050178528,0.008064649950606047
176.90056729316711,0.010798412861982262
176.90845251083374,0.014467835404211536
176.91848015785217,0.014223632970777094
176.9251685142517,0.010168985035361365
176.94069981575012,0.007561416156032188
176.95627355575562,0.00981182488030333
176.97118091583252,0.013955362538378605
176.98442459106445,0.014950802127402137
176.997323513031,0.012710551544637495
177.01309609413147,0.011873863247633046
177.0279083251953,0.014685882739666601
177.0436568260193,0.017268431778837447
177.0590009689331,0.01485717161569508
177.06946420669556,0.008801641555028196
177.08422255516052,0.005381677998301644
177.09967398643494,0.007781411909034201
177.1155228614807,0.012118573703412669
177.13201522827148,0.012877006011164462
177.1475591659546,0.010157008108695291
177.16281652450562,0.008852006058098837
177.1782102584839,0.011287278004674911
177.19375014305115,0.013894670579666653
177.20841813087463,0.012521317433410851
177.21872305870056,0.008619113924651723
177.22659134864807,0.00737388856888951
177.24179458618164,0.01038338921540098
177.25735473632812,0.013311862223296101
177.27348399162292,0.011932200320453952
177.28908443450928,0.008055397431012183
177.30452871322632,0.006949987596705631
177.3199462890625,0.009894029033853476
177.33526921272278,0.01243124177676912
177.34481191635132,0.010825359978376553
177.359849691391,0.007520149303161383
177.37044167518616,0.007748297886043923
177.38567280769348,0.011994585297481845
177.40049028396606,0.015009730885086593
177.41572070121765,0.012916484389887415
177.43562626838684,0.008518092836585531
177.4434323310852,0.0073851459996908085
177.4528295993805,0.010231895239843934
177.46791100502014,0.012237045798425241
177.48259854316711,0.010095874676765372
177.49862217903137,0.006740537008598126
177.51374292373657,0.007114677620253018
177.5293264389038,0.011090617698698013
177.54448342323303,0.013572374835300324
177.5575647354126,0.011574653420171912
177.56729578971863,0.008223335022525013
177.57987642288208,0.008091404878956345
177.59503936767578,0.010621686671710026
177.6104917526245,0.011041057641514394
177.6257894039154,0.00743437731551418
177.64141154289246,0.0038424231397434106
177.65060138702393,0.00486622229273417
177.66552710533142,0.009293524770745822
177.68069171905518,0.011687346849218268
177.69131302833557,0.009722088286850018
177.70061373710632,0.0070549939626550874
177.70774173736572,0.007886514206374456
177.7198359966278,0.011048700935804656
177.73456239700317,0.011968157073320888
177.7488989830017,0.00953763357173636
177.76429319381714,0.007927543267359416
177.77521276474,0.010649354482336996
177.78530979156494,0.015331334658230285
177.79161429405212,0.016734749911390064
177.80764865875244,0.013847770421707886
177.82265305519104,0.01110470607589491
177.83783292770386,0.012086758366749852
177.85091757774353,0.014663932847211252
177.85892701148987,0.014432517969190956
177.86873364448547,0.011445805470393717
177.88389587402344,0.010447313036040339
177.89907908439636,0.014035496272082655
177.9150161743164,0.018431083854356958
177.92478799819946,0.0181346398056007
177.93459677696228,0.013322764821297833
177.9495987892151,0.009797739217357607
177.96520113945007,0.011440122678552558
177.9810814857483,0.015382351107089751
177.99124097824097,0.016287049676738913
178.00088834762573,0.013570133759079013
178.01412105560303,0.011636608425352236
178.029221534729,0.013271629146273233
178.04459524154663,0.015842732611931202
178.0606017112732,0.015542815029384368
178.0692949295044,0.013181715370185603
178.08422708511353,0.012961582232591933
178.1001739501953,0.016071357138914444
178.11628794670105,0.01860719968835272
178.13213658332825,0.017113404633466556
178.14134526252747,0.013891034505690862
178.15095019340515,0.014260448408884342
178.1589937210083,0.019317954563245338
178.17261862754822,0.02427641580150114
178.18818378448486,0.024801763211766345
178.20398473739624,0.022580963683147715
178.2192234992981,0.022420294489952752
178.22533249855042,0.025020074225658398
178.24106407165527,0.02564523884926491
178.25620675086975,0.020711777136452125
178.27323532104492,0.013196798178323702
178.2847239971161,0.009246688831686476
178.2924575805664,0.010473786111146487
178.29933381080627,0.012369891854877083
178.30608916282654,0.010761904513690967
178.32222747802734,0.007196333277734586
178.33716440200806,0.005937854206213204
178.3527901172638,0.0072044674120309935
178.3683786392212,0.006461898884416429
178.38383769989014,0.0008323335911834713
178.39888286590576,-0.006533470890405097
178.4085886478424,-0.010471203908060252
178.41858386993408,-0.010753612047692136
178.43380331993103,-0.012363292765812882
178.4486587047577,-0.018760423750080107
178.46467471122742,-0.027456252239575585
178.4810185432434,-0.03373056284667919
178.49252581596377,-0.03689286036191143
178.50773930549622,-0.04030740595379645
178.52387070655823,-0.04564450913885458
178.53968620300293,-0.05005607983793309
178.55400586128235,-0.05055432291961379
178.56989192962646,-0.04923110329223547
178.58252000808716,-0.05135395852876853
178.59798622131348,-0.05836285232389087
178.60877203941345,-0.06536522408553419
178.6190640926361,-0.06691261216492553
178.634624004364,-0.06349084127636542
178.6506519317627,-0.0601792899249441
178.66615056991577,-0.05973648149387274
178.67523527145386,-0.05975550935338556
178.68981289863586,-0.05731409629194928
178.69687604904175,-0.05385966514556836
178.71199798583984,-0.05311704487603455
178.7279291152954,-0.0552240362141805
178.74339413642883,-0.05595586777654404
178.74939441680908,-0.05261041453307866
178.76460123062134,-0.04827534442692404
178.77960348129272,-0.048010219338760055
178.79573225975037,-0.05180990173493505
178.8116533756256,-0.05418339986576126
178.82683300971985,-0.05133846679291036
178.84211087226868,-0.04630209482439833
178.84781980514526,-0.0449011982885954
178.86326336860657,-0.04804896742633166
178.8790900707245,-0.050784966835464976
178.8945608139038,-0.04908853230994793
178.90281200408936,-0.0449459914084308
178.91817665100098,-0.04301845239319406
178.93341255187988,-0.044054897697001064
178.94871997833252,-0.04432457268358849
178.96415066719055,-0.041435602146385676
178.97434639930725,-0.03788657018358073
178.98395347595215,-0.037256494705444274
178.99704217910767,-0.03872313873707221
179.0131950378418,-0.0380385966020349
179.0226593017578,-0.03368692438226782
179.03780484199524,-0.0293027053467501
179.04894948005676,-0.028660320692187966
179.05877327919006,-0.030229290569163444
179.06873488426208,-0.029131052600459797
179.07554960250854,-0.023990056162567178
179.09152245521545,-0.01912869326786862
179.1071014404297,-0.018824761884559456
179.12285161018372,-0.02142767009167849
179.13444185256958,-0.021531660841104507
179.14406847953796,-0.017286933330335076
179.15015578269958,-0.012736476174029177
179.16619229316711,-0.012016240593438544
179.18185544013977,-0.013651557679260686
179.19652771949768,-0.012926860095636313
179.2075629234314,-0.00881002753538494
179.2229721546173,-0.005528397962168477
179.23833918571472,-0.006580967073172066
179.25350522994995,-0.009710019784540933
179.269029378891,-0.009968277727220731
179.28513479232788,-0.006548717770381369
179.2920970916748,-0.003728251453669101
179.30782914161682,-0.004653098350835727
179.3155436515808,-0.006905322124909077
179.33068442344666,-0.006242016386115342
179.34535098075867,-0.0031098093666520215
179.3585364818573,-0.002376417679497889
179.37319421768188,-0.006319053959539666
179.38852643966675,-0.010719445732631266
179.40447998046875,-0.009918200943444304
179.41973662376404,-0.004274491597885543
179.43370413780212,9.477420510787426e-05
179.44843316078186,-0.0008997168753096785
179.46446132659912,-0.0043482657727752
179.48231148719788,-0.0046631141294585805
179.49764919281006,-0.0011305518879789265
179.5131797790527,0.0014841603017787391
179.5286431312561,-0.0002649408961903888
179.54187679290771,-0.0038457990744834047
179.5515787601471,-0.004422849639859798
179.55903577804563,-0.0014227103175859005
179.56875729560852,0.0011082684314032934
179.5839171409607,0.00044782874934418734
179.59867453575134,-0.001191839132761971
179.614360332489,-0.00037079492908026
179.62524366378784,0.0021637007856088112
179.64074659347534,0.0024271405924389078
179.6562020778656,-0.0006375855065275217
179.672221660614,-0.0027766420486584438
179.68233942985535,0.00018048485535721156
179.6914803981781,0.006315557353891216
179.7017765045166,0.009560864332024325
179.70949840545654,0.007317113502263997
179.72039985656738,0.003531629654663335
179.7359220981598,0.0032245426977733234
179.75106167793274,0.006147218222545122
179.7670614719391,0.008092047967650087
179.77555918693542,0.007400047766893744
179.78529000282288,0.007075667247721481
179.80125188827515,0.009629380954127778
179.8171899318695,0.012525513484807162
179.8326506614685,0.011309185660291654
179.84785747528076,0.006194343096781749
179.85900115966797,0.0025000054519948465
179.86691975593567,0.003859557460276615
179.88284873962402,0.007500686933241186
179.89849019050598,0.008194272596267477
179.90783596038818,0.005392853702308469
179.92306303977966,0.0036794531500501573
179.93860840797424,0.006097968440340768
179.95403218269348,0.009846428001222377
179.9697380065918,0.010301413109383834
179.98376750946045,0.0075752362708246465
179.99193120002747,0.006381834958319677
180.00124549865723,0.009470681590825534
180.01591992378235,0.013830916188334848
180.03119158744812,0.014889189011529113
180.0415472984314,0.012732596189675621
180.05173921585083,0.011627748399472912
180.05910849571228,0.013621263287414864
180.0746922492981,0.015419649104893728
180.09041285514832,0.013106998182550622
180.10626888275146,0.008027858622725363
180.1187891960144,0.005319430761761393
180.13127446174622,0.006930646411924763
180.14673590660092,0.008927658392588782
180.1618685722351,0.007021095946226847
180.1754014492035,0.0026526013516289166
180.18522548675537,0.0010726137993952072
180.20041370391849,0.004042018342944289
180.21597862243647,0.007315128383181345
180.23162937164307,0.006360821648291526
180.23976302146912,0.002371570644708277
180.2513291835785,0.00038135035122270145
180.2660701274872,0.0023378858533357467
180.2812685966492,0.004819012821514514
180.2966220378876,0.004354807392937334
180.3120472431183,0.0025656725674857357
180.32491493225095,0.0037105614172252043
180.3352246284485,0.008208762566985323
180.34248757362369,0.01158718239303725
180.35804510116577,0.01057650100175057
180.37412667274475,0.007706906243571042
180.38946413993835,0.007705910172002664
180.4053771495819,0.010705480302376023
180.4186534881592,0.011981072308020292
180.4342827796936,0.008711880887481184
180.4494767189026,0.004161644980999947
180.46512961387637,0.003253728344652553
180.47482752799988,0.005757893956975573
180.4854166507721,0.0067494202958553115
180.50089597702024,0.0037029869305162636
180.51615238189697,0.00017447917013770813
180.5320861339569,0.0008413263392646089
180.5417959690094,0.004875067135428251
180.55200839042664,0.006960782769250665
180.5587110519409,0.004496410850925431
180.5689661502838,0.0008664504223672294
180.58468532562256,0.0003679034811317934
180.6003499031067,0.0022278806769376724
180.6150345802307,0.0022762192807474187
180.62323713302607,-0.0003208946278505263
180.63458251953125,-0.0012275254489244052
180.6499183177948,0.003035125669509803
180.65615105628967,0.009589092170779655
180.6712625026703,0.012183694554144952
180.6823709011078,0.008955644770526749
180.69747948646545,0.0045484474715107755
180.7133364677429,0.0037586819481698606
180.7287237644196,0.005409813087996444
180.7397828102112,0.004703172889354296
180.75504350662231,0.0004510114290547313
180.7709255218506,-0.0030695315061356563
180.7860462665558,-0.0021041391868530045
180.80123376846316,0.0013860088831354014
180.8167459964752,0.002687494283008272
180.83174395561215,0.0011414164112664342
180.84182262420651,0.0010135416799897671
180.8515646457672,0.005095871312648574
180.85823154449463,0.010141048326661042
180.86929750442505,0.010889420240056617
180.8838255405426,0.007397698669766634
180.8993902206421,0.005399656090105089
180.9157395362854,0.00880743917306355
180.9247806072235,0.014479770270557435
180.9349036216736,0.016519408275848673
180.94364142417908,0.014220262606435038
180.95958590507507,0.012684441030005354
180.97513723373413,0.015369625834483796
180.99030447006223,0.01906709549246418
181.0059340000153,0.018269035107458545
181.0178153514862,0.01268425839646558
181.03263449668884,0.007466857889424054
181.04869437217712,0.006193648024246899
181.06389904022217,0.006653693060166594
181.0748462677002,0.005074957065415928
181.08512997627255,0.0022505536270002215
181.09282302856445,0.0024968571768780715
181.1079866886139,0.006892465580524561
181.12307572364807,0.010740011795101177
181.1383354663849,0.009400992811877729
181.1535360813141,0.004627630944829628
181.16478180885315,0.0024511805170958027
181.18000292778012,0.005328376172084042
181.19533467292783,0.00922658534475878
181.21135807037356,0.00946820993398079
181.2243175506592,0.007140290767412079
181.23366403579712,0.007359465532044949
181.24892163276672,0.012109318286823134
181.2648365497589,0.017697576540198615
181.280175447464,0.02006545244124293
181.29578471183777,0.020097500085825497
181.30856561660767,0.02142988598801278
181.3174705505371,0.024260621003685673
181.33264875411987,0.024423419479909017
181.34863305091855,0.019325112847052503
181.36419343948364,0.012289211661205637
181.372496843338,0.008804442848855511
181.38565683364868,0.009540759404653563
181.40046787261963,0.009752024000582374
181.4157445430756,0.0059687509221570435
181.4317033290863,0.0007912697851515139
181.4436960220337,-0.0007498436649786169
181.45963740348816,0.0019021343394504783
181.4685938358307,0.004254664356801418
181.48471331596372,0.0031514010622303635
181.4995708465576,0.0010048701798944322
181.5151927471161,0.00196340246960007
181.52428531646729,0.005703445842328579
181.5343942642212,0.007890465232784034
181.54277682304385,0.0065713445363045145
181.55778098106384,0.0050847769436256005
181.57362580299375,0.00717819813050151
181.58928298950195,0.011424455359184554
181.60537219047544,0.013125343952764046
181.62017130851743,0.011121824031074486
181.635279417038,0.009789659344405907
181.64964628219604,0.013161398796341926
181.66531777381897,0.019221752489498714
181.67484951019287,0.022365088178455124
181.68497562408447,0.020705100652277306
181.692887544632,0.018156241770234255
181.7084879875183,0.018596292285836882
181.7225308418274,0.020540382677915695
181.7379901409149,0.01975688493313936
181.7533676624298,0.01571946127128737
181.76861572265625,0.01241286775110283
181.7845950126648,0.012388896885485744
181.7993230819702,0.012853944326305638
181.8080191612244,0.00970474532496283
181.8239095211029,0.00391017780241421
181.83929085731504,0.0009537550206754845
181.85592818260196,0.003659052867082368
181.8712642192841,0.008230427762918494
181.8871510028839,0.009200539027567376
181.89824199676517,0.006652988933740417
181.91400146484372,0.0057846326192086015
181.92263889312744,0.009439059160264378
181.9377861022949,0.014067844733835804
181.94905519485476,0.014814912724577575
181.9590208530426,0.012531460262297879
181.96838450431824,0.0126493114093624
181.97660279273987,0.017313174500248812
181.99131989479065,0.021890719243145042
182.00698971748352,0.020977201013670406
182.02242493629456,0.015655785131585435
182.0381908416748,0.012001279434657659
182.05109357833865,0.01301250355098016
182.06604599952695,0.015046296651642106
182.081618309021,0.013294926692533408
182.0972995758057,0.008466834227095092
182.1078667640686,0.005607314361408545
182.11795473098755,0.007035733029008799
182.1330714225769,0.00930437380379515
182.14844965934756,0.008286116793889159
182.16403031349185,0.005149894352143148
182.17424488067627,0.004762669035873814
182.18485832214355,0.0087042438677947
182.1996476650238,0.012753557125246668
182.2151062488556,0.012522292595072999
182.2308690547943,0.009469167819195757
182.2462682723999,0.008916742634462915
182.2580201625824,0.012763978940326097
182.2683582305908,0.016889802739318206
182.28349351882932,0.01671925800020106
182.299503326416,0.013225659012521417
182.31427478790283,0.011244588535256065
182.3296172618866,0.012715321970712394
182.346604347229,0.01428914573774109
182.35303378105164,0.0123428647569379
182.36895656585693,0.008042072513815019
182.383896112442,0.005311350779096138
182.3994562625885,0.004880747803446217
182.4086163043976,0.0032166845732718888
182.4187808036804,-0.0019518491132056379
182.4300694465637,-0.007501107628785757
182.44534397125244,-0.008484777237746493
182.46100091934204,-0.004776399545886554
182.48536944389343,-0.001455663004620673
182.5015799999237,-0.002154013380854129
182.51670837402344,-0.004488181175094874
182.53284001350403,-0.0038736745818686007
182.5473849773407,-0.0002843192332186305
182.55806016922,0.0015626471389583365
182.5685431957245,-0.001194789463986514
182.5763483047485,-0.005526326773656873
182.5913751125336,-0.00671755979234827
182.60720562934875,-0.004852149872447004
182.6225185394287,-0.004428432567203318
182.6376481056213,-0.007733154719954038
182.6520299911499,-0.011451130653002111
182.6667287349701,-0.011377720375879639
182.6824779510498,-0.00853010646514124
182.69860291481015,-0.007873401537361376
182.71437287330627,-0.011323793116470122
182.7302703857422,-0.014885707981540904
182.74640798568728,-0.014081653739106343
182.762170791626,-0.010201251826452578
182.77758264541623,-0.008649792752786996
182.79402613639832,-0.01162580651266728
182.8087949752808,-0.015263696085041332
182.82479977607727,-0.015143897573544209
182.84081745147705,-0.0123517172186545
182.85616397857663,-0.011579056808464534
182.87383604049683,-0.014140896364049547
182.88970255851743,-0.016005450648436316
182.90623307228088,-0.013653760545253734
182.92167472839355,-0.00929188719948586
182.93464994430545,-0.007922567385512752
182.950053691864,-0.010542662540539474
182.96519422531128,-0.013198246057395335
182.9809305667877,-0.01301450092547084
182.99688291549683,-0.012268253169602405
183.0079698562622,-0.014576912737521654
183.0184726715088,-0.018826082733623527
183.02745842933652,-0.019858446321195038
183.03918933868408,-0.015320880861975554
183.0547513961792,-0.009137753813720218
183.0704698562622,-0.006590195579917064
183.08569931983948,-0.007668283449569379
183.0924823284149,-0.0077854377278398865
183.1020383834839,-0.0046707550321159865
183.1170303821564,-0.0016964045757959713
183.1326155662537,-0.0030085387959815383
183.14811635017395,-0.0073736367555304935
183.1642179489136,-0.009460358188500604
183.1755263805389,-0.006875998208406326
183.1911656856537,-0.0032355984179203746
183.20687246322632,-0.003089949073185505
183.2225570678711,-0.005872157468707079
183.23391246795651,-0.007212378907913186
183.24097156524655,-0.005424771452768244
183.25067448616028,-0.0037356784077291114
183.2658395767212,-0.00515949597737236
183.2812223434448,-0.00766789870029273
183.29643630981445,-0.006956470268992302
183.3125517368317,-0.0030600907014111905
183.3278205394745,-0.0011317515419952955
183.3431766033173,-0.004657634366045259
183.358006477356,-0.010245652212627802
183.3733811378479,-0.011450661734246298
183.38950848579407,-0.006862071868555108
183.40552639961243,-0.0017440698706898143
183.41633439064023,-0.0011554654579787773
183.4245245456696,-0.003855924579724798
183.4348301887512,-0.004924669363192221
183.44234800338745,-0.00300068919684364
183.45795702934265,-0.001973888370555216
183.47389721870425,-0.004990311702635007
183.4893126487732,-0.009463157402180924
183.5017940998077,-0.010300295958834678
183.50791764259336,-0.006907292438835734
183.51613235473636,-0.00414384136348756
183.53162670135495,-0.0058591121815071345
183.5384669303894,-0.009934079837021227
183.55423069000244,-0.011481479656000028
183.56702208518985,-0.00944105786442069
183.58313012123108,-0.007411858219000073
183.59916591644287,-0.008072287596535343
183.6148042678833,-0.009539716166268893
183.62452673912048,-0.008792589103156839
183.6342086791992,-0.006798966657446306
183.6422452926636,-0.0074907721487208175
183.6485240459442,-0.011812506177570452
183.6643776893616,-0.015604403026392244
183.6799178123474,-0.014905239213657894
183.695152759552,-0.011475627311044907
183.70849752426147,-0.010545319361016221
183.71882033348083,-0.013598853805589934
183.734037399292,-0.01624310744456923
183.74888610839844,-0.014345204208903502
183.76507592201236,-0.0100398974115845
183.7804729938507,-0.009123522409200493
183.7915146350861,-0.013142892296225662
183.80172967910767,-0.017007321340921592
183.81892585754397,-0.015690874935051606
183.8346099853516,-0.011152165789904654
183.8498015403748,-0.010000038056864755
183.8651134967804,-0.014926231047109289
183.8747365474701,-0.021506412877625704
183.8846385478973,-0.024496895449905746
183.893119096756,-0.024573014308207138
183.90793561935425,-0.026228447077514747
183.9230794906616,-0.030388915104249053
183.93852615356445,-0.03265139220997049
183.9546217918396,-0.029670073240309958
183.9699456691742,-0.02439177921706357
183.98415350914,-0.022429596134813032
183.9920938014984,-0.024482023526661553
184.0020523071289,-0.025442164159320713
184.01771688461304,-0.021553428909474263
184.02457571029663,-0.015714928518626256
184.0347416400909,-0.013608191861894057
184.0417971611023,-0.01604519173878458
184.0515651702881,-0.018049399144497744
184.0591413974762,-0.015704043485543374
184.06680846214292,-0.011108313816186315
184.0825040340424,-0.008749378836650196
184.097843170166,-0.008809599996706202
184.113477230072,-0.007044267289973124
184.1358287334442,-0.001234311188209636
184.15179347991943,0.005210450175701416
184.1670470237732,0.007718291550020745
184.18204855918884,0.006721787765608983
184.19143676757807,0.006803529612254292
184.2011015415192,0.01014033250810122
184.20931100845337,0.013565850935357351
184.2163050174713,0.013297403516419934
184.23144125938416,0.010455592592044555
184.2466480731964,0.009445600292275973
184.26256036758423,0.011536780303171982
184.28522777557373,0.01291430532911749
184.2931251525879,0.01011536178342438
184.3084704875946,0.005139180737320826
184.32350063323972,0.0028873853165184505
184.33945846557617,0.004549538349720291
184.35494351387024,0.006417823104090203
184.3633818626404,0.005830059454197403
184.37804341316223,0.005537184216435564
184.3936851024628,0.009821985389722945
184.40891313552856,0.017577298151469925
184.42404222488403,0.022390169405233844
184.43928503990173,0.020228997616623064
184.45439052581787,0.014591238228247918
184.47025871276853,0.012060923115578758
184.48609232902527,0.014095169792149372
184.50144219398496,0.01587555866031986
184.50817394256592,0.013420403561284221
184.51822423934937,0.009097958977751612
184.5328495502472,0.00820363214965204
184.5485053062439,0.0116342316262536
184.56403875350952,0.014790911359549507
184.5747272968292,0.013909068374801728
184.5853269100189,0.010798161220424561
184.59309267997745,0.009637397332606802
184.60583424568176,0.010848860213272032
184.6216914653778,0.010936477704753186
184.6380739212036,0.008292091473357941
184.6532289981842,0.006246927696699156
184.6606695652008,0.008640762212015507
184.66738390922544,0.014167321218824223
184.68253588676453,0.017816024326421702
184.69814658164975,0.017624978144121405
184.71389365196228,0.017157402183511514
184.72990250587463,0.020113619406970665
184.74396467208865,0.024835719419883117
184.75993990898127,0.02664911504595429
184.7755343914032,0.024578876847290716
184.79107546806333,0.02252389327193991
184.80752158164975,0.02300251298411217
184.821928024292,0.022613976240747707
184.83703923225403,0.016278765309669336
184.8522322177887,0.004756271580475032
184.86717009544373,-0.005195646410525393
184.8825762271881,-0.008803074623247711
184.89729857444763,-0.008953697672519691
184.9058837890625,-0.012026481565339482
184.91545844078064,-0.019422414122506004
184.9246454238892,-0.02596392254018759
184.9347629547119,-0.027012191107399042
184.94190883636475,-0.024514974268329263
184.9490067958832,-0.023911641294523736
184.96483874320984,-0.026406855569520066
184.98023223876956,-0.027314498186146195
184.99599385261536,-0.022610289646478585
185.0083334445953,-0.014541185405246116
185.0173392295837,-0.008698459293479267
185.02574515342712,-0.006869501676813188
185.03916883468628,-0.005532648244820512
185.05439734458923,-0.0016264520061813567
185.0653600692749,0.0029180502012618246
185.08120608329773,0.004252437263677221
185.0921971797943,0.002580996855691022
185.0988986492157,0.002200563386428082
185.11382842063904,0.005443401354923751
185.12948632240293,0.009261843387181203
185.14493823051453,0.00950030971129364
185.15782618522644,0.006867804388537006
185.16721940040588,0.0060580582458615514
185.17643022537231,0.009126774312662695
185.1911633014679,0.012470028799166432
185.2068486213684,0.011802214900225674
185.2163991928101,0.008241129245612898
185.22447776794436,0.00692015946847695
185.2345032691956,0.009983556009363433
185.2437844276428,0.013713556062495256
185.25586771965027,0.013740800176998491
185.27086639404297,0.010993805326222591
185.28637218475345,0.010139596360841514
185.30151104927063,0.012903207007771556
185.3170449733734,0.015761936981982368
185.3324723243713,0.015140691921711483
185.34809255599976,0.012530231083148064
185.36381340026853,0.012142960563803125
185.37452697753903,0.014516891603569154
185.38361287117004,0.015434133709263874
185.39291095733645,0.0119763105293558
185.4084043502808,0.0071199080627702815
185.42351245880127,0.0060241302271889135
185.4390196800232,0.008940182054177707
185.44884419441223,0.01073687500290206
185.45785546302795,0.007896992241293338
185.46798467636108,0.0032805664990161595
185.4839224815369,0.002014365186674995
185.4993636608124,0.0043482116446660005
185.515392780304,0.005594915363721049
185.53073263168332,0.00320893112613388
185.54136776924133,0.0007677037863057011
185.5526731014252,0.0027845524612295034
185.56182980537412,0.007441567997555475
185.57766604423523,0.0079310362065419
185.5931921005249,0.0013602797139211868
185.6056771278381,-0.0068466796209421055
185.6183478832245,-0.009476803239746028
185.63438773155207,-0.0064108753312471815
185.6504001617432,-0.003955873135469792
185.665952205658,-0.005921090499445133
185.67253351211548,-0.008932954692420208
185.6868932247162,-0.008073921047251298
185.7019965648651,-0.004308959171089999
185.7171287536621,-0.0030435641379032083
185.7324767112732,-0.006103347427560092
185.74117350578308,-0.008755171585281211
185.75106573104856,-0.006082317817240999
185.7589077949524,0.0002269494938905224
185.7744836807251,0.004107548886387737
185.7904875278473,0.0031200209951948964
185.8056507110596,0.001119072256632474
185.8212838172913,0.0022476623892159057
185.8392863273621,0.005056235102969165
185.8558886051178,0.004986465699124636
185.87102127075195,0.0013649972925045654
185.88240933418277,-0.0012813307728629622
185.89121842384336,0.00044771344072617493
185.9018406867981,0.0038600259621256855
185.9084596633911,0.003721303185433079
185.924439907074,-0.0005774441221660176
185.9405202865601,-0.004292653709486513
185.95684599876404,-0.003989793359058876
185.9682948589325,-0.002095937839523447
185.97466826438904,-0.0029593012594819057
185.987380027771,-0.006251953105230767
186.00023555755612,-0.007351390536439651
186.0157372951508,-0.004229518284473515
186.0306663513184,-0.0008545099771925784
186.04162335395813,-0.0019034760933473532
186.05144667625427,-0.006004594409379073
186.0671718120575,-0.007144560791819058
186.08292770385745,-0.002673248275730496
186.09845876693728,0.002948489445316871
186.113662481308,0.0038676838598257334
186.12434482574463,0.00033175692103554416
186.1400330066681,-0.0021050473182912
186.15345430374143,-0.00029976984065588916
186.1687150001526,0.0025787342965891053
186.1842999458313,0.0021113973703712333
186.2001359462738,-0.0008130897271853613
186.21547269821167,-0.0012966004836135045
186.23086833953855,0.002410234656113475
186.2463195323944,0.0062159240195929465
186.2577679157257,0.005808743300974643
186.26826572418213,0.0025473200102657397
186.2769076824188,0.0012432923687906304
186.28907442092896,0.003073855444759676
186.3038685321808,0.0038436549578574953
186.3191797733307,0.00019243631085580446
186.33467936515808,-0.0050796271964070215
186.34956550598145,-0.006351940809447798
186.36485409736636,-0.0027840201528487683
186.3724513053894,0.00042787246709168807
186.3877682685852,-0.000929155936344237
186.4030318260193,-0.004426074405020058
186.4092094898224,-0.004544321231113841
186.41635990142825,-0.000479961849843892
186.43250370025635,0.0026757033773018818
186.44771313667297,0.0009495008846697197
186.4640452861786,-0.003168967163071776
186.4786796569824,-0.004404205522313787
186.49431133270264,-0.001982451078530968
186.5103316307068,-0.00025002120294545814
186.5249240398407,-0.002099069873140537
186.5349841117859,-0.004906286343895635
186.5468831062317,-0.004763032849619726
186.56217122077945,-0.0025552007609781183
186.5782608985901,-0.002748212883952315
186.5939962863922,-0.006490383928311437
186.6080460548401,-0.00919301696168212
186.6174318790436,-0.006557575411815101
186.62496089935303,-0.0008581616901256702
186.64036202430725,0.0014805481653697727
186.65605974197388,-0.0019081267781573992
186.67217874526975,-0.006312156447709802
186.69022297859192,-0.006140968971324306
186.7059004306793,-0.001947406221706308
186.72225379943848,0.000995137252026027
186.73269748687744,8.887530541423511e-05
186.74126410484317,-0.0016424866746024432
186.7518379688263,-0.000751852451935904
186.7590701580048,0.0012207344373894335
186.7723746299744,8.762494094033575e-05
186.7876524925232,-0.004350226925446711
186.8027904033661,-0.007238993469607071
186.81804609298703,-0.00516937389395727
186.83402228355408,-0.0011982458421689387
186.84896755218503,-0.0010308991521407267
186.86428475379944,-0.005324313424593759
186.87896704673767,-0.008718210329532492
186.8911488056183,-0.007020065864231007
186.9069538116455,-0.0026844813697003782
186.92243027687076,-0.0011417854245078852
186.93756079673767,-0.00328486671201711
186.94878149032596,-0.004639416407481339
186.9585974216461,-0.0021700424674221215
186.96841287612915,0.001098330447793702
186.97944831848145,0.00026119251047224557
186.99512600898743,-0.0043915151531031165
187.01177072525024,-0.0074267362426101505
187.02692532539368,-0.005444212270207251
187.04178595542908,-0.0014371861991115265
187.05679154396057,-0.0004643476776669867
187.07283115386963,-0.002896575481755206
187.08908867836,-0.004556169115491433
187.0988392829895,-0.003031133566743784
187.10832166671756,-0.000850894226342658
187.12398552894592,-0.0011752251973104733
187.13942861557007,-0.0027363095065485446
187.1545581817627,-0.0018358845647259811
187.16564965248108,0.0013935193498603696
187.17515230178836,0.0020731063374112074
187.18468356132507,-0.002700446050053944
187.1924147605896,-0.008575837292756038
187.20816779136655,-0.008113403320428198
187.22417902946472,0.0002599641354844532
187.23208355903623,0.01002187361116642
187.2421503067017,0.014015457172736712
187.2518229484558,0.012049381526529738
187.25880241394043,0.009317387074924837
187.26548290252688,0.008667995620577088
187.2810311317444,0.007458047328207143
187.29621481895447,0.0027108959957711106
187.3125786781311,-0.0033834731054439657
187.32505011558533,-0.005764183645499587
187.3405349254608,-0.003406008593973289
187.35676097869876,-0.0009375803893031625
187.37275528907776,-0.002487105932085096
187.38431119918823,-0.006273884418323827
187.39184832572937,-0.007416623426718446
187.40701270103452,-0.0048467798902497704
187.4195182323456,-0.0025555409690585238
187.4355857372284,-0.0035895597416673664
187.4515919685364,-0.00551494073802982
187.46737217903137,-0.003918313476897729
187.47510766983032,0.0009746251729085371
187.4901020526886,0.004036043477133009
187.50510549545288,0.0019505272387366497
187.52055168151853,-0.0022990406645550967
187.53634548187256,-0.0033775090322109074
187.55163621902463,-0.0005326310835933159
187.56765604019165,0.0019487630522834966
187.582953453064,0.0010741842379279908
187.5913314819336,-0.0008403123331187218
187.60601711273196,-2.3688225506416066e-05
187.62232065200809,0.002851067367406876
187.63744473457336,0.0034491034296732044
187.64879059791565,0.00023856493883430384
187.6577842235565,-0.0027497781572638916
187.6681513786316,-0.0011734896332993103
187.67507600784305,0.0034983398898783625
187.6852540969849,0.005649741499345311
187.70037388801572,0.002905490431571466
187.716361284256,-0.0008405184082092092
187.7315001487732,-0.0008744861752620048
187.74726605415344,0.002008391395593964
187.76324915885925,0.002989721924993862
187.77848529815677,0.0001716518458297579
187.78913402557373,-0.0029239865102267176
187.80466294288635,-0.0026076071352306245
187.81662940979004,-0.00021682650840593827
187.83247351646423,0.0002167031833260895
187.8472893238068,-0.0017737462739208475
187.86330938339236,-0.0021989413108593524
187.87863564491272,0.0014392929311080045
187.8949420452118,0.00591831685721744
187.9100787639618,0.006166755861982915
187.9248116016388,0.002165119887306002
187.9351582527161,-0.0007849718862209579
187.94181656837463,0.0009422889238441369
187.95108938217163,0.00458442139224073
187.96679139137268,0.005043554710693833
187.9828746318817,0.002001858092923583
187.99841570854187,0.00019826633417355255
188.00817489624023,0.0026205512921735467
188.0187270641327,0.006261695182341996
188.0348160266876,0.006394689553829035
188.0495491027832,0.0033169969634782633
188.0648934841156,0.0020428802656956594
188.0807476043701,0.005301692345652661
188.09311819076535,0.009594108089887542
188.10313749313357,0.00984085264544648
188.11805653572085,0.006214786678631389
188.1320996284485,0.0037526398336277605
188.1420850753784,0.00544442511407523
188.15154218673703,0.008482496242298802
188.1590163707733,0.008655894929736525
188.17466235160828,0.006326555603970491
188.1900398731232,0.005456649911960265
188.20060539245603,0.00736943049350449
188.2081153392792,0.008539591710157536
188.2186896800995,0.0058228221797581164
188.2266869544983,0.0015943638716022636
188.2364444732666,0.0009991880737301468
188.2510888576508,0.004648214969871027
188.2662272453308,0.007049340436425118
188.28151774406436,0.0035964886208484643
188.29737782478333,-0.0030573484423163837
188.31083416938785,-0.006082092539682946
188.32327914237976,-0.0031192053993735445
188.33896827697757,0.0010040483912335547
188.35497879981995,0.0008716115832499249
188.37069296836853,-0.002773892799972058
188.3866963386536,-0.004987666769796717
188.40268325805664,-0.0038676496555256315
188.4173231124878,-0.002745864650928532
188.4324653148651,-0.004707946428912928
188.44715404510495,-0.007788371277091842
188.45649790763852,-0.007829205591531933
188.47126460075376,-0.004681453211545773
188.48707604408264,-0.002643439398606507
188.502215385437,-0.004475012562058052
188.51455283164975,-0.007608952040077338
188.5299253463745,-0.007955275383954187
188.5450444221497,-0.005732691399907586
188.5607852935791,-0.004867521233459978
188.5731647014618,-0.006840243863838774
188.58302283287048,-0.008038863745716895
188.59634518623352,-0.004803408253663721
188.61241602897644,0.0008577485441678169
188.6283938884735,0.0033146397851935598
188.6442301273346,0.0007372899997482966
188.65650177001956,-0.002345370038087602
188.66626954078677,-0.0010893199772051465
188.6732611656189,0.003213722265885101
188.6888258457184,0.005098281442746736
188.7041110992432,0.0024984020920034338
188.71545672416687,-0.0005591926404896199
188.7393388748169,0.0002502028732589497
188.74602818489075,0.00347469027302052
188.76130843162537,0.004030087409096963
188.77738332748413,0.00046795870932341607
188.7926976680756,-0.002918530758867554
188.8153944015503,-0.002106078965209305
188.83040976524356,0.0010615531634287413
188.84590411186215,0.001615440051232828
188.8607997894287,-0.0013693533818245865
188.8729681968689,-0.003398278969227542
188.88265872001648,-0.0010035203930712144
188.892364025116,0.003120829696648037
188.90393495559687,0.003698727703182969
188.91958379745483,0.000260692008095064
188.93556690216064,-0.002069931244379185
188.9487028121948,0.0003619876438310473
188.96629071235657,0.004586135574899879
188.97334837913516,0.0049200329419757
188.98901224136355,0.0005890294150968848
189.0045530796051,-0.003346480721677927
189.0153706073761,-0.00282273562747137
189.0324444770813,0.0001865251089121999
189.05571222305295,0.001172886154923792
189.07084703445437,-0.00019481213781625617
189.08647513389587,0.00018265319740372695
189.099634885788,0.004359177739985579
189.1161816120148,0.008570114465363442
189.13137197494507,0.00784020078629049
189.14737510681152,0.0027516799955112892
189.1650140285492,-0.0011020792843989366
189.1830422878265,-0.0004019901883925872
189.1977310180664,0.001811349051602892
189.2129111289978,0.0007691689756151227
189.2233738899231,-0.0032413301021898184
189.2326462268829,-0.005370001732226187
189.24851202964783,-0.0030847009696611744
189.26385474205017,0.00037712044425304916
189.2792341709137,0.000781588785286458
189.2896420955658,-0.0010462991589811031
189.29935717582703,-0.0005686362593496714
189.3126230239868,0.00367604655872432
189.3284556865692,0.007562892209876636
189.34314393997192,0.006748668325536203
189.35846638679504,0.002352270702997636
189.38261485099792,-0.0009558582148100319
189.39858889579773,-0.0015430650276998708
189.41398167610168,-0.002623291620428839
189.4295380115509,-0.0068007916778951745
189.4449067115784,-0.011398334687501104
189.45884919166565,-0.011617783077159083
189.47458839416504,-0.007319083748674607
189.48225116729736,-0.0037040390735333844
189.49719715118408,-0.004495551666920813
189.50561833381653,-0.006851786426469249
189.5158214569092,-0.005234795551604873
189.53069043159485,0.0007924787949398957
189.54535484313965,0.0054987489250055656
189.56093859672544,0.004276108300588763
189.57283401489255,-0.0005112060720097989
189.58253955841064,-0.002925966298117033
189.58874917030332,-0.0012426345222074598
189.5945444107056,0.0004972171167327699
189.60421133041385,-0.0011780662836813754
189.6192283630371,-0.004195180359763141
189.63436913490293,-0.004244971017455134
189.64965963363647,-0.0013167113587408156
189.66509890556333,0.00011479118840613677
189.680459022522,-0.002434927406934036
189.6961727142334,-0.0056795867702827425
189.70647883415225,-0.005073461279136627
189.7161204814911,-0.00135714728685711
189.7265543937683,0.0001975402394445492
189.73632502555847,-0.0030058358979661573
189.75204491615293,-0.0072435071310862015
189.76778292655945,-0.007524269983052465
189.7819483280182,-0.004289280092663477
189.80219793319705,-0.0024337480486178726
189.8175623416901,-0.004229758663019287
189.83322072029117,-0.006303255333412315
189.84897756576535,-0.004861464217088004
189.8658950328827,-0.0014664178837393497
189.8809430599213,-0.0009048361945934017
189.89670634269717,-0.004178165580948524
189.9130115509033,-0.006787855332325992
189.93285131454468,-0.004964082995761458
189.94767117500305,-0.001029902779244419
189.9626355171204,-0.0001604403160499065
189.9731843471527,-0.00299982618725476
189.98810410499573,-0.004615666127749649
190.0032997131348,-0.001429986068788633
190.0190312862396,0.0035426476989823302
190.0351221561432,0.004585653333546044
190.0498483181,0.0010140317630827635
190.0658724308014,-0.0019353677453229124
190.0733335018158,-0.00029267837984925035
190.0889174938202,0.0033151130788772495
190.1043350696564,0.0035437898852577936
190.1202614307404,-3.977695714564968e-05
190.13279342651367,-0.002295757939597052
190.14222860336304,0.00021444407673522738
190.15768027305603,0.004254222100033229
190.17333102226257,0.004319846985697714
190.18890595436096,0.0003050716264150228
190.20251631736755,-0.0023408389805208924
190.218008518219,-0.00017984774720909962
190.2336685657501,0.0035610915052600974
190.24902200698853,0.003708606876874736
190.26366257667544,0.00042637177354539315
190.27290320396423,-0.0012516514387983218
190.2828094959259,0.0012170498572161431
190.2971830368042,0.004269207195604316
190.31269788742063,0.0034506480462361557
190.32841300964355,-0.00018569373460692326
190.34440088272092,-0.001704984967175523
190.3650028705597,0.0005075694573631537
190.3802740573883,0.0024213609815896962
190.3950388431549,0.0003407882880538107
190.41004276275635,-0.0033145277267357526
190.4256179332733,-0.0027998327712660306
190.44162154197693,0.003257398717098072
190.45760464668277,0.009875687336136283
190.47338223457336,0.012138692428632658
190.4890055656433,0.011037057764575245
190.49945616722107,0.010796713886152054
190.51616263389587,0.011962445697051245
190.52320790290835,0.010491344752810102
190.53896522521973,0.004294213288711597
190.55374097824097,-0.002402076082671745
190.5653645992279,-0.003779081594796804
190.57290768623352,-0.0001489293223634969
190.5824887752533,0.0021774543828789617
190.59271335601807,-0.0009224867692063602
190.60878229141235,-0.006203028966918836
190.624409198761,-0.007844263179054942
190.6399443149567,-0.005376027085967088
190.6486940383911,-0.003749472161568917
190.66577982902527,-0.005819742746637469
190.6732931137085,-0.008160714603318634
190.68884921073916,-0.006189082492326338
190.70397758483887,-0.001169441770673668
190.7194721698761,0.0010905447104827713
190.7323942184448,-0.0017821923416986869
190.74331092834475,-0.005326734566417603
190.7532227039337,-0.004359722756206268
190.76830005645752,-0.0001197796035881534
190.78218388557437,0.001565242344157483
190.7896430492401,-0.00150614936906153
190.79903531074524,-0.004888442420145928
190.81537866592407,-0.003907641142046222
190.8303666114807,-0.0004440259945828924
190.84634256362915,-0.00045553088010201535
190.86175966262817,-0.005599305973693755
190.876757144928,-0.0106071361268
190.8927173614502,-0.010107308049505584
190.90854859352112,-0.0055274464482402575
190.9244966506958,-0.0027256831282468203
190.94024562835693,-0.0039218664165706334
190.9489300251007,-0.005238007472615703
190.9655909538269,-0.0030053374928214046
190.97269797325131,0.0004451293417473655
190.9888858795166,-5.224500377900795e-05
191.00403571128845,-0.004829625755949107
191.0193762779236,-0.008265614756617806
191.0322632789612,-0.006112318213837174
191.04786586761475,-0.001178600175792865
191.06364154815677,0.0005415032181059305
191.0797071456909,-0.0021087653426446413
191.0947916507721,-0.004357529773456336
191.1119384765625,-0.002555768141931189
191.12782311439517,0.0007942701683364604
191.1431860923767,0.001047753506242143
191.15863728523252,-0.001570713136862268
191.1653926372528,-0.002250400854576346
191.1725149154663,0.001152091556431565
191.18269634246823,0.004482173966891532
191.192081451416,0.002916332342989239
191.20238089561465,-0.0018563927197343122
191.21496081352237,-0.003289671864702054
191.2308883666992,0.0013241009630418354
191.23972034454343,0.006992334534727841
191.2492015361786,0.007474052567625058
191.26482033729556,0.0033592613832869114
191.2800989151001,0.0008888890431430238
191.2961859703064,0.003413639020113722
191.315913438797,0.0072965951394498825
191.3230710029602,0.007503851997840032
191.3387861251831,0.004633476636073817
191.35427284240723,0.0035845905917733616
191.3702726364136,0.006198048254632599
191.38218784332275,0.008621768023588862
191.3979036808014,0.007096387682694787
191.413688659668,0.0036230042525353546
191.4291980266571,0.003159590524686409
191.4450089931488,0.006335589187907409
191.4602303504944,0.008333019456657315
191.46688508987427,0.005786257991818623
191.48210334777832,0.0018534348127647576
191.4975943565369,0.0019639331609578063
191.51497077941892,0.006035544190259677
191.5303180217743,0.008223128409650247
191.54587745666504,0.004793538569795733
191.56148314476013,-0.000759391675343678
191.57289266586304,-0.00247626838932557
191.5822415351868,4.0424457175836526e-05
191.59144139289856,0.0013952697729310492
191.6011824607849,-0.001864149874755392
191.61648845672607,-0.006322587759658356
191.6316134929657,-0.006289038627090359
191.6467890739441,-0.0014265588659125254
191.6658043861389,0.0030095157066104623
191.6728916168213,0.0032659279364285368
191.68890762329104,0.0014471615500890676
191.7053816318512,0.001412912234080902
191.72141361236567,0.0026571982545982665
191.73897624015808,0.0012222127434406006
191.74535989761355,-0.003734007799613943
191.7613787651062,-0.007541446080731641
191.7771656513214,-0.005860670115059278
191.79279732704163,-0.0008331556643763754
191.81594705581665,0.0013925521803060691
191.82268953323364,-0.0012545947288191287
191.83788132667544,-0.004191964327105065
191.8532738685608,-0.002710705189956569
191.86490392684937,0.0015329905891713859
191.87264585494995,0.0030991178380758433
191.88243436813357,0.0005983613108907224
191.8958160877228,-0.0014117088369680086
191.91133761405945,0.0008918499784685277
191.92716002464292,0.004949192795540288
191.94320058822632,0.005331786477428211
191.9637739658356,0.0014867480873336364
191.9790775775909,-0.001290686398987446
191.9947485923767,0.000873269343301683
192.0102686882019,0.005109232597925964
192.0224528312683,0.005908838876206216
192.0322148799896,0.00283593072869512
192.0417401790619,0.0009457946584926405
192.05348348617557,0.003370313025829707
192.06885743141171,0.0066473528403063285
192.08412432670596,0.005489907102457257
192.09814262390137,0.0003132566582437191
192.11554789543152,-0.0031125030708277473
192.1227126121521,-0.00147894026120877
192.13879203796387,0.0016554902874976124
192.15470337867737,0.0009637038770918913
192.16485261917117,-0.0032369862368638196
192.17262840271,-0.005590607773484438
192.1825234889984,-0.0033293603263588626
192.19154858589167,-7.896739850171003e-05
192.20748043060303,-0.0004960253074047108
192.22300815582275,-0.0034632717189417997
192.2369201183319,-0.0036534531805805636
192.2488808631897,0.0006774561220405633
192.2638370990753,0.004796001372010026
192.27916407585144,0.0037712494274298202
192.29462456703183,-0.0008123685716801372
192.3104283809662,-0.0031330009720209103
192.32731437683103,-0.0011605889796100829
192.3337614536285,0.0008799374735360423
192.34899163246155,-0.001029287942477565
192.36441898345947,-0.004640360192975134
192.3799510002136,-0.004501485240286998
192.3954577445984,0.00016850802405025435
192.4102864265442,0.004032988398057727
192.4254734516144,0.0028415563650670723
192.4441111087799,-0.0007584955578800608
192.4505405426025,-0.0010141586433483553
192.4659492969513,0.002807938095743579
192.4810757637024,0.005398000499144195
192.4891631603241,0.0029662659337270007
192.50421619415283,-0.001241014392480433
192.5199503898621,-0.001285543696673346
192.5357139110565,0.003261431661235559
192.54821181297305,0.0066658329405812275
192.56575083732605,0.00483671109994063
192.57333707809448,0.0008343959023758543
192.5848412513733,0.0006082368766233493
192.5981912612915,0.004940252330267213
192.61332750320437,0.008514382517156825
192.62942051887512,0.006989200839069584
192.64683556556705,0.002203423677333443
192.66237783432007,-0.0011672822108949135
192.6780331134796,-0.002128337329945887
192.69278573989868,-0.003723570678443519
192.7157163619995,-0.007191370254492487
192.7321929931641,-0.009011822302703202
192.74770760536197,-0.005748528866565124
192.76606464385983,0.00013093208522174877
192.7815294265747,0.0024334363061798052
192.796959400177,-0.0008304024119837002
192.81220865249637,-0.004713106976638268
192.8277010917664,-0.003907853469112846
192.8393840789795,0.0002741900665222353
192.84885263442996,0.0020598628453080345
192.86547541618347,-0.0007149084699033695
192.88145923614505,-0.003923103392333718
192.8968858718872,-0.0033147851755135006
192.91601014137268,-0.000514085205349608
192.9310085773468,-0.00033442619794730685
192.9386258125305,-0.0034588361858259717
192.9541981220245,-0.0051442051220240296
192.97027134895325,-0.0019264916996588177
192.98235750198364,0.00318962500013568
192.99763178825376,0.0045200416323879404
193.0130515098572,0.0012895262016396959
193.0286328792572,-0.0015145580277815009
193.03952050209045,-0.00011274327346963865
193.04909706115723,0.0031039857607398328
193.06400680541992,0.0034973286420840284
193.072007894516,0.0012278378276758505
193.08756804466248,0.0012035536189473545
193.1028299331665,0.005816861841801096
193.118798494339,0.010806949057947303
193.13213205337524,0.010474699051945494
193.14724731445312,0.005333199661484876
193.16254353523252,0.0015898276742963451
193.1726531982422,0.003056819638094039
193.18245482444763,0.006565913836190643
193.19804191589355,0.006950412191638656
193.2130627632141,0.004277402158226047
193.2288646697998,0.003192937298417472
193.2440702915192,0.005710795994857709
193.2537281513214,0.00800521777490262
193.2685174942017,0.005816533143253743
193.28251338005063,0.0007156228588145628
193.29835295677185,-0.001733262081222463
193.31374955177307,0.0006124613930090978
193.33200240135196,0.0038487967480520537
193.34811568260196,0.003725556695691056
193.36419677734372,0.0014591471914936016
193.3796029090881,0.0014766419868380578
193.39566493034363,0.004590763969414337
193.41117525100708,0.0066322907034357306
193.42712807655332,0.00456919571467659
193.4427559375763,0.001184309951237188
193.46556210517883,0.0013230189548605444
193.48127794265747,0.004866118778396385
193.49681067466736,0.006516587005953405
193.51224398612976,0.003002924610884868
193.53179478645325,-0.0022636282883675527
193.5520031452179,-0.003657887868523612
193.5648989677429,-0.0008084792968015911
193.5803859233856,0.001228822206287437
193.5890073776245,-0.0008459714153680555
193.5986135005951,-0.004176666253029467
193.60837411880493,-0.00416780299454485
193.6238133907318,-0.0012741056236933047
193.63990759849548,-0.000448041671675093
193.65527057647705,-0.003970838411911145
193.6706600189209,-0.007814028692314285
193.6787631511688,-0.0068554003714757705
193.6858685016632,-0.0019092905584349458
193.70149326324463,0.0011387433881038787
193.7168529033661,-0.000995607510204775
193.73262453079224,-0.004930039763837675
193.74796724319455,-0.005526228973814483
193.76324439048767,-0.002787169206165868
193.77887988090515,-0.0012278240445942094
193.78921675682068,-0.002887831247659609
193.7990550994873,-0.004059255546247823
193.8062286376953,-0.0005103403531266158
193.8176941871643,0.006095671152103456
193.8315465450287,0.009788163562548496
193.84755206108093,0.007954091190465237
193.8626816272736,0.004528448590166852
193.8778684139252,0.0043146165951782195
193.89396286010745,0.006429430842900891
193.90933442115784,0.0059868305780932975
193.92497968673703,0.0014181120163313894
193.9387469291687,-0.003061226837647781
193.9476368427277,-0.0032789084242660824
193.9633572101593,-0.0008617788726386025
193.9789845943451,-0.000766585890303719
193.98952984809875,-0.004194225508330051
193.9990768432617,-0.007000594874452018
194.01453065872192,-0.005788054718363748
194.02185821533203,-0.0028763040369443995
194.03752064704892,-0.0029742668365268917
194.04790449142456,-0.006267931970641472
194.065354347229,-0.007850788987539738
194.0725748538971,-0.004517848612402276
194.07846450805664,0.0005241368103384627
194.093936920166,0.0017277635521166389
194.1093339920044,-0.0014542607492569431
194.1218922138214,-0.0040786781991959415
194.1381709575653,-0.002692563591184929
194.1529324054718,-1.3361845835937244e-05
194.1675922870636,-0.0007927021243150987
194.1828064918518,-0.004755511949757347
194.19826316833496,-0.006672546803259361
194.21560311317444,-0.0036154086962274204
194.22289037704468,0.0007431841726303627
194.22980666160583,0.0009179015767276503
194.24496030807492,-0.003037262800958846
194.26019382476807,-0.005706159636790406
194.27541422843933,-0.0036228151311277685
194.29667258262637,0.0004223764810918826
194.31270599365237,0.0016765002622336942
194.32195830345157,-0.0001889786874037739
194.33720898628235,-0.001572659401406082
194.34827041625977,-0.0009992723148888613
194.36524415016171,-0.001465670356275404
194.374826669693,-0.005547445501544236
194.3860034942627,-0.010564018396922017
194.4015896320343,-0.011270755189758473
194.41648983955383,-0.006797412065820859
194.43191409111023,-0.002160827679600117
194.4389772415161,-0.0018731431734485657
194.44882440567017,-0.004171224285433076
194.46454524993896,-0.00379231083811886
194.4800934791565,0.00048637315444863705
194.4954941272736,0.003993797588266411
194.50548028945923,0.002635012384850353
194.51962900161743,-0.00128935780436758
194.530353307724,-0.002069132305236696
194.54599523544312,0.0017420111084263251
194.5620923042297,0.005619444870788526
194.572541475296,0.005531636098383152
194.58243012428284,0.003306311670773363
194.5915186405182,0.0033681037233557875
194.60740995407104,0.005730553345319647
194.62292075157168,0.00554412493552864
194.63153076171875,0.00016077636711423534
194.6386275291443,-0.006241796810048208
194.6488916873932,-0.00735105607397324
194.65795636177063,-0.0026589977043079646
194.6717972755432,0.0020546217562009642
194.68737125396729,0.0022051427532564253
194.70288276672363,-0.0003646403342810792
194.7156500816345,-0.0010424425286557105
194.7308783531189,0.0008347790041132114
194.7467849254608,0.0017658864903716607
194.76225519180295,8.627681080610643e-05
194.77244901657104,-0.0010948177975317244
194.78228950500488,0.0014553507000704849
194.79210352897644,0.0057191954674569384
194.80730080604556,0.006533260029516807
194.8229093551636,0.0026223798585314254
194.8385660648346,-0.0013312044086800912
194.8539426326752,-0.0007634812423720021
194.86917090415955,0.002770111374354012
194.88494181633,0.003897206010263687
194.8979516029358,0.0007948131939626369
194.9158511161804,-0.0025440714853463935
194.9310512542725,-0.002068291759458496
194.94667148590088,0.0007727934041739846
194.96219325065613,0.0013729497155889952
194.98301196098328,-0.0013151656671380589
194.99765586853027,-0.003287689312802022
195.01372385025024,-0.0013065390375047127
195.0292842388153,0.0022929075787126445
195.04536032676697,0.0027383630470912794
195.06090569496155,-0.00043043172273669883
195.07239747047424,-0.002587706817933989
195.08209681510925,-0.0004930464077766185
195.0991063117981,0.0030200313897994764
195.11443209648127,0.0028480662566012756
195.12252259254456,-0.0012655851193724968
195.13210797309875,-0.004266412924464809
195.14880800247192,-0.002721556883464963
195.165509223938,0.0005033670383416417
195.1809573173523,0.0003588661348393955
195.19613552093503,-0.0032937238727397777
195.2150812149048,-0.005576394444976663
195.2303762435913,-0.0035237716524788945
195.23838305473328,-0.00015587500801880197
195.25407195091248,6.0624660340087306e-05
195.2654366493225,-0.002211060378501028
195.2812111377716,-0.002100150404912729
195.28692817687988,0.0022269261178174894
195.30227255821228,0.006370554952732116
195.31776928901672,0.005387761044405234
195.332932472229,0.0006160224823605173
195.34837341308597,-0.001914170219255069
195.3642780780792,0.0006238823611129179
195.3796858787537,0.004445306848037104
195.3955774307251,0.0046573669629484254
195.41104793548584,0.0018057758135865628
195.42694282531735,0.0005319840334732152
195.4425346851349,0.0026679725542152664
195.45867681503296,0.004716233617639814
195.46577048301697,0.0031620678373379214
195.4735975265503,-0.0001696151692050958
195.4885766506195,-0.000547134312063964
195.5034739971161,0.002810941105403652
195.51942324638367,0.0053096574373967175
195.5347352027893,0.0032306418694966893
195.54157543182373,-0.001075615127269499
195.55727624893188,-0.0024280878279831523
195.57201838493347,5.239235990811249e-05
195.5877594947815,0.0019531088653259392
195.60353255271912,3.438738353726562e-05
195.6191885471344,-0.0030663653256649322
195.6343231201172,-0.0025647569664052077
195.6482574939728,0.0015877387657090096
195.66565418243408,0.0044283991406130485
195.6738786697388,0.00277853499788999
195.6846208572388,-0.00038048832645098474
195.6998541355133,-6.673606010255398e-05
195.7158370018005,0.003793254642361183
195.7314863204956,0.006288694592104602
195.73905611038208,0.004354637987383587
195.74855089187625,0.0010004983687176665
195.7637095451355,0.0010613870570148052
195.77222561836243,0.004430087969378067
195.78745317459104,0.00626324641716108
195.80346870422363,0.003851292006289483
195.81878113746643,0.00043279391825912705
195.8376121520996,0.0005493653540812105
195.8530342578888,0.0035345155405964944
195.86903858184812,0.0044207651705215996
195.885041475296,0.0010624069530748808
195.90120673179624,-0.002607726582812796
195.9168829917908,-0.0019277236956984677
195.9323902130127,0.0019239181509606894
195.93917417526245,0.0033294135314612867
195.9491994380951,-0.00028676205650811316
195.9576451778412,-0.005154573050268563
195.9689245223999,-0.006343518918656852
195.9814405441284,-0.004024446589530671
195.9970052242279,-0.002258779403472096
196.01237034797668,-0.0025363222596584897
196.02176213264465,-0.0016287225930081163
196.0374863147736,0.003135066015223037
196.0530548095703,0.0090161605547877
196.06827211380005,0.010882103745202423
196.08395862579343,0.008187416374536297
196.09355926513672,0.005965179467523446
196.10002613067627,0.008035832110218227
196.11553382873532,0.011700022091023894
196.13151335716248,0.011415850064450506
196.14641880989075,0.0065235577394832985
196.1623020172119,0.002345657994100849
196.1716680526733,0.003136018512637227
196.1872248649597,0.0066120921468493426
196.1978061199188,0.007436217319033271
196.21538400650024,0.004517257757792048
196.22230339050293,0.0019872035693900727
196.2325134277344,0.002933632620969389
196.2483251094818,0.005099404024813278
196.26437091827395,0.00454561794468698
196.2816982269287,0.0016674138931091452
196.28857350349423,0.000685488830904456
196.30527925491333,0.0033284221838066185
196.3204128742218,0.0059661523739519984
196.3312909603119,0.004625630130662895
196.3391501903534,0.0009097242808179867
196.34871244430545,0.00018428108856584802
196.3572804927826,0.004183084965200335
196.37232327461243,0.008314947600297464
196.38824701309204,0.007704038352699533
196.4033846855164,0.00380286398692923
196.41440677642825,0.0023812909789288944
196.42231845855716,0.0055348109140731854
196.43872475624084,0.008726358835450684
196.45405387878415,0.0070283964468468955
196.4693055152893,0.0020230125507165134
196.4810960292816,-0.00013318197643898046
196.48868584632876,0.0031616676206042823
196.498482465744,0.007675241051444073
196.5117404460907,0.00814802784917898
196.5269358158112,0.005048887776425275
196.5424942970276,0.0032465967014370374
196.5581698417664,0.004972414411481142
196.57234239578247,0.007081959255891321
196.58184242248532,0.00612798146750022
196.59135580062863,0.0036200390010753423
196.60703682899475,0.0037932434228647397
196.62260460853577,0.007135761011070756
196.6383843421936,0.00917463132163521
196.6482186317444,0.006590878681882748
196.66338658332825,0.0021298061511681563
196.67931962013245,0.0011656895996984677
196.69529843330383,0.00444024651050357
196.71520113945007,0.007033825378397204
196.72257494926453,0.005074739762996303
196.73836016654968,0.0009178202695974446
196.75313210487369,-0.0003258739154291539
196.7643916606903,0.0020567524164497174
196.77227926254272,0.0035528587073075384
196.7826306819916,0.0009404295345282298
196.8013560771942,-0.003129041969771744
196.81437516212463,-0.003919197871003251
196.8299210071564,-0.0013106263027872038
196.83900380134585,0.00016665080863608784
196.8485984802246,-0.001964947844150451
196.85811471939087,-0.004285791732565331
196.87384462356567,-0.0020596230528094634
196.8899211883545,0.004189659675401875
196.9050455093384,0.009322802220263592
196.92030930519104,0.01034125032357059
196.93576550483704,0.009614998168764613
196.94771122932437,0.010314960810806153
196.96303963661197,0.011100922747002178
196.98296332359317,0.008059079532033012
196.9985785484314,0.0011562552380034964
197.01375317573547,-0.004402887712157566
197.02219223976132,-0.004444637582819957
197.03861212730408,-0.0011602129368745912
197.0535538196564,0.00011671917631800679
197.06885290145877,-0.0016636262407183217
197.08096623420715,-0.002053683743924067
197.08899688720703,0.0021050184552992394
197.10435223579407,0.007419001343700843
197.12035393714905,0.007798892816676751
197.13526940345764,0.0024309362534749553
197.14768362045288,-0.002939456111945732
197.16520619392395,-0.003187101776039155
197.1725492477417,0.00016581883612726885
197.17849779129028,0.0018551159786062905
197.18894028663635,0.00020350730261879495
197.205224275589,-0.0013179005113784742
197.2206847667694,5.404790118289588e-05
197.23137640953064,0.001958200965825206
197.2390236854553,0.0004503437471293371
197.2489483356476,-0.0036824997122743585
197.2586076259613,-0.005265571100069138
197.27379250526428,-0.001739681617360708
197.28841352462769,0.002930535850793856
197.2984840869904,0.003195016429036173
197.31594491004944,-0.0009581977551859819
197.32327103614807,-0.004568929203708836
197.33527374267575,-0.005041870780349498
197.34796833992004,-0.005792404863602748
197.36306381225583,-0.011067947726091884
197.37861323356628,-0.019410154187720883
197.39676451683044,-0.025182112984792088
197.41210389137268,-0.026191165723315167
197.42772507667544,-0.02679998275757685
197.44383692741397,-0.03212428620195072
197.46031594276428,-0.04123995329174243
197.46673607826236,-0.04864283256360431
197.48283171653748,-0.05178953382895851
197.49869394302368,-0.05423367094029571
197.51485323905945,-0.060098571520988776
197.53036856651303,-0.06771269387667839
197.54579496383667,-0.07140460869145432
197.56140780448916,-0.06907379485610565
197.57204937934875,-0.06502627861611116
197.58220720291135,-0.06406094285325217
197.59229135513303,-0.06498991589634398
197.6075315475464,-0.06262167283070522
197.6144573688507,-0.05537557991288812
197.6295409202576,-0.047766709464457976
197.64452409744263,-0.04427284885930993
197.6581599712372,-0.04327521997483701
197.67396187782288,-0.03957120007814558
197.68934655189517,-0.03178848593239496
197.69780206680295,-0.024227237986244578
197.71295738220212,-0.020723613301507703
197.7223384380341,-0.019417669427414987
197.72877311706543,-0.015778770021931975
197.74420475959775,-0.009287210577921404
197.7590367794037,-0.004047870730342859
197.77166843414307,-0.0025685510473045323
197.78752541542053,-0.0019008075116582375
197.80319714546204,0.0020758540969075265
197.81834077835083,0.008315601734082394
197.83361148834229,0.011555439777803635
197.8493995666504,0.009662565912805928
197.86472010612488,0.007127437033171441
197.8797166347504,0.009414473370032633
197.89488077163696,0.015592869899295357
197.91482281684875,0.01935604658549516
197.93015432357788,0.017180824912186688
197.93842124938965,0.012637851716773875
197.9539201259613,0.011252669877087763
197.96956419944763,0.013277247766714882
197.98564624786377,0.014270190105449165
197.9954564571381,0.012185067737561693
198.01035857200625,0.010576946498559416
198.02581405639648,0.013285093721168326
198.04124927520752,0.01827592337743033
198.0490655899048,0.019683867451654145
198.06518125534055,0.015520246285123055
198.08089518547055,0.010418072309374657
198.096554517746,0.009586998685709863
198.11235070228577,0.012294691853941223
198.1279857158661,0.013689518235882972
198.14152574539185,0.012041100125216482
198.15205025672915,0.011026429878435162
198.16758227348328,0.013953591194906188
198.1836373806,0.01842065361758813
198.19125986099243,0.019306525388196598
198.20595788955688,0.015997677096279257
198.22176814079285,0.013516283715267233
198.23113012313843,0.01574708009381149
198.23897743225095,0.02017221066572037
198.2489283084869,0.021447257742774194
198.2583074569702,0.018702998000376937
198.27413082122803,0.016274920947757877
198.28928303718567,0.016990121555863765
198.30459189414975,0.017804152920226655
198.314327955246,0.014269406296592083
198.3224971294403,0.007607846016109048
198.3319320678711,0.004104324000044298
198.3419570922852,0.007119149272118459
198.3572418689728,0.0125307889453672
198.37255001068115,0.013987655142680418
198.38095927238464,0.010895745977469265
198.38880848884585,0.00833392068420049
198.4044725894928,0.009406073185071147
198.41945791244507,0.011037772839670196
198.43466639518735,0.00907502597287941
198.4496500492096,0.0051077157844498875
198.46493577957156,0.004894557215919552
198.4722864627838,0.01027311376895653
198.48723673820496,0.01594043386758735
198.5031192302704,0.015932336680696803
198.51913213729856,0.011138640548335351
198.5320839881897,0.007702545812541932
198.54171800613403,0.008738491349542583
198.55708765983584,0.01082198134111006
198.57066321372983,0.009686929305257467
198.5867042541504,0.006620420732631553
198.60243034362796,0.006393238127967602
198.61737322807312,0.009869907208195292
198.63278794288635,0.012119783103374934
198.64774298667908,0.00903066194639744
198.665549993515,0.0032199950183758766
198.6741092205048,0.0007851894960899167
198.68503165245056,0.003218182659087801
198.70038104057312,0.005670285324904944
198.71575546264648,0.003947069489449914
198.73109412193295,0.00041893216494042493
198.73889923095703,0.0005806150941031858
198.7484519481659,0.005135868432640378
198.75806951522827,0.008741949744908276
198.77371406555176,0.007162622736691354
198.7889063358307,0.002839443797441046
198.798725605011,0.0012620515108747125
198.8150324821472,0.003459571759125164
198.82274985313416,0.005150808986234144
198.8319878578186,0.003392038749075738
198.84733963012692,0.0008705276815805583
198.8629624843597,0.001579320472598067
198.8721148967743,0.0043197645780229735
198.88190698623657,0.0039039435759971814
198.8916501998901,-0.0011682804540164076
198.90703082084656,-0.005572751367658479
198.92276072502136,-0.003676524685984159
198.93831419944763,0.002823825704376985
198.95514512062076,0.006702902734475973
198.96224451065063,0.004231209467071549
198.97771096229556,-0.0006361239309242244
198.9933729171753,-0.002186610269665599
199.00906682014465,-0.0004574081120670326
199.0220820903778,-0.00012268219973299624
199.0323655605316,-0.0029740147231450045
199.0476529598236,-0.005056216147728074
199.0630207061768,-0.002538625032542573
199.0786108970642,0.0022570456981827447
199.08868288993835,0.0035213348410421293
199.0985083580017,-0.00028294464383814017
199.11177372932437,-0.004489245752958202
199.1277647018433,-0.004784476210349867
199.14338302612305,-0.0028833601004286174
199.15906524658203,-0.003331317322661086
199.1721155643463,-0.006270374000807685
199.18212747573853,-0.00688082818663777
199.19169282913208,-0.002578374676220028
199.2070670127869,0.00238558023304931
199.2226390838623,0.001962537497466529
199.23110675811768,-0.003599953751609164
199.25512433052063,-0.0078486665086855
199.26838088035583,-0.006523923780687108
199.2810616493225,-0.0028836964587153065
199.2971503734589,-0.0027403601855868803
199.31546998023987,-0.006182168907868825
199.3222024440765,-0.007475590828910965
199.33826112747192,-0.0032033550899995635
199.35344910621643,0.00275803488539165
199.3645875453949,0.004329189394208579
199.3723375797272,0.0012375369857797439
199.3819983005524,-0.0011207591442344293
199.3915500640869,0.0005377135169057573
199.40706396102905,0.003079061293006683
199.42260885238647,0.002018263513986327
199.43762111663816,-0.0015698103566849342
199.4532880783081,-0.0023383983627428377
199.47174215316767,0.0016103015601732938
199.4873604774475,0.005609374432986105
199.5032386779785,0.004541587960298667
199.5153260231018,-0.0002222616304931183
199.5222671031952,-0.002722303814859892
199.53184819221497,-0.000496092263430413
199.54815006256104,0.0023778200026407987
199.56423830986023,0.0013502686176772773
199.58018970489505,-0.0021185619294971708
199.5887761116028,-0.0028056815378784197
199.5984218120575,0.0006073109212287528
199.6084690093994,0.0034531087205824595
199.6239080429077,0.0016506922454502357
199.63904452323916,-0.002353638801086036
199.65488123893735,-0.002788436861717457
199.6702070236206,0.0014614342733565
199.6883466243744,0.005234815547982573
199.69815349578855,0.00407838905715316
199.71285772323608,8.261610325543522e-05
199.7219879627228,-0.0014364294078158574
199.73168110847476,0.00048299992464993606
199.74266266822812,0.00136381261598637
199.75803542137143,-0.0018960524078097639
199.77363753318787,-0.006214008302446919
199.7813503742218,-0.006587227039882175
199.8027868270874,-0.003424224977489349
199.8131992816925,-0.0022972671233291737
199.8285961151123,-0.006176588978853423
199.84326362609863,-0.011101587031283538
199.858971118927,-0.011568440457289348
199.87204813957212,-0.008145322039529335
199.88170909881592,-0.006585293690045488
199.89143419265747,-0.009643758594645911
199.9069962501526,-0.013034377418337243
199.9229907989502,-0.011123528913127807
199.939514875412,-0.004396895394022073
199.954993724823,0.0015428725514138705
199.97057127952576,0.0037208221811559994
199.98656487464905,0.005282820632464276
200.00242829322812,0.009999007889998074
200.01741933822632,0.01581356533129086
200.032598733902,0.016838693899727454
200.04776239395144,0.011261158197163829
200.0630567073822,0.004132019664564019
200.07899403572085,0.0009868528629815754
200.09773445129397,0.0010606322005911203
200.1130063533783,-0.000560820978951757
200.1221752166748,-0.005147019484894368
200.13758087158203,-0.008165056274390695
200.1535029411316,-0.005946234942597732
200.16873383522037,-0.001646727518106287
200.18095803260803,-0.0017307118475491197
200.18881845474243,-0.007483243071850169
200.19855284690857,-0.0131930826047119
200.2069444656372,-0.013547330441823487
200.22174715995789,-0.01010876302791329
200.2310140132904,-0.008209226058370775
200.2465488910675,-0.00908534929959915
200.26195979118347,-0.008545855494868462
200.2807981967926,-0.0038097859824398326
200.29596090316767,0.001703944249294033
200.31182527542117,0.002863524428213593
200.32731175422668,0.0002674866402598945
200.33949208259585,-0.00024640753424563734
200.34863018989563,0.004252119791326395
200.3586914539337,0.009382337770562108
200.3702917098999,0.009281722361447548
200.3862671852112,0.004820675784189045
200.4021863937378,0.002708027920225023
200.41820001602173,0.006409938212582694
200.4341058731079,0.011203499823367751
200.44865369796756,0.010204418749607102
200.464079618454,0.0032771739865293586
200.4792287349701,-0.0031090312169497376
200.48878502845764,-0.004545203474462393
200.4987654685974,-0.0038651947000100054
200.5082037448883,-0.0061259564167580865
200.5183229446411,-0.011016162247029084
200.53383803367612,-0.013556546425954327
200.5476124286652,-0.011767341361799497
200.5554089546204,-0.009921005578114553
200.56535363197327,-0.012490739128314284
200.57221460342407,-0.01751709512590008
200.5883636474609,-0.019067875940043142
200.60489892959595,-0.015365300880530088
200.61449646949768,-0.011019334093269374
200.6220781803131,-0.010327503838723683
200.6383559703827,-0.011361851379257224
200.65204310417172,-0.009260449619972267
200.66687297821045,-0.0038220512900002286
200.6826457977295,-0.00030786477736965674
200.69773483276367,-0.002114622895010268
200.70554637908936,-0.0057572363778719375
200.7149350643158,-0.005499201810969825
200.72223472595212,-0.00124354482037333
200.73692440986636,0.0014948408712609702
200.7522072792053,-0.0004265360818828303
200.7690804004669,-0.003135212248819763
200.78839564323425,-0.0011297687248967817
200.8051061630249,0.004766548951275032
200.8209240436554,0.008112087091300348
200.8309051990509,0.0054355769866854305
200.8387820720673,0.000882311847198898
200.85453128814697,0.0005143097020142346
200.86957430839536,0.004257995370035647
200.8847143650055,0.006659991288583812
200.8976263999939,0.005076047567649293
200.90533828735352,0.0034563448264387205
200.91522669792172,0.006359281596224266
200.9223415851593,0.011922785443670912
200.92835879325867,0.014051319809318341
200.94358158111567,0.010874541623309215
200.9589550495148,0.0074858764818454245
200.9745798110962,0.008951794580123745
200.9886908531189,0.01327702296349669
200.9982802867889,0.014129840908593686
201.00672912597656,0.009552225251558036
201.0228428840637,0.0046034548279217345
201.03820538520813,0.004382090809363216
201.04739260673523,0.007217314016875542
201.06531596183777,0.007447432489989914
201.0808506011963,0.003717965978961702
201.0960962772369,0.0010144175342027726
201.11124968528748,0.0035120723242999157
201.1263957023621,0.008346560964934554
201.14820313453677,0.009221885699416229
201.15841102600095,0.004933697223287273
201.17453694343567,0.0008905498560058633
201.1902754306793,0.0015510472779416617
201.20521211624143,0.004492127430775323
201.21493768692017,0.004384479324024618
201.2221643924713,0.000978786377398018
201.22873902320865,-0.0004342536054751324
201.243882894516,0.003248188649753571
201.25987887382507,0.008171680672995774
201.27549839019773,0.008768751945112695
201.28882789611816,0.005793153669742717
201.29878950119016,0.005622555696750324
201.30877780914307,0.01130360936302835
201.32441782951355,0.01757601000765821
201.34031343460083,0.01709307988468073
201.347501039505,0.00978732804164603
201.3645408153534,0.0028474843259634506
201.3781943321228,0.0015416505213065434
201.39401936531067,0.0034752886911942186
201.40976333618164,0.0035373450093252007
201.42038702964783,0.0016319173429569702
201.4316828250885,0.00204913088974489
201.4474046230316,0.0060975774881431915
201.46216297149655,0.009414899707104013
201.4773406982422,0.008163761719115852
201.4934642314911,0.0050241880307653015
201.50859832763672,0.005951272125578552
201.52074480056763,0.011927840581164062
201.5371029376984,0.017283101225078742
201.55296444892883,0.017075967563849322
201.5654363632202,0.01339275289814674
201.58067989349365,0.01195951611821297
201.5959928035736,0.014013514971650357
201.611971616745,0.014924682983720511
201.63119792938232,0.011396905552747687
201.63807678222656,0.006802439664789703
201.6510021686554,0.006784519821297622
201.6661570072174,0.011232415939661641
201.6816098690033,0.014178562524119198
201.69715094566345,0.012039634754455901
201.70502638816836,0.008628845289036239
201.7204303741455,0.009730032538412765
201.73622632026672,0.014736464431317571
201.75220799446103,0.01713542388037117
201.7680685520172,0.013368056793377929
201.7832751274109,0.007891852602015243
201.7987258434296,0.007404608349209583
201.8138825893402,0.01206587281887342
201.83232927322388,0.01562429418077678
201.84716629981995,0.014060642853660325
201.86276841163635,0.01075822962613359
201.87876629829407,0.011294195492607934
201.88872003555295,0.015437343496826142
201.8984541893005,0.017592441608428537
201.9138395786285,0.014843857434580363
201.92916131019592,0.0110932053459262
201.94495368003845,0.011500637522276683
201.95532774925232,0.015213841295962155
201.9653327465057,0.016650057736651833
201.9720904827118,0.013372352357371569
201.986841917038,0.009352531193453063
202.00188207626343,0.009134768356936683
202.01677060127255,0.011409565334087365
202.03280329704285,0.01127169151255535
202.05282950401303,0.007854297829317652
202.06434035301208,0.006093265605955887
202.080361366272,0.009679527507238946
202.0959827899933,0.015147562832008968
202.11336708068848,0.015907073192693598
202.1286051273346,0.011075395334091413
202.1444408893585,0.006926399254543306
202.1603484153748,0.008788539561398022
202.17217564582825,0.014347873691095959
202.1818914413452,0.01722942742919852
202.19863080978396,0.015527836903769385
202.21420979499817,0.013529251893869063
202.2293698787689,0.014865357184969017
202.2454845905304,0.01731836613277598
202.2608413696289,0.01659342508955007
202.27598571777344,0.01315072015864717
202.29128527641296,0.011839900489945758
202.3051838874817,0.014744409239750414
202.31527733802795,0.017703292224795695
202.3219771385193,0.015826425815585098
202.3283703327179,0.010375492156887232
202.3442506790161,0.0072300645097633275
202.3597903251648,0.008948561859416487
202.3753387928009,0.011502023946166416
202.39714241027832,0.010228586787967212
202.4124710559845,0.006555411693175032
202.4280335903168,0.005943482718545615
202.44405889511108,0.009967795964616472
202.465744972229,0.013828585848251841
202.48159003257751,0.012943255060622973
202.49697303771973,0.009367442777655681
202.5118200778961,0.008924744064397841
202.52758741378784,0.012990410974974545
202.53891253471372,0.016490859020393413
202.5492899417877,0.015033120930008038
202.5645442008972,0.011177658873046607
202.58056473731995,0.010887002589655954
202.5961558818817,0.014966035994005271
202.60552310943604,0.01758398021660887
202.61520624160767,0.014197389747531205
202.62245965003967,0.007897088172113497
202.6322059631348,0.005295592664462952
202.6474635601044,0.00774969732863826
202.66327214241028,0.01014548968546369
202.67229557037356,0.008646856132858195
202.68830823898315,0.006246533710212146
202.7038335800171,0.008299659522874986
202.71880984306333,0.014448748140674433
202.7344205379486,0.018412253727528572
202.7484397888184,0.016112377274294654
202.75814962387085,0.011026024533231
202.7717084884644,0.009496836366091391
202.7870411872864,0.012555205092029245
202.7976155281067,0.015368258029459111
202.8149991035461,0.01459117395688666
202.82192301750183,0.012965097305517202
202.83753514289856,0.014793766663107607
202.85301518440247,0.019134418841732052
202.86415600776672,0.020773060870899664
202.87237286567688,0.01772524703813176
202.8820743560791,0.014386054341250577
202.8915400505066,0.015466254790211853
202.90680837631223,0.019079679141424173
202.92255330085757,0.01892418626500587
202.9380238056183,0.012926561284729226
202.95269107818604,0.006506072032638446
202.9652373790741,0.00577556811976838
202.97219109535217,0.009803618851888697
202.9869170188904,0.012367241153610252
203.0017099380493,0.010564114302719436
203.0141203403473,0.008367119156785667
203.02185153961184,0.010491433543002075
203.03177165985107,0.015447575533789086
203.04116988182068,0.01754844232719128
203.0568051338196,0.014904343844543581
203.0640435218811,0.012039929785041967
203.07942605018616,0.013435325861988348
203.09906363487244,0.017164574112704063
203.1148142814636,0.01769573053809559
203.1217656135559,0.013949822159185318
203.1317405700684,0.01119446533039417
203.14729356765747,0.013928747361502344
203.1650023460388,0.019559029734335584
203.18040084838867,0.02160876604321738
203.18866276741028,0.01796542797255717
203.19828867912287,0.012846021744777156
203.2054662704468,0.010205477600843085
203.2209453582764,0.008273243278659989
203.23626518249512,0.002888270377296773
203.2523229122162,-0.005571898466052932
203.2626676559448,-0.01205352789748149
203.2774829864502,-0.013935351689512075
203.29327178001404,-0.015120649738323161
203.31489777565,-0.020911199970371008
203.33022546768188,-0.030678866573431066
203.3459553718567,-0.038721745193937784
203.36195063591003,-0.04215850605661951
203.3777108192444,-0.04470662931750834
203.3933560848236,-0.051043530398408324
203.4089481830597,-0.059810549216309544
203.4218988418579,-0.06525359677732046
203.43736362457275,-0.06531654601840148
203.4524974822998,-0.06479215833474075
203.46842885017395,-0.06887767115709853
203.48384618759155,-0.07598309153979904
203.49937796592712,-0.07992264924080396
203.51482939720157,-0.078496387948874
203.5294587612152,-0.07635085944818126
203.5449378490448,-0.07809035610885741
203.55511713027957,-0.08154337390656277
203.56476712226868,-0.0808944747022314
203.57456612586972,-0.07528078899813073
203.59015440940857,-0.07056547744256358
203.60567045211792,-0.07153506212637864
203.61465716362,-0.07524016747967932
203.621990442276,-0.07472561812365906
203.63164401054385,-0.06811341784117181
203.6417257785797,-0.060767289963015676
203.6547794342041,-0.05790660571720327
203.6701216697693,-0.0580081986993321
203.68598914146423,-0.055801806191430825
203.6975643634796,-0.05011964019101716
203.7052705287933,-0.045368615578865804
203.71481084823608,-0.044867643063487075
203.73027992248532,-0.04601163442717617
203.74618792533877,-0.044357462159653194
203.76130032539368,-0.04051164775229902
203.77190709114075,-0.03945051055382541
203.7814381122589,-0.042962578981708896
203.79121232032776,-0.04620437736541542
203.8060460090637,-0.04375007930966884
203.82144379615784,-0.03690252343930477
203.8363981246948,-0.03197863099750184
203.84737300872803,-0.03182981445939616
203.8552143573761,-0.032306332818406704
203.8716716766357,-0.028449541063924506
203.886976480484,-0.021658750711553737
203.90263152122495,-0.017880527243708075
203.91436958312988,-0.019525278204037717
203.92206525802607,-0.022463082570433154
203.93146777153012,-0.02207934622373417
203.94119095802307,-0.019558153844776882
203.9479732513428,-0.01944393407812611
203.9634115695953,-0.02222082432430092
203.97830486297607,-0.02296607621439347
203.99360346794128,-0.018419264186253465
204.01469469070437,-0.012404470491922247
204.03022384643555,-0.011391453030229128
204.04598593711853,-0.01582992912770138
204.0550012588501,-0.019207276100512694
204.06505179405207,-0.016427841891043224
204.07194209098816,-0.010337783306013388
204.08842301368716,-0.0077117785943564
204.09902930259705,-0.010314173919540853
204.11415219306943,-0.013096257611170174
204.1298143863678,-0.011550452421422382
204.1384968757629,-0.007762571018256593
204.1479206085205,-0.006942603997616633
204.15537071228027,-0.009757157888809471
204.17027497291565,-0.011509699385109423
204.1850433349609,-0.009152569743354499
204.20038104057312,-0.005784583933525933
204.2215747833252,-0.006016705847142047
204.2287242412567,-0.008979685844872867
204.24405980110168,-0.009329981633550628
204.2545895576477,-0.005036087791478676
204.26964950561523,-0.0006892194972122319
204.2807047367096,-0.001232476007550724
204.28858876228333,-0.0047378508956799435
204.298773765564,-0.004585244074389874
204.313414812088,0.0015705453032864563
204.32938861846924,0.008281301376710282
204.34495210647583,0.009236081891794961
204.36442494392395,0.005377279571158914
204.37446975708008,0.0032858735953402163
204.3833224773407,0.006203821556951313
204.3982462882996,0.009987634812361638
204.41343712806705,0.009224371338594812
204.43026661872864,0.004667188026631654
204.4385757446289,0.001702816088994544
204.4481506347656,0.002492672803716598
204.46385431289676,0.0032515713866549003
204.47142243385315,0.0004408218976258353
204.48717832565308,-0.0033565693533036014
204.5026834011078,-0.0027480000027041715
204.5178592205048,0.002406664260663688
204.53384852409363,0.005859918581185901
204.54960799217224,0.002991901625124377
204.5647752285004,-0.002827484682184944
204.57991743087769,-0.004408224496339413
204.59513401985168,9.729062201717376e-05
204.6111319065094,0.005355647623840658
204.6265845298767,0.006440930116492185
204.64182806015012,0.005147752539786039
204.65741324424744,0.006595499049971376
204.6695022583008,0.011442481702566685
204.68464851379397,0.014886704538556483
204.700097322464,0.0136421526074449
204.71512293815613,0.010642161787818615
204.73046684265137,0.010625012039248762
204.74595093727112,0.01304902785205189
204.76152420043945,0.012770449981004175
204.77667593955996,0.007719409140445341
204.7830455303192,0.0025101963254238664
204.798036813736,0.0024926856133595096
204.81399822235107,0.00641115009937251
204.8224494457245,0.008085330070666997
204.8317949771881,0.004969414712272846
204.84756898880005,0.001696018371426244
204.86281180381772,0.0036021746176670985
204.8780937194824,0.009242433582020801
204.88913536071777,0.012354498412407697
204.89938831329343,0.010511363180420313
204.90827751159668,0.008308137630342983
204.9236490726471,0.010597807003160879
204.9392192363739,0.015323239802536127
204.95471358299253,0.016196569140157848
204.9650673866272,0.01167440280934633
204.98003435134888,0.007614741949976413
204.995552778244,0.0095985067443511
205.01101446151733,0.015359423730295363
205.021377325058,0.017797279446627352
205.03671836853027,0.014445097397392363
205.04532432556152,0.01040962396142285
205.0614721775055,0.011044828705854725
205.0766217708588,0.014846088954274392
205.09228491783145,0.016274476196134997
205.11023926734924,0.013888842779724138
205.1213252544403,0.01193894103292143
205.1371989250183,0.013543495278620669
205.1527669429779,0.015890006540048685
205.16352891922,0.014633706704409635
205.1713104248047,0.010887092282281196
205.1859838962555,0.010171559444010487
205.2009334564209,0.01436326246388966
205.21513104438785,0.018158793519950797
205.2304794788361,0.015628673785075885
205.2459933757782,0.008184197730716453
205.26150131225583,0.00293267006424215
205.2770907878876,0.0035390746278011675
205.30239582061768,0.006032068999539673
205.3139464855194,0.0050009461213740385
205.32927680015564,0.001173330182423776
205.33835697174072,-0.00023109644085767542
205.34847688674927,0.002382208342537457
205.35527443885803,0.004344199705734489
205.3712408542633,0.001465500034856685
205.38587617874143,-0.0035764485619727824
205.4012532234192,-0.004589320250206301
205.41459846496585,-0.0005023271393856427
205.42142391204837,0.0028152872017809787
205.432776927948,0.0002676510540122767
205.4477219581604,-0.005789358902441776
205.4628591537476,-0.00902144485165355
205.4698703289032,-0.007695043769283489
205.4815673828125,-0.0063598809530375
205.49678945541385,-0.008628450542415515
205.5116963386536,-0.011693045378722667
205.5214951038361,-0.010533125844870546
205.5364170074463,-0.005706189831636201
205.55148816108704,-0.0033034935500722337
205.5692868232727,-0.006702850876983292
205.58414697647092,-0.011576149894569888
205.59930038452148,-0.01140304454778486
205.6055283546448,-0.006144491285865699
205.6214644908905,-0.0021636546657387685
205.6362338066101,-0.003552436103466127
205.6515221595764,-0.00690058641179123
205.6640636920929,-0.006522869544924802
205.67182302474976,-0.0024678880213635777
205.68155789375305,-0.00010852910080664597
205.69103908538816,-0.002354140131535155
205.70127868652344,-0.005785805981762723
205.7165150642395,-0.00599876353537089
205.7306411266327,-0.004176779515041257
205.7384970188141,-0.005318031298163989
205.74848580360413,-0.010634825144950804
205.75542306900024,-0.015125997527056236
205.7714376449585,-0.014096048267140107
205.78655409812927,-0.009666783911620676
205.79748368263245,-0.008100522807714599
205.80526089668277,-0.011471969374881425
205.81525349617004,-0.015118547507076878
205.82211184501648,-0.01427322364859291
205.82840943336487,-0.01053871390744062
205.84370183944705,-0.00922351716231403
205.8597466945648,-0.011458037556388585
205.87015748023987,-0.012327975764473935
205.8814158439636,-0.007743873481363699
205.89720129966736,-0.00037184207413462275
205.90454053878784,0.003837856598395105
205.9202401638031,0.0037787898302064017
205.93622875213623,0.004605791193081934
205.952262878418,0.010437776295458891
205.96422219276428,0.018576218769601097
205.97876405715945,0.023325912657846327
205.9879574775696,0.023958275736579673
206.00370693206787,0.025549999901745193
206.01830792427063,0.03153260054203241
206.0333743095398,0.03843136713552162
206.0486228466034,0.04014206572354748
206.06395602226257,0.03584810264765233
206.07174921035767,0.030838259237193712
206.08148097991943,0.029447746271781195
206.09116315841675,0.03003395451796774
206.10286164283752,0.028603921077416904
206.1181588172913,0.025362220800234037
206.13306522369385,0.02454698918186409
206.14849162101743,0.02787560819811047
206.163768529892,0.0313484397096287
206.1788477897644,0.030429734111366437
206.1878859996796,0.026474416372742955
206.20311093330383,0.025172514800828414
206.21854877471924,0.02889816880297127
206.23655676841736,0.03350540612535696
206.25267839431763,0.03403106400234879
206.2679262161255,0.03137807473842866
206.28404426574707,0.030712914309431204
206.29987740516663,0.03395118038827902
206.3159818649292,0.03696914521596836
206.3217959403992,0.035396638305169724
206.33004546165463,0.030675117441227417
206.34503293037412,0.027819756602802333
206.36017870903012,0.02825170896810316
206.371835231781,0.02809090035191946
206.38796734809875,0.02441680806171567
206.4028735160828,0.020402111421164264
206.41896319389343,0.02150417450801602
206.43086791038516,0.027610048213406995
206.43847155570984,0.03227748187053924
206.4481611251831,0.030722473443094
206.4565770626068,0.02591715135448186
206.46633458137512,0.024435675165265295
206.481769323349,0.027667848572825757
206.4969840049744,0.03032657666493863
206.5123860836029,0.028020626180978683
206.53031730651853,0.023221763532820502
206.54574966430664,0.021513934553690713
206.5615940093994,0.02376543977572829
206.5717167854309,0.02537454395990896
206.58170866966248,0.023396249998715552
206.59257221221924,0.02103617332765375
206.6083002090454,0.02285122368883578
206.62327241897583,0.027512816884877847
206.6381549835205,0.028809175813619935
206.64847135543823,0.02401127180233748
206.6637983322144,0.01803883206351555
206.6793553829193,0.017321768044622085
206.69492316246036,0.02147607968862082
206.7050542831421,0.024077458737382665
206.71471500396729,0.02140750266388894
206.7295160293579,0.017193970119321084
206.74557185173035,0.017057519983405222
206.7644350528717,0.020640593714661704
206.78016066551208,0.02236426958342687
206.79487419128415,0.019449647331090468
206.809903383255,0.01570355613507167
206.82177472114563,0.01581641444409515
206.83161616325376,0.018499357845812706
206.8382697105408,0.018357063987022856
206.84802675247192,0.013804076114662157
206.86317777633667,0.00962430247212816
206.8787670135498,0.010421083847959573
206.88941550254825,0.014249019132782769
206.89887976646423,0.01544233179533909
206.91492009162903,0.012505189515685716
206.9307975769043,0.009822162170006803
206.9464168548584,0.010953432084630427
206.95492720603943,0.013321773157219354
206.96500277519223,0.011968980279089166
206.97380352020264,0.006955631399739828
206.984756231308,0.003673776608869668
207.0002145767212,0.005411884894539447
207.014107465744,0.008653803101560074
207.0296332836151,0.007908757059911129
207.03812527656555,0.0034102046800932886
207.05362200737,0.0008214239747193371
207.0694510936737,0.0032835855491175235
207.0848639011383,0.007014724958235385
207.09734320640564,0.006680895680636209
207.10529398918152,0.0028596562168558826
207.12073040008545,0.0009531142889343889
207.138032913208,0.0031922562856898174
207.14722299575809,0.0053000003421360565
207.16257286071777,0.002692748428956542
207.1779794692993,-0.002629360648453764
207.1970534324646,-0.004489298535466665
207.21300411224365,-0.0010932009002174716
207.2286512851715,0.002226010174011307
207.2442402839661,9.151987954341464e-05
207.2642319202423,-0.0056422266945626584
207.27396774291992,-0.008370203079707221
207.2805373668671,-0.005503653285265869
207.2899715900421,-0.001534858122132186
207.30452513694763,-0.0014916016166665502
207.3193862438202,-0.004168494939277161
207.33492398262024,-0.004517754484390197
207.35103964805603,-0.0014605057901954017
207.36679244041443,0.00026810955584464233
207.3816041946411,-0.003010873859016147
207.3946831226349,-0.008194145230152883
207.40444993972775,-0.00923686278453845
207.42065834999084,-0.0054332108261800054
207.4313642978668,-0.002536067320014971
207.44867062568665,-0.004980584638556706
207.46321320533752,-0.009917318208484894
207.47897839546204,-0.011292938808268232
207.49450945854187,-0.008205235262286666
207.50965332984924,-0.005843150557429277
207.5251636505127,-0.0078580315212434
207.54729104042053,-0.011131445728973587
207.56433129310608,-0.010398241302260965
207.57993865013125,-0.0060215213003490045
207.59599423408508,-0.003661468490189791
207.61175274848935,-0.006230863223082219
207.62163162231445,-0.009693305134340184
207.6313579082489,-0.00883321460864012
207.6377136707306,-0.004815162754842988
207.64407348632807,-0.003647934341991417
207.65213704109192,-0.007508822939594936
207.6679532527924,-0.011135797319172351
207.68331217765808,-0.008663570153882956
207.69739484786987,-0.0017752914113867762
207.71517610549927,0.0019807545414487764
207.7310881614685,-0.0014538707877164861
207.74616980552676,-0.008050805882468218
207.76448321342468,-0.011520663831606978
207.7821900844574,-0.01110401220382196
207.8027291297913,-0.010916845912076822
207.8143126964569,-0.012839883766490342
207.8295691013336,-0.013815902184473169
207.83836126327515,-0.011299357478089444
207.8479883670807,-0.00820526831773001
207.85534596443176,-0.009341641648819421
207.87127304077148,-0.014106050034239773
207.88682866096497,-0.01630724154865629
207.9026429653168,-0.012108870877871969
207.9177885055542,-0.005303112333627017
207.93158507347107,-0.002441916680696562
207.94733953475952,-0.004345136153451742
207.96294498443604,-0.005590051796421598
207.98187279701236,-0.0025970830865261647
207.9975378513336,0.0009912071471341525
208.0129795074463,-0.0007436613259698644
208.0289621353149,-0.007470868722240922
208.03825664520264,-0.012412314078358584
208.04802227020264,-0.01095632316387651
208.05507683753967,-0.00634438934488567
208.0646767616272,-0.004794799281531893
208.07933378219604,-0.0071111085080363306
208.0947151184082,-0.00839767499681229
208.1050307750702,-0.005716699877641411
208.12044858932492,-0.0024080099527775825
208.1365098953247,-0.0030561334525145588
208.15197443962097,-0.006711075215477973
208.16398787498477,-0.008271306696882752
208.1716823577881,-0.005937484222270176
208.18146586418152,-0.00384233219302162
208.19102692604065,-0.005971033419757609
208.20651817321777,-0.010138715645529421
208.22117948532104,-0.010844747954005352
208.23787093162537,-0.007104215609846759
208.24766778945923,-0.004079131235743719
208.2641448974609,-0.00603564280589338
208.27912783622745,-0.010503664509094165
208.29441261291504,-0.011872947673315955
208.3095736503601,-0.009316190510501605
208.32567620277405,-0.00782532675516269
208.33252453804016,-0.010910669421354166
208.34788727760315,-0.01533255201308815
208.3632049560547,-0.015420775951864262
208.37195682525635,-0.010994943811493747
208.3866364955902,-0.007708071658409236
208.40192937850952,-0.009226330509111409
208.4175310134888,-0.012183946240858431
208.4303243160248,-0.011032908048432672
208.4384560585022,-0.006032215940645876
208.4480860233307,-0.003144878244196558
208.4564108848572,-0.0058465085852667485
208.46728801727292,-0.01016231606323995
208.48058819770813,-0.009880902298138365
208.49558663368225,-0.004867210484951079
208.5107729434967,-0.0011407453197063422
208.5266706943512,-0.002768653287804166
208.5418906211853,-0.006796654991544862
208.55707263946533,-0.007917699727526383
208.57212162017825,-0.0059009165556138206
208.58785724639893,-0.005268500858443931
208.59852695465088,-0.008060619681800638
208.61262392997745,-0.010406786406968557
208.62752985954285,-0.00801421229716778
208.6385817527771,-0.0027604301607804887
208.6547040939331,-0.0008129548970038877
208.66924023628235,-0.004593044852125032
208.6842610836029,-0.00962443953938755
208.6971628665924,-0.010574746567474662
208.7050964832306,-0.008079897768691162
208.71472597122192,-0.007062757994185633
208.7237832546234,-0.009327328972188891
208.7349538803101,-0.01111467295475559
208.7475266456604,-0.008942819000585257
208.76295399665835,-0.0050769681612756485
208.77810263633728,-0.00456245101624895
208.7946190834045,-0.008005939957199573
208.80998492240903,-0.010559933660837621
208.82523584365845,-0.008774519184291209
208.84076976776123,-0.005622926362555512
208.84739685058597,-0.006365084611567186
208.85491490364075,-0.010858480127075484
208.8711063861847,-0.013182638071015253
208.88071060180664,-0.009396609882669237
208.8967046737671,-0.0028519316181354537
208.90528321266171,0.0002559149955313508
208.9147152900696,-0.0010338423425822782
208.9309947490692,-0.0017627780870789044
208.93785905838013,0.0015974068834789024
208.95411157608032,0.0061416595942058675
208.9695341587067,0.0066217180004449
208.98465704917908,0.002545127929850433
208.9981803894043,-0.00167485896989831
209.0068998336792,-0.003256274888591165
209.01768255233765,-0.004523046698885546
209.0331823825836,-0.008328352237249637
209.04872226715088,-0.012469167847526883
209.06420850753784,-0.011920023806440177
209.071617603302,-0.00633610843445834
209.08133912086487,-0.0020051481244967853
209.0909185409546,-0.004619647693102685
209.10657930374143,-0.012211059868477711
209.1224160194397,-0.01786292452350502
209.13062596321103,-0.01856223233576959
209.13823771476743,-0.018247266033612288
209.1481504440308,-0.021380519517576028
209.15519070625305,-0.026424877593891602
209.16147661209104,-0.02824464389445366
209.1712441444397,-0.0256618997674923
209.18656396865845,-0.023258004901741493
209.20299744606015,-0.024807001376207435
209.21469902992249,-0.027687342432228423
209.22947335243225,-0.026382127018207496
209.2375841140747,-0.020374988820412394
209.25318479537964,-0.015388395030669381
209.2693083286285,-0.01603531326265218
209.2818915843964,-0.01984513468304648
209.30316615104675,-0.020734408588628423
209.31900882720947,-0.0170357414950104
209.3343358039856,-0.013137354405635834
209.34103512763977,-0.012843253333027984
209.35683608055115,-0.01401546493302653
209.37293124198916,-0.012004594594259704
209.38067078590396,-0.006817796249284099
209.38823771476743,-0.003634220067309952
209.40518498420715,-0.005741946670505429
209.4212248325348,-0.009857560415538917
209.4305558204651,-0.010546620452684362
209.44589495658877,-0.0075696730899554535
209.45486497879028,-0.005797287829499648
209.46465945243835,-0.007918623353147261
209.47398829460144,-0.01045110089785553
209.4897253513336,-0.00882179549571521
209.50570154190063,-0.004246079564967248
209.52201175689697,-0.00240998846302199
209.5372877120972,-0.005530329664695949
209.5443458557129,-0.008872932033936935
209.5604786872864,-0.0068071942836284375
209.5760633945465,-0.00029430238749016124
209.59224915504456,0.004344482466037229
209.5986168384552,0.0036474072174319853
209.605033159256,0.0010742743564339432
209.62134337425232,0.0016617770415193337
209.6364188194275,0.004920506211749815
209.65142846107483,0.0057461529325536905
209.6668667793274,0.0018002734976506822
209.68210291862488,-0.0030169631734228665
209.68823432922363,-0.003592069821278501
209.6968002319336,0.00014601105016048572
209.71286058425903,0.004142738113188115
209.7287759780884,0.00609475567274257
209.73829746246335,0.007440193851590803
209.75341534614563,0.009213356275715184
209.76845717430115,0.00896248593168488
209.78385210037231,0.00414635140628827
209.7999246120453,-0.0027392314304691702
209.8145890235901,-0.005501133920009357
209.822521686554,-0.0015144179537052154
209.83377075195312,0.004580733865188858
209.84741520881653,0.006396473287477917
209.86273074150083,0.0038233311966079223
209.877955198288,0.0028574607936202043
209.88827848434448,0.007222375989213626
209.90444374084475,0.013042673437781427
209.91994714736936,0.013866872162612101
209.93548321723935,0.009214302324593828
209.950959444046,0.0050379369880500895
209.9593744277954,0.005693337125911414
209.969055891037,0.008546584708741752
209.98418140411377,0.008325088479536976
210.0002188682556,0.004685229668173028
210.0162034034729,0.0023690079833366975
210.0318388938904,0.0041320144640354835
210.04731440544128,0.006787581050425956
210.06254720687863,0.005964787733652463
210.07182240486145,0.0025673772455202843
210.08135867118835,0.0015032404370293054
210.0904529094696,0.004426010817191487
210.10132670402527,0.007003223737404911
210.11742734909055,0.0049379047913561585
210.13258743286133,0.0003831565692504527
210.14773869514465,-0.0005238054154858926
210.1547894477844,0.0040738346421280314
210.1718864440918,0.009054403088744249
210.18695664405823,0.008973590245009651
210.2027540206909,0.004968794777058228
210.2139744758606,0.00263268956468886
210.22164797782895,0.004214459439961547
210.23117542266849,0.00612510425827285
210.24043250083923,0.004835532587769052
210.25547432899475,0.002318884811886497
210.2707042694092,0.0031298997696760254
210.2806394100189,0.007449912245372217
210.29559874534607,0.010310078949777191
210.30497479438785,0.008327898837025005
210.3211100101471,0.0044311252526032015
210.33635687828064,0.003780404833546059
210.35207176208496,0.006574343335547376
210.36470007896423,0.007879540875155805
210.37427186965945,0.004711659152091438
210.38976168632507,0.0003527545790960229
210.4053955078125,-0.00017079169994559627
210.42112064361567,0.0029861607149144777
210.43796682357788,0.004933710462769673
210.45307302474976,0.003113743730775837
210.46888780593872,0.000838025226309577
210.480416059494,0.0022284062768670016
210.49637055397037,0.005823104713246597
210.511568069458,0.00615900195550113
210.5270299911499,0.001373461493516154
210.5422956943512,-0.0038319433825860514
210.55790996551517,-0.004208846203004491
210.57203912734985,-0.0007168167569674656
210.5814666748047,0.00129495105911795
210.59709095954892,-0.0002504880495606569
210.61225605010983,-0.0015343022932853246
210.62815976142883,0.0010941339684570547
210.64370489120483,0.005111415782760211
210.6546607017517,0.004700288884140224
210.6685926914215,-0.001100421615928539
210.6843967437744,-0.006229678448375955
210.69961023330688,-0.0047587500605056465
210.7147521972656,0.0019423521449700868
210.7219650745392,0.007298202950833393
210.737916469574,0.0076277831141848395
210.7543354034424,0.005363915440370929
210.76401257514956,0.003953591139278812
210.77162981033325,0.0026082107739012453
210.78122997283936,-0.0014599626880525043
210.78758192062375,-0.007145776004504622
210.80198740959167,-0.009368966187077355
210.81705164909363,-0.005738641853718925
210.8321862220764,-0.0005086262747261753
210.84776425361636,0.00044512747552590774
210.86366629600525,-0.0028338694601443173
210.8789792060852,-0.004786622237346394
210.894713640213,-0.0022474384340604534
210.90483164787287,0.0011702875700926726
210.9145705699921,0.0003702846692240046
210.92459201812744,-0.003754990197404805
210.9407107830048,-0.0053563648171632925
210.95636224746704,-0.001872365311778435
210.9710428714752,0.002119448999543418
210.98604202270508,0.0010542192411479038
211.00186920166016,-0.003876185232776005
211.01686644554135,-0.00617164089278493
211.03295755386355,-0.002769151209507314
211.04817748069763,0.001896944030170754
211.0639078617096,0.001985548890038036
211.0789382457733,-0.0020040449960967814
211.09408855438232,-0.004335946456286498
211.1092677116394,-0.002069007874814055
211.12925601005557,0.0012507740041057499
211.14495658874512,0.00100813504640995
211.16086506843567,-0.001970599735874854
211.1760714054108,-0.0029566510808490837
211.18812227249143,-0.00034812716260556936
211.1980447769165,0.002076158992548023
211.21456265449524,0.0008591128982736737
211.22922921180725,-0.0018353199542511262
211.2445855140686,-0.001148630965353814
211.254908323288,0.0033351752530149416
211.26467299461365,0.0065029554608995585
211.28006768226624,0.0045544455987123755
211.29595041275024,0.00033001388672560797
211.31153059005737,-0.0004823770444715651
211.33124566078183,0.002846930766125505
211.33853888511655,0.005152528649288351
211.3479855060577,0.0026927166094704424
211.3629331588745,-0.0014504796875999494
211.378103017807,-0.001432581379337228
211.38826537132263,0.0034183940158456425
211.3978831768036,0.007658892573369881
211.40510773658752,0.0069003690469593695
211.42010521888733,0.003167772277268998
211.43526792526245,0.0013937111240776233
211.44713068008423,0.002474364530016547
211.4548089504242,0.0027653525118252922
211.46440839767456,0.0002441966235233635
211.47456669807437,-0.0020898681931022156
211.4844443798065,-0.0007211029180331152
211.4976453781128,0.0026600408395816887
211.5130665302277,0.0029157484927671644
211.52250623703003,-0.0014360458722493565
211.5321111679077,-0.005883872356332841
211.5415060520172,-0.0058846336261407575
211.55736780166623,-0.0028410027707200815
211.57342624664307,-0.0017155765441553938
211.58041095733645,-0.0037698468992794967
211.5881004333496,-0.004850292564276036
211.5977952480316,-0.0017146247481310108
211.60505366325376,0.0026858684150901156
211.6118631362915,0.0027687900714413204
211.627592086792,-0.0019630425108562786
211.6434862613678,-0.005831549052975869
211.65918469429016,-0.004276113754599893
211.67138385772705,0.0003197069052051321
211.68119406700131,0.002120281528479379
211.6967182159424,-0.0002941628433093474
211.711861371994,-0.002450888034806871
211.72689843177795,-0.0005960729442477039
211.73798394203183,0.0030698027788598485
211.74770212173465,0.0037606723530692245
211.75489902496335,0.0010606194689045385
211.7608807086945,-0.0005184790204301188
211.7762007713318,0.001824716701140326
211.79159092903137,0.004839960117274628
211.80293321609497,0.0035254082223369525
211.81441378593445,-0.0017871238933967418
211.83039951324463,-0.0055102440723545695
211.84597063064572,-0.004117945302043149
211.8613305091858,-0.0006522366135779864
211.8773708343506,-0.0001960862101382057
211.8880424499512,-0.002655441729744328
211.9022614955902,-0.0029699412079075994
211.91460585594177,0.0015136733333105034
211.9301605224609,0.006852011650522253
211.94536662101743,0.007474828477999162
211.95487761497495,0.0035282373601297056
211.9645669460297,0.0004982007591394187
211.9803729057312,0.0017701847869307122
211.9961018562317,0.004508826708736776
212.0050523281097,0.004382576725429695
212.0150144100189,0.0021619386101377216
212.031506061554,0.002705575475090254
212.0389039516449,0.007782907307874001
212.04934096336365,0.013027031551512781
212.06439208984372,0.013503505980871857
212.0794768333435,0.010139201909765107
212.09522891044617,0.007988796112210839
212.1112766265869,0.008880458547239059
212.1266736984253,0.008954313795733176
212.1425006389618,0.004610266419666104
212.1548855304718,-0.0016751778509259446
212.1644308567047,-0.004128422256827748
212.17425894737244,-0.0013337184552009917
212.18436002731323,0.0019469055867790993
212.1969578266144,0.0013442056928370189
212.212347984314,-0.0013454519569160422
212.221378326416,-0.0011348874599337209
212.23148703575131,0.002847216964716638
212.24025535583496,0.0061163698158263925
212.2555868625641,0.005289506353126826
212.2702922821045,0.0028882325915756124
212.280433177948,0.0035657740623882836
212.2880747318268,0.007167617152949129
212.2979154586792,0.008626116000003365
212.30499076843265,0.004967501239870961
212.3111391067505,-0.000445315710184867
212.32599711418152,-0.0024289987637105192
212.337628364563,-0.0008679296318001338
212.35282635688785,-0.0002930531476738218
212.36877274513245,-0.00291645495613576
212.38449001312256,-0.0052182269850460615
212.40022921562195,-0.0030909918718938197
212.41552233695984,0.0017917220363566117
212.4313359260559,0.003706880215563658
212.43800377845764,0.0006476855385932397
212.44768619537356,-0.0027088528533776323
212.4638159275055,-0.0012635681385296073
212.4792284965515,0.0034622362662079776
212.49461817741397,0.005290430841491542
212.50462126731875,0.0018017925750009392
212.51472926139832,-0.002328856125652928
212.5297782421112,-0.0016562870079991337
212.5450668334961,0.0027617544913510856
212.56042194366452,0.005024717346348952
212.58378982543945,0.0024385534658708163
212.59375405311584,-0.0012065316862917433
212.60920810699463,-0.001310907290611011
212.62498378753665,0.0011975852365965042
212.64042162895203,0.0016940701085259842
212.6547803878784,-0.0010824906968854493
212.66478848457336,-0.0029870608337744303
212.6749782562256,-0.00039822776103266583
212.68785309791565,0.0043358962690146574
212.7032852172852,0.0057801869861131595
212.71855568885803,0.002719637110545763
212.73083305358887,-0.0003384918559725649
212.73775100708008,0.00041228165841809437
212.74912333488464,0.0028404378988426617
212.76496005058289,0.002300540938827031
212.77986001968384,-0.0012184748277156206
212.78809094429016,-0.0026406132160692736
212.7977242469788,0.0010630655688293332
212.80500745773315,0.00626113398432276
212.8209471702576,0.007280389730903798
212.8359742164612,0.003929262030716184
212.84702849388125,0.0014846141674655557
212.86233854293823,0.003294001386688299
212.87153315544128,0.006406382729147012
212.8773143291473,0.006189702034130245
212.8874533176422,0.003157553526385476
212.90262150764465,0.002210937283946292
212.9185254573822,0.005404885380824943
212.93109464645383,0.008664019769306183
212.94600677490237,0.007307028934329106
212.96140360832212,0.002644654059203483
212.9715859889984,0.0002378468263331381
212.9871983528137,0.00215828908919783
212.9972381591797,0.0041503656205495
213.0044536590576,0.001745114391027924
213.01491260528564,-0.0032482032359538128
213.0234742164612,-0.005006807448068385
213.0338127613068,-0.0015908813343180456
213.04899716377255,0.0024557616487353748
213.0637984275818,0.002263688608349706
213.07934141159055,-0.0010797364384389873
213.09583973884585,-0.0026449413711522153
213.11106944084167,-0.0008295396113529932
213.1264445781708,0.0006396937236999061
213.14177179336548,-0.001480931518907015
213.15465116500852,-0.004859261747024907
213.161593914032,-0.00467979253664889
213.1771903038025,-0.0005698508336749934
213.1930000782013,0.00265999441874099
213.2139596939087,0.0017220627149102624
213.22928547859192,-0.0004971010931655081
213.24490022659305,0.000909220030729786
213.2601628303528,0.005686364543639424
213.2713122367859,0.008449841353967789
213.2874186038971,0.006078128231538792
213.30301880836487,0.002162178611500815
213.3134994506836,0.0021866264285844454
213.3288815021515,0.006034634351930457
213.3441200256348,0.008192766244035962
213.36229634284973,0.0053522467638246534
213.3778665065765,0.0008570293595826475
213.38760709762573,-4.488687604612936e-05
213.40295839309687,0.0026880012223842857
213.41470766067505,0.004359118504036835
213.4239683151245,0.0025953154052869264
213.43961572647092,0.0007001971349515743
213.45516681671145,0.0025311953390228913
213.47081589698792,0.006470168096376511
213.4863657951355,0.007430207648932388
213.50241804122925,0.004242200895600466
213.5182909965515,0.001815262538217545
213.53391003608704,0.004636540749447502
213.55301213264465,0.010454765028421806
213.5684700012207,0.013021740211353373
213.5844006538391,0.01029963750147558
213.6002640724182,0.006915588330825619
213.6152765750885,0.007590944708766016
213.6308982372284,0.010774468296898177
213.6462173461914,0.011263926314152212
213.65478920936584,0.007843394042023817
213.66457295417783,0.004943851587883189
213.6775040626526,0.006014554377469706
213.6927809715271,0.00826820040854816
213.7081515789032,0.006551547777772148
213.72309684753415,0.000952734848584688
213.73007822036743,-0.002805371233117052
213.7380740642548,-0.0010419418579012073
213.7476944923401,0.0027904539079386826
213.75486660003665,0.0028246449601337384
213.769992351532,-0.0011380614253760951
213.78600692749023,-0.003382359669546465
213.7970550060272,-0.00022275273759140906
213.81922912597656,0.004869727771649127
213.82824563980105,0.006039679460581813
213.8441789150238,0.0030646652113330013
213.8593623638153,0.0015297161548223567
213.87522292137143,0.005050575670889184
213.88826942443848,0.010410745828782906
213.9030978679657,0.012171844438808676
213.91823291778564,0.010011206140045912
213.93427228927607,0.008505231644274719
213.9474029541016,0.01006150820514514
213.95518922805783,0.011431993372340306
213.965126991272,0.008874339865389873
213.98118090629575,0.004334625330905605
213.9963610172272,0.0033425713524109424
214.00469422340396,0.007231694079689791
214.01384353637692,0.010743182270955387
214.02973580360413,0.008759806221555009
214.0373775959015,0.0030622894722466616
214.05224919319156,-0.00019255814492220792
214.06836032867432,0.0012749515695668527
214.0803272724152,0.003343536350992953
214.09560537338257,0.0020051457467885683
214.11095523834229,-0.0005927239225611775
214.12612795829773,0.0005841115544663435
214.14150071144104,0.00545633124022193
214.1546461582184,0.007814097139705458
214.1643362045288,0.0033645003971784614
214.1816987991333,-0.0040987019113657205
214.1970136165619,-0.00715447537997373
214.2046627998352,-0.003976489643722904
214.21410489082336,7.42584662244642e-05
214.2294454574585,0.00019459491988623248
214.244460105896,-0.0018136366733264783
214.2602314949036,-0.001274192161674088
214.2759854793549,0.0018431108831655366
214.28796672821045,0.002726090249222137
214.2978382110596,-0.0009074989020594003
214.3048870563507,-0.0047492825675645705
214.3195960521698,-0.0034066012177445346
214.3351163864136,0.002052955049221632
214.3469078540802,0.005212702229914914
214.35475516319275,0.002696370406106002
214.3642444610596,-0.0016978517930218587
214.37367916107175,-0.0025691796383557975
214.38952207565308,-0.00011256371665191792
214.396910905838,0.0010149251499734315
214.41252493858337,-0.0009691203766419281
214.4277291297913,-0.0022481039176432006
214.4456865787506,0.0007917104213636282
214.4617867469788,0.005727968928897705
214.47782850265503,0.006917120458045622
214.4936273097992,0.003315841861196306
214.50524497032168,0.00025201780016931145
214.51451182365415,0.002268301275508279
214.53061699867249,0.00678412922652611
214.5397982597351,0.007551427712044021
214.5511531829834,0.0033177176002062146
214.56684589385983,-0.00034713066084617104
214.58289337158203,0.0012841448920057727
214.59790444374084,0.005541677508111197
214.61291694641116,0.006047481337332728
214.6289792060852,0.0015747574608429636
214.6446948051453,-0.00218273165276897
214.66012144088745,-0.0003834036038581315
214.67133903503415,0.0043990702620611
214.67848014831543,0.00584445566246979
214.69418811798096,0.0025569838293696607
214.7101113796234,-0.00036295372228743056
214.73075675964355,0.0011415938560312678
214.74600768089292,0.00424014390286167
214.76146125793457,0.003373238247915957
214.7768580913544,-0.0015218802969616738
214.79272532463077,-0.004476956235568871
214.80800986289975,-0.0015638414329514601
214.8184094429016,0.003698870682868867
214.83352613449097,0.005176190478135252
214.8486175537109,0.0023978116926023554
214.86385464668277,0.000746157499796689
214.87158823013303,0.0035142674620814987
214.8875014781952,0.0072301760110101455
214.90298771858212,0.006831510299822002
214.91838479042053,0.003147788012474128
214.9310142993927,0.0018639669708077912
214.94061040878296,0.005361689747787189
214.95082187652588,0.009096633821644416
214.96600461006165,0.007780084964302881
214.98171496391296,0.002676983142838833
214.9970359802246,-0.00025669770625010653
215.0041139125824,0.00133338530162722
215.0199284553528,0.0032025823060144107
215.0365173816681,0.0008284322114378235
215.04802465438843,-0.004132258700950676
215.0550639629364,-0.006373764485986333
215.06338572502136,-0.004597553803327117
215.07891750335693,-0.0031771974029567353
215.0942313671112,-0.0054860870224937635
215.1097631454468,-0.00866753501363025
215.12577867507932,-0.007624152178576893
215.1418826580048,-0.002666900054500988
215.15752410888672,0.00026181272783610567
215.1806616783142,-0.0024952840647529525
215.1896862983704,-0.007200251427039785
215.20538330078125,-0.007691217389903891
215.22092461586,-0.00368361595534577
215.23677825927732,-0.0009471494875505811
215.2475543022156,-0.0031870361493883358
215.2545940876007,-0.00695469421635377
215.2696487903595,-0.006574754482764896
215.28546667099,-0.0020653923222309625
215.3014211654663,0.0010128148890197553
215.31480765342712,-0.0006318220969895655
215.33013916015625,-0.003718063746756223
215.3454029560089,-0.003644996528197067
215.3643810749054,-0.0016503074411306586
215.3797059059143,-0.003453490839317247
215.39496397972107,-0.01116936204349715
215.4101002216339,-0.020038302928773115
215.42121815681455,-0.02476291477257305
215.4376540184021,-0.02654631348802984
215.44473147392276,-0.030891837549454085
215.4606935977936,-0.03935978613570988
215.4758722782135,-0.047070257608748
215.4916126728058,-0.04956412372413439
215.5140824317932,-0.04930265165656671
215.5240921974182,-0.05254264880608487
215.53947710990903,-0.06090618807551459
215.5543200969696,-0.06936045957274377
215.56989550590515,-0.07315640685263514
215.5842523574829,-0.07375885765119
215.5978581905365,-0.07562676754650036
215.61338114738464,-0.07894366155132829
215.6288707256317,-0.07906788897177049
215.64489817619324,-0.0736010281767826
215.66044783592224,-0.06675184684064148
215.67556643486023,-0.06425165264589314
215.6911940574646,-0.06557871478791194
215.6981627941132,-0.06446685460268961
215.70453333854675,-0.0573014316770081
215.71420311927795,-0.047912681289803
215.72912096977237,-0.042207518797122215
215.73644733428955,-0.040218044991592816
215.75166869163516,-0.036634354067847166
215.7674844264984,-0.028879580216870978
215.780166387558,-0.02117819232304303
215.78788876533508,-0.018748730130413085
215.79786658287048,-0.020258052915950085
215.80482125282288,-0.019257107576146203
215.81995058059687,-0.012714789674064888
215.83605766296387,-0.004770520143846977
215.84682440757751,-0.0006361377366295249
215.8544011116028,0.0005283540735545422
215.86457014083865,0.003721085695739492
215.87377405166623,0.010184604377117287
215.8898284435272,0.015087600314862316
215.90422224998477,0.014351943446582388
215.91932606697085,0.01094414531874724
215.93010473251343,0.011407274841981683
215.93789887428284,0.017042802771115403
215.9477400779724,0.021868127364482924
215.95466256141663,0.020391178682327617
215.97012400627136,0.014821070414207136
215.9854760169983,0.012085117209889805
215.99672198295596,0.014892529586836257
216.0043613910675,0.018949761823895784
216.01449012756348,0.019623945583652692
216.02370810508728,0.018337454126624415
216.0388925075531,0.019837210396806998
216.0550806522369,0.024672575051422875
216.07032084465027,0.027940103124287206
216.08596277236936,0.0262044835633393
216.10221242904663,0.02266967139476933
216.1162073612213,0.02304715359949615
216.13137197494507,0.027759423413627575
216.14694833755493,0.03138551190455363
216.15467953681943,0.030129457439735247
216.1646189689636,0.026872226367265654
216.17409420013428,0.026851078859869437
216.18539714813232,0.030211911771666277
216.2008354663849,0.03195647922836009
216.2165083885193,0.029224402091750985
216.23022294044492,0.025466151541174396
216.2379143238068,0.025551763212918133
216.24748039245603,0.028789191323726992
216.25491762161252,0.02981321473082542
216.2706024646759,0.02610958056812682
216.28573870658877,0.02149419400131458
216.3015353679657,0.020644624783131043
216.31805729866028,0.022566449772988058
216.3345568180084,0.022353098714769
216.3468198776245,0.018595945012568227
216.36234426498413,0.01561770326452369
216.3715922832489,0.017199460920661963
216.38087558746335,0.020853111527541213
216.39035320281985,0.0210633321408238
216.4059717655182,0.01709125964000464
216.4218964576721,0.014234472913974497
216.4298989772797,0.01652308959365581
216.4379072189331,0.020939155803431097
216.4479341506958,0.021278826368391388
216.45472598075867,0.016412334745461166
216.4636921882629,0.011611101387363792
216.4784755706787,0.01126842608326188
216.4872572422028,0.013210365065574638
216.50496244430545,0.012370501937942435
216.51944279670715,0.008418490101691914
216.531667470932,0.006467610554734584
216.5463650226593,0.009813000951610572
216.56233143806455,0.014935905250514258
216.5777449607849,0.015895542977727075
216.59294199943545,0.012086241880932526
216.60467100143435,0.008674015141541952
216.62000346183777,0.009360399603064583
216.63581013679504,0.011741274852594918
216.65168738365173,0.011490391776640163
216.6676149368286,0.008931826916278664
216.68283224105835,0.00840249563152403
216.69843292236328,0.011449734998273606
216.7134027481079,0.013950383912662507
216.7212691307068,0.011674604064522877
216.7312064170837,0.006563224714655742
216.7476851940155,0.004620664744763529
216.76316475868225,0.008008376382953758
216.77845454216003,0.012185205471305022
216.7877292633057,0.012043064041509195
216.7980706691742,0.008558137695593708
216.813068151474,0.006897613411936887
216.8278727531433,0.00892172721494634
216.84358406066892,0.010735486762456815
216.8544156551361,0.008584649459364335
216.86426067352292,0.0044593099232378515
216.8712465763092,0.003274746726718903
216.8817698955536,0.005699588678842385
216.89649176597595,0.0070538982102169275
216.9118595123291,0.0040375998222360755
216.92125701904297,-0.0002413576795402693
216.9374735355377,-0.00023961124045551187
216.95268630981445,0.00439251954745591
216.96858978271484,0.008108934581956098
216.98080563545227,0.006751662430255691
216.9980092048645,0.0028585684270425664
217.0136969089508,0.0018015130116892713
217.02910137176517,0.0042453962343463585
217.04451537132263,0.0054158877731632395
217.05462384223935,0.0020723863885481857
217.06410026550293,-0.002696352239249336
217.0793445110321,-0.003630024496211687
217.09428000450131,-0.0005473334343622819
217.10986065864563,0.001527378880317209
217.12184476852417,-0.0005334869908816525
217.1377544403076,-0.0037470291355574076
217.15414118766785,-0.003589611853299957
217.1707305908203,-0.0006550167728125943
217.1865348815918,0.00023099063898545784
217.1965382099152,-0.0028100348863405104
217.2042798995972,-0.005609426269421104
217.2143678665161,-0.0036036627570017092
217.22382140159607,0.0015767319712952418
217.23931169509888,0.003928012179180763
217.25508999824524,0.0009507293348737181
217.26341795921329,-0.003254158687040283
217.27133440971372,-0.0038352292481745077
217.28120231628415,-0.0016891867782962591
217.2943024635315,-0.0015520161243136022
217.3097105026245,-0.004602667645578951
217.32561802864075,-0.006319381816616604
217.34144234657288,-0.002914656867629296
217.35715007781985,0.002610289821935562
217.3714005947113,0.0035880810348683295
217.38632726669312,-0.0017877643424260119
217.40153574943545,-0.007908657949249309
217.41392922401428,-0.00866354963615228
217.4209790229797,-0.004693866569327507
217.4308271408081,-0.0016410871184765966
217.4411659240723,-0.0023255403079230795
217.45726108551025,-0.003688562203609372
217.47308659553528,-0.002197737527061857
217.4884417057037,0.0004922884284875861
217.49719429016116,-0.0001547347293765814
217.50393557548523,-0.004687263661294715
217.52017378807068,-0.008279470641803297
217.5352201461792,-0.007087633798511525
217.55087208747864,-0.003461231682642317
217.56618309021,-0.0025656017537498146
217.57846784591675,-0.005112303366816332
217.59337496757507,-0.006472185138082179
217.6088399887085,-0.0034247843824195307
217.6310544013977,0.0010562981853023184
217.6466648578644,0.0018253391446104927
217.6617903709412,-0.001248820824631864
217.67726135253903,-0.0030764797949802128
217.6881618499756,-0.000411926777152234
217.69798278808597,0.0037556439723955455
217.70786690711972,0.004595843555609853
217.7145025730133,0.002298316740413197
217.7301280498505,0.0016426642500256394
217.74541974067688,0.004924888155811547
217.7608971595764,0.00839672218533418
217.7711765766144,0.007415208018650815
217.7815103530884,0.0030361213609873838
217.79642510414124,0.0006316322774328515
217.81206727027893,0.002457330860027899
217.82815980911252,0.0047123777235344695
217.84495162963867,0.003170546001469746
217.85196900367737,-0.0007675723769373891
217.8672077655792,-0.00222915433134957
217.88255858421329,-2.351049938889571e-05
217.89815711975095,0.0015665738141948005
217.90440559387207,-0.0009940080401317098
217.9140944480896,-0.005158427070531147
217.92373204231265,-0.005623812708575518
217.9373722076416,-0.001780892954467431
217.9524757862091,0.001274510909364577
217.96331310272217,-0.00022571725591721999
217.97125387191767,-0.0034492243318247342
217.98109006881717,-0.0029425362417296666
217.99058198928836,0.0016070125604160652
218.00599551200867,0.004724206458465802
218.0215754508972,0.0026552394025811613
218.03769326210025,-0.0013628375175386569
218.0478882789612,-0.0014569085310303753
218.0547518730164,0.002846215571942007
218.0699737071991,0.00593398447785755
218.08569049835205,0.003629047501823385
218.1015658378601,-0.0014330496569898814
218.1175937652588,-0.003665035792618962
218.1329748630524,-0.0018199424380373227
218.1482491493225,0.00047537547103400433
218.16323566436768,0.0010722639110124343
218.17843389511108,0.002746504899256216
218.1936273574829,0.008423244184273478
218.20899081230164,0.015220938893717168
218.22456979751587,0.016598915654896323
218.23765444755557,0.010478202966983562
218.24738717079163,0.002340178997075898
218.25720310211184,-0.0011730367905437018
218.26475262641907,0.00027524045753703165
218.28030228614807,0.0018045836680046167
218.29631972312927,0.0005892973052450136
218.3038649559021,-0.0011330410507447157
218.3132855892181,-0.0008648992206667511
218.3210961818695,-0.0006194269863597046
218.3314926624298,-0.004280454047204472
218.34060406684875,-0.011368402767611722
218.35617852211,-0.01662983840280297
218.3714542388916,-0.016757322473363426
218.38023495674133,-0.01509955532288176
218.39734745025635,-0.017404286771216283
218.40470480918884,-0.023940247890500057
218.4109137058258,-0.02875927161030414
218.4264760017395,-0.027408856300158158
218.43718695640564,-0.022763805341820535
218.45260405540463,-0.021023888771607865
218.4637656211853,-0.023359885985079806
218.47104859352112,-0.024658608974864778
218.4806971549988,-0.02094688900687662
218.49594497680664,-0.015068630741581126
218.511691570282,-0.012755348672073166
218.5277020931244,-0.014683259376599752
218.54369854927063,-0.015610790107673534
218.5596363544464,-0.01167054739452375
218.5695583820343,-0.0055313969222906476
218.58461618423465,-0.002364421458071095
218.60033464431763,-0.0026269082080621195
218.61329746246335,-0.0020074871886503953
218.62119102478027,0.001620995495086687
218.63089036941528,0.00457450511977424
218.64654445648196,0.0025705369656257764
218.6539571285248,-0.002620028324899814
218.66945838928223,-0.004864208198809797
218.68500185012817,-0.00173539653284263
218.70015478134155,0.0022374864322405362
218.71513867378235,0.001817021386703668
218.72985696792605,-0.001788070827738483
218.7453622817993,-0.0027925739960261674
218.75445461273196,0.000931831603005074
218.7616250514984,0.004811551610081332
218.77767157554624,0.003955893544116833
218.7932848930359,-9.031621508902993e-06
218.8040587902069,-0.0012035589889330587
218.82048773765564,0.0023933025482285515
218.83032131195068,0.006344889951825717
218.8377742767334,0.006127060272182702
218.84772753715515,0.0032768730067266614
218.85709977149963,0.0026661711275704093
218.867689371109,0.005090733932945909
218.8828296661377,0.00606380825662469
218.89858627319336,0.0026321956721048275
218.9135582447052,-0.0017404197087358955
218.9211227893829,-0.0016031304881666615
218.9307849407196,0.0027660315975954848
218.9467842578888,0.005408566167645602
218.96261405944824,0.002781051289547312
218.97801637649536,-0.0012573834648660991
218.99405908584595,-0.0006019002891386846
219.0046148300171,0.0047901125543138995
219.01102018356323,0.008805376976522283
219.02095413208008,0.007302057828816389
219.0362243652344,0.0032484330578310752
219.0520465373993,0.0021369767140560973
219.06799602508545,0.004527822469434091
219.08372259140012,0.006092314630288196
219.09913611412048,0.004444628898748753
219.11612176895144,0.002519237746090883
219.13092970848083,0.003693407262725067
219.14630103111267,0.006060545786558564
219.1619942188263,0.004583552069031973
219.17738723754883,-0.001568978828880534
219.19330739974976,-0.007005791212247132
219.20869374275208,-0.006793856043927458
219.2298011779785,-0.0029560697247038845
219.24496364593503,-0.0017786818231933649
219.25434398651123,-0.005416819267344983
219.2704646587372,-0.00916256495140887
219.2804927825928,-0.007994311534152915
219.28800892829892,-0.003332982725383312
219.29803776741028,-0.0008458743654167749
219.30722165107727,-0.0026615813037766394
219.3198456764221,-0.004943386563679068
219.33578205108645,-0.0039020203369054696
219.3508687019348,-0.001340454790669158
219.36356711387637,-0.0017698515574341182
219.37057518959045,-0.005448814066686644
219.38080263137817,-0.007596859053867137
219.3905918598175,-0.00512109880582635
219.4059100151062,-0.001277562826871227
219.4216125011444,-0.0013943769002287619
219.43741154670715,-0.005428683799371008
219.44776439666748,-0.007827241607497287
219.45443868637085,-0.005061855889392488
219.47061014175412,-0.00040919947042904756
219.48705434799197,0.0006685131163936759
219.5021538734436,-0.0019907549958820873
219.51327657699585,-0.0034483458412914525
219.52101826667783,-0.0011859183960593054
219.53096890449524,0.0009068168524014567
219.5468955039978,-0.0019761882208827594
219.5622072219849,-0.008185144915042495
219.57821416854856,-0.01095411684196675
219.5979518890381,-0.0070534779064461185
219.61282992362976,-0.0010972730262472242
219.6208038330078,0.0003352292541586692
219.63588333129883,-0.003190905536505704
219.65124106407168,-0.0062776022937376975
219.6664335727692,-0.005237851218949253
219.67346787452695,-0.002080973323491947
219.6891167163849,-5.047017636443255e-05
219.7048478126526,0.0017174846789227204
219.71322417259216,0.006048342968480772
219.7209784984589,0.01155900678830764
219.73105001449585,0.012581580895181842
219.74034976959229,0.006507349203402725
219.7564053535461,-0.0016126920815961836
219.772620677948,-0.004403493965127779
219.7881932258606,-0.0009277303923365997
219.79638385772705,0.0027273585557941234
219.8042507171631,0.0017935077577187584
219.81402325630188,-0.0010934619673737844
219.82391119003296,-2.7880880845246227e-05
219.8392491340637,0.0057440031542718714
219.85492539405823,0.010667468569001103
219.87083911895752,0.010374336225584176
219.8809509277344,0.007346982740264577
219.89393639564517,0.007003894304701181
219.90402221679688,0.009864682889798566
219.91894841194156,0.01084434862783806
219.9346985816956,0.0066543522721359966
219.9502556324005,0.0008852121001065364
219.9655830860138,-0.0004308291319548101
219.98028993606567,0.003319637119985717
219.99624371528623,0.0068570137226710605
220.0112385749817,0.006341203000963487
220.02098941802976,0.004157913712566141
220.0306372642517,0.00472999085674244
220.04095792770383,0.007754030062027551
220.05368208885196,0.008724550159840614
220.068971157074,0.0059259911106857915
220.0842685699463,0.003606621776879152
220.10038423538208,0.006368294899875797
220.11407828330996,0.012433042264962602
220.12373423576355,0.015400087209610856
220.13910222053528,0.012386488602995849
220.15400767326355,0.007487049731825306
220.16915154457087,0.005978781789309885
220.1848111152649,0.007503606718011967
220.20435047149655,0.007573908089461238
220.2204177379608,0.0047905098713699355
220.2359664440155,0.003183859631443736
220.24632382392883,0.0062810367462518306
220.25477766990664,0.0114975894865289
220.26450300216675,0.013142435160415987
220.27361726760864,0.010085451724221052
220.28911662101743,0.007325199427442077
220.30421233177185,0.009087190633456367
220.3194355964661,0.012976012258551044
220.330340385437,0.013330028696965129
220.33837056159973,0.0090996521136779
220.3485305309296,0.0052649066939449585
220.36324429512024,0.0059263742515030925
220.37839102745056,0.008895208125871239
220.3877310752869,0.009306437433895948
220.40382647514343,0.006808342712357734
220.41983819007876,0.005845105910380087
220.4350552558899,0.008676313776010153
220.4464921951294,0.011454979266008258
220.4541471004486,0.00942231804713906
220.46437549591064,0.004042928470119211
220.47389578819275,0.0017335902344236716
220.4838733673096,0.0055162402238177494
220.4965898990631,0.010979180269976279
220.5117993354797,0.012115018848000442
220.53742504119876,0.00905519496386865
220.55266952514648,0.00727951729635531
220.5683627128601,0.009757789707412473
220.5800166130066,0.013077986942864668
220.59719228744507,0.012704330331529384
220.60471510887143,0.009588538229586215
220.61729907989505,0.008663363531487837
220.6298935413361,0.011504383800623316
220.64493799209595,0.01380273105108239
220.6544253826141,0.011383213414283774
220.6640748977661,0.006254596813349204
220.67156052589417,0.004036069208655448
220.6874783039093,0.006265837609897118
220.70279741287231,0.008362250585581004
220.7184500694275,0.006108644529662031
220.73417496681213,0.00156277577884366
220.75408053398127,0.00011114264528071412
220.7636046409607,0.002890144708658056
220.77952885627747,0.005335944140892767
220.78828382492063,0.003890296314887794
220.79797267913816,0.0012265740736214985
220.80444645881653,0.00239447000376424
220.82059597969052,0.007245529169071216
220.83592128753665,0.010026392234916161
220.85153722763064,0.0071228789992631375
220.86461234092712,0.0023518025484057818
220.87265157699585,0.0022412209115566266
220.8802845478058,0.007440002559162308
220.89599418640137,0.01182634816071242
220.91181588172915,0.010456281504989905
220.92738795280457,0.005589396862404055
220.9374659061432,0.002999107436825562
220.9530007839203,0.004216424683150505
220.9692041873932,0.0054503165006794824
220.9844591617584,0.003942662099684247
220.99995875358584,0.0020512064493180353
221.0132677555084,0.003222148612584573
221.0209608078003,0.006165239451064879
221.03705859184265,0.006198208064649068
221.0522232055664,0.0021122293803398774
221.0677757263184,-0.0014960932570629783
221.08345699310303,-0.00032341949381753995
221.09935975074768,0.00339398411002576
221.11453652381897,0.0035474378451992496
221.1210086345673,-0.0014167443545934169
221.13095808029172,-0.005823906513742609
221.13855147361755,-0.003916692950765113
221.16183924674988,0.0025146114236826115
221.17177057266235,0.006251102202565601
221.18692469596863,0.003674777996462658
221.2028443813324,-0.0012949330599850823
221.2139949798584,-0.003072097480123914
221.22974753379825,-0.0013966852950682586
221.24528002738955,2.2053557182506256e-05
221.26069116592407,0.0002268218156287311
221.2761311531067,0.0026010428659237073
221.29197430610657,0.008909423597305208
221.30684113502505,0.01494855484318643
221.32267260551453,0.014998373854080139
221.338415145874,0.009442255808598945
221.34707856178284,0.004731197416643223
221.3542606830597,0.005144529152808714
221.36409497261047,0.007381584960276631
221.3737990856171,0.0054591095151327405
221.38903546333316,-0.0007461622592608054
221.40472865104675,-0.005064874112967257
221.4134469032288,-0.0032847669751698565
221.420862197876,0.0012893224619592684
221.43049144744876,0.002465939374688056
221.4407160282135,-0.0006231738864132816
221.45585203170776,-0.002988267794340519
221.4712824821472,-0.0011825640860970254
221.4879574775696,0.00204036479091225
221.49655985832212,0.002155493659971659
221.5216238498688,-0.00036665807217812563
221.53612542152405,-0.0008463704903263309
221.55141186714167,0.002463189603891602
221.56321144104004,0.0053737252084738035
221.5711069107056,0.003520950232739744
221.58145403862,-0.001183939677938865
221.59005737304688,-0.002750650496536971
221.6061508655548,0.0008674393413301397
221.62171578407288,0.005062315427892846
221.6367428302765,0.004891150329509589
221.6467123031616,0.001517951415166155
221.6537148952484,-0.0001068686919209656
221.66392755508423,0.001280721478630599
221.6741120815277,0.0014274796407172203
221.689861536026,-0.003073567449424574
221.70578718185425,-0.009524739668479873
221.7217798233032,-0.01273882513445568
221.7375295162201,-0.012481137886389437
221.75363326072693,-0.014002043229571342
221.7648525238037,-0.020692031057591424
221.78095841407776,-0.029204820702949996
221.7974193096161,-0.03400185387572936
221.80450916290283,-0.03493982680439805
221.81431102752688,-0.03719910459978426
221.8300967216492,-0.04368316340015792
221.85024905204773,-0.05070299701505219
221.86426067352292,-0.05316047097497423
221.8715169429779,-0.051985988695017984
221.88202452659607,-0.05327991684470753
221.8972828388214,-0.060167308808133514
221.9127371311188,-0.06855185361184185
221.9210379123688,-0.07251583018921136
221.9361388683319,-0.07176844394105047
221.95200443267825,-0.07097585963881825
221.96756315231323,-0.07243150582608537
221.9754996299744,-0.07278889718241477
221.98222279548645,-0.06845870565150526
221.9971799850464,-0.06168784740215115
222.0127604007721,-0.05825896113668878
222.02064275741577,-0.0596695074553273
222.0307891368866,-0.06069738974260959
222.0463674068451,-0.056025115890056196
222.06164240837097,-0.047062709083291854
222.07697701454163,-0.03975589852592
222.08727169036865,-0.03657971512312598
222.0973722934723,-0.033826437769527484
222.11267948150635,-0.027659490222803937
222.12821054458615,-0.02002092810406627
222.1438443660736,-0.01586356368876078
222.15915536880493,-0.015738555741857493
222.1686625480652,-0.014568258483507117
222.18318152427676,-0.00866634183434824
222.19867849349976,-0.00113048349450515
222.2140543460846,0.00223561398594995
222.2306551933289,0.000953491223718927
222.2393181324005,0.0005958004508788352
222.24859070777893,0.0050947410700533475
222.2632863521576,0.011287055781367338
222.2789738178253,0.013237506857290936
222.2880518436432,0.010338820648578967
222.2977035045624,0.008048534515426163
222.30463075637817,0.010361816000464272
222.3203310966492,0.0144837880909605
222.3355078697205,0.015005453465374704
222.34643292427063,0.01167078554635477
222.35420966148376,0.009897175797582753
222.36407947540283,0.013347194408188228
222.3737165927887,0.018859253217205454
222.38902735710144,0.020650675085910723
222.40459322929385,0.01783064609219413
222.41310787200928,0.014938450062258107
222.42097091674805,0.015245998696265204
222.4307107925415,0.016563328342368323
222.44027280807492,0.015269155837587842
222.454106092453,0.012342088413700627
222.4699935913086,0.012415152144420852
222.48495531082156,0.017041164915938073
222.5040624141693,0.021820446157691402
222.52009391784668,0.021758098825657872
222.5359766483307,0.017621606946167438
222.5513780117035,0.014561214105767363
222.566796541214,0.015070027059189582
222.58271479606628,0.01623115750254158
222.5979495048523,0.014876668407373537
222.613676071167,0.01277736167411081
222.6293473243713,0.014006178687911167
222.63775753974917,0.01832866073057035
222.6477746963501,0.020673492391565525
222.6567070484161,0.01796833431604967
222.66849660873413,0.01359573920344849
222.6831421852112,0.012812532358145692
222.69786524772644,0.015437462745252317
222.71364569664,0.016188377447386448
222.7288010120392,0.01228415202012949
222.74453282356265,0.007637119118126806
222.75399112701416,0.007711937218073253
222.76372170448303,0.012160612991353568
222.78058767318728,0.015369368549063156
222.79725003242493,0.013996974276854375
222.81280303001404,0.011003573813127073
222.8306155204773,0.010805062953562955
222.8475770950317,0.01267779470600329
222.86294436454773,0.011887700332552152
222.8782706260681,0.006970110238058545
222.89385151863095,0.0026703762499062002
222.9044795036316,0.0039553711387108545
222.92042636871335,0.009145551314452199
222.93599486351013,0.011805291109006098
222.9519374370575,0.009064178585335191
222.96760821342468,0.005098849244958328
222.98264527320865,0.005123700503207296
222.9978806972504,0.008288128739548905
223.0131883621216,0.009226595745195534
223.0365810394287,0.0058458417504181695
223.04466795921329,0.0023020294889732956
223.0603108406067,0.003047050351256364
223.0765459537506,0.0064787108760659025
223.0911931991577,0.0072704457956513325
223.11356687545776,0.004133066357764535
223.1293740272522,0.0019579842220265884
223.14518666267395,0.005063103752764938
223.16061925888064,0.010810631706827323
223.1708211898804,0.012624914274630578
223.1807446479797,0.00857157124412112
223.18998169898987,0.0039074333930401405
223.2000150680542,0.004155649772259702
223.21584510803223,0.008136390784342026
223.2309844493866,0.010247020652682232
223.24686694145203,0.008420776233974234
223.2643859386444,0.006539177794248223
223.27963852882385,0.008184215202313477
223.295667886734,0.01092761607800347
223.31135869026184,0.00951871991167893
223.32087755203247,0.003629109417276295
223.3306703567505,-0.0008038723582060156
223.33693504333496,0.0011652371922916379
223.3509407043457,0.007306647282556417
223.36618638038635,0.011299561678446705
223.3821849822998,0.010640665571586529
223.3974614143372,0.00869528699036035
223.41289615631104,0.008752067227641004
223.42077493667605,0.009054247279280255
223.43596863746643,0.005940611652250218
223.45099401474,0.00025895797587787393
223.4646644592285,-0.002724666395604749
223.48095393180847,-0.0003352394025541608
223.4954409599304,0.0035164598602902162
223.51073479652405,0.0034342262103776357
223.52619171142575,-0.00010552376079371768
223.54167580604556,-0.001437961314990737
223.55467438697812,0.0024343404302490353
223.57031273841855,0.007730624985322658
223.5859718322754,0.009174648308058326
223.60153651237488,0.007180534947702102
223.61367106437683,0.006897719736155537
223.62035179138184,0.010611811015100425
223.63193130493164,0.014333386070766983
223.6476323604584,0.013383182843873399
223.66322684288025,0.008972743729208112
223.67085909843445,0.006410079050440854
223.68053221702576,0.0075692852552705844
223.69076418876648,0.008434213395141797
223.70665383338928,0.0051654399729808165
223.72219920158383,-0.00010415265861154696
223.7376720905304,-0.0020906188600367933
223.7531771659851,0.00024742320551965347
223.7707760334015,0.002326997137159877
223.78689289093015,0.0005539280039121722
223.8017053604126,-0.0025128317432974306
223.81344485282895,-0.001858660161674581
223.82157707214355,0.0026346254788152095
223.83063888549805,0.005674427982225575
223.840922832489,0.0037566881399112894
223.8557152748108,-1.2470134053660202e-05
223.87054538726807,-0.0003012377113894818
223.88698291778564,0.00302996591196456
223.9017608165741,0.004973027496859977
223.9107840061188,0.0027703664169019438
223.9262125492096,5.1190563554516424e-05
223.9419221878052,0.0017077832943125622
223.95750975608823,0.006745832818755611
223.96709513664248,0.00933193607089603
223.9873580932617,0.006695563477571129
224.0021734237671,0.002811361658723968
224.0176248550415,0.0027246527109088823
224.0297427177429,0.005605256712339007
224.0375552177429,0.006326080819006932
224.04732632637024,0.0031302955736909575
224.05416893959045,0.00028060498854502736
224.0603814125061,0.001865133400607058
224.0761766433716,0.0056901802636260025
224.09113574028012,0.00614453898768785
224.1065697669983,0.0021171260632005273
224.1133382320404,-0.0012730999230202377
224.1292908191681,0.0002609801065379296
224.13697600364685,0.004159527679346797
224.152596950531,0.0045143485708054555
224.16867351531985,0.00022308517169185825
224.18486833572388,-0.0035786932326401415
224.20064234733584,-0.002750138330809839
224.21664571762085,0.00010840276708982792
224.23271250724792,-0.0006154851519646204
224.2482872009277,-0.005624717966036961
224.2639274597168,-0.00966258641336325
224.27862095832825,-0.008700866765982633
224.2939097881317,-0.005231566207001067
224.3095269203186,-0.004341217875376424
224.3207175731659,-0.006348043732147585
224.3305115699768,-0.006604128021601732
224.34056425094604,-0.002713910120201399
224.35608077049253,0.0013556970968554355
224.37133979797363,0.0004916210320966786
224.3867211341858,-0.00418871230655541
224.40203976631165,-0.006331246243559671
224.4191374778748,-0.002625085473296474
224.43503880500796,0.003007982605878848
224.45046091079712,0.005086991536141349
224.46534991264343,0.004128058482191942
224.48110961914065,0.005493657847729954
224.49662399291992,0.011202454097458604
224.512535572052,0.0163122921674037
224.52771735191345,0.015156186381900869
224.537526845932,0.008951511373026712
224.54701685905457,0.004322705389352173
224.5544307231903,0.004765744817075442
224.57023549079892,0.0066123879375939104
224.5853385925293,0.004581272246906266
224.60096979141235,-0.001111155923260514
224.61379408836365,-0.005676007314025869
224.62354922294617,-0.006751619621570972
224.6373991966248,-0.00732475744448246
224.6523814201355,-0.010708679270742311
224.66799521446228,-0.015172795282173607
224.67924046516416,-0.016180425740969197
224.6874845027924,-0.013045759513970837
224.6970067024231,-0.010223684579695773
224.7046492099762,-0.01107746421368621
224.7195107936859,-0.012985798647388015
224.73493337631223,-0.011030575084704144
224.7464916706085,-0.005268185349771016
224.7540624141693,-0.0012029446404164946
224.76400685310364,-0.002487538443835807
224.77374053001404,-0.005940898809899958
224.78894925117493,-0.005970061581728544
224.8036413192749,-0.0023841432520707384
224.8186900615692,-0.0007122058641966703
224.83468222618103,-0.004477532838407191
224.8504889011383,-0.0101024113039566
224.86547303199768,-0.011504313442892622
224.88077187538147,-0.007998805738014328
224.89608931541443,-0.004641222897850672
224.9135749340057,-0.004824437172850089
224.92882800102237,-0.005707878094883501
224.94397687911987,-0.0027944071349268957
224.9599316120148,0.0031058098022723806
224.97573828697205,0.006581824014379513
224.9877088069916,0.004997713824035573
224.99749636650083,0.0019816185803569566
225.00473594665527,0.002063127997564535
225.02026557922363,0.004209970638484343
225.03680515289307,0.0036039185864506604
225.05280876159668,-0.0008878815603731681
225.06859040260315,-0.00440467690791114
225.0799572467804,-0.0025370786665450127
225.094398021698,0.0024158830118107093
225.11023807525635,0.00423907429986659
225.1206789016724,0.0009011705077959916
225.1304852962494,-0.0031197232453827406
225.1460027694702,-0.00321074372801246
225.1609160900116,-0.000589043801479307
225.1764051914215,0.0002835990883007279
225.19211053848267,-0.0013368124291923472
225.20809626579285,-0.0013812184841260054
225.2237181663513,0.002657319180003761
225.2398042678833,0.00720443383891772
225.25484776496887,0.006872469350441531
225.2703256607056,0.0019397255413408402
225.28033661842343,-0.0014866867696510715
225.2963457107544,0.0007354461157658503
225.31191778182983,0.005476532033197738
225.32796430587769,0.006669343668931062
225.3370935916901,0.0032536553725950814
225.34714937210083,-3.355686393515413e-05
225.35838270187375,0.00040257619507712804
225.36843967437744,0.002434370558812159
225.38414478302,0.0022710046089503715
225.3968539237976,0.0007925234615729394
225.40430617332456,0.002472261454710033
225.41408491134644,0.008100012072889557
225.42951273918152,0.012060087644051247
225.4449615478516,0.008975252363644841
225.45403599739075,0.0010536949394847226
225.4639229774475,-0.0041399853076601965
225.471732378006,-0.0027432287773491294
225.4815194606781,0.0015533263066610787
225.4971349239349,0.003430720579164249
225.5124990940094,0.0028810906127728266
225.52783060073853,0.0038285643376382355
225.53751969337463,0.007316778423119246
225.55265188217163,0.009536681664192002
225.56839036941528,0.007496151323011969
225.58353543281555,0.0038976352492676287
225.59944343566892,0.003831128553980076
225.6142041683197,0.007649802060193862
225.6200160980225,0.01012916669369975
225.6305432319641,0.007432297522350039
225.6456463336945,0.0024340185544658027
225.6539330482483,0.0010141755350735141
225.6636824607849,0.004268159314352775
225.6807346343994,0.007172767438721438
225.6965181827545,0.0054372549140980905
225.71244859695437,0.0011842720699111824
225.72783303260803,-0.00014213046141657083
225.7370045185089,0.0028041999231118307
225.7482237815857,0.005732268090104107
225.76299023628235,0.004922513318104565
225.7783510684967,0.0022885695913221877
225.7872223854065,0.002219514855283721
225.79728245735168,0.004915445186616895
225.80476188659668,0.005937347449212075
225.81946063041687,0.0027198387944580467
225.83504438400269,-0.0013543744569310808
225.85097527503967,-0.0013998441236214513
225.86669325828552,0.002122868219982061
225.8809340000153,0.003914371448793437
225.89367270469663,0.0011721136963667106
225.9033203125,-0.002478489205645681
225.9186713695526,-0.001988282276957587
225.9339210987091,0.002155404868453232
225.9471633434296,0.0046592632129747805
225.9623782634735,0.0026753587932855454
225.97809267044067,-0.0006002864350522514
225.9936854839325,-0.0008328739959256792
226.00410413742063,0.0011897034710771125
226.0144412517548,0.0008832127109472258
226.0215654373169,-0.003135213374032264
226.02952933311465,-0.006459139456889255
226.04512858390808,-0.004675791502397327
226.060298204422,0.0004049273168263991
226.0763428211212,0.0028789041968231097
226.08760166168213,0.0004918422618378645
226.09707903862,-0.002595610139196702
226.1045763492584,-0.001737236258283998
226.1202576160431,0.001862492376633875
226.135764837265,0.003097389816559586
226.151623249054,0.00026938183627190975
226.16395354270932,-0.002531289234837388
226.1787147521973,-0.0012206323446223594
226.19416213035583,0.0025524034094644306
226.20980501174927,0.003825880341373943
226.2252082824707,0.0014089652116984147
226.24048972129825,-0.00048819049303820325
226.2575945854187,0.0015540420755978264
226.2722373008728,0.0049837711460062155
226.2878997325897,0.004625626087385476
226.3036289215088,1.2226686557794287e-05
226.31410479545596,-0.0036141959508961957
226.33579063415527,-0.0022144012610188354
226.3518991470337,0.0016899507747944178
226.36707186698916,0.0025911424728630055
226.3803231716156,-0.00048279130752977486
226.3957769870758,-0.0028787902469815945
226.41167187690732,-0.0009842289042566459
226.42755126953125,0.0027907742802195435
226.4467978477478,0.0035956472579244075
226.4529540538788,0.0010351071108346608
226.46827673912048,-0.000447197037750753
226.4840919971466,0.0018639082684156088
226.49998784065247,0.004950590360465544
226.51383686065677,0.004410882020677436
226.52970933914185,0.0008619521553429954
226.5449345111847,-0.0009318599468443157
226.56102681159973,0.0009749125161403549
226.57706236839292,0.0027631374985498686
226.59262776374817,0.00037797180904963453
226.60758256912231,-0.004261432334933892
226.6232306957245,-0.005382692798904477
226.63877367973328,-0.001126210264988744
226.65403580665588,0.0037799045979408988
226.66403722763064,0.004155199304080297
226.6795883178711,0.0008121842480651393
226.69510507583615,-0.0014112353192961295
226.71060490608212,-0.0007794066997185711
226.72643876075745,-0.000601467539763668
226.74254941940308,-0.003446495847422745
226.74799513816836,-0.006438334219972653
226.76354813575745,-0.0049182940624505475
226.7692921161652,0.0005041414952931807
226.78419184684756,0.0038106929354214253
226.79225969314572,0.0011259276520416443
226.79969954490664,-0.004236245186203015
226.8152060508728,-0.006218333182831982
226.8298478126526,-0.0038829336339101846
226.84564208984372,-0.0019771519927640115
226.85389375686648,-0.00375189633837029
226.86387133598328,-0.006354164716348515
226.88574242591855,-0.005277804909801958
226.9011571407318,-0.0013988708897305236
226.91300320625305,-0.00034141168367541453
226.9209170341492,-0.0046977992700102935
226.93079471588132,-0.009898114381846797
226.94636702537537,-0.009813102962996974
226.95349597930908,-0.004795371329177066
226.96942281723025,-0.0013020016282881896
226.9849603176117,-0.0035604136223958095
227.00071787834167,-0.008438814596704439
227.01678466796875,-0.01011982762918254
227.03293132781985,-0.007797874386226516
227.04887342453003,-0.005896650678289789
227.063658952713,-0.0071034254392506055
227.07896780967712,-0.008519240232908443
227.0945851802826,-0.006413061454244288
227.11023950576785,-0.0024475460263605193
227.12496733665463,-0.0019674504983359714
227.1426377296448,-0.006405739688090585
227.1499378681183,-0.010666680598893648
227.1646025180817,-0.00964987410881458
227.1800844669342,-0.005107581836079535
227.18717241287231,-0.003219101768309573
227.2034022808075,-0.0060886162584171165
227.2136301994324,-0.008924119340713502
227.2282876968384,-0.006809995065152416
227.2367651462555,-0.0016427171652763808
227.25340390205383,0.0003892858800849158
227.26301217079163,-0.0027508718393107483
227.27183389663696,-0.006215087557630335
227.2818431854248,-0.004819262629441104
227.2920093536377,0.00028789001928496366
227.3075304031372,0.0037077119349433097
227.3230538368225,0.0030884937987788906
227.3390543460846,0.0013386276925548362
227.35464239120483,0.0014078290071682124
227.3649654388428,0.001878213356463545
227.3801281452179,-0.00024675778244294747
227.3957552909851,-0.004094119450866579
227.4038910865784,-0.005290315768757835
227.41358757019043,-0.00204445796442268
227.4305319786072,0.0018188050689803407
227.43837761878967,0.0017726952466164947
227.449880361557,-0.0009780875020703882
227.46513843536377,-0.000694278609795804
227.4796497821808,0.005244089620789426
227.49477553367612,0.012612114097117147
227.51371002197263,0.01576192398629605
227.52909803390503,0.014698575347597593
227.5371525287628,0.014003752252418874
227.55206036567688,0.015444650793459058
227.5628073215485,0.015189103511065581
227.5836009979248,0.009867885011016944
227.59636163711548,0.002718819173915702
227.61187720298767,0.0005270813843238232
227.6270127296448,0.005049633923989532
227.64265298843384,0.010645858556673021
227.65396809577945,0.011431463165452418
227.66942143440247,0.008233673319027118
227.6844174861908,0.006203949596308956
227.6999590396881,0.007091610191723846
227.7159914970398,0.007289719906978912
227.73125553131104,0.004036921461720574
227.74664759635925,0.00031074893850322003
227.7621030807495,0.0009674742615940462
227.7781410217285,0.005547535421075662
227.7933337688446,0.008253684670025204
227.8038020133972,0.005515992526551765
227.8141224384308,0.000690244852835079
227.82926630973816,-0.0006648268900382084
227.84445428848267,0.0016997609349286317
227.85993719100952,0.0028795036341727137
227.875093460083,0.00021458269393001984
227.88831448554996,-0.0026919665961439012
227.9038324356079,-0.001116299763592225
227.9199514389038,0.0037436377461106717
227.93494844436648,0.00594759782538746
227.95010948181152,0.0028650890194546826
227.96444821357727,-0.001045527638818136
227.97987723350525,-0.00014243873490087967
227.9957311153412,0.004805559541757236
228.01088333129883,0.007725800077519909
228.0205819606781,0.00546748027690516
228.0301477909088,0.0018372666528298936
228.0439651012421,0.00205758991751387
228.05944681167605,0.005522017782654627
228.0702700614929,0.006914270021310811
228.08056259155276,0.003934195154734005
228.0970888137817,0.0006234218295163018
228.1123552322388,0.0015552707628403526
228.1275587081909,0.005108769527097562
228.1376957893372,0.005414644430384326
228.14705753326416,0.00038167572235417186
228.15542125701904,-0.005349936157305552
228.1625554561615,-0.006610239189781223
228.17797708511355,-0.00443559782566318
228.19329404830933,-0.0041236262154068695
228.20848107337952,-0.007554138209406928
228.22150778770447,-0.010592826958727462
228.2305178642273,-0.009126378188795511
228.24643802642825,-0.005160577082016463
228.2591662406921,-0.004366092427778937
228.27567410469052,-0.008482343409778544
228.29001092910767,-0.013210224840401923
228.3053321838379,-0.014475919135018564
228.31303572654724,-0.014149928985285635
228.3204734325409,-0.017182269673757758
228.33046960830688,-0.024415538555090842
228.34219455718997,-0.031472054605499296
228.35769319534305,-0.03527746275021487
228.37298917770383,-0.038665345709211325
228.38727712631223,-0.04615678248712243
228.39700484275815,-0.05675970714176553
228.40470457077024,-0.06420167170283853
228.412273645401,-0.06464790481805138
228.42734599113464,-0.06129398193607001
228.44306421279907,-0.0595107785789662
228.4586682319641,-0.059448081509186596
228.47039151191711,-0.05643006871117487
228.48075580596924,-0.04836867772590219
228.49667119979856,-0.03953620569296644
228.51144218444824,-0.03521348371460492
228.52699780464167,-0.03465667768728581
228.54218292236328,-0.0323388023734793
228.55403184890747,-0.02583402340532575
228.5688679218292,-0.01924137787552843
228.58470678329468,-0.01725643799075085
228.6002552509308,-0.01832382543609514
228.6134808063507,-0.01672704548486041
228.6291937828064,-0.010751437034534347
228.63720393180847,-0.005280682783816538
228.65225076675412,-0.004949175858908677
228.6626491546631,-0.007346636988215987
228.6704580783844,-0.005879061742426948
228.68084836006165,0.0014576278093083542
228.6917881965637,0.009311546571238356
228.7014198303223,0.011859751121797012
228.7126748561859,0.00989179503447818
228.7280070781708,0.008767260313326142
228.7464292049408,0.010689119343155636
228.76130318641663,0.012231321795976375
228.7770390510559,0.010168870789681551
228.79529690742493,0.006816008410583227
228.80388760566711,0.007006109742224379
228.81346249580383,0.011070233137144461
228.82184028625488,0.01410652464751793
228.83204460144043,0.01283823127415429
228.8473165035248,0.01029737472485667
228.8630442619324,0.011481848540641543
228.8783037662506,0.0160278579930537
228.89533638954163,0.018368474253890134
228.9107427597046,0.01537322453898
228.92629647254944,0.01087101398475632
228.94160842895508,0.010709247148175683
228.9537091255188,0.015122267010358813
228.96411037445068,0.018795403673214188
228.97774362564087,0.018193431633107958
228.99309515953064,0.015797905908984652
229.00842094421387,0.015709451982416363
229.02433347702024,0.01747129225566683
229.03980994224548,0.01718801977386733
229.0537428855896,0.014072834654477045
229.06894946098328,0.012422834494531935
229.0848240852356,0.015594399390396646
229.09836673736567,0.02045603722389709
229.10472798347476,0.020721250224250566
229.1209275722504,0.01518479235858589
229.1366105079651,0.009631242019908021
229.1468846797943,0.009559711892891707
229.1637625694275,0.013419493811931468
229.1791353225708,0.015322219465009189
229.1944763660431,0.013188428422817606
229.20979809761047,0.011061123739082501
229.22559118270877,0.012767138977586426
229.24259281158447,0.016222553131650025
229.25726342201236,0.01647735691902
229.27323603630063,0.01298114239189815
229.28937292099,0.010533011533419508
229.30503702163696,0.012477468578583593
229.32035899162287,0.015878581955472156
229.33467531204224,0.01566318651812403
229.350088596344,0.011937062574290044
229.3656063079834,0.01005168783876065
229.3815596103668,0.013162100344216093
229.39751291275024,0.017619589853371895
229.4128379821777,0.017645023872633017
229.4285011291504,0.012870298360799011
229.43742728233337,0.008511480313299487
229.44683814048767,0.008260250148187268
229.46277284622192,0.009862933542043695
229.478134393692,0.00916545147056818
229.4927682876587,0.006364927252923324
229.51413321495056,0.005413682852985655
229.5241949558258,0.007714574754261034
229.53574228286743,0.009595905392685214
229.5515449047089,0.007503999745716914
229.56671977043152,0.0034786155542069607
229.5807299613953,0.002787064212465011
229.5964982509613,0.006714660267964045
229.61162781715396,0.010593850585481197
229.62678837776184,0.01001674987235531
229.6428072452545,0.006722218491793341
229.6636209487915,0.005953454735215528
229.67552971839905,0.008894936711634044
229.69087028503415,0.010756273623162758
229.70627427101132,0.007343323681102198
229.71991968154907,0.0011146095025245507
229.73519015312195,-0.001714065373428762
229.75206232070923,0.0008446333795852855
229.76605987548828,0.004275701438856099
229.78192973136905,0.0038444389825805815
229.79712986946103,0.0006562144743734719
229.80374693870544,-0.0005565816808830381
229.8135409355164,0.0016919615118347543
229.82402992248532,0.0038929228604459437
229.83956837654117,0.0030378402440958607
229.8553605079651,0.0011201687746254054
229.8710515499115,0.0020688432074451603
229.87947344779968,0.0056438067919222555
229.88694143295288,0.007305892894637101
229.89698457717896,0.004474691748517559
229.90398240089417,0.00029483654851261264
229.9201157093048,-0.0005634986320663432
229.93576836586,0.0017593377982689897
229.95061039924624,0.002764544780468853
229.96368646621704,0.00018147753608413475
229.97367238998413,-0.002682178375054262
229.9871962070465,-0.0016428319076051874
230.0028610229492,0.002251355148836867
230.01783728599548,0.003942234449157946
230.03376984596247,0.0013031557783886802
230.0493185520172,-0.0019343884687142243
230.0643696784973,-0.0013767130481377628
230.0802576541901,0.0020208795955379047
230.09612560272217,0.003526939424852492
230.1037561893463,0.0014664406126095376
230.11353158950809,-0.0004031746377361153
230.1276512145996,0.0016545760251336318
230.1431586742401,0.005822918818338211
230.15795469284055,0.007071107593426247
230.17024064064023,0.004217866486660528
230.1803622245789,0.0017563766957210444
230.1967341899872,0.0036725129687754437
230.20370078086853,0.007737799996054516
230.218944311142,0.008238222969763061
230.22940731048584,0.0034481391313697296
230.2370219230652,-0.002328432540775322
230.24724507331848,-0.0046614490338983735
230.2622437477112,-0.004431745839308219
230.2776336669922,-0.005484194133947499
230.29366970062256,-0.008421058598047744
230.309374332428,-0.009707784567965318
230.32240891456604,-0.00722582580833197
230.33836603164676,-0.003907515449134752
230.35436582565308,-0.0038716844857677344
230.3700692653656,-0.006462081555527891
230.3851490020752,-0.006887684668408821
230.40061736106875,-0.0029121279063405196
230.4160273075104,0.0016972722285548223
230.4313857555389,0.002002743253516726
230.44651579856875,-0.0014444132824979524
230.462336063385,-0.0032852600215220263
230.4721372127533,-0.0004992419050498659
230.4872899055481,0.003804352012153201
230.5024790763855,0.005079401819580417
230.51827263832087,0.003804437271362184
230.5339262485504,0.004603188438723357
230.54977440834045,0.009312540122510099
230.5649621486664,0.013806084208066194
230.5802545547485,0.01309073398352513
230.5962975025177,0.007640425089167242
230.61152601242063,0.002362407906656812
230.62023901939392,2.6367528312771366e-05
230.6351776123047,-0.0014824254163284289
230.6504001617432,-0.004623484474975599
230.66260051727292,-0.0075003535230269945
230.670462846756,-0.006159958138109701
230.68035435676572,-0.0006724470360066435
230.690819978714,0.003944390180496771
230.7030472755432,0.0036937196109599005
230.71823716163635,0.00038408390060401315
230.73392009735107,-0.001279458624843115
230.749137878418,-7.714406502013632e-05
230.76339626312256,0.0007872908149898859
230.77829432487488,-0.0008424578107639716
230.79362773895264,-0.0024589599782521626
230.80917096138,-0.0006186665520339187
230.82476949691767,0.003380088430264205
230.841833114624,0.004457910555147548
230.84816336631772,0.0005234790755132509
230.86340355873108,-0.004395276152761477
230.87900042533877,-0.005323129429652616
230.8971688747406,-0.0028362058608203695
230.91254663467407,-0.0019162582531608294
230.92806315422055,-0.004790554602918543
230.94362092018127,-0.007740917835173148
230.95362782478333,-0.006304138583807905
230.9631669521332,-0.0016424442469520672
230.97396850585935,0.000710635164275539
230.9812307357788,-0.001955325866911265
230.99680304527283,-0.00608883720662416
231.0123403072357,-0.006663865386701243
231.02736067771912,-0.003596721283792928
231.03708624839783,-0.0012900538741775457
231.0469992160797,-0.0022994708615405417
231.05387258529663,-0.003920580189279552
231.0690622329712,-0.002192314893328636
231.08508825302124,0.0024149567948038267
231.0963864326477,0.005471541882757711
231.1142902374268,0.004389167695214117
231.1219699382782,0.0014514997829170287
231.13651061058044,0.00013422356451072348
231.14676642417908,0.00026236223419262746
231.1620252132416,-0.0010680599415126817
231.1707320213318,-0.004382662288682806
231.18038272857663,-0.006252655362607858
231.19548320770264,-0.0038954416590726995
231.20386910438535,0.0004974284405097323
231.2190945148468,0.0021486776603773317
231.23411202430725,-0.00013198207337815349
231.249520778656,-0.0024308048393249277
231.2653684616089,-0.001009821061129158
231.28071284294128,0.0028223668629561664
231.29654097557068,0.004784273591611051
231.3136050701141,0.003517986629576694
231.32923460006717,0.002062159354879154
231.34449982643127,0.0030740803791919086
231.36041164398196,0.00480303886218039
231.37033700942996,0.003667583041519245
231.38026976585388,-0.0002116242211918952
231.39064836502075,-0.002604684897944835
231.40373396873477,-0.0008449529163623113
231.41986536979675,0.0023004591349406267
231.4352309703827,0.0022713381874685593
231.45086097717285,-0.0009532662283898053
231.47016835212708,-0.0026883875133899477
231.48563981056213,5.080910491292619e-05
231.50172209739685,0.004377177165730159
231.5125029087067,0.005376821244715753
231.5207557678223,0.0026267145966393226
231.5304980278015,0.0003723857074011788
231.54083490371704,0.0013229978752468561
231.55306267738345,0.0029963156426626235
231.5679771900177,0.0017626420442263002
231.5837252140045,-0.001440134900038633
231.60001492500305,-0.002226806195043607
231.6158571243286,0.0007071146412759972
231.6313180923462,0.0031649206729762068
231.6467454433441,0.0010297054404614994
231.66211581230164,-0.003822540458474084
231.67754459381104,-0.005829071836246042
231.68550992012024,-0.0033269533896776488
231.6916832923889,-0.0007682621617285472
231.70655274391171,-0.002241738918377273
231.72182083129883,-0.005351679948961618
231.73692750930783,-0.004350693893666923
231.74713230133057,0.0015002419402571662
231.7627320289612,0.0061078606871346796
231.77826619148252,0.004350128732442813
231.7995655536652,-0.0008735997732464687
231.8131215572357,-0.0022230230312708815
231.8187379837036,0.0022779451910552263
231.8348124027252,0.006320468114094218
231.85069012641907,0.0034182276571367797
231.86325812339783,-0.004473873815939457
231.8792109489441,-0.008914271241669979
231.8945667743683,-0.0046544024441405795
231.910120010376,0.005112249745233399
231.92003107070923,0.013124153382990495
231.92987728118896,0.015101625202435728
231.9485580921173,0.011501394175035947
231.9626522064209,0.004764765346373947
231.97876930236816,-0.002552902009581
231.98710680007932,-0.007650928555982994
232.00348687171936,-0.008333761006381859
232.0184907913208,-0.0052399296485966945
232.03380298614505,-0.0019440316495159462
232.04973673820496,-0.0014619111667789004
232.06334233284,-0.003064209628086905
232.07435750961304,-0.0036666790870563716
232.0810582637787,-0.0021272376980234174
232.09661078453064,-0.0006970040170937784
232.11128544807437,-0.0016557982437526613
232.1296966075897,-0.0038100544385352704
232.1451179981232,-0.003808163408213292
232.16110062599185,-0.000630365290856002
232.17678904533383,0.002814017098855904
232.18682670593265,0.003221604189187446
232.2018585205078,0.0009428790153968164
232.20873165130612,-0.0007310735793211503
232.22390270233157,2.678519286789102e-05
232.23950839042664,0.001399333776091197
232.25514459609985,0.0007768467564529748
232.26749324798584,-0.0014373736935757858
232.27784538269043,-0.0024045699025535753
232.29287815093997,-0.0009656479614082096
232.30784440040588,0.0005735058086942216
232.32369589805603,-0.00041775834027834376
232.3297290802002,-0.00322703275737735
232.33703875541687,-0.004795754456030064
232.34682631492612,-0.003990289082073336
232.3541934490204,-0.003085934456351548
232.36863827705383,-0.004316306304637973
232.38429045677185,-0.006400473907244687
232.3995020389557,-0.006139508862945127
232.41256403923035,-0.0030462526696917354
232.4202470779419,-0.0005033417491043836
232.42977333068848,-0.0015551635583186288
232.4405033588409,-0.004901591975036936
232.45618987083435,-0.0065927155026872086
232.47180676460263,-0.005204754602671478
232.4874596595764,-0.0034775579202150353
232.50337147712708,-0.004249600734701835
232.5112326145172,-0.006393488661913236
232.5265135765076,-0.006399698655295848
232.53640484809875,-0.0033592982528495565
232.55197191238403,-0.00038475484253745057
232.5637099742889,-0.0005163855650562191
232.57907938957212,-0.0028229363779644543
232.59453582763672,-0.0040253007716169855
232.60304021835327,-0.003214172787936217
232.6135139465332,-0.003012879077772071
232.62889647483823,-0.005621998052608152
232.6378836631775,-0.009332675541448805
232.6479194164276,-0.010421071349419234
232.66250705718997,-0.007915659416761847
232.67774367332456,-0.004812492292841629
232.6869053840637,-0.004185186228596793
232.69652700424197,-0.0055248831419660045
232.7040617465973,-0.00611439139689378
232.7191870212555,-0.005193220296782566
232.7345032691956,-0.0049606878269341246
232.75049829483032,-0.007102598616437371
232.76582527160645,-0.009893270369052038
232.78111815452576,-0.010133635274678091
232.79712772369385,-0.007357319011280044
232.81265950202945,-0.004440080417850967
232.8273961544037,-0.0037049906874928942
232.8433918952942,-0.003933144638893228
232.85841608047485,-0.0024287397834607182
232.8697066307068,0.0008427589614783903
232.8852024078369,0.0029712429226815065
232.9016044139862,0.002148321412042335
232.9116585254669,0.0003214219954716677
232.92767572402957,0.000595279807167441
232.943482875824,0.0028997589481722366
232.95915150642395,0.00396979933531783
232.97921919822693,0.0017718830199633631
232.9946880340576,-0.001640277847442532
233.010235786438,-0.0027248311321664497
233.0258197784424,-0.0009288322391213088
233.03684973716736,0.000992834988810056
233.04663944244385,0.0009771901026703533
233.05274963378903,0.00023911773132135055
233.0612206459045,0.001020889020385249
233.0777912139893,0.003091801580130282
233.09276723861691,0.004191097087331393
233.10383129119876,0.0036512163181878802
233.11344408988955,0.0036895910545294043
233.12918972969052,0.006239768266369964
233.14456129074097,0.009813442443242087
233.160350561142,0.011128550106846068
233.17050886154172,0.009563358063327011
233.1804482936859,0.008274478840975989
233.19242334365845,0.010154760550682655
233.2019414901733,0.01389302566974711
233.21772575378415,0.015447047933540368
233.23380494117737,0.013044965504227329
233.24723100662231,0.009151358204413061
233.2623403072357,0.007029636042249899
233.27772688865664,0.0067867817413466355
233.30196261405945,0.0061397144112845855
233.31969261169436,0.00432271203375235
233.3365979194641,0.0032695299849761997
233.3534038066864,0.004401463836124718
233.363774061203,0.0058935826236180475
233.37914943695068,0.004751637129037013
233.3944172859192,0.001094970767831653
233.40995359420776,-0.0014346505830148267
233.4204907417297,-0.00011879046722338164
233.43003821372983,0.003289713692567619
233.44529461860657,0.004652886720095005
233.4602262973785,0.002426447488545988
233.47575283050537,-0.0009391444329834282
233.4904773235321,-0.0026377007208413378
233.50385451316836,-0.0029186195930856005
233.5132701396942,-0.0037345601774984995
233.52109718322757,-0.0050075686500759865
233.5364055633545,-0.004211491509158001
233.5517761707306,-5.994659978002595e-05
233.5670359134674,0.005021847193597992
233.58282613754272,0.0074519651731755066
233.59814047813416,0.006750683839478636
233.61357021331787,0.005633903283804933
233.62894010543823,0.00588857008320737
233.6446270942688,0.0059029984658959984
233.6530861854553,0.0033131893553848607
233.66343474388125,-0.0010643949820730667
233.6791379451752,-0.0037059880798091987
233.69466829299927,-0.00280388564694825
233.71021580696103,-0.0006216506879758344
233.72053170204163,-0.0005244907378837897
233.73036694526672,-0.0027054922881438385
233.7444748878479,-0.00434994177786131
233.759592294693,-0.003779541193986038
233.7757306098938,-0.0026593784825784724
233.7874734401703,-0.0032666170914178337
233.80283665657043,-0.0049479404910314495
233.81973505020144,-0.005036164231239971
233.83517384529117,-0.002963986393052335
233.8503787517548,-0.0015219192355872516
233.86411809921265,-0.003186039733725678
233.8791365623474,-0.006559411155943754
233.89450764656067,-0.007992340558176644
233.91035866737369,-0.006278382576621028
233.92598056793213,-0.004067881937157564
233.93738651275635,-0.004191444345489744
233.94688749313357,-0.006013912736890004
233.95437026023865,-0.006686176060811405
233.96984553337097,-0.005284891566414679
233.98546981811523,-0.003998395205337749
234.0010282993317,-0.0048985353967336415
234.01630425453183,-0.0070162639038019
234.03003478050232,-0.007725721741284642
234.045254945755,-0.0061773994364636795
234.06046891212463,-0.0038570568301831325
234.07054448127747,-0.0019349111656556174
234.08020281791687,0.0001250141184009272
234.09553575515747,0.0024699455170836457
234.1102159023285,0.0029064822925096313
234.1252610683441,-0.0009720697195843898
234.13728022575376,-0.00782601266838719
234.14700412750244,-0.012622141089216391
234.15301990509036,-0.011761915898669394
234.1589336395264,-0.007308124397049691
234.1748690605164,-0.00475820672145101
234.19060635566711,-0.006717870949974687
234.20658540725708,-0.010147712031805851
234.21357011795044,-0.010468575208655469
234.21983170509336,-0.00715875023695429
234.23775386810303,-0.003819665998884276
234.25232911109924,-0.003170549877946612
234.26805186271667,-0.0039384753548267395
234.2838373184204,-0.0034530860857321707
234.29959321022037,-0.0016738388697260685
234.31537103652957,-0.0007912355132560857
234.33132672309875,-0.0013795279328261837
234.34738159179688,-0.0011814341354179406
234.36347126960757,0.0014576232009620377
234.3792541027069,0.004604192121874816
234.39452743530276,0.004876123700435178
234.4105613231659,0.001970892930310664
234.4259305000305,-0.0007708224589444742
234.4417383670807,-0.0006905256445808128
234.45374608039856,0.0008520809974972435
234.4698011875153,0.0006498643408706134
234.48459839820865,-0.0017611839589481734
234.50079822540283,-0.0034663336386561716
234.51338624954224,-0.0023045718316695245
234.5291216373444,7.391259137172826e-05
234.5444688796997,0.0005339425791003685
234.5599172115326,-0.0011155743183048307
234.57059955596924,-0.0018626956579084221
234.58033108711243,0.00019787567851306488
234.5919895172119,0.0030853846540269685
234.59996914863584,0.0036478593551452767
234.61510801315308,0.001924012074169086
234.63091373443604,0.0009624370230253742
234.6470696926117,0.0024194415647435675
234.66309928894043,0.004294002747515282
234.6787040233612,0.004046427627738396
234.6943016052246,0.002529363639759943
234.7096202373505,0.002872118115191622
234.7256407737732,0.005682833257688286
234.741929769516,0.0074593450829933
234.74842262268064,0.004905058636851477
234.7642982006073,-0.00044170229193412963
234.77976036071777,-0.003644392197354942
234.7957887649536,-0.002219249005473977
234.8112962245941,0.0011568674843269366
234.8269624710083,0.002364853797113343
234.84259963035583,0.0007691993029474313
234.8528711795807,-0.001007980482506008
234.8633143901825,-0.001397026518538088
234.87891721725464,-0.0017703341661412274
234.8946542739868,-0.003404614840570606
234.909761428833,-0.004461639122336816
234.920663356781,-0.002011620935035962
234.9302933216095,0.0033686568019199318
234.94550609588623,0.007132922965029365
234.9611349105835,0.0057945848366347825
234.97695684432983,0.0011721010734151373
234.99260187149048,-0.0016717169138553778
235.0031838417053,-0.00016727313152471723
235.01389741897583,0.0034390914469373704
235.01958322525024,0.005391049855692285
235.03449010849,0.004475302134172118
235.0504026412964,0.0019907616091486223
235.06336617469788,-0.0010386368834951467
235.07865357398987,-0.004770537952848799
235.0942325592041,-0.008608110437147544
235.10979676246643,-0.010238475340069114
235.12633991241452,-0.008114044274644308
235.13366866111755,-0.0041979315815443945
235.14373326301572,-0.002436958856140884
235.15905046463013,-0.004161859388308219
235.16959977149963,-0.006475986706145974
235.18466019630432,-0.006087468408204176
235.2005705833435,-0.0035161884405418976
235.21659660339355,-0.001963838102840254
235.23177552223208,-0.0026005597302792578
235.247398853302,-0.0030504721432921215
235.26228642463684,-0.0012170926434422265
235.27767038345337,0.0011640451340463817
235.2934913635254,0.0006267987871940355
235.30814671516416,-0.002944010106929958
235.3240566253662,-0.005444909438884995
235.33955764770508,-0.003505758782181816
235.35507726669312,0.0012064705871263916
235.3698670864105,0.004100253033719836
235.3795390129089,0.003343718607816456
235.38723754882807,0.0015734718003423609
235.39705610275269,0.0016811843848655735
235.4042444229126,0.002796901870427437
235.4184937477112,0.0019845457608587825
235.43383955955505,-0.001070582628745832
235.44946694374084,-0.003273810401182491
235.4630300998688,-0.0023788797203852397
235.47029757499692,-0.00010406871425828589
235.4803042411804,0.00040542208069589214
235.49551057815552,-0.0009310912265680055
235.5107605457306,-0.0011809589737273919
235.52042818069455,0.0011289810621476692
235.53046679496765,0.0036269549223962487
235.54832673072812,0.0033037514979556695
235.55803275108337,0.0008124267142620742
235.56733655929563,-0.00025070944546274173
235.5827949047089,0.0018219584157230509
235.59894371032715,0.004593856415568302
235.6137237548828,0.004937460669360345
235.63072609901428,0.0033457369923433015
235.6464672088623,0.0030438675044189424
235.66146731376648,0.0051930098956396034
235.6771130561829,0.0070380133563505845
235.69285202026367,0.005727662646740142
235.70844197273252,0.0025097343840613322
235.72342610359192,0.0013552617882425376
235.7393147945404,0.0037469024247453334
235.74628043174744,0.006721704708761347
235.7619071006775,0.006837174345939794
235.7773072719574,0.004606425436133528
235.79248023033145,0.0033754163193299744
235.8076708316803,0.004398321336110737
235.8135585784912,0.005111260507593416
235.83394145965576,0.0029481762487962473
235.84544610977173,-0.0008479099146154183
235.86111211776733,-0.0028460514669569467
235.8768653869629,-0.002077106962271079
235.8925189971924,-0.0010686625334069225
235.90303468704224,-0.0019280601102078633
235.91320633888245,-0.0032185892289496396
235.9284040927887,-0.00213135016885031
235.9364302158356,0.0011906504780080708
235.9516396522522,0.003435328908311554
235.96283292770383,0.0024587329042359213
235.9707515239716,0.00011926822298559511
235.98759269714355,-0.0004067850596546055
235.99607729911804,0.0009396167651632772
236.01187348365784,0.0012022390251210102
236.0196897983551,-0.0010688555622031942
236.0348443984985,-0.0033311174683746847
236.05023550987244,-0.0023018347334711688
236.06356501579285,0.0014402508811793158
236.07954907417297,0.003937766566062815
236.09561133384705,0.0028575069641056834
236.1116940975189,0.00019713905182517808
236.12021923065183,-0.0008166503384890891
236.13010787963867,-3.113893056199248e-05
236.1402244567871,0.00013332212826100865
236.150506734848,-0.001136538919946487
236.16607213020325,-0.0015548765211552545
236.1816930770874,0.0008377073351995331
236.1977634429932,0.0044278038147841006
236.2038145065308,0.005865289585501845
236.2136619091034,0.004501944215313728
236.22994351387024,0.003108186005433342
236.2423973083496,0.003821044212479716
236.2580399513245,0.005141238986764017
236.27319765090945,0.0043551153236222
236.2884864807129,0.001928520963290813
236.30451011657715,0.0013949364028721456
236.32014536857605,0.004565321785246417
236.33614110946652,0.008692066647284523
236.35116291046145,0.009741056510973595
236.36702513694763,0.007457724930893752
236.3770704269409,0.0053605572310897074
236.38444590568545,0.005820778089810704
236.4000642299652,0.007129185227201094
236.41568040847775,0.00646870965738004
236.43162846565247,0.004318183590201922
236.4474940299988,0.003866879617480662
236.46303367614743,0.006184905277444915
236.47777891159055,0.00806205453572584
236.4934937953949,0.005922926167815737
236.5029730796814,0.0007908241088727614
236.518310546875,-0.0024757117680407094
236.5336606502533,-0.0009492781286420252
236.54883813858032,0.002973957303771137
236.56449508666992,0.004739478715766568
236.5798432826996,0.0029476701710974317
236.59563732147217,6.150422137421669e-05
236.61158561706543,-0.0015931911449991376
236.6205747127533,-0.0025417659773398016
236.63632798194885,-0.004218396856122034
236.65133333206177,-0.005938391366402949
236.6670696735382,-0.0055118521935938886
236.6828303337097,-0.002399468175803004
236.69840550422668,0.0015195887175333024
236.7138650417328,0.004715290367598582
236.728848695755,0.007960948544801642
236.737149477005,0.01230276209603669
236.7466504573822,0.016055802156122054
236.7536792755127,0.015761697719256028
236.76752257347107,0.01053994192083252
236.78021883964536,0.004038265697960806
236.7956509590149,0.0008618470692550511
236.80297017097476,0.001624183363498467
236.8127760887146,0.002798762116171598
236.8204743862152,0.0014319774275406367
236.8307127952576,-0.0014352056407508427
236.846097946167,-0.00281239561264414
236.86128520965576,-0.0020409964664298065
236.87672352790835,-0.0013566241309209432
236.8870677947998,-0.002283139358655787
236.89651536941528,-0.0032771273154227104
236.90388536453247,-0.0020790704025492597
236.91959834098816,0.0006501662325356173
236.93586349487305,0.001809480591329174
236.95145225524905,6.0007308614415e-05
236.9628598690033,-0.0020878922769964263
236.97025203704837,-0.0014455515739327978
236.97998929023743,0.0015590602246665012
236.9897487163544,0.00332467156542576
237.00284123420715,0.0017480089636312992
237.0180132389069,-0.0011041442643688537
237.0293481349945,-0.001754703194463131
237.03695559501648,0.0003601623642198188
237.0473871231079,0.002652645483786911
237.0601978302002,0.003067978656820057
237.0756788253784,0.002388392947347096
237.09157848358157,0.0022618836200511477
237.1071639060974,0.0022878537568796087
237.12036681175232,0.0006587476094804685
237.12932348251343,-0.0025903034483961388
237.14499759674072,-0.004756088261232992
237.16006207466123,-0.0037342179211618115
237.1756582260132,-0.0009721418242983115
237.18701171875,0.00020000638474630705
237.19669461250305,-0.0012184879340043377
237.20417737960813,-0.0028556452216169123
237.2102122306824,-0.0024060618914462763
237.22577691078183,-0.0006400303610661988
237.24149870872495,0.00012461689328949188
237.2570402622223,-0.00038074845454423795
237.27259016036987,-2.560505886968164e-05
237.28975701332087,0.002355856207167306
237.30501222610476,0.004877876822999443
237.32012271881104,0.005029163477196255
237.33584785461423,0.003333952871188592
237.35119915008545,0.002920442864825305
237.3667588233948,0.0052181905514890195
237.38275170326236,0.0076153404546673445
237.3981366157532,0.006570745205861699
237.4137351512909,0.0022650094715714417
237.4289195537567,-0.0014267711921885995
237.44428062438965,-0.0016785304813512153
237.4540660381317,9.310295768591025e-05
237.4633767604828,0.0006775435866400623
237.4707543849945,-0.00038356534948202057
237.4771692752838,-0.00037659436253443754
237.49270749092105,0.0024638469427708644
237.50807905197144,0.0061054671053649935
237.523738861084,0.007089724513478831
237.5464940071106,0.004847111107655671
237.553964138031,0.002119692779992517
237.56969380378723,0.0011533096673722858
237.58510637283325,0.001066663057581541
237.60048079490664,-0.0001513819543462753
237.6161608695984,-0.00222009591648327
237.63008666038516,-0.002760824688205275
237.64550709724423,-0.0007267952289134153
237.65308904647827,0.0020012014750136206
237.6628894805908,0.00314921048854791
237.6703531742096,0.0029694957817034792
237.68021607398987,0.00331631724729891
237.68955826759336,0.004348071079534771
237.70485877990723,0.0038852298764225253
237.72051644325256,0.0006471174950366467
237.72950792312625,-0.0032187317420378316
237.7371497154236,-0.00429570515501006
237.74670314788816,-0.002221568879878829
237.75414872169492,-0.0002900065163028104
237.75992941856384,-0.001246173103319636
237.77576637268064,-0.0038011399184884414
237.7914514541626,-0.004560833924410114
237.8029923439026,-0.0026876335033472866
237.8193233013153,-0.0008715652228717377
237.83420515060425,-0.0013794109547777525
237.84968852996823,-0.0028305344697859957
237.8651897907257,-0.002251833458092152
237.8804256916046,0.00052341205052533
237.887109041214,0.002365440991947401
237.8967227935791,0.0010279218902809627
237.91210961341855,-0.0018009656422737306
237.92808079719543,-0.0028008502660606975
237.9368166923523,-0.0014425987536276982
237.9457049369812,-0.00043748362940806767
237.95387053489685,-0.0017664265545340486
237.9639949798584,-0.003961898140158689
237.97988867759705,-0.0043519760267437795
237.9952712059021,-0.0028798781371247887
238.01103591918945,-0.0020061752222009636
238.02685260772705,-0.0029626850427192583
238.04197525978088,-0.003887663308298644
238.0580449104309,-0.0025912690780630038
238.0736858844757,5.118743887119466e-05
238.0892872810364,0.001066270124048566
238.09632205963132,-0.0005171670314339468
238.10363054275516,-0.0022248966808484615
238.11268639564517,-0.0015120196556543818
238.12292551994324,0.0006854488726155557
238.13807940483093,0.0012483198414607695
238.1530420780182,-0.0006716654856548251
238.16275453567505,-0.0022366666883156814
238.17061233520508,-0.0006455006382357757
238.17965006828308,0.0030207780811572146
238.19405364990237,0.005091986537368264
238.2099883556366,0.003996223058673653
238.2257673740387,0.002024106063027123
238.241534948349,0.001964675953843672
238.25356197357175,0.0034120073839356557
238.26316666603088,0.003755450715282528
238.2783939838409,0.0021499564421477305
238.28630781173703,0.0006409285690613209
238.30132389068604,0.0008957874034929828
238.31319046020508,0.001496215230508483
238.3295557498932,2.7771010469639697e-05
238.34505653381348,-0.002856030482410481
238.3602511882782,-0.003458818637954132
238.3757300376892,0.0002962416634986944
238.39681315422055,0.0056936663424467125
238.4038164615631,0.007996005953517148
238.41955399513245,0.005731333943450045
238.43523120880127,0.0018088023409221282
238.45098853111267,-0.0005245229457184442
238.4697592258453,-0.0011630248447958985
238.48653173446652,-0.001709807306658678
238.50095891952515,-0.0019864953857963415
238.5163674354553,-4.856510362035265e-05
238.52911233901975,0.004275987344742103
238.53700804710388,0.007896929449216376
238.54655289649963,0.007898900659982581
238.56178069114685,0.00549601421684561
238.5769114494324,0.00478676488505757
238.5922565460205,0.007546098096838894
238.60368299484253,0.010923273345097236
238.61375546455383,0.011150365229488545
238.62213945388797,0.008243249264074642
238.63759446144104,0.005478324593470125
238.65313506126404,0.004756677591101462
238.66963815689087,0.004470476802899324
238.68488240242004,0.0025914358143600156
238.69624733924863,0.0001928362530452326
238.70390582084656,0.00014776780475161326
238.7187101840973,0.0028057638798985782
238.73426914215088,0.0049394831640504
238.74607586860657,0.0037731984703663624
238.7537031173706,0.0007007058669864932
238.7636125087738,-0.00047232528423187794
238.7763767242432,0.0015363652616150695
238.78616333007807,0.004022580180557506
238.80153155326843,0.004166184475173317
238.8171079158783,0.0028449075302413532
238.82962942123413,0.0032610493353529757
238.83711433410645,0.006443379407452243
238.8474304676056,0.009785278207573078
238.86203479766849,0.010406109327550648
238.877432346344,0.008618701182309875
238.89271426200867,0.006992845534991127
238.9127511978149,0.00673111194496826
238.92018866539,0.0065210502790209995
238.9304060935974,0.005102010794666678
238.94589471817017,0.0033543579565200664
238.96096849441528,0.002688465377429815
238.97034859657288,0.0023585974297405292
238.985609292984,0.00020866836031798762
239.00111627578733,-0.0037936600753422514
239.01717066764832,-0.006500053242097488
239.0293309688568,-0.005196724033409634
239.03691577911377,-0.001365208636063586
239.04680943489075,0.000648514946915575
239.05399250984192,-0.0013550997684431132
239.0612814426422,-0.005137200745380393
239.0765631198883,-0.007316781548844678
239.0922429561615,-0.007805387974724521
239.1079607009888,-0.00964917417991474
239.1306426525116,-0.014855709084012268
239.14547491073608,-0.021979773022120654
239.1609678268433,-0.028441422343744593
239.16971850395203,-0.03397340996122733
239.1800591945648,-0.04036232107843716
239.1961271762848,-0.04813632038525136
239.20472359657288,-0.05517869465279502
239.2150201797485,-0.05942123392576091
239.23022317886355,-0.061874375222651004
239.2457630634308,-0.06559594188283413
239.25379824638367,-0.07173637211455676
239.2633328437805,-0.07785375542915793
239.2783389091492,-0.08069826061914902
239.29349088668823,-0.0797666611234093
239.30888867378235,-0.07712484130163048
239.3240115642548,-0.0742074372774231
239.33935952186584,-0.07025603270434164
239.35462284088132,-0.06437753327674212
239.3703372478485,-0.057853583420265066
239.37861824035645,-0.052993922881015634
239.39629983901975,-0.049969989667382295
239.40364146232605,-0.0462421741811366
239.4194872379303,-0.039721490139203036
239.43523263931277,-0.03151401706712549
239.45058178901672,-0.02448229988305365
239.46290063858032,-0.01949499574752825
239.4748969078064,-0.014397396782902118
239.4902045726776,-0.007105942439574942
239.50665259361267,0.001279837753395143
239.5218551158905,0.007463520898361471
239.5368947982788,0.00971922908776102
239.55280423164368,0.009561594026204146
239.5679447650909,0.009420570679202555
239.58332705497745,0.00974574848748808
239.5993173122406,0.009385933712896366
239.61092162132263,0.008260184171781471
239.62607979774475,0.008156691190913473
239.6412386894226,0.010363319666172153
239.65658855438232,0.013532060926309228
239.67187905311584,0.015006037844393713
239.68714714050293,0.014066436981803859
239.7027943134308,0.012866205309042814
239.71235585212708,0.013840413731446819
239.72955322265625,0.016891491330956042
239.73747849464417,0.019697959607711306
239.7484085559845,0.020387873556952367
239.7637071609497,0.019163302352702964
239.7790675163269,0.0174110883521238
239.7950406074524,0.016172574512748245
239.8103461265564,0.015916143693356095
239.8259997367859,0.016910045519013997
239.8420388698578,0.01865819997596168
239.857839345932,0.019182017113365465
239.8733558654785,0.016396141500387786
239.8891065120697,0.011214740443086122
239.90482592582703,0.00833970283271346
239.92796850204468,0.01193235696366192
239.94405460357663,0.019986585496335023
239.95272755622864,0.0249807629609717
239.9681966304779,0.021964463424382845
239.9831998348236,0.014848421233853916
239.99924492836,0.012125295979000285
240.0147559642792,0.016496351510888577
240.03058767318728,0.021658142228567122
240.04656052589417,0.02062489877116943
240.0532441139221,0.014637067869877117
240.06322288513184,0.010995009992384699
240.0716111660004,0.013212340183629602
240.08716940879825,0.01699581594711459
240.10254645347595,0.017028040553078626
240.1120743751526,0.014561193118358552
240.11992931365967,0.015206151640738989
240.12983655929563,0.020426718102979014
240.1418933868408,0.025017807936542874
240.15264701843265,0.024113237409506875
240.16863441467285,0.01971067461731677
240.17915391922,0.017570470281510354
240.194233417511,0.019149298664258886
240.2108235359192,0.020104195080498443
240.2203433513641,0.017189720624545587
240.23534870147705,0.013294369768128193
240.25056433677676,0.013260519783036
240.2632358074188,0.016599162343837237
240.27976417541504,0.017790748046149434
240.29424953460693,0.014019458316091506
240.31165599823,0.00943579087371786
240.3254702091217,0.009745407235541991
240.3414087295532,0.014508536498662242
240.35340309143064,0.0178132047737542
240.36294507980347,0.016293792841612448
240.37176299095157,0.013283988556119383
240.38714814186096,0.013531657835290766
240.40223908424375,0.01625883339371452
240.41814255714417,0.016485111920778017
240.42970061302185,0.012587775782914683
240.44340920448303,0.009148394405072853
240.45932507514956,0.010841131470946487
240.47457146644592,0.015834264932669883
240.48987531661987,0.017948192810931417
240.50354075431824,0.014658166494710944
240.5132496356964,0.010008119299307113
240.5291175842285,0.008691490140834882
240.54505252838132,0.009795302980910811
240.560560464859,0.008887786027242576
240.57017540931705,0.005084300576089128
240.58019995689392,0.0026219341313674484
240.5956819057465,0.0045709485222253515
240.60345840454104,0.007952370182185415
240.61895728111267,0.0076726713321958444
240.63379788398743,0.003813173996376815
240.64648580551147,0.0016549646517126592
240.6622486114502,0.004135215127186678
240.6774022579193,0.0074763949363682546
240.69347763061523,0.006431533849497321
240.7087614536285,0.0018639431752245097
240.71696758270264,-0.00015266718933239806
240.7322654724121,0.0033451092111706944
240.7481045722961,0.008047947706108897
240.7637045383453,0.008189767275804566
240.7701036930084,0.004226860407121083
240.78730869293213,0.0017880868587836414
240.8013217449188,0.0036579186823315546
240.8170187473297,0.006195748938105679
240.8313357830048,0.005014491933876219
240.84590315818787,0.0015042576680957488
240.86106061935425,0.0007599998934460068
240.87717962265012,0.003975777727435885
240.89240384101868,0.006424357721146199
240.9075875282288,0.004154853431743181
240.923376083374,-0.00012460780701473292
240.94651222229004,-0.0006136598829416997
240.95847249031067,0.0033869014787395375
240.97442197799683,0.0063093710233345975
240.9902572631836,0.004025542479899332
241.00601148605347,-0.00037752351869947123
241.019948720932,-0.0009501279650435538
241.029393196106,0.0027284609964868334
241.0453200340271,0.0049428023396185464
241.06128334999084,0.0019152576984939559
241.0765721797943,-0.0027290779264154967
241.0964434146881,-0.002804513268125379
241.10717630386355,0.0018949835738558134
241.1179430484772,0.00514016286188782
241.13310647010803,0.002563023818612491
241.14910507202148,-0.0026867489129264238
241.16237807273865,-0.004565227185747563
241.16998410224917,-0.0023184500235344917
241.17897415161133,-0.0007446675354273187
241.19411897659305,-0.0025652418263573404
241.20990371704104,-0.004212229621663264
241.2258107662201,-0.0012540692822471068
241.2476122379303,0.004424452672348018
241.2624514102936,0.006389290150520887
241.27744603157043,0.002350356528693403
241.29261422157288,-0.002433753606365438
241.30867719650269,-0.002120762452017366
241.32038283348083,0.0019202067653824434
241.33044266700745,0.003319433320836713
241.3374104499817,-0.00027982260306850127
241.35273241996765,-0.0040997108416646
241.36827754974365,-0.0032266583780291335
241.3838460445404,0.00035495773262938157
241.399955034256,0.0007033135360842186
241.41609477996823,-0.003376683180079204
241.4294021129608,-0.0063033030250472365
241.44511246681213,-0.0034337980968815484
241.46075177192688,0.002205632612811092
241.47606015205383,0.0037048369121133956
241.4913909435272,-0.000528167435098782
241.5067992210388,-0.004804251505646505
241.52240085601807,-0.003961675267790185
241.5426983833313,5.896978670104358e-05
241.5504126548767,0.001807513845840178
241.55676007270813,0.0004910153297340934
241.5632054805756,0.0008715764313363974
241.57806086540225,0.005778781593173059
241.59400916099548,0.011260411014949626
241.6128733158112,0.011593443605525718
241.62882590293884,0.0071825837370804715
241.6442444324493,0.004103606001557705
241.66015076637268,0.005812379001569322
241.6702435016632,0.008630600313824038
241.68002891540527,0.00727991003373674
241.69033908843997,0.002526412283642685
241.70561599731445,9.173886477105214e-05
241.72091674804688,0.0024815084333976245
241.73721575737,0.005425162307861265
241.7530772686005,0.003955196416573086
241.76358914375305,-0.0005624841294506119
241.77852773666385,-0.002384321569144451
241.7868208885193,0.0005149707122926988
241.8025918006897,0.0036558489671542757
241.81224060058597,0.0024276773111347647
241.82005834579468,-0.0014395732570301883
241.82994294166565,-0.002376154477336783
241.8402576446533,0.0012611423575203838
241.850120306015,0.005223713253695005
241.86508965492249,0.005771834867398116
241.8798086643219,0.004906241612242981
241.8960068225861,0.006729128107368924
241.91043663024905,0.010456833650704149
241.92636394500727,0.01085644627316764
241.94159030914307,0.006009405515842696
241.95336294174197,0.0009578459935552265
241.96506428718567,0.001121956844545535
241.9787838459015,0.004390580628854522
241.994567155838,0.0035396148983030187
242.0097897052765,-0.003722757002021156
242.02002954483032,-0.011016877003808018
242.02988386154172,-0.011432219530859981
242.0449571609497,-0.0065809325327640155
242.0606858730316,-0.004194177546659037
242.0763223171234,-0.007686741370630704
242.092059135437,-0.012045556615218573
242.10806322097775,-0.01135252198805689
242.12359023094177,-0.007079452017752654
242.1392433643341,-0.00559657236870875
242.15350008010864,-0.008779384968550016
242.1694893836975,-0.011228025658738821
242.1844592094421,-0.008018214944561921
242.19991612434387,-0.0019203272714444527
242.2122983932495,0.00018995146475014857
242.22017908096316,-0.0032519046507304035
242.2346389293671,-0.0064172887614547475
242.24184250831604,-0.004208679893090969
242.25747990608212,0.0007652641795990165
242.27344679832456,0.0020019077844372494
242.28920125961304,-0.0017678622132721086
242.30336785316467,-0.0049232649091974934
242.31298518180847,-0.0029399380824344772
242.32017588615415,0.0013712916696016768
242.33592987060547,0.002186545657878501
242.3512477874756,-0.0007104442185671828
242.36694502830505,-0.0014689044732709574
242.38158059120175,0.0032608797282531674
242.3888294696808,0.008887416249299354
242.4043128490448,0.008591722318719706
242.41967844963077,0.002554579268261586
242.43544936180115,-0.0020902111029128304
242.4510397911072,-0.0006200200615784053
242.4626908302307,0.0033908106540603694
242.47804045677185,0.003490947560760037
242.48703289031985,-0.0007572778285850684
242.50263452529907,-0.0036991526779162716
242.5199065208435,-0.00192903326365836
242.52958750724792,0.0010538172602452428
242.5425238609314,0.0003401619838906914
242.5581378936768,-0.002943321569424398
242.5683035850525,-0.003130176212606638
242.58363151550293,0.0016422168551162176
242.59877681732175,0.006296270783176631
242.61372542381287,0.005595221885408386
242.62144231796265,0.0013915234704995
242.6370553970337,0.00011262212652195236
242.6543183326721,0.003974898345219862
242.67044138908383,0.008202631062367089
242.68444395065308,0.008020136593927172
242.69740915298465,0.005447584392907989
242.71329736709595,0.006300321541304529
242.72918272018435,0.011664512919759677
242.74578309059143,0.015911033526524822
242.75337839126587,0.014088198494950351
242.7629237174988,0.008372738629202538
242.77783298492432,0.004696848846533111
242.79299402236936,0.004564632914080775
242.80861902236936,0.0037036176286000338
242.8196885585785,-0.0007858199589932235
242.8293240070343,-0.005407300561659003
242.84338903427124,-0.004951556507381481
242.85322737693787,-0.0003539956143438763
242.86272644996643,0.0017760495836476673
242.87793064117432,-0.0020760461838404236
242.89353203773496,-0.007226681525805013
242.9088358879089,-0.006683530359586331
242.9199481010437,-0.00029357917197656534
242.9303047657013,0.00517416043259891
242.9426624774933,0.004954756031258856
242.95743823051453,0.0019357258571714752
242.97273778915405,0.001584138218720665
242.9862759113312,0.0037373316335243224
242.99622631073,0.003011185348677097
243.00313901901245,-0.0028526674723873833
243.01924467086792,-0.00880159232664652
243.03466963768005,-0.008755921469074137
243.05031394958496,-0.003787562776000378
243.0655448436737,-0.0007270883966009297
243.08154273033145,-0.0030002553018103556
243.09685039520264,-0.006259295266183875
243.11251258850095,-0.004626489526679225
243.119735956192,0.0012139633653283945
243.1296741962433,0.004965291955310408
243.1392424106598,0.002876467700411325
243.1547238826752,-0.0022039667756502293
243.1703164577484,-0.005706304859137873
243.18603348731995,-0.007395746996506778
243.20259642601013,-0.009981922856519283
243.21363592147827,-0.01315054769279343
243.22948122024536,-0.012749632242701172
243.24496483802795,-0.007006532246972367
243.2605760097504,-0.0005930416775448513
243.2697591781616,0.0003259152202075217
243.27934670448303,-0.004031548723487224
243.293607711792,-0.00725788047718914
243.30875658988955,-0.00518567462356704
243.32420682907104,-0.001129513567720996
243.33906483650208,-0.0007479741925722574
243.35273098945615,-0.003772370624260785
243.36299061775208,-0.004292013874310282
243.3777072429657,0.0006616180176368023
243.39288330078125,0.006275107860366853
243.40863680839536,0.005967641495721806
243.42357206344604,0.00030840372368145987
243.4347486495972,-0.00341361686981993
243.443635225296,-0.0005432214173371939
243.45881700515747,0.0052984140199630715
243.47681260108948,0.0076815233853079565
243.49101901054385,0.006018774741051535
243.50560784339905,0.005480855324343604
243.52141451835632,0.008884749670753197
243.53679847717285,0.012431869293789947
243.5445532798767,0.011283746890596844
243.56053590774536,0.006761867001753137
243.5771768093109,0.004728466479646564
243.59625625610352,0.007432630756837383
243.61179327964783,0.01049529241113466
243.62763810157776,0.009360931290181753
243.6431398391724,0.005970595963587009
243.653071641922,0.00600955335044343
243.66262793540955,0.010535154517349325
243.6774835586548,0.013981456017449757
243.6926727294922,0.011645846975058582
243.70772457122803,0.006240092184628902
243.72388315200809,0.00418863242622541
243.7407422065735,0.006727180974897563
243.75363492965695,0.008245221160523578
243.770742893219,0.004222441119431065
243.7842638492584,-0.0023047648183362308
243.7997817993164,-0.004703163972818803
243.81544160842896,-0.0015122814267105379
243.83184242248532,0.002108860422494526
243.84669256210327,0.0018824223258298712
243.8624622821808,1.0867146176774152e-05
243.8771357536316,0.0011437234686278962
243.89633345603943,0.004939385842070871
243.90318846702576,0.006218639717211575
243.9193184375763,0.0025968194534190456
243.93494510650635,-0.001489288675107013
243.9500653743744,-0.0005161172401911512
243.96243381500244,0.004400181933615519
243.9698088169098,0.0067255139566251634
243.9794921875,0.003314123098490999
243.99496603012085,-0.0012776944310768392
244.01003050804135,-0.0010572603655081372
244.0199100971222,0.0031035632169490062
244.0353765487671,0.004622415742997924
244.05251026153564,0.0002752912066433114
244.06919646263125,-0.005353586181865649
244.0803632736206,-0.006181294454779794
244.09614515304563,-0.002900702194426887
244.10846376419067,-0.0017737279836650553
244.1188807487488,-0.005809465105825504
244.13421487808228,-0.010775401650449472
244.1497213840485,-0.011502315153001971
244.16547107696533,-0.009356069164731662
244.18132972717285,-0.01026629460665087
244.1970427036285,-0.01630517448284432
244.21229577064517,-0.02295948052186114
244.22803044319156,-0.02592235183293398
244.2364523410797,-0.027506500001731868
244.24639534950256,-0.03330422802459744
244.2614743709564,-0.04370994965261165
244.269718170166,-0.05247459305794643
244.28462767601013,-0.05478036651914874
244.3000569343567,-0.053873589745563256
244.31570172309875,-0.056956596337651544
244.32449889183044,-0.06572797009117641
244.33937978744507,-0.07433505243686617
244.35537600517276,-0.07724363836643368
244.37093901634216,-0.07595919788866673
244.38094663619995,-0.0756277288544017
244.3968687057495,-0.07703827669727167
244.41237020492557,-0.07569272506156136
244.4190742969513,-0.06896229597810381
244.43485975265503,-0.060562816630631226
244.44973993301392,-0.05557404750187213
244.46494483947757,-0.05309897649139021
244.4809331893921,-0.04738927919087016
244.49581718444824,-0.036292477775032965
244.5121784210205,-0.025131984528134418
244.52696633338928,-0.020164698654909115
244.5441784858704,-0.020403962819649693
244.5630385875702,-0.019116451847586494
244.5782871246338,-0.012916278388987248
244.5937526226044,-0.0059092921018287035
244.6033489704132,-0.003467439365162388
244.61236763000488,-0.004697555793833266
244.62786746025083,-0.004116354583046396
244.6438629627228,0.0002725110422860371
244.65965127944943,0.004305037653221321
244.6752796173096,0.004164798501216554
244.68587350845337,0.0024523465246646453
244.70270466804504,0.0047371975178961126
244.71928477287287,0.011282509513251793
244.73499059677124,0.015897463854802472
244.7506000995636,0.01403262318071196
244.7628037929535,0.009046438048382465
244.77809619903564,0.00783352929004856
244.7941083908081,0.01178062520573835
244.80945348739624,0.015496002353970598
244.82000494003296,0.014757499303431978
244.82961511611936,0.012243972524341269
244.8410336971283,0.01309049930389785
244.8478765487671,0.017024616183243677
244.8636350631714,0.018652553445256386
244.87932801246643,0.015524430183318295
244.89668440818787,0.012201805312068416
244.91206097602844,0.01415122320948321
244.92799735069275,0.01988823890618378
244.9433619976044,0.02254141295846858
244.95935463905332,0.018931967272537976
244.97468948364255,0.013733878088214576
244.98998594284055,0.013045125677841225
245.005366563797,0.016315685290504846
245.02073168754575,0.017671189053434174
245.02885365486145,0.014438079734560693
245.0460193157196,0.010741245194916019
245.05385494232175,0.011256973650201906
245.0690622329712,0.014238670620171092
245.0846827030182,0.013940363720123583
245.1006679534912,0.00911379123674819
245.11645460128784,0.005369354071918688
245.13230323791504,0.007625327479326673
245.14837312698364,0.01298739477133489
245.1635706424713,0.014237807881070852
245.17967057228088,0.009512338193448659
245.1951539516449,0.004963839978753666
245.21069025993347,0.006654071287734218
245.22679948806763,0.012603481665824298
245.23666191101077,0.015605007453796312
245.247282743454,0.012712699000545814
245.2625570297241,0.008552085140365663
245.2692620754242,0.008472970242905411
245.2848343849182,0.011430826885272572
245.29626989364624,0.012240297962956864
245.3111879825592,0.009352016821455488
245.3269593715668,0.006802706699802299
245.34237337112427,0.007825873235956557
245.35337495803836,0.009780845895839154
245.3627486228943,0.008040848979211153
245.3741087913513,0.0032793677614754565
245.3849098682404,0.0013010307956548453
245.4005601406097,0.005043827625486575
245.41666054725647,0.009888273477014431
245.42951464653012,0.009316981628674673
245.4370632171631,0.003561310446638443
245.45131969451904,-0.0006179307968392411
245.46644639968872,0.0012028597686994684
245.48248720169067,0.005713798759324219
245.4980037212372,0.007087482355647818
245.5122094154358,0.005136460782055537
245.52002930641171,0.004960674714814838
245.5298373699188,0.008998581738140532
245.5446276664734,0.013166483072967333
245.55962467193604,0.012681006411500122
245.57947516441345,0.00907618651574493
245.596271276474,0.008139665379430033
245.61169838905332,0.011626097318151604
245.6192011833191,0.014720780649301332
245.62924075126648,0.013059694369177376
245.64630007743835,0.009305154230440822
245.6590917110443,0.009673005130106894
245.66889476776123,0.014989109401551574
245.6842033863068,0.01880524495957346
245.69625544548035,0.015559164683799852
245.70326781272888,0.007912523010276427
245.71293997764587,0.003418631442983402
245.7279529571533,0.005101518957312613
245.7363495826721,0.008457699894304591
245.7463450431824,0.008231066323512977
245.76140236854556,0.0051591462948017575
245.77246284484863,0.0037475411855597716
245.78217315673828,0.005056518057180564
245.79781103134155,0.005143730719389939
245.8122091293335,0.001250764946085056
245.8277940750122,-0.0034915059799777415
245.8368158340454,-0.00395886646060846
245.84611296653748,-7.895511854742743e-05
245.86155080795288,0.0032890449288215107
245.8771982192993,0.0036966149891037845
245.8929159641266,0.004973453547505283
245.90268540382385,0.011571263547251982
245.91424679756165,0.021146687541052825
245.92894887924197,0.02625429219599003
245.94385361671448,0.02349324297421127
245.95316290855408,0.017723754650150806
245.96284770965576,0.01539473514934101
245.9788017272949,0.016023052175575578
245.99403738975525,0.013538783564518111
246.0095727443695,0.0055931827054343354
246.01998710632324,-0.0021563131964582624
246.0293560028076,-0.0028897153750054427
246.0447380542755,0.0026155393678895765
246.06052541732788,0.007120600402835266
246.07600903511047,0.006210443703923981
246.09146428108212,0.003093901380663869
246.10307455062863,0.002937151927706581
246.11288475990293,0.005316957968962344
246.1283438205719,0.0054363770895370115
246.14380860328677,0.001823183912013633
246.1523973941803,-0.0009857926062534484
246.16777801513672,0.0012250923383393042
246.18297672271729,0.00615736072530899
246.1979751586914,0.007941968303128757
246.21345496177676,0.005092418736175048
246.2289981842041,0.002167959924714946
246.23658871650696,0.0029013445496484007
246.25283980369568,0.0048027726309622714
246.26789832115173,0.003099730996788455
246.28304743766785,-0.0016772216664315094
246.29787969589236,-0.003654929595442066
246.31934452056885,0.0003566932198011824
246.32822847366333,0.0060373172215737285
246.343891620636,0.007072591434889114
246.35967135429385,0.0036241591870812386
246.375257730484,0.001957663409267985
246.38628673553467,0.005626222587695773
246.40256714820865,0.010407147888341645
246.41745018959045,0.0100316809143974
246.43306016922,0.004787805428506311
246.4487805366516,0.0011329767688425304
246.46480584144592,0.002957733658211643
246.48002696037287,0.006647006822477472
246.4950268268585,0.006604592137426101
246.5115122795105,0.0032168949437781846
246.5266535282135,0.0019857569977649084
246.5416078567505,0.005237318176855298
246.55735397338867,0.008412158152284873
246.57315135002136,0.006435729659045948
246.5883955955505,0.0012565645424911184
246.5970859527588,-0.00026366344760190045
246.60455965995789,0.004487971391825523
246.61486411094663,0.010221036322012914
246.62982416152957,0.010671966019483094
246.64500451087952,0.006655380232658785
246.66053867340088,0.004394159559848686
246.6759855747223,0.006828899106923108
246.69081258773804,0.01005562365933332
246.7065434455872,0.009421947347610708
246.7200219631195,0.006202978180160725
246.736398935318,0.0053614708660881805
246.75253629684448,0.007917724999104118
246.7676048278809,0.009188547562417281
246.7796041965485,0.005619800775126305
246.79517912864685,0.0004108320246118584
246.8104138374329,-0.000398873759092419
246.8262894153595,0.0038281259945641315
246.84595942497253,0.007349176066409045
246.85313630104065,0.005889631694246814
246.8613486289978,0.00242963261886545
246.8766412734985,0.002818699245731673
246.8918716907501,0.007397044742190087
246.90758895874023,0.010464843532679388
246.91973781585693,0.008315958096416338
246.9300136566162,0.004373609859488321
246.945463180542,0.004150260251758806
246.96069812774655,0.007318693322147092
246.9766945838928,0.008250277637194471
246.9958152770996,0.004216694079301052
247.00367665290835,-0.0004903292866974087
247.0116033554077,-0.0004554033283182164
247.02715158462524,0.0032610169848679696
247.04288053512573,0.004594779818458494
247.058842420578,0.0009585613957725867
247.06890988349917,-0.0032691185043613735
247.0774734020233,-0.003137865374268176
247.0935935974121,-0.00022430789974369793
247.1082227230072,-0.0002615698014719809
247.12392783164975,-0.004651958064783814
247.14578437805176,-0.008030963006029897
247.154620885849,-0.005571684558306233
247.17002296447757,0.00010669127449348774
247.1857252120972,0.0021758681996089805
247.20225071907043,-0.0013807237115787963
247.2121126651764,-0.0053530671153375516
247.21968364715576,-0.004641027558376757
247.22965288162231,-0.0010273577918303647
247.24483394622803,-0.00016702695811702476
247.25257658958435,-0.0034017835622327302
247.26773500442505,-0.006044465573569786
247.27883553504944,-0.004340371700603602
247.296092748642,-0.0009436522961953496
247.3036551475525,-0.0009707138472019902
247.3107671737671,-0.0043032576380404725
247.3196907043457,-0.005368285716175587
247.33565831184387,-0.0010356014944243913
247.35092067718503,0.004498059134166413
247.36212801933289,0.005044638232975386
247.38060569763184,0.0008364654745759135
247.38706612586972,-0.0017088891593515475
247.4023458957672,0.0012816095751269274
247.4192144870758,0.005926954719407373
247.43475365638733,0.006075260262558791
247.44604396820068,0.0017791932586736247
247.4621744155884,-0.000988493931436127
247.4781904220581,0.0012486049657795288
247.4936411380768,0.004852254024621798
247.50286293029785,0.004598950568264111
247.51271414756772,0.0012999289025248653
247.52479362487796,0.0005979106019985676
247.5365390777588,0.004685663434580209
247.5524160861969,0.008846385349230476
247.56725454330444,0.007892197860856735
247.5832965373993,0.0034650827501396006
247.59289026260376,0.00185154486673273
247.60846090316767,0.005310323216574196
247.6240246295929,0.009003268472954297
247.6397886276245,0.007713580232251533
247.65486359596247,0.0029059236809865358
247.67027163505557,0.00039839895084086145
247.6843574047089,0.0021407765664607434
247.70015048980716,0.003733640858971896
247.7154443264008,0.0010920317430571105
247.73171734809875,-0.003310436961127595
247.7407615184784,-0.0036161902841863546
247.7473764419556,0.001173010543683295
247.7643768787384,0.00550399951609468
247.7787170410156,0.004584101943283662
247.79413199424744,0.0005004416227051204
247.8104696273804,-0.0012515581346405323
247.82506656646729,0.00038425359656728535
247.8397707939148,0.001025319741294621
247.85531067848208,-0.00213254528106214
247.862028837204,-0.005707404290712272
247.86938524246216,-0.0048302530113275635
247.8794605731964,-0.0004859501822955547
247.8933205604553,0.001233045224570093
247.9083230495453,-0.0026961840385545622
247.91882133483887,-0.007941861464648908
247.93434858322144,-0.008486015343557442
247.9459764957428,-0.004478325854173734
247.96146535873413,-0.0015472072990471277
247.97706127166748,-0.0028164077969060376
247.99287104606628,-0.004892716421824741
248.0082721710205,-0.0031930679465322466
248.02401757240293,0.0012961995334718015
248.030499458313,0.003566400886467533
248.04479503631592,0.0020636219546848675
248.0521528720856,0.0010145682143461315
248.06732892990112,0.00388166201400501
248.07963585853577,0.007354594581760163
248.09513688087463,0.005087405706724384
248.1101112365723,-0.0034722995202340753
248.13071656227112,-0.011570411470020981
248.14662981033325,-0.013462192197329179
248.1523106098175,-0.011370109787769981
248.1689088344574,-0.011777678456408
248.1834774017334,-0.016409053639619656
248.19628047943115,-0.02021258124525538
248.21176648139956,-0.01871336386962971
248.2274193763733,-0.014296188248753089
248.24305987358093,-0.012773523653397444
248.2528326511383,-0.015189662860552892
248.26827764511108,-0.016374827279206562
248.28324484825131,-0.012285140040671265
248.2985022068024,-0.005879523704724957
248.3127958774567,-0.0033324262479568225
248.3281896114349,-0.005870855382333881
248.3441982269287,-0.00855648274268895
248.3597230911255,-0.0074939691992248324
248.3749566078186,-0.005120500777998048
248.39111304283145,-0.006104800786064404
248.3971421718597,-0.00987209236620187
248.41283440589905,-0.010693917177329624
248.42855834960935,-0.005555875575404253
248.443749666214,0.0011962594506067072
248.4584939479828,0.003165998482295411
248.47460269927976,3.264418655990172e-05
248.49060940742493,-0.00261296541200272
248.5062735080719,-0.0012649068045256042
248.5197238922119,0.0009625013213428344
248.5294532775879,-0.0005605608757849163
248.54306411743164,-0.004757655652727432
248.55822920799253,-0.005901351231614534
248.5742859840393,-0.0014915964439085787
248.5960342884064,0.004137106098312228
248.61129307746887,0.005498600017941184
248.62701606750488,0.0029656785491505525
248.64252305030823,0.0015188562002170403
248.6527936458588,0.003375094412340951
248.66927361488345,0.005072499655948718
248.678318977356,0.0029780623559134863
248.69416761398315,-0.000936585608417364
248.7097771167755,-0.0015605948732639336
248.72499012947085,0.0020607432750632355
248.74566841125488,0.005103076646754565
248.75344038009644,0.0035174765372774338
248.7689983844757,-0.0004213041992277059
248.78539299964905,-0.0013940704911645494
248.8003921508789,0.001551586801663919
248.81644225120544,0.004001278910008814
248.8300142288208,0.002934844097443126
248.845703125,0.001417309244401323
248.85213947296145,0.004270721145038762
248.86779403686523,0.010802082527067406
248.88261771202087,0.015179602364871857
248.89864349365237,0.01429533726772277
248.91433715820312,0.012091002767692366
248.93014359474185,0.013980768834904247
248.94580173492432,0.01887731067049904
248.96109676361084,0.01998332582905859
248.97107005119324,0.013661759124118142
248.98735547065732,0.004555388304159547
249.0034420490265,1.7127798088919198e-05
249.0124340057373,0.0012294103187485842
249.02022051811215,0.00268244910752619
249.028715133667,0.0002571589474970118
249.0446615219116,-0.00330209802104585
249.0594687461853,-0.002735795602693806
249.0751383304596,0.00202531060823109
249.09018635749817,0.005626704662162828
249.1022174358368,0.0045919088496437915
249.1186480522156,0.0017051728748931835
249.13329362869263,0.0015014093336899671
249.14871072769165,0.0036643922812834868
249.162615776062,0.0038965967921063514
249.1693298816681,0.0008382099298011331
249.17913842201236,-0.0012302452075454407
249.19188785552976,0.001808528075230631
249.20743060112,0.007615815868661174
249.22283792495728,0.009755694859032486
249.2459352016449,0.005952000866868571
249.2526602745056,0.0010676063553334886
249.2694969177246,0.0006182556766580086
249.28409910202024,0.003635646460696419
249.2990963459015,0.004626737182211137
249.3142001628876,0.0017099087673908405
249.32915544509888,-0.0006039431266790368
249.3372540473938,0.002096308336159141
249.3523073196411,0.0075631497085700645
249.3676028251648,0.009572386958313944
249.37925052642825,0.006161290576877263
249.3960237503052,0.002029485710367622
249.40291333198547,0.001989831951046653
249.41232800483704,0.004763736836805713
249.42785334587097,0.005576791303017657
249.44337153434756,0.0034284423134551944
249.4528801441193,0.002477603893156392
249.46270489692688,0.005655007754737074
249.47801423072812,0.009883457365041943
249.49411511421204,0.010016986320581605
249.50961804389956,0.006035656943850168
249.52526879310608,0.003193228117735144
249.53875875473025,0.004730031612240583
249.54925775527957,0.007387160946113868
249.56528520584104,0.00615485033409548
249.5810191631317,0.001664317578983593
249.5966091156006,-0.00027702864022688606
249.61196041107175,0.003407697375850771
249.62718510627747,0.008665212089694065
249.64292168617249,0.009608334912422373
249.65840983390808,0.006190855809434354
249.6740369796753,0.0036886431537183437
249.6853039264679,0.0050059450481007425
249.69867420196533,0.006825756046547576
249.71396946907043,0.004899431155865917
249.72903180122373,0.0006364710391372902
249.74381732940677,-0.0006059533918647143
249.7597711086273,0.002867474991717537
249.7754294872284,0.006479425747935029
249.79070210456848,0.005498831798435611
249.8064796924591,0.0011060182016308026
249.8196539878845,-0.0022357620222036682
249.8290994167328,-0.004117206645908401
249.84433150291443,-0.009334414313929383
249.85929441452024,-0.020862575408074797
249.86950826644895,-0.03469826036845294
249.8792531490326,-0.04432829653850395
249.89473342895508,-0.04894265321391443
249.91021347045896,-0.05401828021849097
249.9258303642273,-0.06352583256552591
249.94396948814392,-0.07462930924832586
249.9537415504456,-0.08199052761794326
249.96287178993225,-0.08525126988498438
249.9779660701752,-0.08907807106827242
249.9937057495117,-0.09592033598995564
250.0083451271057,-0.10197303842758385
250.0235505104065,-0.10223648765255719
250.03934693336487,-0.09759917622456357
250.055748462677,-0.09384898970102273
250.07111835479736,-0.09382984100008407
250.07912516593933,-0.09374905088339024
250.0958421230316,-0.08893220448172942
250.10359692573547,-0.08094773741322735
250.1210126876831,-0.07587651068382331
250.1341550350189,-0.07583507383861945
250.14967107772827,-0.07551144524401884
250.1651532649994,-0.06883683646837582
250.1799509525299,-0.05698740180355549
250.1925537586212,-0.046922705994271806
250.2074880599976,-0.042491886552293114
250.22292232513428,-0.04014094652134135
250.2385561466217,-0.034653706367429676
250.25264310836792,-0.026507742554421614
250.26296520233157,-0.020684420034719025
250.28551840782168,-0.019154997767847123
250.301525592804,-0.017951692184677993
250.31274127960205,-0.012750268082083925
250.3293492794037,-0.004722881814331463
250.34399724006653,0.0016086122299428054
250.3592579364777,0.00508602720039625
250.36943125724792,0.009269675491795835
250.37928915023804,0.016426805335363392
250.39277124404907,0.0230802740212384
250.4128873348236,0.024170649260472677
250.42822241783145,0.02046500666519012
250.44366192817688,0.0185310507110061
250.4628357887268,0.022535115716191437
250.47937321662903,0.028769080478637528
250.49469876289368,0.03055841209616012
250.51102375984192,0.0270808372466688
250.5265188217163,0.02418706003906077
250.5337302684784,0.026310773320221137
250.54116940498352,0.030765673786804917
250.5508542060852,0.03213378804488702
250.5665442943573,0.03020886227175345
250.58163857460025,0.03013833897697475
250.595698595047,0.03464406017036567
250.6115005016327,0.03950535443469223
250.6269690990448,0.038942495603841214
250.64254069328308,0.03358440776821777
250.6582944393158,0.02993760417867852
250.66933798789975,0.031984671273909526
250.67925357818604,0.03636859328654246
250.6852920055389,0.037493404300966066
250.7021288871765,0.035114638936942624
250.7188858985901,0.0339024933274007
250.7290337085724,0.036101050230079285
250.7466187477112,0.038099519233701584
250.76220607757568,0.03583578756254162
250.7698271274567,0.031098982976709003
250.77924180030823,0.029410981479173166
250.7964413166046,0.03222612700573409
250.81574869155884,0.0345284750511415
250.83088636398315,0.03155744311042095
250.84629034996036,0.025501302533879562
250.85282683372495,0.022742251667686675
250.8623783588409,0.025287238522420798
250.8780128955841,0.028225857206243845
250.8959279060364,0.026735098216671575
250.9031653404236,0.022766236557521843
250.9189875125885,0.02196402384206884
250.93120670318604,0.025214059239061178
250.9466710090637,0.026966254061744854
250.9625256061554,0.022944020809507335
250.97922539711,0.01641661367711185
250.99402832984924,0.014064199808810497
251.0034384727478,0.017067346231865878
251.018696308136,0.019722239512861055
251.03401160240173,0.017329839660294017
251.0521779060364,0.01233594242676778
251.06744599342343,0.010467703328891374
251.0788834095001,0.012677036434068251
251.0959150791168,0.01424222666440009
251.11150670051572,0.01192001998124911
251.12696599960327,0.008654305070293054
251.1471219062805,0.00907719494905155
251.1582179069519,0.012363652837157577
251.1688346862793,0.012951387005614202
251.18406510353088,0.00851104974916158
251.19578766822812,0.00392315182392276
251.2030589580536,0.0051154618807455095
251.21284198760983,0.010796493819782631
251.22811126708984,0.013590540714936181
251.24593305587769,0.00949823198597501
251.2531576156616,0.0031005378674528548
251.26262426376343,0.0015397908668336115
251.27115559577945,0.005468796793280015
251.2804198265076,0.008994406760241165
251.2955117225647,0.008070567816553399
251.3102350234985,0.005485793679563017
251.3298392295837,0.0060208033077956795
251.34523105621335,0.009301996171171618
251.36121129989624,0.010611949308404709
251.36938166618347,0.008125746215926105
251.37938833236691,0.005839084227107697
251.39571261405945,0.007813472957930206
251.40322971343997,0.012022798649692527
251.41361260414124,0.012858364074668265
251.42901468276975,0.008993853227522514
251.44512104988095,0.005457104963869013
251.45311880111691,0.006801702984350684
251.46914410591123,0.010912116050940945
251.4753668308258,0.01214967465406783
251.49064183235168,0.009301159628116638
251.5062313079834,0.007006092980897372
251.52200269699097,0.008741016228922812
251.535462141037,0.01156580234562538
251.55010867118835,0.010312390471980007
251.56552171707156,0.005310687590745766
251.58101868629456,0.00249014042521601
251.5965871810913,0.005375794491781563
251.61138796806333,0.010116795579140598
251.6269097328186,0.010688694153967487
251.6421475410461,0.0071486466446354004
251.6529695987701,0.00540362950508791
251.66242218017575,0.008847192683383728
251.6855480670929,0.013670960751968834
251.70127820968628,0.014377740889236991
251.7172200679779,0.011559916657945975
251.72930765151975,0.010902636590515628
251.7450416088104,0.014902871573730504
251.75327324867249,0.01914338994847308
251.76784873008728,0.018492508795310385
251.7836253643036,0.01446314008800747
251.80293345451355,0.013201850682056378
251.811222076416,0.016777172541802082
251.82699608802795,0.019985833710093173
251.8421857357025,0.01727872656044551
251.857358455658,0.01027232746422482
251.8694496154785,0.005499977823789945
251.8791127204895,0.005709265998386529
251.89428448677063,0.006886465991185228
251.9092781543732,0.00481833571053427
251.92501163482663,0.0014298550338717531
251.94091176986691,0.001735271346382055
251.9524083137512,0.005973608173945507
251.9624903202057,0.008542259612763049
251.97784280776975,0.005597278624977578
251.99267721176147,0.0006200328047024262
252.00835180282596,-0.00015036443310712097
252.0234220027924,0.003727572412953627
252.03890705108645,0.0063054834218417245
252.05398750305176,0.003561480431275167
252.06191277503967,-0.00094063746458383
252.06940078735352,-0.0009949291470562512
252.07901072502136,0.0035624389806714132
252.0938286781311,0.006534763418189059
252.1091959476471,0.003834506999064626
252.11886286735532,-0.0010444427445684286
252.13422536849976,-0.0020168534946792384
252.1492896080017,0.0012922163306946762
252.16177535057068,0.003444885773213698
252.1769289970398,0.0010362644625456418
252.19218921661377,-0.0028064899293947657
252.20828104019165,-0.0033926385481225256
252.2239875793457,-0.0013384532011869138
252.23540139198303,-0.0012711410108233105
252.2488408088684,-0.004426899579441518
252.2627367973328,-0.006285163656474961
252.2780084609985,-0.0031266868529511833
252.29364275932312,0.0018184838198958015
252.3027460575104,0.001930777073690562
252.31270384788516,-0.0039018463304069688
252.3278231620789,-0.009370427140482487
252.3430516719818,-0.008762331726059744
252.3582468032837,-0.0040895859992941715
252.3738310337067,-0.0017414598521976752
252.3861193656921,-0.003626125498284314
252.39893460273743,-0.005175857616864572
252.4132001399994,-0.002601522393193331
252.4289762973785,0.001290612004362428
252.44419622421265,0.0011182186201460671
252.45255184173584,-0.003050108299202368
252.46235418319705,-0.005355461129540444
252.4772839546204,-0.0022770439680388824
252.4926462173462,0.0022023663067265954
252.50812816619876,0.001848253309196547
252.5196852684021,-0.003348066508212619
252.53522729873657,-0.00721413730452747
252.5487198829651,-0.005765973656964456
252.56415796279907,-0.0021943877084123395
252.57894039154053,-0.0017932181975452554
252.5943102836609,-0.004373959683843392
252.6029348373413,-0.004978103932802221
252.6122989654541,-0.0015854794187312462
252.62795424461365,0.0015775273086857068
252.64347791671756,0.00013903395706070737
252.65885281562805,-0.0036500324972343332
252.6743099689484,-0.0035363080363581293
252.6921207904816,0.001952040581443863
252.69931316375727,0.00686921946169328
252.7124526500702,0.00544457370658699
252.72788047790527,-0.0002806346171040585
252.74315214157104,-0.0032478160825041907
252.75261306762692,-0.0007736516979249177
252.77011036872864,0.0023487695366596994
252.78412890434265,0.0011072394938306382
252.79937148094177,-0.002437917470127856
252.81515550613403,-0.002088849616323371
252.82885694503784,0.003415874370860026
252.84402799606323,0.007937989146001419
252.85909128189087,0.005780759299937743
252.88152551651,-0.0007562265040246506
252.8964867591858,-0.004442559525230906
252.90254616737369,-0.002599861597158179
252.9178025722504,-4.726818671244276e-05
252.93381237983704,-0.0017333435595993348
252.94909930229187,-0.005615147718063901
252.96403574943545,-0.005808329534557677
252.9789102077484,-0.001421209003574488
252.9943287372589,0.001590705900252949
253.00295901298523,-0.0016009240986223977
253.01235938072205,-0.007889591645049621
253.02778124809265,-0.010069401512141809
253.04337215423584,-0.006141488733353673
253.05865716934204,-0.0015295709136723579
253.07400727272037,-0.001527039717565128
253.0891351699829,-0.004558657045557558
253.09980630874637,-0.005264459229601443
253.11421632766724,-0.0025421210008008998
253.12997007369995,-0.0009733109728047016
253.14501333236691,-0.003761950029248104
253.1604278087616,-0.007580990974245309
253.17590236663816,-0.007042640649829783
253.1853077411652,-0.0025782674361988335
253.20043396949768,-0.00029442079000036275
253.2160234451294,-0.003632473404419704
253.231880903244,-0.008497646070528228
253.24201846122745,-0.00885704529036102
253.25179505348208,-0.005036067854283791
253.2666537761688,-0.0030755961536580306
253.28165435791016,-0.006134715129928228
253.29626393318176,-0.010134393859478483
253.31125593185425,-0.00973711167405493
253.3272135257721,-0.006044006362892428
253.34211134910583,-0.004982567329724721
253.3526372909546,-0.008683627455626064
253.36216497421265,-0.012217783401733323
253.3773639202118,-0.010456854993923962
253.39312839508057,-0.005358980299214822
253.4086482524872,-0.003329146515141277
253.42459869384768,-0.0064105264322854875
253.44060254096985,-0.009768660873778298
253.4535050392151,-0.008862792801828574
253.4685096740723,-0.005892469321315729
253.48387098312375,-0.006303827365904198
253.49939799308777,-0.010523333177424493
253.51518177986145,-0.01297530125916404
253.53129935264587,-0.009985316109139088
253.54674410820007,-0.00533534272568947
253.56202173233032,-0.005344067408268281
253.56937384605408,-0.010112530667788985
253.57909274101257,-0.013173206099758607
253.5945770740509,-0.01017279395867154
253.61040997505188,-0.004601292284327017
253.61862540245056,-0.0027312369435778805
253.62915349006653,-0.005052044021299697
253.64558911323547,-0.006228424439064123
253.6534907817841,-0.00333654144472902
253.6692409515381,-0.0003588102967007772
253.68327856063843,-0.002380026939168926
253.69940185546875,-0.007771480288706176
253.71217560768127,-0.009674490723325688
253.71956968307492,-0.004969206577996962
253.73588752746585,0.0016866164530641016
253.7520017623901,0.00422362457797399
253.76705884933472,0.0028785503501643126
253.78184342384336,0.00264854991438157
253.7977042198181,0.00520525758918129
253.81421780586243,0.006155559829064882
253.82890701293945,0.0016830924721423707
253.84485244750977,-0.0049887326155014945
253.8527171611786,-0.006928508609465114
253.86230087280276,-0.0025031510933735896
253.87785172462463,0.0023750843786302556
253.89262294769287,0.0021298425039684337
253.9080924987793,-0.0011928891516853218
253.9196536540985,-0.0012743684721690449
253.92927527427676,0.0032425802683965768
253.9443953037262,0.006629892014976215
253.96001744270325,0.004057877789695573
253.96872115135196,-0.0015664819420539975
253.9843008518219,-0.0035521257207285304
254.0004091262817,-0.0005885802515987961
254.0123496055603,0.001772246661729791
254.02770256996155,-0.0007251434810903838
254.0424199104309,-0.0049302296086174615
254.05843901634216,-0.004894994589760594
254.07471013069156,-0.0005370214857965297
254.09195566177368,0.002079941107954296
254.098530292511,-0.0006905967046385766
254.11298489570615,-0.004836643471869403
254.12873244285583,-0.004249315104348498
254.14390683174133,0.0007564500707410568
254.1591019630432,0.003995190971045959
254.1686353683472,0.0021717487956476626
254.18415904045105,-0.0006564992176303695
254.19929814338684,0.0007848193204402398
254.21293139457703,0.005138745485010381
254.22778010368347,0.0061756132215198545
254.2352011203766,0.0016885941303656218
254.2508053779602,-0.003194032073453461
254.26267766952515,-0.0030594844281928942
254.2778186798096,0.0003447731885747973
254.29335021972656,0.0007804370693682324
254.3087241649628,-0.0035337185238987706
254.3187174797058,-0.00736153645659599
254.32839107513428,-0.005850927851652493
254.3375597000122,-0.0013808719973667444
254.34797286987305,-0.00014475455374365377
254.3637962341309,-0.003343187036610104
254.37880754470825,-0.0055504236075360446
254.3943407535553,-0.002597668094281
254.40220832824707,0.002294139949559653
254.4126443862915,0.0029186031585407995
254.4277868270874,-0.0012160036349531849
254.4431426525116,-0.004223649266025688
254.4591467380524,-0.0021218895731540386
254.4694924354553,0.001634282805179132
254.4851257801056,0.00109179655865007
254.50008153915405,-0.0038120779165120846
254.5154836177826,-0.007201548745995379
254.5254979133606,-0.005541344782076496
254.5325574874878,-0.0024944199974953635
254.54562377929688,-0.0034718323065625178
254.56128096580505,-0.00764810684549153
254.5767176151276,-0.008925825311176975
254.59670758247373,-0.00467893673637315
254.61349964141849,9.003619513025477e-05
254.6286997795105,-0.0006946487773737435
254.64569115638733,-0.005853303145518619
254.6526358127594,-0.008458545566386175
254.6684114933014,-0.005138947099871442
254.6832211017609,-0.00024660572620718337
254.69921469688416,0.0008038661960805336
254.7070515155792,-0.0005575699503090224
254.7171938419342,0.0017652451943939436
254.7331116199493,0.009276506087357252
254.7455894947052,0.015727438788417224
254.75284028053284,0.014806703257243686
254.76239824295044,0.008257907731412568
254.7773504257202,0.003354940296631054
254.7933566570282,0.003340192855855577
254.8130431175232,0.0039073369716087205
254.8203580379486,0.0001359200906046014
254.83287906646729,-0.006168040459983065
254.8475558757782,-0.008948629930407646
254.86349296569824,-0.0064507981919100805
254.8786642551422,-0.003690978869032354
254.89629101753235,-0.005421821416053068
254.9114315509796,-0.009576547624252394
254.92661094665527,-0.010424426215842712
254.94240975379944,-0.006867753911856164
254.95791101455688,-0.003990908483668693
254.9729940891266,-0.005621349236721496
254.9887056350708,-0.008626802551850441
255.00393199920651,-0.007304606945955647
255.01900219917297,-0.0017230831249151137
255.02890348434448,0.0019684729393889128
255.0435853004456,-9.044241520339124e-05
255.05912256240845,-0.004176139972698762
255.0741186141968,-0.0042451038051417225
255.0899651050568,-0.00032563911959595593
255.1059181690216,0.0017557334512401084
255.12195873260495,-0.0012108380478867689
255.13728141784668,-0.005212009433926482
255.151917219162,-0.004632701383549818
255.16184258461,-8.90206127347375e-05
255.16941738128665,0.0025268596430109724
255.1792047023773,0.0003331499874563923
255.194189786911,-0.002645229898228684
255.2099769115448,-0.001391596325801719
255.22568368911743,0.0028449434792929295
255.2448651790619,0.004253138846640809
255.25316643714905,0.0006604728719365681
255.25962018966675,-0.003437800497623446
255.27539992332456,-0.003283679778498669
255.2913794517517,-0.0005251787617225967
255.30700635910037,-0.0006291261868197192
255.31861782073972,-0.004743001810305352
255.32526779174805,-0.007690201177412695
255.34067106246948,-0.005109417838104671
255.3560743331909,0.0002921212363726426
255.3716380596161,0.002249082053876257
255.3786351680756,-0.0006585330081430169
255.3955681324005,-0.003443965574900977
255.4068639278412,-0.0020326750435484507
255.42175459861755,0.0009931508233962036
255.4363887310028,0.00032739466831723917
255.45201659202576,-0.004150623601287289
255.46868443489075,-0.006877796148067251
255.47879433631897,-0.004390982617811055
255.4938769340515,-0.00038436057574051845
255.50933027267456,-0.0006752433051158764
255.52562499046329,-0.0049324447731478194
255.539568901062,-0.006817168534493178
255.55231857299805,-0.0026143423158688033
255.5674114227295,0.0034645189826642397
255.58314323425293,0.00467328698506676
255.59913897514343,0.00048012273555401996
255.6150300502777,-0.0031837588832518407
255.6281220912933,-0.0021884205151454852
255.6458933353424,0.0005731566065301408
255.66088914871216,-0.00010220852758384977
255.67593717575076,-0.004146860974712869
255.6912260055542,-0.006454572768653503
255.7070128917694,-0.004223581643706258
255.7199683189392,-0.0007506149252252707
255.730299949646,-0.0004513877304784097
255.7459523677826,-0.0025705434501078085
255.76196599006653,-0.0026969198919471315
255.7766408920288,0.00033168881816394644
255.79164361953733,0.002403795671273287
255.8068563938141,6.486840532302519e-05
255.82232451438904,-0.004240981090227329
255.84290432929996,-0.005420664653453321
255.8500752449036,-0.0030059861437090937
255.86206531524655,-0.0019851894656477734
255.8778829574585,-0.005720075823236769
255.89364218711853,-0.010777364515453086
255.90896892547607,-0.011116475816617653
255.9192051887512,-0.0061824830214208945
255.92876386642456,-0.0018981403968731435
255.94454526901245,-0.003094500904566454
255.95930337905884,-0.007520991076387785
255.974484205246,-0.00931800405212649
255.99541997909543,-0.00688257982517974
256.0192320346832,-0.004323861404393779
256.0342812538147,-0.004979403737485668
256.0502676963806,-0.0065575558275365944
256.0625789165497,-0.004815306772094328
256.0778720378876,-0.0002629503589888149
256.09337520599365,0.002024491051414426
256.1083815097809,-0.0004959390327768367
256.12340903282166,-0.003922783845287185
256.1456789970398,-0.0030376840777215537
256.1526300907135,0.0014631380396894185
256.1630470752716,0.0037840279273865258
256.17858505249023,0.0009262308548619357
256.19418358802795,-0.0032188835121849673
256.2101833820343,-0.0032270345140269284
256.22027254104614,0.0005147459281682381
256.2351641654968,0.0026158004301597764
256.2498211860657,0.00033027187165584563
256.26165413856506,-0.0027556306106570182
256.2793152332306,-0.0020520615622831367
256.2937743663788,0.0014046627302314826
256.30895805358887,0.0024755281687420033
256.3351571559906,-0.0005809041001710747
256.3454313278198,-0.003313915663071882
256.36112666130066,-0.0011083136335893065
256.369414806366,0.004247595088977376
256.37894797325134,0.006638472899586539
256.3957042694092,0.0036536676451422814
256.4127161502838,-0.00033039751160262947
256.4285743236542,-0.00014551151092077755
256.44423604011536,0.003354090831448327
256.4521512985229,0.004848943588273558
256.46236419677734,0.00201165368743129
256.4699993133545,-0.0015714002640172821
256.48523712158203,-0.0017757515034490716
256.50061321258545,0.0003221120719981716
256.51575660705566,0.000501928433389636
256.5312240123749,-0.0019512986039414027
256.5470976829529,-0.0028390406366415226
256.561785697937,0.0008921765809788229
256.57662439346313,0.006299996774365132
256.5925555229187,0.007957739858080678
256.60777711868286,0.005130204635629964
256.624064207077,0.0026203942867555666
256.6380753517151,0.004116442021514641
256.65291261672974,0.007352556371547438
256.66182708740234,0.007751640932499132
256.66915225982666,0.005201939757083548
256.67919754981995,0.004236667520086208
256.68950963020325,0.007331785339519955
256.7018268108368,0.010917873843497822
256.7177653312683,0.00997976733533762
256.7332286834717,0.004988240355677396
256.74462890625,0.0014879223723612048
256.7524936199188,0.0028266436535812275
256.76177883148193,0.006004917906532594
256.7772135734558,0.006157858244928842
256.7931723594665,0.0031338726257932508
256.80896520614624,0.0010086206956170071
256.8186364173889,0.00167489131765084
256.8288426399231,0.0020099496101772534
256.83651399612427,-0.0012953360307944991
256.8433563709259,-0.006348229691426764
256.8583357334137,-0.008087572449725935
256.8734805583954,-0.005101843973092163
256.88917350769043,-0.0016305703588099674
256.90197467803955,-0.0017784951309946914
256.91801857948303,-0.0039234509334327835
256.9332478046417,-0.003127903519795607
256.94881939888,0.0017806333103220547
256.964821100235,0.0063237883840460965
256.9790852069855,0.006304392932498132
256.9939067363739,0.0032911980988089605
257.0024697780609,0.0021048956150627367
257.0171480178833,0.004038263608669903
257.03245425224304,0.005420961780629137
257.0449423789978,0.0033223833642321496
257.0607039928436,-1.8668769862607154e-05
257.07669854164124,-0.00041040850578681967
257.0919849872589,0.002214815744013907
257.1079878807068,0.003747885325938897
257.119437456131,0.0019577933343214917
257.1293890476227,-0.0001877877481824674
257.1442041397095,0.0011303579243905162
257.1592342853546,0.004801693467814106
257.1694905757904,0.006059475537936916
257.179625749588,0.0032317171134584825
257.19452238082886,0.000378651277332589
257.20996260643005,0.0018348598479699827
257.2257170677185,0.006105433058557119
257.24112153053284,0.007660112860996077
257.25080966949463,0.004266451579224717
257.25748586654663,-0.00015944125797086144
257.2678771018982,-0.0009345880681390481
257.28329205513,0.0013671246671898628
257.29928636550903,0.00241394908407865
257.3115992546081,0.0005703608964956587
257.31932401657104,-0.0010197523258773113
257.32868695259094,0.0005592171672253285
257.3438801765442,0.00345785377015283
257.3521921634674,0.0037323662242872077
257.36712741851807,0.0013365315089184085
257.38310384750366,0.0005419226653146662
257.3958601951599,0.0038233914543750165
257.4109241962433,0.007828540221178563
257.4213569164276,0.007445615424572522
257.4339897632599,0.0026161947586678387
257.448814868927,-0.0015055973003698063
257.4616377353668,-0.0012528484804592095
257.4694228172302,0.0012964635303212143
257.47893166542053,0.002144185378446665
257.49368047714233,0.0013855755832016914
257.5072431564331,0.0026515814361921736
257.51935386657715,0.0070261863791477655
257.53391575813293,0.010662414010739122
257.549412727356,0.009927604844686357
257.5616478919983,0.00672316650990384
257.57665157318115,0.006006454206691596
257.58514642715454,0.008718312802057678
257.60014510154724,0.010283023974278896
257.6151502132416,0.007176671724995782
257.6311056613922,0.0023217969028765666
257.64205598831177,0.0013122829738759806
257.64782547950745,0.0045173595269467895
257.6628494262696,0.0063502111728612485
257.6785933971405,0.003012490322582392
257.69322967529297,-0.0021366728768629105
257.7025055885315,-0.0032068935355087647
257.71227955818176,0.00015163633602912957
257.7276887893677,0.002631331421394115
257.743280172348,0.0011151191463274462
257.7588665485382,-0.0008576155725608567
257.77894616127014,0.0015417341823574333
257.7934126853943,0.006978418664388218
257.80855107307434,0.009313257239146267
257.8238995075226,0.0060651652705972685
257.8388829231262,0.0019138076836054242
257.86192202568054,0.0021308738583904127
257.877831697464,0.005312217911090598
257.8931245803833,0.00593077944174083
257.90889406204224,0.0030924414778530245
257.924533367157,0.002619332919872768
257.9401512145996,0.008866395616382649
257.9471492767334,0.01767182708435741
257.9625630378723,0.02091428963332776
257.97861790657043,0.016925338269287393
257.9958074092865,0.012339054570165885
258.0103933811188,0.012665315270873811
258.0183024406433,0.01479918361101225
258.034343957901,0.012069526792471488
258.0450501441956,0.004581786237234526
258.0524022579193,-0.00014401808745698045
258.06198596954346,0.0024960930823733707
258.0862703323364,0.007523641968316593
258.10032844543457,0.007172284713357792
258.11206436157227,0.0018154804092938926
258.12738585472107,-0.0005458094791861775
258.1434371471405,0.004187577995343479
258.1623544692993,0.009965940347657753
258.1786880493164,0.008785626058564448
258.1944944858551,0.001912196376351544
258.20974469184875,-0.0019468453326865788
258.22552728652954,0.0008595116074908728
258.23487424850464,0.003645263094570799
258.2506010532379,-0.0007553678734305697
258.26572918891907,-0.00888302657491086
258.2816722393036,-0.010676243877843456
258.2945954799652,-0.0037493009208202557
258.3018002510071,0.002254188121936211
258.312114238739,-0.0016622167348708567
258.32190704345703,-0.011103244626670875
258.33312344551086,-0.013541590117920468
258.34863901138306,-0.005117142860338609
258.3643751144409,0.0039913068092912035
258.3787341117859,0.003349119983145664
258.393785238266,-0.0036956798879641153
258.40295481681824,-0.005348508937924195
258.41895961761475,0.0012869919872845867
258.43409729003906,0.0054928161441871026
258.4504544734955,-0.0017550189426397155
258.4655957221985,-0.013461410446871673
258.48060131073,-0.014060696975054281
258.49575686454773,5.452782520388248e-05
258.5024371147156,0.014144072801106036
258.5184223651886,0.011961075335155443
258.5288610458374,-0.005280569427904731
258.5437707901001,-0.020532017778449294
258.560022354126,-0.018744205259771687
258.5755343437195,0.0007482922718824339
258.5909013748169,0.02652774520893793
258.6060974597931,0.0437509499148922
258.62122535705566,0.04225313834257402
258.6282584667206,0.023936605798066564
258.6431288719177,0.004087762595851329
258.6526987552643,-0.0006765995247437866
258.6626453399658,0.010772650274926928
258.6775965690613,0.02289675447134256
258.6930229663849,0.021862538016958012
258.7090446949005,0.011394885697981647
258.71918869018555,0.006066617809861003
258.72899198532104,0.011517017340834925
258.74274611473083,0.018034418922340905
258.75096249580383,0.015073294280820326
258.76572012901306,0.005889969213542278
258.7804183959961,0.0024163692753569267
258.794549703598,0.008435975604300662
258.81861686706543,0.014826157715801725
258.8332362174988,0.012938521922072873
258.8483316898346,0.006755511412516998
258.86166191101074,0.006836704883966152
258.8689811229706,0.015030942886209247
258.8786950111389,0.021599990967443833
258.88629961013794,0.01857560033831446
258.89357924461365,0.010550948478418191
258.9090142250061,0.00815165946782076
258.9246664047241,0.013663402771152532
258.9401226043701,0.018656254341906032
258.94924807548523,0.016234491340699576
258.9623157978058,0.010447588200565757
258.9770669937134,0.010100341209316082
258.9922528266907,0.016222603640414106
259.0083491802216,0.020807918184184274
259.0192036628723,0.01814949767706765
259.0287585258484,0.012630402221583015
259.04283142089844,0.01235015638380429
259.0520076751709,0.01793925879867004
259.06752133369446,0.022112407816173817
259.0827548503876,0.01997160347645148
259.09511399269104,0.015302044149790126
259.1103093624115,0.014506753444918277
259.12368750572205,0.017443364031579478
259.139182806015,0.01819876685932351
259.154509305954,0.014184331971880824
259.16918873786926,0.010213913497889908
259.1833920478821,0.011766352202375764
259.1988580226898,0.017125175930795444
259.2141573429108,0.019521030369654593
259.2301428318024,0.016211009505639862
259.24544405937195,0.01188407250957204
259.260507106781,0.011966405769229093
259.26889419555664,0.015369393480169205
259.2784810066223,0.016540023543854837
259.2941355705261,0.01347578454610917
259.3100814819336,0.01035240792731948
259.325434923172,0.011417349676427688
259.34582233428955,0.015106140612505039
259.3616914749145,0.016610175348946446
259.376487493515,0.014848955783827777
259.3922116756439,0.013727063604142838
259.40238428115845,0.016068615692473327
259.41237783432007,0.019121433085999853
259.42226362228394,0.01809256174395135
259.43373131752014,0.012721504954044935
259.4490592479706,0.007799444781354012
259.46383690834045,0.007185604300087335
259.4778583049774,0.009651711969146524
259.49551129341125,0.01167029759127159
259.50257110595703,0.01232818019628377
259.5183250904083,0.013229669458846521
259.5334656238556,0.014254264181002186
259.54861640930176,0.012241442870762197
259.56869769096375,0.005126527573465607
259.5765812397003,-0.004386788608008773
259.5921425819397,-0.011395028177904547
259.6082134246826,-0.014632020624046642
259.6230823993683,-0.017747024591153324
259.6390655040741,-0.024321375462331325
259.65499925613403,-0.03344028994419947
259.6704249382019,-0.04158396364437321
259.68600273132324,-0.04766963392816284
259.6948719024658,-0.05400806036695233
259.70280861854553,-0.06222450970931853
259.71270728111267,-0.07043246647966042
259.73434829711914,-0.07574712543688317
259.7499897480011,-0.0781841435062273
259.7659113407135,-0.0800373277270468
259.781907081604,-0.08169676727531162
259.79571890830994,-0.08033553725984954
259.8107123374939,-0.07384886767032015
259.82658648490906,-0.06462522246975323
259.8421549797058,-0.057490766355837074
259.85302352905273,-0.054194159381142845
259.8625075817108,-0.05190656535795861
259.87750339508057,-0.0479046974292142
259.8926787376404,-0.04395365755289422
259.9021933078766,-0.044109200721565024
259.91732835769653,-0.04877920543702796
259.9281449317932,-0.053292133396045306
259.9451551437378,-0.053225113685377856
259.952671289444,-0.049528640198450304
259.96815156936646,-0.046730628999661974
259.9824175834656,-0.046823647125207646
259.9983758926392,-0.047064599506978805
260.012305021286,-0.04431082562683533
260.0218138694763,-0.03957162777392626
260.0323441028595,-0.03646452901047299
260.0470974445343,-0.035995356824047336
260.0609862804413,-0.035229253738296815
260.0691862106323,-0.03178412692904174
260.07850766181946,-0.027645013131150996
260.0937600135803,-0.02661258303422585
260.1087851524353,-0.02879126301273902
260.12403869628906,-0.029990176716472045
260.146146774292,-0.02716496179365803
260.1531059741974,-0.022459063033699052
260.1643600463867,-0.020241607380208713
260.1795828342438,-0.021300008410809302
260.1951234340668,-0.02219866431679758
260.21038699150085,-0.02038423965635702
260.222980260849,-0.017621958273706297
260.2383120059967,-0.017079601350463002
260.2544493675232,-0.018615508631403287
260.2618989944458,-0.01918312592958877
260.2691099643707,-0.01752596729010879
260.278933763504,-0.01598655288234748
260.2936701774597,-0.016656062189652078
260.31015825271606,-0.017709400920817093
260.324490070343,-0.015728284891016818
260.34010910987854,-0.010949737020370321
260.3522455692291,-0.007648979944269245
260.36198234558105,-0.008497659160805783
260.37706184387207,-0.0105646097358538
260.3923146724701,-0.008908377885904198
260.4076843261719,-0.0033010984630379124
260.41895937919617,0.0010904636694290502
260.4353654384613,0.0002766352213366603
260.4426612854004,-0.003462909545238789
260.4577527046204,-0.004757127478367196
260.4734299182892,-0.002141662337840175
260.4887454509735,0.0005355737767382786
260.511554479599,-0.0002208183041743656
260.5274691581726,-0.0028793855921843956
260.5426812171936,-0.003421147946559145
260.55779790878296,-0.0011433444848302676
260.56931018829346,0.0005274429121949253
260.5786430835724,-0.0008143703820948389
260.5932831764221,-0.0029487786798054355
260.60822916030884,-0.0021920834204118863
260.62351870536804,0.0012107147966072124
260.6395239830017,0.0032467169456560016
260.66246271133423,0.0016900691296318293
260.6774809360504,-0.0008825409249082474
260.6927659511566,-0.0009722942630866127
260.7102425098419,0.0006479793996371159
260.71887040138245,6.472337024488275e-05
260.7286944389343,-0.0037142821660462776
260.7416353225708,-0.006496762370519126
260.74919152259827,-0.004094970334561316
260.76485228538513,0.0019439226318382547
260.7801020145416,0.006043124066233169
260.79583978652954,0.005579402709078949
260.81077575683594,0.0037575951349511317
260.81871461868286,0.004711568474008234
260.8292109966278,0.007800144891918455
260.84215569496155,0.008874161007130007
260.85790181159973,0.006394944311278515
260.87389397621155,0.0036603895238788266
260.88935136795044,0.004142666367062621
260.9045467376709,0.006699816422650291
260.9207248687744,0.007423517555527017
260.9297549724579,0.0053277192905461625
260.9442434310913,0.003639456258796649
260.9519658088684,0.004858814620354892
260.9586169719696,0.00682659158135579
260.9740033149719,0.005669496039013684
260.99509954452515,0.0014925182259038195
261.0100553035736,-0.0014974772052492296
261.0182478427887,-0.0008239649340651889
261.0334827899933,0.0008084072196868496
261.04498767852783,-0.0004698739335959089
261.05209374427795,-0.0038923829812462676
261.06182765960693,-0.004926330203327961
261.0770950317383,-0.001829202745537555
261.09309244155884,0.0013870900055360479
261.1090948581696,6.098191321740913e-05
261.12509655952454,-0.00479592025092553
261.1407537460327,-0.007719389166966763
261.15216398239136,-0.005991679117007948
261.16822838783264,-0.003007165908811578
261.18323707580566,-0.0032948459785216025
261.1961963176728,-0.006184906732234516
261.2110364437103,-0.00684451781130909
261.2262246608734,-0.003069462438967934
261.2420692443848,0.0016756422210364318
261.2620587348938,0.002993693282766914
261.2781322002411,0.0011971375560088345
261.2869076728821,7.237185658115139e-05
261.29713010787964,0.0010414213793636922
261.31310629844666,0.0014552379930260586
261.32911944389343,-0.0005592273825705042
261.3445053100586,-0.0021140561811912313
261.36203932762146,0.001128322816825214
261.379145860672,0.008592309440817058
261.3943910598755,0.014724457464321647
261.41220903396606,0.016205497822959915
261.4219160079956,0.016822165495647235
261.4355802536011,0.022846419573982403
261.44546723365784,0.03465134635643532
261.4523572921753,0.04578024752293887
261.46217584609985,0.050822706344829216
261.4776816368103,0.05168921846866914
261.4961075782776,0.05425167054133199
261.5022566318512,0.060304486441219066
261.5190913677216,0.06565272055501467
261.5338516235352,0.06633238643248518
261.5518524646759,0.06397649131660299
261.5682656764984,0.06306885815854438
261.5797793865204,0.06436784346016598
261.59551095962524,0.06393372649351589
261.60257601737976,0.05905861406385392
261.61088943481445,0.052632591528874464
261.6265652179718,0.04971767930348114
261.6424653530121,0.05104554823975126
261.66260504722595,0.05244946295892419
261.67861461639404,0.050896411649922306
261.69357466697693,0.0485205074090647
261.70268297195435,0.04899761287396792
261.7152330875397,0.051645378320328596
261.728963136673,0.05195355188306661
261.7461304664612,0.04795258488719671
261.7616722583771,0.043270228516773
261.7690761089325,0.042316033657024146
261.7783143520355,0.04426379517993924
261.7951428890228,0.04431184638485042
261.8123412132263,0.04049309585494944
261.82743525505066,0.03651427562218526
261.8454236984253,0.03664571088614174
261.860506772995,0.039756568204611466
261.8812918663025,0.040765235126117454
261.89520359039307,0.037456910815230386
261.9108979701996,0.03322493512303301
261.9289605617523,0.0321285512904506
261.9450535774231,0.03342176265552464
261.9523901939392,0.0331764664710649
261.9622027873993,0.03031463267833289
261.9773590564728,0.02815884712501971
261.99569058418274,0.029312545712717793
262.0022020339966,0.03144874986653304
262.0141167640686,0.030296720870301025
262.0292422771454,0.025692142826633752
262.0365586280823,0.02201379913555713
262.0462851524353,0.022204611652088313
262.06148076057434,0.023715559111903477
262.0767126083374,0.02214016711772216
262.0993218421936,0.017515616116004884
262.1182792186737,0.014397637349476345
262.12728571891785,0.015475546570401877
262.1362180709839,0.01766144659651386
262.1464419364929,0.016275647615240765
262.15518593788147,0.011620231944635663
262.17109179496765,0.008758159875603976
262.18655347824097,0.010664272007901597
262.201785326004,0.014130430098638302
262.2181565761566,0.014082987312248479
262.2287511825561,0.010409413571599163
262.2355589866638,0.007942745092761792
262.24507331848145,0.009702012611393336
262.25278520584106,0.012797417040343106
262.2618432044983,0.012673450971537008
262.2789845466614,0.009729925933785504
262.29399156570435,0.009005096601980069
262.3095750808716,0.013217517140290593
262.3296113014221,0.018667788930034526
262.3454749584198,0.019544581791295597
262.36075377464294,0.014672655641170049
262.36920189857483,0.00768148626812842
262.37870740890503,0.0010168340517519346
262.3953626155853,-0.007253297776127183
262.4122202396393,-0.01929905213924479
262.4288322925568,-0.03246908232389947
262.4459981918335,-0.04131216867624825
262.45267486572266,-0.04437430281992216
262.4689795970917,-0.046121536557060624
262.47934317588806,-0.050855477405526255
262.49542021751404,-0.05683055952344959
262.5030357837677,-0.058733957366400316
262.51833057403564,-0.055093320501050355
262.53083634376526,-0.05034753834570598
262.5456323623657,-0.048890981815110396
262.5528244972229,-0.049595987724254914
262.56155490875244,-0.048329887090515014
262.5788648128509,-0.0444963587023305
262.59554719924927,-0.04209577654747246
262.6026384830475,-0.04384118182063193
262.6130623817444,-0.0468368216906109
262.6283960342407,-0.046139849363618535
262.6446211338043,-0.041375786426078164
262.65933871269226,-0.03719743484442301
262.67436504364014,-0.03693466623452029
262.68955183029175,-0.038274315137478226
262.7047393321991,-0.036906374000588105
262.71998715400696,-0.03285229684161296
262.7357292175293,-0.030429762462147163
262.7514743804932,-0.03182838061055249
262.7616078853607,-0.0334178466834171
262.7693865299225,-0.030234644699471666
262.78474044799805,-0.02261926212574904
262.8016037940979,-0.015837037803024694
262.8185157775879,-0.013238995751843835
262.83365392684937,-0.012466000790979058
262.8513729572296,-0.009765507878790429
262.8597445487976,-0.005979239392835774
262.8657491207123,-0.005485394693292154
262.8818485736847,-0.009556005805403125
262.9015851020813,-0.013759036039449172
262.9183096885681,-0.01347823292343273
262.9329376220703,-0.010044858996323631
262.9480412006378,-0.00885104905031393
262.9601809978485,-0.011998879516069387
262.9722681045532,-0.015731413466211732
262.9878966808319,-0.016047041425196203
263.00137400627136,-0.014284299515117739
263.01847863197327,-0.01471477693757004
263.0336124897003,-0.017800543566390936
263.04883313179016,-0.019002041355553105
263.0682091712952,-0.015036866902555302
263.08495140075684,-0.008786922601483404
263.10174679756165,-0.005820954231632282
263.1120533943176,-0.007217963706418572
263.12715578079224,-0.008584022304044224
263.13774061203003,-0.006537500868531627
263.1527330875397,-0.0034998113438449866
263.16819310188293,-0.004008813346207492
263.1834964752197,-0.007758286765738114
263.2017357349396,-0.009356116444574446
263.2123637199402,-0.005482571176956516
263.2220993041992,0.00035276694802046857
263.23482942581177,0.0021301071120046057
263.2514350414276,-0.0010951411642431247
263.26265120506287,-0.004546553649276868
263.2785565853119,-0.004477089924646619
263.2925219535828,-0.002694946026524147
263.30801725387573,-0.0028770015629336755
263.32362031936646,-0.004546981688035341
263.3348739147186,-0.0037431737073632065
263.3508381843567,0.0005340781680839251
263.3614375591278,0.003718700160567321
263.3847961425781,0.0013373768384121144
263.401654958725,-0.0046349204885480005
263.4127418994904,-0.00784199789451112
263.4287037849426,-0.00561428045895059
263.4372670650482,-0.002087494006364829
263.44753241539,-0.002079557190014303
263.4579212665558,-0.004210054310971345
263.4732081890106,-0.0028936047798560085
263.48868227005005,0.0034065742272396385
263.5024440288544,0.009103045034978531
263.5122661590576,0.008138183402932543
263.52916646003723,0.001631315278599986
263.5459668636322,-0.003635514445869319
263.55790185928345,-0.0036290391898149443
263.5682339668274,-0.0010460396678802194
263.57867193222046,-0.00018636652357588348
263.5876841545105,-0.0006771426785649021
263.59772658348083,0.0011144591090241577
263.60853719711304,0.005660968962160865
263.6237599849701,0.008667261091636184
263.64550709724426,0.006878903681918164
263.65239787101746,0.0029855472797078756
263.66210174560547,0.002369505109103905
263.684766292572,0.005963995238003894
263.702269077301,0.009080406959842705
263.71247601509094,0.007829037930433765
263.73489332199097,0.004272607735202376
263.75130343437195,0.0033594228034626696
263.76837372779846,0.0061655460539178555
263.78517961502075,0.008864193778687236
263.7958137989044,0.008473982317013518
263.8134582042694,0.006919728011168032
263.82924604415894,0.007704043066574826
263.846209526062,0.010285070675850968
263.8532376289368,0.010557554117992314
263.8691928386688,0.006967371583577816
263.8786401748657,0.003426462488255437
263.88884949684143,0.004425651606238234
263.9044237136841,0.008845991324897296
263.91884899139404,0.01118001222629801
263.9284904003144,0.008717881716560466
263.9441349506378,0.004866918129097449
263.9516658782959,0.00410837139345265
263.96656703948975,0.005799631561944275
263.9847557544708,0.005572980334453669
263.995299577713,0.0022002042694771826
264.0027804374695,-8.218012845311582e-05
264.0202941894531,0.0026185170801789866
264.0306808948517,0.007995016198423677
264.0457968711853,0.010067499847988787
264.05223870277405,0.006895575091782793
264.0619194507599,0.0029514709183966607
264.07698798179626,0.0029137535145789535
264.0848343372345,0.005444304981783833
264.09498953819275,0.005453325741111691
264.1022288799286,0.0015284600927407748
264.11674094200134,-0.001939749216224023
264.1349058151245,-0.0009002728038656912
264.1502923965454,0.0026280016990843993
264.16618061065674,0.003322038994820564
264.18149518966675,-9.360755882195995e-05
264.1968414783478,-0.0032380239449146444
264.2121901512146,-0.0023624402428921902
264.2269296646118,0.000406178343931452
264.2427682876587,0.000198243529449166
264.2522642612457,-0.0036393660199427512
264.2620620727539,-0.006654250776826683
264.27728819847107,-0.005675210775318896
264.2847709655762,-0.0032769794146326717
264.2951774597168,-0.0038424722283247788
264.301983833313,-0.006826430739115754
264.31174874305725,-0.00704045215743247
264.328574180603,-0.001953339000469482
264.34561228752136,0.004074035607086512
264.36082458496094,0.0047680784222657105
264.3724591732025,-0.0003350079741412529
264.3821973800659,-0.0057255959798077185
264.39096188545227,-0.007279719577593276
264.4020335674286,-0.006916632526503532
264.41613268852234,-0.008498665886492843
264.428585767746,-0.011434561410204639
264.4454712867737,-0.011436741045785018
264.4531886577606,-0.0072344189251277845
264.46877217292786,-0.0032975518161319265
264.47904920578003,-0.004336236811444476
264.495008468628,-0.009112161945196309
264.50152254104614,-0.01210764388356226
264.5096204280853,-0.010639991621637273
264.52892327308655,-0.007654804458779487
264.53579235076904,-0.006787704788891735
264.54899191856384,-0.007144917617598679
264.5636284351349,-0.0053071383126706735
264.5848240852356,-0.0013867644413280262
264.5996985435486,7.931950161225239e-05
264.6180806159973,-0.0037662702011282013
264.6284847259521,-0.009514080076961383
264.6353986263275,-0.011295600094564397
264.64536237716675,-0.008202451271010075
264.66075015068054,-0.0051920815999252756
264.668888092041,-0.006144928222961482
264.68412494659424,-0.00863713592615068
264.7024474143982,-0.007657854235853943
264.7121222019196,-0.0029923428936617087
264.7285816669464,0.00015066558825536805
264.74396443367004,-0.0018305272794400386
264.7620370388031,-0.006116743228949839
264.769490480423,-0.007575915028315219
264.7842609882355,-0.005892737997130464
264.7963845729828,-0.005638293818254046
264.81219816207886,-0.009318253302100205
264.8285048007965,-0.013411705542078158
264.8353855609894,-0.013095204579099604
264.8453106880188,-0.008969938049248335
264.85387134552,-0.006239608306948418
264.8640937805176,-0.007448156722756367
264.8716418743133,-0.009037222101231427
264.8962640762329,-0.006664092731821489
264.9113357067108,-0.0017767520654086392
264.9285340309143,3.299527826340046e-05
264.93617725372314,-0.003193200111645942
264.9519577026367,-0.006836934070367916
264.9623935222626,-0.005957951358606236
264.9784393310547,-0.0021449467233033916
264.99384570121765,-0.001337216848038851
265.012380361557,-0.00550662952927819
265.019522190094,-0.009718078507642043
265.0355169773102,-0.008734639658901151
265.04554557800293,-0.004102426326177623
265.0607109069824,-0.0019352569114906154
265.0793204307556,-0.004524296123560485
265.0950884819031,-0.007451287890160853
265.10206413269043,-0.006087313112275064
265.11191844940186,-0.002185317038956152
265.1285493373871,-0.0012808502223695013
265.14398407936096,-0.004701872953105979
265.15143299102783,-0.007594560642132273
265.16168904304504,-0.005780414598605496
265.169105052948,-0.001687279109042721
265.179673910141,-0.0008900249159969212
265.1853370666504,-0.004173973091965258
265.2015278339386,-0.006481449478446689
265.2117943763733,-0.004317144244897105
265.2196445465088,-0.001036087921621981
265.22540950775146,-0.002346606346614855
265.23584508895874,-0.008264076374323817
265.2450156211853,-0.012803619835574985
265.2522482872009,-0.011781400925774546
265.26199173927307,-0.00783730789059619
265.2773199081421,-0.006002953909954756
265.2952814102173,-0.0065144011874331016
265.31428122520447,-0.005110581543529657
265.3283054828644,-6.461161698441452e-05
265.33611249923706,0.004469406290108981
265.34538221359253,0.003858202355557196
265.3523910045624,-0.0004445806951947468
265.3614015579224,-0.0026635662189555946
265.3787467479706,-0.0006031353803211572
265.386132478714,0.0013597465585697475
265.4021990299225,-0.0014355541473336283
265.4136760234833,-0.007028827832440743
265.4296176433563,-0.009026376211335124
265.44542717933655,-0.0050006310442889
265.4525520801544,0.0003962267706840209
265.4625918865204,0.0016957636717895633
265.4786741733551,-0.000593158341982385
265.4962000846863,-0.0018076325767533716
265.51173400878906,-0.00028195568531942227
265.5270817279816,0.0006977833287087273
265.53431510925293,-0.0014182016508519912
265.54322624206543,-0.003974734628436441
265.55880665779114,-0.002796866858961659
265.5698666572571,0.0012277805369437966
265.5795433521271,0.0025661846444705923
265.5954988002777,-0.0014656882311955945
265.61100673675537,-0.006460260974571608
265.6181483268738,-0.006250867793847073
265.62795901298523,-0.0009341612702815829
265.6354486942291,0.003296128390387891
265.6511778831482,0.0023217540242473182
265.662805557251,-0.0008403264577911797
265.6847343444824,-0.0008344747360255261
265.7000958919525,0.0022770309062549923
265.7159667015076,0.003133962509544161
265.7348349094391,-0.0012271675177542131
265.7511582374573,-0.006936299637068966
265.76136350631714,-0.008239513379487714
265.7787251472473,-0.004858890869561698
265.7861201763153,-0.0016566930482785492
265.8013300895691,-0.0014589374166605034
265.81793904304504,-0.001375837987853576
265.8346338272095,0.002254054608554854
265.8503267765045,0.007570119522533186
265.8628306388855,0.00888050120849673
265.88464617729187,0.004394402224961452
265.89399886131287,-0.0007675493816267792
265.9086410999298,-0.000859643439572553
265.9286997318268,0.003146344867326841
265.9361255168915,0.005060709475072312
265.94859075546265,0.0018027488405122018
265.9629189968109,-0.002612826831503849
265.9785695075989,-0.0025017147655322525
265.9936435222626,0.0024157064841201616
266.00150847435,0.007894354239584298
266.01169180870056,0.01206894463071908
266.0281412601471,0.01798709907223704
266.05157136917114,0.02806580244223142
266.0617985725403,0.038876737467484525
266.0706639289856,0.04445965191891055
266.0804591178894,0.04394116272481191
266.094539642334,0.04264954918974062
266.1096291542053,0.044937985487633725
266.1252107620239,0.04869862853757928
266.13548278808594,0.04909879397916615
266.1450946331024,0.045884188432576266
266.16023778915405,0.0436467787907559
266.16797709465027,0.044817478480603565
266.1833634376526,0.0457868669241076
266.1943893432617,0.042086763173564926
266.20195055007935,0.03536239532520133
266.2182483673096,0.03190470185930079
266.23259592056274,0.034297133838083665
266.248672246933,0.037741114748144136
266.26454281806946,0.03647528164420001
266.2778742313385,0.031635509068345474
266.28560161590576,0.029623675456432467
266.2948315143585,0.03307730706134643
266.3109154701233,0.03689142166000889
266.31787490844727,0.03492516520271023
266.33310079574585,0.02833450144017592
266.3486850261688,0.024207166980166252
266.36163783073425,0.026417121247418657
266.376490354538,0.03102717882801417
266.39175963401794,0.0319948363434754
266.4065434932709,0.02887971397907686
266.42208790779114,0.02621300986285944
266.43208622932434,0.02638603334459379
266.4467146396637,0.026689034569928098
266.46240401268005,0.024348184794872697
266.4771821498871,0.021474630851827645
266.4927673339844,0.022181627690339132
266.50198245048523,0.025972140955259872
266.5117573738098,0.02740241746296459
266.52703285217285,0.0232377883695127
266.54178285598755,0.017295225285533292
266.5578396320343,0.015834589786719713
266.57344365119934,0.019387042970301444
266.5838022232056,0.022089308181129436
266.5998516082764,0.01945766150587154
266.61528754234314,0.014064720282031175
266.6305356025696,0.011657013810930142
266.64581632614136,0.013435391997679158
266.6613175868988,0.015122700516494104
266.67666959762573,0.01354812537501697
266.6927089691162,0.011030880165922597
266.7086777687073,0.011457270455506242
266.7188324928284,0.014078534524277915
266.72857451438904,0.014279416653441774
266.74346685409546,0.010349980786509946
266.759437084198,0.006362822453249818
266.77463459968567,0.006653114042880223
266.7906391620636,0.009592185547613602
266.807923078537,0.009696861456753648
266.82372975349426,0.005366652601375193
266.8397216796875,0.0013755039702905427
266.8519597053528,0.002434566177119289
266.86184310913086,0.006673930997296266
266.87661719322205,0.008116973818088138
266.8925619125366,0.004761805381515729
266.90761375427246,0.0011459174099516098
266.91846561431885,0.0019823826376737415
266.9281225204468,0.0057664748107122575
266.9437403678894,0.007096533144750763
266.9590277671814,0.004275105546965633
266.9737048149109,0.0015605886156127235
266.9897327423096,0.0030486484776109006
267.0047175884247,0.006813079810456636
267.0194399356842,0.0074297835228247615
267.0348105430603,0.0032231133299748323
267.0499973297119,-0.001847569031061722
267.06528425216675,-0.0038585082013395827
267.08060574531555,-0.0036368220652313035
267.0960931777954,-0.0039151465216132955
267.1115477085113,-0.0038871777094392976
267.1270833015442,-0.00020119653926464363
267.1427710056305,0.006333156750247253
267.1520540714264,0.00852217869370711
267.1614484786988,-4.396211668585936e-05
267.17687153816223,-0.016923995997085006
267.1928107738495,-0.03277596192296382
267.20885372161865,-0.04150229525632576
267.2239592075348,-0.045999561085152435
267.2404386997223,-0.05274403325577852
267.24621415138245,-0.0629159354354189
267.261474609375,-0.07159039209472226
267.26782608032227,-0.07510863504185299
267.2835154533386,-0.07591974350268037
267.2951078414917,-0.07845043801950866
267.31051874160767,-0.08239023126931455
267.32606744766235,-0.08307707661116945
267.34170866012573,-0.07827795747907226
267.35225343704224,-0.07166024664846932
267.3616981506348,-0.0681040360789647
267.376681804657,-0.06746766817079047
267.3921821117401,-0.0654177888238002
267.4073257446289,-0.05992370046308822
267.42293763160706,-0.0541551703606126
267.43537616729736,-0.051827335565589536
267.44494700431824,-0.05187607983831224
267.45190811157227,-0.05020627410309982
267.46666049957275,-0.04591658848149824
267.4825348854065,-0.04281030753708165
267.4984018802643,-0.043774319228830114
267.5143318176269,-0.046054812768281675
267.53033113479614,-0.04446082379552876
267.54570508003235,-0.038355534972799935
267.5614604949951,-0.032768908373753236
267.57745265960693,-0.03191489582728848
267.5853822231293,-0.03381146099221043
267.5948429107666,-0.03322693584147516
267.61035895347595,-0.02884568376449131
267.6260311603546,-0.024886170792573926
267.64190316200256,-0.025139490664409785
267.6619026660919,-0.027804314862885433
267.6767156124115,-0.02818929570198042
267.69226813316345,-0.02529033287659445
267.70745301246643,-0.022967426547952238
267.7234561443329,-0.024219516092405465
267.7394349575043,-0.026765471235103325
267.75476598739624,-0.02614969623093337
267.7678270339966,-0.021941296144688236
267.78502798080444,-0.01837275432013554
267.8004212379456,-0.018693414984652008
267.8164052963257,-0.02121325216326329
267.83480525016785,-0.022326139341199574
267.8506622314453,-0.02181809298627156
267.86641573905945,-0.022751809759551694
267.87844681739807,-0.026296251620570282
267.8941090106964,-0.029294594571678063
267.9094009399414,-0.02842597496801268
267.9246687889099,-0.025133660830259086
267.9449541568756,-0.02400228342417039
267.9548532962799,-0.026413386298199736
267.9703209400177,-0.028323245184552398
267.9852030277252,-0.025654994692973734
268.00035786628723,-0.02011878294987436
268.01635003089905,-0.017307568788275628
268.03108501434326,-0.01945496919217358
268.0464925765991,-0.022695528899378824
268.062299489975,-0.022479120651300456
268.0783371925354,-0.01954195710352022
268.0936703681946,-0.01823644916303664
268.1018435955048,-0.01985765438422015
268.11140990257263,-0.020640219515638283
268.1191041469574,-0.017363397602873046
268.12885761260986,-0.012455427710123004
268.14402437210083,-0.010978603357193221
268.1615002155304,-0.013508028040915646
268.1781940460205,-0.015118187562256302
268.1935954093933,-0.012243148773399808
268.209050655365,-0.007824105604289486
268.2243432998657,-0.007272808308301171
268.23109459877014,-0.010769185568319269
268.241411447525,-0.012832173281964237
268.25090503692627,-0.00993063984639657
268.2663543224335,-0.005429094137212435
268.2781250476837,-0.00480593422585918
268.29614782333374,-0.007846649269920727
268.3112816810608,-0.008923612464472935
268.31861209869385,-0.005119451186671945
268.3280267715454,-0.0007146286563772355
268.3353388309479,-0.0014388290490520927
268.34526467323303,-0.006304089774144325
268.36610078811646,-0.008509830775523657
268.38161730766296,-0.0044096521393386405
268.39691495895386,0.0017269637367213013
268.41259264945984,0.003606061095517639
268.428585767746,0.0011672904432906365
268.4349882602692,-8.557517640583564e-05
268.4446361064911,0.0027488956971845886
268.4616799354553,0.0060855296506864935
268.4738702774048,0.005528349676380285
268.4819779396057,0.002578651151562472
268.4972252845764,0.002491412174199814
268.5133891105652,0.006289450689314049
268.52818846702576,0.00858312228988804
268.5436735153198,0.004845450253371958
268.5596692562103,-0.0016856779465968643
268.5680892467499,-0.0033256154147222263
268.57847785949707,0.0024348513718509433
268.585324048996,0.00969184537844505
268.5949077606201,0.01167108964851202
268.6057698726654,0.00922710660203355
268.6215832233429,0.009416331907219279
268.63704228401184,0.016520448667672185
268.65260457992554,0.027456825592004658
268.66077184677124,0.03683002488726807
268.66840839385986,0.04373753551411164
268.6776576042176,0.05104358738483105
268.6858623027801,0.05931647086944778
268.70121788978577,0.06504450784046856
268.7179069519043,0.0658112133166683
268.7333765029907,0.06452006891696309
268.7456531524658,0.06602014467966683
268.76226139068604,0.0706012093117035
268.7777953147888,0.07361709829063681
268.79301047325134,0.07193135133851286
268.8023121356964,0.06813759063679281
268.8113250732422,0.0666074453227823
268.82657265663147,0.06707668675828514
268.8426785469055,0.06503467164972557
268.8581511974335,0.05843502858897877
268.8740804195404,0.05108609658098184
268.8910858631134,0.047699943659983694
268.8977348804474,0.047492994889078294
268.913081407547,0.045430528273539744
268.9290902614593,0.03946134022850131
268.9444477558136,0.03359588575115102
268.9593925476074,0.03247315689324427
268.9682900905609,0.03496980085503665
268.9844741821289,0.03567397133435761
269.0001223087311,0.03202273294609364
269.0161802768707,0.027214118274768315
269.0278739929199,0.02528134969736596
269.0435223579407,0.02569725267406189
269.06138038635254,0.024985562440262083
269.07733726501465,0.02239489390359795
269.09261298179626,0.02102033931570526
269.1080689430237,0.022798590808548937
269.1180109977722,0.025012188599092343
269.1276524066925,0.02383779700825426
269.14259028434753,0.020071984596862005
269.1584482192993,0.01853459329312782
269.16821336746216,0.021366460772308048
269.17794919013977,0.024474325227664333
269.1850960254669,0.02269590768087966
269.19496178627014,0.01725690477658784
269.20220470428467,0.015205802571598336
269.2118721008301,0.02073053291702881
269.22722458839417,0.029318771807811443
269.2427170276642,0.032617984174206555
269.2587146759033,0.028171006111959662
269.2684381008148,0.021821305622173715
269.27802324295044,0.020096205544933313
269.28516817092896,0.022748462438757812
269.3005647659302,0.024656029980179066
269.31623220443726,0.023239387378775955
269.3322880268097,0.020841412502895403
269.3441689014435,0.019862991437915027
269.3515884876251,0.018890240710581922
269.36178159713745,0.015608742905834524
269.3771035671234,0.011534342150250485
269.3924741744995,0.010768746033081098
269.4022026062012,0.01406381990842578
269.4177646636963,0.01692474395611389
269.4328408241272,0.015166461022958624
269.44180512428284,0.010589212942795353
269.45128321647644,0.008735400569523924
269.4665560722351,0.011512659336750391
269.4826683998108,0.014770009464949403
269.4986834526062,0.014200732914705137
269.51278376579285,0.011356570099352814
269.52768301963806,0.01135962191029762
269.5427043437958,0.015530345057542581
269.55182909965515,0.019311738811746276
269.56718850135803,0.01845219594043145
269.5753960609436,0.014831421815272843
269.5843799114228,0.013818432901571684
269.5996539592743,0.016880905242586203
269.6153733730316,0.019735803892570822
269.6300265789032,0.018492083408094242
269.6422438621521,0.015030018761635348
269.6570529937744,0.01404361344161712
269.66817569732666,0.0160745925303442
269.6838612556457,0.016619823541751063
269.69431948661804,0.012716383302895477
269.7017488479614,0.007582972274997133
269.71178817749023,0.006497441412278755
269.72702860832214,0.009585712166392597
269.74260663986206,0.011738804158349776
269.757520198822,0.009834890806049186
269.77309679985046,0.007041761896877682
269.78504395484924,0.00807798326898858
269.7913591861725,0.012191920664245348
269.8070981502533,0.013953850325431845
269.8183379173279,0.010874460956268425
269.8336136341095,0.0070339274367487645
269.8494532108307,0.007387581230750269
269.8622555732727,0.01062143430380899
269.87743639945984,0.01071924705437833
269.89271330833435,0.005360281263593809
269.9010536670685,-0.0003834384162462695
269.91110014915466,-0.0003219660992739011
269.9184548854828,0.004951719417061334
269.9281771183014,0.009074755412453814
269.941198348999,0.008185251548048927
269.95693492889404,0.0051574781864421
269.9729120731354,0.004622435710012928
269.9885559082031,0.0064896794208789965
270.00201392173767,0.007107993398976522
270.0114324092865,0.005614913826930449
270.0193102359772,0.0055281662646054835
270.0344569683075,0.009034090215329697
270.0499370098114,0.012645453745502924
270.0653202533722,0.011299397298572931
270.0804960727692,0.005655890903711819
270.09477400779724,0.002146902401860382
270.10080003738403,0.00503976313348356
270.11642026901245,0.01098079684441324
270.13177394866943,0.013413428429669624
270.147625207901,0.010959140273960753
270.1586608886719,0.008580410374046199
270.1737585067749,0.010310349928950654
270.18963503837585,0.013763004240904597
270.20164227485657,0.013861994639303332
270.21200037002563,0.010282893150182451
270.22472763061523,0.008043918654159037
270.23164224624634,0.010443376933445403
270.24687004089355,0.014347750053801199
270.26276302337646,0.014521727780320862
270.27793192863464,0.010993730054321919
270.2930819988251,0.009236251836490992
270.3100161552429,0.012961506663018714
270.32591009140015,0.019349333061162398
270.33475136756897,0.022751225157343784
270.3499217033386,0.0212132798951923
270.36521339416504,0.016995670300597523
270.37993931770325,0.011380062536500517
270.3949248790741,0.0020774523924746774
270.4101016521454,-0.012663872950457745
270.41836619377136,-0.029324663725546773
270.42806911468506,-0.041400179291175995
270.44362235069275,-0.0466885356357491
270.4592139720917,-0.04996618283607618
270.4747974872589,-0.05698870791890669
270.48543334007263,-0.06741554043922192
270.50014185905457,-0.07589649494885152
270.5088808536529,-0.07951079093168945
270.52360820770264,-0.08116654626973438
270.5342507362366,-0.08448496826352943
270.5502619743347,-0.08783063369456139
270.5615429878235,-0.08631228990697903
270.57417464256287,-0.07906913921604805
270.58433270454407,-0.07136360510909065
270.599392414093,-0.06814551336438464
270.61108589172363,-0.06783603698750021
270.62853598594666,-0.0649397167604086
270.64375615119934,-0.05779070981567491
270.65103244781494,-0.05066016958244196
270.66639161109924,-0.047614594837431454
270.6819212436676,-0.04717626597609595
270.6948432922363,-0.04531191286422551
270.7095644474029,-0.04195482227851638
270.7250552177429,-0.0411199234874078
270.741051197052,-0.044250176539256836
270.75676584243774,-0.04679741502165688
270.77147030830383,-0.043774247588005355
270.78693985939026,-0.03686163197288
270.8020095825196,-0.03273770628768748
270.81793999671936,-0.03436041324693402
270.83300709724426,-0.037043490365647816
270.84781980514526,-0.03481592650994616
270.86335015296936,-0.028437386484567024
270.87767148017883,-0.024187080637822815
270.8852119445801,-0.02524289513609337
270.895140171051,-0.0275165645680275
270.90247321128845,-0.02545736903807749
270.9118642807007,-0.01959718672918458
270.91791248321533,-0.01549348719554636
270.9330894947052,-0.015848857708568122
270.94852924346924,-0.0168924775598086
270.9609935283661,-0.01386410514900599
270.96829533576965,-0.007702307619599672
270.97814297676086,-0.0036220673710124648
270.9855480194092,-0.003848199889108125
271.00105023384094,-0.0048278690565831
271.0161774158478,-0.002575193529469872
271.03158831596375,0.0017168803280290471
271.0475924015045,0.003608717921240509
271.06297063827515,0.0017075096681579143
271.0782573223114,-0.0007228854275654084
271.09361958503723,-0.0006761333702174047
271.10193848609924,0.0006395416775431626
271.111695766449,0.00043515603224723886
271.1200246810913,-0.000670026429316269
271.13478326797485,0.0009312206911416766
271.15020632743835,0.006145279864794372
271.1608929634094,0.010460357464430666
271.1684777736664,0.00887621567901328
271.178017616272,0.002403534114060763
271.1935086250305,-0.002763583680902932
271.2087149620056,-0.0026724496756587003
271.21767711639404,0.0001331316433777598
271.23324847221375,0.0010486206223752675
271.2488956451416,0.00013138004256998698
271.26820039749146,0.0016429686649466191
271.28358697891235,0.007177162601770783
271.29916191101074,0.012364052302751005
271.3108506202698,0.012176834292043501
271.3177375793457,0.007565072541473235
271.3280577659607,0.004018401705213996
271.3430700302124,0.003966029416174521
271.35092759132385,0.0037001885209999906
271.36584520339966,-0.0007768367969707363
271.381294965744,-0.007194619201569468
271.3916759490967,-0.009165372523191422
271.4017651081085,-0.004470006765729807
271.41132283210754,0.0017232438370911487
271.4232289791107,0.0032227236798792
271.43850922584534,0.00035212395294825435
271.45424032211304,-0.0012460639256825616
271.4703423976898,0.001456708966679628
271.4911410808563,0.005123644952801773
271.501601934433,0.005231767507205994
271.5113470554352,0.002529001124248497
271.52678894996643,0.0017163504277788572
271.5417721271515,0.004503159287075322
271.5510356426239,0.007049340340150599
271.5676703453064,0.005410827222709204
271.5816683769226,0.001194425716362353
271.5972967147827,-0.0006420442823042659
271.60814690589905,0.0012579974303398855
271.6145806312561,0.0028199414570735616
271.62990045547485,0.0004951239658009905
271.64556980133057,-0.003386848961515015
271.6605589389801,-0.003574079224750044
271.66851115226746,0.0007363651426486317
271.6847050189972,0.0043578376077685705
271.7001292705536,0.0027800899853648005
271.7160921096802,-0.0018933573959688563
271.7312548160553,-0.0037551898685939085
271.7464144229889,-0.0007611064819760469
271.76158618927,0.0030876872922308155
271.7777519226074,0.003594817456836992
271.7928824424744,0.00179408710990757
271.8018214702606,0.0016005141770482488
271.81142950057983,0.0036634335751061097
271.8269474506378,0.004602307600947996
271.8425724506378,0.0025636343139275814
271.858038187027,0.0005851252892000636
271.8781294822693,0.0024740594953421603
271.88931250572205,0.00704319959495042
271.9072940349579,0.009265450599163217
271.9205176830292,0.007094783667192349
271.937391281128,0.004371466028713942
271.9521770477295,0.005479315871309819
271.96772289276123,0.00911554849922673
271.9841923713684,0.010074989646713753
271.9990291595459,0.006754849715893995
272.0140526294708,0.003783254252314763
272.02965021133423,0.005780174523833292
272.0456523895264,0.010770908765080394
272.061646938324,0.012503398419847359
272.077317237854,0.00862799560112995
272.09260749816895,0.0035821552416512407
272.10777139663696,0.0024423884720455175
272.1237509250641,0.004470253870277911
272.13917112350464,0.005152874351160432
272.1542160511017,0.003355704656417013
272.1683804988861,0.003096078594829112
272.1745767593384,0.007395669797014445
272.19012355804443,0.01321000918626491
272.20604634284973,0.01498779352360822
272.218469619751,0.012030688023858229
272.23372769355774,0.009273269300397647
272.24924397468567,0.01034460305159782
272.2644023895264,0.012638076991778699
272.2774074077606,0.011239387476427286
272.29444885253906,0.006087908047138959
272.3025209903717,0.0022523073605583274
272.3174912929535,0.0029671434477624103
272.33266282081604,0.005317667541613497
272.3475408554077,0.004655693940650773
272.363064289093,0.0013308128380054816
272.37376046180725,1.1170310037626069e-05
272.3794221878052,0.0025911032203530513
272.3944709300995,0.005017527537975081
272.40113830566406,0.0027956442356269293
272.41672229766846,-0.0025355874782190565
272.428115606308,-0.0051429784600869645
272.4436774253845,-0.0025184445063775917
272.4593074321747,0.0014705696878812918
272.4747188091278,0.0020243819134472337
272.4851417541504,-0.00044872819591095306
272.49444937705994,-0.0018506800127694955
272.5100619792938,-0.0009063037379892966
272.51830673217773,-0.0010979266743449288
272.53352308273315,-0.005252021990932011
272.54934096336365,-0.010696536243532312
272.5650873184204,-0.012224085593522425
272.5805079936981,-0.008965186191811978
272.59663701057434,-0.005545735940175409
272.61145067214966,-0.005835009467579321
272.6272008419037,-0.008008461398767219
272.6431393623352,-0.007750312744598347
272.6600761413574,-0.004850871361215224
272.66809344291687,-0.0036459341216490975
272.6777856349945,-0.006596751191713569
272.6847965717316,-0.01025927705436949
272.7001061439514,-0.009672818743816994
272.7155833244324,-0.005232561416945596
272.73077964782715,-0.002391280526474351
272.7463757991791,-0.004456175499404082
272.7613670825958,-0.008353884322711785
272.7767069339752,-0.0090221536418393
272.7924852371216,-0.006088872385001253
272.8018968105316,-0.003618199777236588
272.81079745292664,-0.003772908715909649
272.81687235832214,-0.003803381683531364
272.832819223404,-0.0007136043226946462
272.84804368019104,0.003344482119756709
272.8618643283844,0.0031590584977379973
272.86765146255493,-0.0024520160049880642
272.8824942111969,-0.008459177338292389
272.89832949638367,-0.009711849368154673
272.9108283519745,-0.0071996966201538955
272.9186146259308,-0.006052611581614468
272.9282195568085,-0.008177006656540028
272.93567299842834,-0.009751155711583293
272.9439074993133,-0.00700369507847066
272.9588840007782,-0.0021072000378456373
272.9736652374268,-0.000708057123043617
272.9894859790802,-0.004239674326850139
273.00163173675537,-0.00765587173022062
273.01144909858704,-0.005949545433144947
273.0239553451538,-0.000720162750668156
273.0342025756836,0.002075023317236602
273.0494592189789,2.115932343294425e-05
273.0651092529297,-0.002926842884788825
273.0799355506897,-0.002221691512741973
273.09438848495483,0.0011598399933286292
273.1090331077576,0.0026334905751114633
273.12463784217834,0.0008796900053121338
273.13508701324463,-0.0002504817476952399
273.1449062824249,0.002527958679054183
273.15992426872253,0.006827091394578534
273.17503595352173,0.007523260499937548
273.1847288608551,0.0037208713537705694
273.1938388347626,-5.1377168281391554e-05
273.2015311717987,-8.55575840813176e-05
273.2113935947418,0.0016544807502882992
273.2191581726074,0.0008730062836285416
273.22674894332886,-0.0024068444952792026
273.24199318885803,-0.003494562604506433
273.25796365737915,0.00031879610878811577
273.2730896472931,0.005424496015780971
273.2946949005127,0.006177010101708848
273.30241203308105,0.0021697073637821146
273.3175368309021,-0.0013811068249711413
273.332866191864,-0.0006328941150866188
273.3484025001526,0.0020891379479669554
273.3631694316864,0.002078854235741793
273.37866377830505,-0.0009585629431205956
273.39441561698914,-0.00268386248444245
273.4098675251007,-0.0005971455378924202
273.4179437160492,0.002155920718183368
273.4244010448456,0.0011534873433582708
273.439975976944,-0.0029160780419698953
273.45499992370605,-0.004946788683381799
273.4681587219238,-0.0023638304706206695
273.4792194366455,0.0013030063585816915
273.4945511817932,0.0012182555736911806
273.50091195106506,-0.0022112172374751616
273.516104221344,-0.00410239769630089
273.52703857421875,-0.002070882772110501
273.5349969863892,0.0003760991325648912
273.5448896884918,-0.0011441278028002915
273.55239057540894,-0.00548183054198489
273.5676462650299,-0.0072755285651332395
273.58336114883423,-0.004274967335177782
273.5983963012696,-0.0003879682683213591
273.61340165138245,-0.00020834278303192427
273.62264823913574,-0.002868383078753721
273.6287307739258,-0.0038543082802822374
273.63481736183167,-0.0018611375487489613
273.6508641242981,-0.0006054210614451572
273.6661128997803,-0.003026777740221423
273.6780004501343,-0.00650104391410777
273.69278502464294,-0.006295711406962699
273.7080726623535,-0.002468590046751693
273.7235834598541,-0.0001506345905840374
273.7403945922852,-0.002470174591966654
273.7465522289276,-0.00604600062516138
273.7618203163147,-0.005584920763941793
273.77689576148987,-0.0012765635566485216
273.7923209667206,0.0013986158495673188
273.8076333999634,-0.0007320527995032518
273.82276010513306,-0.004105824537490088
273.8383376598358,-0.0033945193828701786
273.84433794021606,0.0009693016590855809
273.8517005443573,0.0031588912488897543
273.86116766929626,-0.0002448476967924413
273.8723695278168,-0.005749308589500651
273.88299655914307,-0.007820004224138083
273.8978204727173,-0.006177214556351956
273.9130222797394,-0.005423939240254302
273.9275236129761,-0.007891457944343958
273.9346969127655,-0.010088047969696926
273.94454288482666,-0.007812302553956978
273.95922589302063,-0.0025440368910160005
273.9746313095093,0.0001395560909169993
273.9846031665802,-0.0019659721319589
273.993812084198,-0.004846696309199465
274.0017657279968,-0.004069062904859097
274.0115296840668,-0.0010048118411648708
274.02684354782104,-0.0006619075809224193
274.04210472106934,-0.004248475630770579
274.0581126213074,-0.007140179242315289
274.0737953186035,-0.005289583116286214
274.0850670337677,-0.0010803434435574023
274.09487414360046,-0.00027124319298269623
274.1102957725525,-0.0041571421797368495
274.1257815361023,-0.0078016256791420685
274.13414573669434,-0.0066949279875295606
274.14390325546265,-0.002475662594411834
274.15152764320374,6.21615829867056e-05
274.16108298301697,-4.352694225750672e-05
274.1760423183441,0.0008302805804598734
274.18466353416443,0.004494350131914228
274.19816422462463,0.007089814461976749
274.214031457901,0.0039511132426415805
274.229700088501,-0.003344826221875794
274.24567675590515,-0.007969926368032055
274.2606918811798,-0.006193874855932754
274.2757782936096,-0.001980215621745327
274.2912962436676,-0.0015257786766496224
274.3009943962097,-0.005138690201705461
274.3115165233612,-0.0074516796879306076
274.3213355541229,-0.005329388993815543
274.33419156074524,-0.0022257039745503613
274.34827733039856,-0.0030620623814933247
274.36295223236084,-0.00720213689601583
274.3774631023407,-0.009520465535491573
274.39477825164795,-0.007732162816890318
274.4102592468262,-0.005299651623532424
274.4255003929138,-0.005961638201812663
274.43454670906067,-0.008178821701890144
274.4441752433777,-0.007700362342507181
274.45192074775696,-0.004349524655417877
274.4616394042969,-0.002810309295980365
274.4744820594788,-0.00591492255394104
274.49039793014526,-0.010074994949442102
274.5061056613922,-0.009848503723739242
274.5216917991638,-0.0056463613501931435
274.5350377559662,-0.0036757680374959285
274.54495191574097,-0.0076975635242247115
274.56004881858826,-0.013638587777036883
274.57590413093567,-0.01449008522885225
274.5844943523407,-0.0090579029393352
274.59448170661926,-0.0030452946529035854
274.6109156608581,-0.0014491550700966361
274.628883600235,-0.0026637750838833744
274.6440966129303,-0.0015974739247705597
274.65933322906494,0.0033926054294032316
274.6681790351868,0.009326413113098213
274.677631855011,0.013850824540133031
274.6854486465454,0.018624568927269845
274.7009003162384,0.02590266917289231
274.71557903289795,0.033711636889915866
274.7275578975677,0.037345876997905106
274.7441031932831,0.03576125203437382
274.7575340270996,0.03382337111870701
274.77298069000244,0.03655168179082141
274.78861379623413,0.042699463980691424
274.8042240142822,0.0464352387728694
274.81125593185425,0.04500823832238075
274.81835079193115,0.04198603073504595
274.8279252052307,0.04174610105056965
274.835248708725,0.04313850750058358
274.8498904705048,0.0413896002589382
274.8651833534241,0.035549132263213795
274.8774988651276,0.03067222064625104
274.8946964740753,0.031183112658972348
274.90786600112915,0.03450987499926718
274.92327427864075,0.03416143858655844
274.9398548603058,0.028419397386274615
274.9535105228424,0.022817802449678733
274.96951031684875,0.022938012295752458
274.9854955673218,0.027248459171960136
274.99964118003845,0.029521970939918474
275.0148916244507,0.027216772158748286
275.0297212600708,0.024325704168090226
275.0452370643616,0.0251726135670247
275.06060886383057,0.02812108845939604
275.07562136650085,0.02791736740507347
275.09170722961426,0.02311017820777004
275.1104085445404,0.018039294511775432
275.125892162323,0.016827900101422513
275.1416916847229,0.01810312164950004
275.1568968296051,0.01777203832582474
275.168331861496,0.015418198645772681
275.177752494812,0.014824970775600884
275.1890301704407,0.017919658041778204
275.1965968608856,0.02118772862469667
275.21244645118713,0.02015998439336352
275.2285478115082,0.015800823152592503
275.2438941001892,0.013489024172454256
275.2513179779053,0.015647482348393367
275.2614903450012,0.018387362255536943
275.2768728733063,0.01716342812432519
275.29238867759705,0.013559819120845045
275.3078761100769,0.013343814759509425
275.318639755249,0.01813247383049177
275.32805275917053,0.022379128293775172
275.3352789878845,0.020414486528197544
275.34257650375366,0.014253416056077405
275.35772609710693,0.011362813450103778
275.3737416267395,0.015115156781261865
275.3894891738892,0.02065109739963817
275.41276597976685,0.02145218208309637
275.4204204082489,0.01747994803325101
275.43626618385315,0.0141864812644824
275.45192098617554,0.014594300960519849
275.46732568740845,0.015740941002334752
275.4775993824005,0.013941394194909175
275.4946415424347,0.01075769113899874
275.5100862979889,0.010900858502849772
275.5255811214447,0.015095524301286918
275.5350697040558,0.018329499117509154
275.5448396205902,0.016349566225236215
275.56004762649536,0.011438121581924587
275.5756793022156,0.009292227059942197
275.5909044742584,0.011297873940458425
275.60688495635986,0.01302876172845462
275.6223104000092,0.011007908038924602
275.6382918357849,0.008004397883612785
275.6511652469635,0.009177899530322728
275.6606824398041,0.014453430106752702
275.66829323768616,0.01800761475948225
275.6777665615082,0.015803209300062952
275.69330620765686,0.01079070711934813
275.7086856365204,0.008631314020292834
275.72443175315857,0.009983164239309911
275.7345781326294,0.010071843201659162
275.74497413635254,0.005959024991094239
275.75185203552246,0.0011232683316959563
275.7580420970917,0.0008378220527237826
275.7741549015045,0.004876515763202973
275.7902591228485,0.007847064523926518
275.80626225471497,0.006623832116990228
275.82225704193115,0.004327357842870841
275.83824014663696,0.005332927765388556
275.85394740104675,0.008657834653109996
275.8694519996643,0.009345437541086023
275.8773534297943,0.005881515715860464
275.8939037322998,0.0028654675833075073
275.9080557823181,0.00482240217268149
275.9230706691742,0.009747921461143654
275.9383270740509,0.011568224007017168
275.9538969993592,0.008232182755990462
275.96412420272827,0.004278083303533778
275.97754526138306,0.004518148005630712
275.9847333431244,0.007809842815819445
275.99989199638367,0.009392938347714286
276.0157871246338,0.007983805134977345
276.0274078845978,0.007309837990534357
276.042622089386,0.010071173630568352
276.05858635902405,0.013342292015627073
276.0741982460022,0.012372033670452233
276.0900609493256,0.007552148802970279
276.105393409729,0.004466574805118955
276.11821603775024,0.00654064553532569
276.127965927124,0.010391458829261301
276.1349632740021,0.010440112690512447
276.1505243778229,0.0064965452236549065
276.1655578613281,0.0039019132257602355
276.17719197273254,0.006165506521690088
276.1849708557129,0.01031587719370259
276.1944756507873,0.011139095415290758
276.203542470932,0.008031383280845832
276.2139286994934,0.004929548941565012
276.22911047935486,0.004085503214131714
276.2442080974579,0.003302442167760128
276.2589600086212,0.0007563355069437651
276.2681748867035,-0.00029212829562196745
276.2847602367401,0.004862193867936655
276.29887795448303,0.014375032254937624
276.3139009475708,0.019091733932720317
276.32964301109314,0.011803705986704924
276.3448920249939,-0.004520590276846014
276.3621098995209,-0.020121735355694233
276.3774852752685,-0.029252259053976833
276.39287638664246,-0.03490587470363536
276.40158128738403,-0.0425501139112942
276.41141510009766,-0.05233070385095432
276.4266996383667,-0.060016697824132784
276.442275762558,-0.06399726603714156
276.4508171081543,-0.06749161353381018
276.460723400116,-0.07285412580511746
276.468398809433,-0.07680219605382149
276.48441553115845,-0.07420363242958349
276.49060010910034,-0.06554045267970432
276.5016820430756,-0.05743399140485909
276.5164606571197,-0.054989595793952385
276.5321629047394,-0.05605738527723946
276.54384446144104,-0.05494870328078527
276.55160784721375,-0.050246212603715895
276.5615255832672,-0.046015841138782036
276.5770146846771,-0.04528392265204069
276.5927550792694,-0.04551255773399499
276.6077699661255,-0.04261685000562105
276.61820244789124,-0.037515972684370284
276.62808632850647,-0.03540906117067437
276.64109230041504,-0.0384440795346137
276.6563069820404,-0.04216604910108049
276.67153549194336,-0.04105765932424415
276.68682169914246,-0.03568663025204294
276.7015323638916,-0.03158518496749492
276.7110345363617,-0.031485180571529575
276.72663140296936,-0.03179104726229286
276.7345116138458,-0.02816743275017595
276.74958777427673,-0.022255792758185407
276.7604012489319,-0.019890208673091547
276.7678470611572,-0.023121013979225277
276.7776277065277,-0.027134550710022277
276.7851119041443,-0.02643715150517568
276.791232585907,-0.02186099232005502
276.8063509464264,-0.01892249862525148
276.8177969455719,-0.02009473364125108
276.83309388160706,-0.02176909535286622
276.8483204841614,-0.019820001500021986
276.863876581192,-0.01563289697128014
276.8797686100006,-0.014086158497536382
276.8954679965973,-0.016518868156773794
276.91045808792114,-0.018751742652766662
276.9183700084686,-0.016961151513751868
276.9264054298401,-0.013044898406627767
276.9412212371826,-0.011834799046671838
276.9569253921509,-0.014092425475911345
276.96800804138184,-0.015280558735773163
276.98419642448425,-0.011942591532332203
276.999698638916,-0.006651782830074743
277.0150203704834,-0.004449777469991513
277.03031754493713,-0.005807547487001239
277.0447943210602,-0.006166465319219902
277.05371260643005,-0.002781233260419531
277.06410098075867,0.0009363650517702784
277.0792956352234,1.9996689264266745e-05
277.0948007106781,-0.004774786651301111
277.1113815307617,-0.0073835641185915355
277.1272475719452,-0.004322650640104832
277.1432056427002,0.0006803635093248065
277.1585123538971,0.0016841850074716857
277.1737971305847,-0.0017004869302330852
277.1920175552368,-0.004297815472093417
277.2072229385376,-0.0027668505367633156
277.22271728515625,3.589386989878338e-05
277.2402799129486,-0.0004081457241140911
277.2464632987976,-0.003587678491790905
277.2513644695282,-0.004731320571477161
277.2618308067322,-0.0018798539266984635
277.27771401405334,0.0009824508296972525
277.28397274017334,-0.0005482300356201581
277.29968523979187,-0.00473211491226296
277.3144121170044,-0.005401656044373116
277.32993030548096,0.00012003973978437195
277.34492468833923,0.0076065342115025705
277.3663465976715,0.011555845859109275
277.3815424442291,0.01198766693953526
277.3945755958557,0.0132219158844847
277.41129064559937,0.0169238443290832
277.42652916908264,0.019583695078914838
277.4340486526489,0.017849726940402568
277.44930624961853,0.013740677560437318
277.4686226844788,0.01209034371918462
277.47438979148865,0.013884039489235245
277.48390197753906,0.015046131479898537
277.4998869895935,0.012357377556489633
277.5155477523804,0.007951285884042708
277.52747344970703,0.0059672268312621415
277.5433039665222,0.006332622237788787
277.55920791625977,0.004847542551748786
277.5752429962158,-0.0003805224992065718
277.5843517780304,-0.005453898251559062
277.5944011211395,-0.005489512935125023
277.6103131771088,-0.0012486443539856482
277.6181130409241,0.0017174303585750861
277.633332490921,0.00038886545886053026
277.6494369506836,-0.001993004239886126
277.6603972911835,-0.0008313172671001962
277.66810631752014,0.003290970670193154
277.68437457084656,0.005582403332408248
277.6988010406494,0.003961513214725441
277.7147536277771,0.0020171115357209223
277.72991394996643,0.0038205939023969685
277.7450792789459,0.00798744168459939
277.7606942653656,0.009460278596299422
277.7760202884674,0.006546365538744138
277.79190468788147,0.003250222938181407
277.8070740699768,0.003564464345359521
277.81845211982727,0.005826436966465704
277.83387088775635,0.005227738395335597
277.8492465019226,0.0009715200868324666
277.86465215682983,-0.0021518982268180463
277.8804214000702,-0.0002175447034012414
277.8964147567749,0.004279455256456004
277.91251277923584,0.0056133857720734965
277.9280154705048,0.0025068995962735834
277.9347448348999,-0.00022582772379483164
277.94449520111084,0.0016757140439278423
277.9597764015198,0.006091738916454366
277.9755816459656,0.007432593877847603
277.9909422397613,0.004185889840826188
278.0069437026977,0.00073282475054976
278.0187792778015,0.0011332418181870074
278.0278091430664,0.003705823648266003
278.0429542064667,0.0039212293483378464
278.0589454174042,0.001305311789390069
278.0749616622925,0.00038407525588801824
278.0847806930542,0.004201050214521122
278.0943822860718,0.0096225983106709
278.10201048851013,0.01129528063849824
278.11726236343384,0.008868644294187118
278.13230633735657,0.00731917093160969
278.1481046676636,0.009854912396080606
278.1636109352112,0.013351634375141315
278.1749200820923,0.012732980305417712
278.1846344470978,0.008151260811657684
278.1995542049408,0.004906014949583681
278.21455121040344,0.006226104842602203
278.2300214767456,0.009041314090569286
278.24426913261414,0.008620221270130844
278.259736776352,0.0054095489664763765
278.26948738098145,0.0043300545423485375
278.28478837013245,0.007561221181909584
278.2937295436859,0.011142887412762842
278.30127477645874,0.010321133179931663
278.3115966320038,0.006167343117262957
278.3266990184784,0.004159113212069062
278.34166169166565,0.006694418847498709
278.3506269454956,0.009985543811160713
278.3658359050751,0.009536770334208298
278.37724924087524,0.006343055449270615
278.3847510814667,0.005113752438491568
278.3944535255432,0.007263959436479217
278.4020342826843,0.008803920054687499
278.41723346710205,0.006170010837209548
278.43236684799194,0.0016310231253935231
278.44790601730347,0.0004010723419211773
278.46392011642456,0.00333976008115147
278.478661775589,0.005517123039777572
278.4873249530792,0.0028308999281384355
278.4943871498108,-0.002446586830313375
278.50980281829834,-0.0049050548455935586
278.5179581642151,-0.0034439645834289166
278.52807331085205,-0.002452411358181835
278.54385352134705,-0.005125575097002042
278.55999541282654,-0.00849629454864724
278.5755107402801,-0.007369543699510308
278.5912301540375,-0.0017186775657960513
278.6031885147095,0.0028894839145353207
278.615522146225,0.002548329137192922
278.6314513683319,-8.97436755447692e-05
278.6471915245056,3.3309863457502576e-05
278.66049695014954,0.0031568199059358497
278.66832065582275,0.004560085084047313
278.67770075798035,0.001537717101099653
278.69359397888184,-0.0024846652692299986
278.7096154689789,-0.0024932827929493875
278.72554636001587,0.0013486494765805033
278.7410385608673,0.004124548434390049
278.7564437389374,0.0029620285563406487
278.7636559009552,0.0005806810258903172
278.7792241573334,0.0008539585483158421
278.79462718963623,0.00302627030593654
278.80141830444336,0.0029214143749103586
278.810870885849,-0.0006906870480247436
278.8269007205963,-0.003826433906496766
278.8429033756256,-0.0025559625222118924
278.8589234352112,0.0015229434980481827
278.8810119628906,0.0033710602196906003
278.8945372104645,0.0013014337578627902
278.90973591804504,-0.0010550172707995305
278.92555499076843,-0.0002806535680343479
278.9410135746002,0.0018630797553538352
278.95146465301514,0.0012600141471724338
278.9613807201385,-0.0020710420648411623
278.9766082763672,-0.003457042567754471
278.9926948547363,-0.0001505577452117282
279.0078356266022,0.004310816230689751
279.0182032585144,0.00448955573233333
279.02782464027405,0.0003680654455387286
279.0350260734558,-0.0025570753487823175
279.0429623126984,-0.0006242174918468855
279.0573515892029,0.003305472854841973
279.0677170753479,0.00416334631622862
279.08294892311096,0.0017887570823464482
279.09869360923767,0.0008822023596417145
279.1147587299347,0.00401974842708777
279.13002824783325,0.007680788017937099
279.146080493927,0.006919035123213083
279.16183376312256,0.0021603282215808383
279.16822934150696,-0.0013133860876233545
279.1741442680359,-0.0003936337808543265
279.19028759002686,0.002088286530882679
279.20594906806946,0.0018848360219178848
279.2218291759491,-0.00048743349863112576
279.227246761322,-0.0007330181178856912
279.2347569465637,0.002529609484981958
279.2441956996918,0.005070780874854103
279.2522416114807,0.002562741905753558
279.2679350376129,-0.003163362467588289
279.28381609916687,-0.00602124520441449
279.2991597652436,-0.0035052371315798907
279.3151590824127,0.00012321023985599174
279.3292233943939,-0.0003300592431385776
279.3439922332764,-0.004125034368678811
279.35087060928345,-0.006049150724893775
279.366158246994,-0.00397788983484193
279.38156056404114,-0.001853012101571291
279.3899390697479,-0.0038831240928951967
279.40127086639404,-0.008188564099454357
279.41709303855896,-0.009058575562930457
279.4322884082794,-0.004922095486795967
279.4441447257996,-0.0008782093792670314
279.45214104652405,-0.0020203669417214265
279.4624242782593,-0.0066428900514377475
279.4785294532776,-0.008625094031739418
279.4943346977234,-0.005581406166002827
279.5107481479645,-0.0016322538666273248
279.5174152851105,-0.0014343904789216795
279.5339798927307,-0.004114151537235397
279.55104541778564,-0.005275444022515499
279.5652177333832,-0.00356564976962466
279.5752317905426,-0.002205026368047069
279.5827615261078,-0.0036933948607167475
279.59425354003906,-0.005884444136537826
279.6099863052368,-0.005325627421226535
279.6259832382202,-0.0028200072007132826
279.6346971988678,-0.0026953257792886997
279.6447393894196,-0.006451479135394785
279.66071605682373,-0.010005961785276858
279.6673538684845,-0.008983319651486407
279.6826870441437,-0.004876877537070286
279.6976053714752,-0.003218305655119081
279.71159172058105,-0.006009666258493016
279.72671461105347,-0.008968955782476036
279.7419583797455,-0.007596415283889416
279.7505621910095,-0.003670138432322326
279.76578998565674,-0.003020268805201623
279.77684783935547,-0.007512882491020903
279.78433632850647,-0.01224550680753625
279.7946548461914,-0.01182159508027557
279.80194067955017,-0.007200546475379958
279.81726241111755,-0.0040334637052929345
279.83300018310547,-0.005138486959288438
279.8479623794556,-0.007492301636335493
279.86404061317444,-0.007376899093023559
279.87958312034607,-0.0058866093926863905
279.89567136764526,-0.006909361471964113
279.9117531776428,-0.010764573589677737
279.918395280838,-0.013002317804106416
279.93340158462524,-0.0104358942615446
279.94876766204834,-0.005918166007505889
279.9637966156006,-0.004846022788410032
279.97700238227844,-0.008001896538485457
279.98483061790466,-0.010687107269718206
279.9936013221741,-0.0094126759892698
280.0017502307892,-0.006773023351018499
280.01726365089417,-0.007606743065168101
280.0327672958374,-0.01182450212210699
280.0479156970978,-0.014076723847796855
280.0605084896088,-0.010890278234589136
280.0681700706482,-0.00541258247368754
280.07697439193726,-0.0032264493738387067
280.0849151611328,-0.005123268461631599
280.1004886627197,-0.0067641198063679905
280.1154863834381,-0.005289823394702464
280.13122177124023,-0.0032472496254269062
280.14698600769043,-0.004326083794917468
280.1630275249481,-0.007333720481390383
280.1689221858978,-0.007487033905335519
280.17459177970886,-0.003518766418108308
280.1900041103363,-0.000318753747525845
280.20559549331665,-0.0027368568141962236
280.2206242084503,-0.008794086653273588
280.2340104579925,-0.011873452301619429
280.2440276145935,-0.009194780198508602
280.25969672203064,-0.005135831460921064
280.2677357196808,-0.005071667013415626
280.2777621746063,-0.008377875786563141
280.28481698036194,-0.010011733357423757
280.2947175502777,-0.007930088855396835
280.3102917671204,-0.0057298426058357815
280.3252441883087,-0.007049848116746278
280.3405728340149,-0.01003459596948391
280.3559894561768,-0.009931332424986308
280.3753650188446,-0.006138847213663199
280.3910608291626,-0.0034853365305708506
280.401303768158,-0.005579482151519676
280.4108362197876,-0.009437243690778713
280.42732310295105,-0.00909171236157374
280.44021940231323,-0.0034589952262862097
280.449364900589,0.0022544483788447915
280.46442556381226,0.003449470654193518
280.47931838035583,0.0018133289507379683
280.4942808151245,0.002177968948503078
280.5172972679138,0.005318757376173949
280.53287649154663,0.006871887063274063
280.54399824142456,0.0036283255166216564
280.56096506118774,-0.0019300149545697174
280.5839672088623,-0.0051961272261247665
280.59950137138367,-0.005743360115768894
280.61491322517395,-0.007223588995147115
280.627423286438,-0.011179942367899157
280.633104801178,-0.014069098947259717
280.6488707065582,-0.012194322730451498
280.6609284877777,-0.007607581932290563
280.6775150299072,-0.006201221365529451
280.689752817154,-0.01011067600746769
280.6988775730133,-0.014832159653265556
280.71352910995483,-0.015227270738023213
280.7292368412018,-0.012324626640589021
280.7441375255585,-0.011622926772694601
280.7591609954834,-0.015255532746811918
280.77476835250854,-0.018836528272474003
280.7898693084717,-0.017374426417230734
280.8055226802826,-0.012147129260966495
280.82089829444885,-0.009106611624302124
280.83626794815063,-0.011063211680582748
280.8515863418579,-0.014392269609836828
280.8678359985352,-0.014537611902973112
280.88285994529724,-0.012311992674291462
280.89421105384827,-0.012157778781897772
280.90959906578064,-0.01513655353431221
280.9252462387085,-0.01690702604978654
280.9409410953522,-0.013746246118891605
280.951376914978,-0.008091941016753701
280.9604594707489,-0.005628047277360483
280.9756553173065,-0.007847013103699646
280.98269534111023,-0.010383106992250136
280.99811601638794,-0.00921414254583021
281.013688325882,-0.005808702732882951
281.0263533592224,-0.004150351826106216
281.03435611724854,-0.004448389526442083
281.04405546188354,-0.002977040497796661
281.05308270454407,0.0017817582280183794
281.0692057609558,0.00606249735415126
281.08476090431213,0.005939283847105542
281.1008093357086,0.0036977322175055167
281.1150679588318,0.0060262463354207735
281.1276156902313,0.015672648115846594
281.133837223053,0.027546384013052604
281.1435430049896,0.03469500850524147
281.15869140625,0.036483427570077956
281.167738199234,0.03840629794863644
281.1775412559509,0.04414763111621555
281.1849534511566,0.050631114321149105
281.2001242637634,0.052397608273350466
281.21563839912415,0.04898082076774535
281.2269322872162,0.04527341550069462
281.23457956314087,0.04486211006101071
281.24445962905884,0.04584807751930807
281.25755548477173,0.04460474988079245
281.2647125720978,0.04145729250222306
281.28026390075684,0.03991223330133972
281.296546459198,0.04090964833359965
281.3126084804535,0.04100754144131147
281.32823157310486,0.03751874362282824
281.3441767692566,0.03308935061651114
281.359489440918,0.032617769422679244
281.37530517578125,0.03644087581606498
281.38445353508,0.03944919846140081
281.3941969871521,0.037710489054220114
281.4033718109131,0.033553932420373245
281.4194610118866,0.03204591682964075
281.434937953949,0.03379012154759645
281.4505910873413,0.034132779602476584
281.4638235569,0.02983515578143888
281.4775638580322,0.02377246253092089
281.4848022460937,0.021004854586940333
281.5004999637604,0.021722124173029676
281.5162456035614,0.021022930192367686
281.5267508029938,0.015924875321939702
281.542284488678,0.009780994982916315
281.5571517944336,0.007845010435071385
281.56702518463135,0.010145229126711154
281.58198499679565,0.011588040495156602
281.59760332107544,0.009041792957817804
281.61007738113403,0.005423552528027878
281.6254413127899,0.0051665491077945505
281.6411192417145,0.007684333120213309
281.65715408325195,0.008287650342253355
281.6672773361206,0.005335439745407562
281.68338441848755,0.0032434701599847937
281.6923906803131,0.006544392217755369
281.70750284194946,0.012994126618834732
281.7223279476166,0.01562711930994472
281.7351665496826,0.01150207862762401
281.7514064311981,0.005468752995641438
281.76581740379333,0.00396580369666676
281.7811758518219,0.007357727014058003
281.79354596138,0.010799458969287705
281.8104326725006,0.011474482337063122
281.82628440856934,0.011698745052684693
281.8339111804962,0.0141075633115
281.84908652305603,0.016682477432079273
281.86006331443787,0.015252123929279965
281.8815357685089,0.009908838230912136
281.8960061073303,0.005796043934485246
281.9113416671753,0.006584919360620764
281.92622780799866,0.009523770669182318
281.9347059726715,0.009113972416878051
281.944123506546,0.004570533375609417
281.95977306365967,0.0008565125826724479
281.97547578811646,0.001874280747322152
281.99080419540405,0.005255723670063885
282.0054829120636,0.005963347118968319
282.0180435180664,0.0035526621873005846
282.02755904197693,0.002751769933799701
282.0348792076111,0.006457992702056117
282.05050683021545,0.01110098608974467
282.06564259529114,0.01114061017440382
282.0770661830902,0.006610827501962921
282.098592042923,0.0031989982990615266
282.10736894607544,0.00466032814558082
282.1227762699127,0.00801048312558886
282.13768577575684,0.008010723355903268
282.1533839702606,0.004473883613650505
282.1600692272186,0.002139647579980438
282.1672623157501,0.003568530579888408
282.1833119392395,0.00541318643954404
282.19891476631165,0.003423387305354809
282.21452617645264,-0.0011152775714286375
282.22663927078247,-0.0029215815183653046
282.23463916778564,-0.0002230345787736063
282.2440633773804,0.0024171986196830824
282.2576448917389,0.0001500447199821904
282.2731566429138,-0.005493001031032395
282.28875708580017,-0.008548983201953297
282.30041313171387,-0.006493896909940074
282.3100612163544,-0.003184174091227082
282.32520151138306,-0.0030375769246237024
282.33990573883057,-0.004893855837214108
282.36145210266113,-0.004215934943058986
282.37624859809875,-0.00023265475780650255
282.391170501709,0.00248752439646165
282.40678191185,0.0004957831899453811
282.4223003387451,-0.0032988794014501576
282.4347438812256,-0.003384924875703663
282.45015597343445,0.0005872647926409283
282.4653353691101,0.002998085743327548
282.48127603530884,-3.861561379072927e-05
282.4969639778137,-0.004826550118914921
282.5093228816986,-0.004344307127813715
282.52440905570984,0.0026750326362373544
282.5338866710663,0.009762717115055225
282.5491511821747,0.010389506545822502
282.5642235279083,0.0051644647281962296
282.5793077945709,-0.0004305835145000875
282.5948112010956,-0.003714726857918544
282.61065912246704,-0.007074314211948258
282.62593841552734,-0.01249241672872598
282.64192724227905,-0.017165124359272643
282.65764021873474,-0.016948289520791193
282.6678602695465,-0.01252189551228373
282.6844570636749,-0.008991419838496117
282.7003345489502,-0.009191224281896285
282.7162220478058,-0.010220661065004228
282.7268829345703,-0.008187857590118804
282.734231710434,-0.0042754482471017
282.7484800815582,-0.003231460655653678
282.7647182941437,-0.006297097108906639
282.7798492908478,-0.008811087985291977
282.795871257782,-0.00628917359627053
282.81151270866394,-0.000662786032113713
282.8268837928772,0.0021302022684928277
282.8422429561615,9.066101682146492e-06
282.85830426216125,-0.0027489212007274855
282.873250246048,-0.00170023051002125
282.8892915248871,0.0016438334384727754
282.89618468284607,0.002276843889213317
282.911700963974,-0.0009415412925135001
282.927045583725,-0.0035955415587972184
282.9343509674072,-0.0020871881602197054
282.94954681396484,0.0011468543155506317
282.9655439853668,0.0011791673534474597
282.98124599456787,-0.0021521713133497784
282.99345660209656,-0.0038326504418879745
283.011355638504,-0.0009208827873104348
283.0200979709625,0.0028862067479425617
283.0298664569855,0.002164234958005761
283.0455663204193,-0.0025382335967526447
283.0616111755371,-0.005130327920255159
283.07706356048584,-0.0021966916367722037
283.0842297077179,0.0023195785620449246
283.0940654277801,0.002461500769836723
283.1096935272217,-0.0017869058165813478
283.11707639694214,-0.004886081916896365
283.13287019729614,-0.0037048081985093704
283.14330101013184,-0.0017550769756160749
283.1510753631592,-0.003718800583260207
283.16093826293945,-0.008015267189726949
283.1737070083618,-0.008081697281315109
283.18891882896423,-0.0009946640561779444
283.2046802043915,0.008248527516401758
283.22027039527893,0.012711191549029398
283.2273464202881,0.011793841973695825
283.2345223426819,0.01090690233947494
283.24406480789185,0.013507016139848423
283.254331111908,0.016642419237216002
283.2670695781708,0.01574962812942069
283.282261133194,0.011350973350602797
283.3005282878876,0.00805198798865528
283.3151023387909,0.007717663462911928
283.3284332752228,0.007061696662417979
283.343688249588,0.003091101448473591
283.35950350761414,-0.0018225200013132457
283.3674862384796,-0.0028870588444384025
283.3777265548706,0.00029758720075247127
283.3929488658905,0.0029507007527294895
283.40848207473755,0.0016426531830774495
283.4170663356781,-0.0011174904857926154
283.4269597530365,-0.0008267702040615271
283.4440760612488,0.0021718205174384004
283.4568290710449,0.002900292707955686
283.46421551704407,-0.0010418677308015158
283.48011898994446,-0.005515180100332815
283.4952609539032,-0.005060579437360303
283.51082038879395,-0.0002566892738650982
283.527006149292,0.003056392568286771
283.5343768596649,0.001676975219763942
283.5503284931183,-0.0009001839357044368
283.5651926994324,0.00019305377860419706
283.5768074989319,0.004129041897579002
283.58462715148926,0.005541496672890255
283.59422039985657,0.0021624846083516122
283.60729360580444,-0.0019285858379180188
283.6224799156189,-0.0020151736367290283
283.637722492218,0.0007040232251174093
283.6535303592682,0.0010106336350994114
283.66037225723267,-0.002649639950677678
283.6680271625519,-0.005600596146425585
283.6775875091553,-0.003285284752947848
283.6846749782562,0.002241220055535652
283.70031929016113,0.004836028053072353
283.71601724624634,0.002488960773531422
283.7315256595612,-7.376795039238109e-05
283.737468957901,0.0019869238734043252
283.743509054184,0.00691946233584296
283.7536382675171,0.008819952893940178
283.766845703125,0.005734825105085117
283.7817976474762,0.0021946353337851847
283.7967998981476,0.0028633060203786132
283.8123960494995,0.00634678241484141
283.8281638622284,0.007718774525539916
283.8436324596405,0.005889547056545258
283.858686208725,0.00517028976192603
283.87367582321167,0.008747005739723953
283.8890194892884,0.013407483423334175
283.8963990211487,0.01329885784541113
283.910658121109,0.007835089460803076
283.9261312484741,0.0029136653935330718
283.93455386161804,0.003772726200776553
283.95161986351013,0.009180302588042468
283.9656066894531,0.014236640887267723
283.98111057281494,0.016781658944712882
283.9934732913971,0.01810891761783448
284.00128841400146,0.018016962088200434
284.0109753608704,0.01282125319019843
284.0202302932739,0.00020429481176467636
284.030389547348,-0.015959513349473146
284.0444769859314,-0.028512882162067092
284.0677134990692,-0.03481123529064697
284.07736110687256,-0.03929777202052931
284.0845572948456,-0.04715361575124098
284.0938446521759,-0.05715192432486325
284.11085081100464,-0.06312772551974105
284.12745547294617,-0.06206503210549039
284.1341600418091,-0.0579157407763391
284.1441879272461,-0.05614376351931335
284.16083240509033,-0.05670790136876484
284.17773962020874,-0.05515473312702894
284.1939489841461,-0.0499429546103856
284.2109372615814,-0.045295546403201076
284.2273817062378,-0.04530809234158763
284.23473286628723,-0.047706973809251325
284.24405789375305,-0.046466895718305166
284.260901927948,-0.040026797050191576
284.2757713794708,-0.03366751225209571
284.28420782089233,-0.03253163931147567
284.294625043869,-0.0348520722163372
284.31066250801086,-0.034748350791671115
284.32730293273926,-0.03059872635103727
284.3344898223877,-0.02724347243501439
284.3441233634949,-0.028988277072662594
284.360242843628,-0.033242135512994764
284.3756139278412,-0.033665109046407585
284.39246797561646,-0.028457347690957903
284.4007363319397,-0.022436826188456816
284.4107871055603,-0.020342885715908365
284.42735290527344,-0.020868434792613466
284.434246301651,-0.01950023224616304
284.4440612792969,-0.015660950395355852
284.4606573581696,-0.013745819982034845
284.4774136543274,-0.01659016851343259
284.4922435283661,-0.020837391199324304
284.5010333061218,-0.021041970144175994
284.5108506679535,-0.016889397877826062
284.5273451805115,-0.013389351281072675
284.53408098220825,-0.013814048010782355
284.544615983963,-0.015403893483283498
284.56092166900635,-0.013811516884851644
284.57796931266785,-0.009728986133215017
284.5941481590271,-0.008089558867224284
284.61527729034424,-0.010976174075198275
284.6270282268524,-0.014451340431877497
284.63407850265503,-0.01391408301195304
284.6445391178131,-0.01034371854973488
284.6607682704925,-0.008510431907323418
284.6780366897583,-0.009813040005236577
284.6946232318878,-0.010219488789243749
284.7101390361786,-0.006490131292432144
284.72712779045105,-0.001763702259279057
284.7344164848328,-0.0020743856867028276
284.74487829208374,-0.008100614389656537
284.7610385417938,-0.013549444138974163
284.7773084640503,-0.012784381712335788
284.7842786312103,-0.007631651288665225
284.7939851284027,-0.004396529630601085
284.8107440471649,-0.005477377338023105
284.83377146720886,-0.0070303910449696205
284.8440034389496,-0.0053322095404143835
284.860936164856,-0.0023771169498592783
284.8778131008148,-0.002734377156510468
284.8930776119232,-0.006414296305861751
284.9088568687439,-0.008280559871201756
284.924676656723,-0.005139503653092682
284.9341504573822,-0.00047179289960611807
284.9439868927002,0.00010504819811396875
284.9507646560669,-0.003540467180908531
284.9613664150238,-0.005979108078653482
284.9778127670288,-0.003751170900511366
284.9844257831573,9.09969100240291e-05
284.9942648410797,0.0006954100752167053
285.0108065605164,-0.00148867865125543
285.0273406505585,-0.0014193747131119802
285.04279088974,0.003002015354858542
285.0609471797943,0.007390389423499371
285.0772171020508,0.006647275454407907
285.0847158432007,0.0021638002714710835
285.0939619541168,0.00031249991678668275
285.1113920211792,0.0041007652187578245
285.1273341178894,0.009391894773855405
285.14198780059814,0.01075962751418505
285.162757396698,0.00868607360546245
285.17720675468445,0.00814215868580976
285.1841413974762,0.01087658363855236
285.1941707134247,0.01263831926460706
285.21101450920105,0.009467583246926668
285.22785329818726,0.0040799012861402455
285.2445824146271,0.0029166744423908464
285.2609634399414,0.007554129355514934
285.2777044773102,0.012366241498122963
285.2841124534607,0.011845636209512372
285.2939395904541,0.00760602853953969
285.31083369255066,0.00562291305442433
285.3272268772125,0.007899713616288419
285.33411717414856,0.010235407253205488
285.34471011161804,0.008767342026544181
285.3613049983978,0.0055567158464192405
285.3758239746094,0.005304243964311305
285.3909664154053,0.0083184094858084
285.4122486114502,0.01012674328461221
285.4275281429291,0.00821195953066461
285.4334876537323,0.00587324921831656
285.4438908100128,0.007380559288818799
285.4606328010559,0.011346064809197785
285.4778552055359,0.012127937103503638
285.4842531681061,0.0077353956723398565
285.49388313293457,0.003150000013820105
285.5113422870636,0.004001495783764097
285.5271005630493,0.009006814988729517
285.5340824127197,0.011591332546669341
285.54384446144104,0.008587268693529566
285.55906772613525,0.0041811261714563685
285.5841751098633,0.003910098253502808
285.59425234794617,0.007232031338575942
285.61057329177856,0.008884229041890191
285.6273500919342,0.00670050416409701
285.6345901489258,0.004565202064941999
285.6442174911499,0.006394956288618637
285.6611542701721,0.010025638428385455
285.6775963306427,0.010028446738356284
285.6841061115265,0.005602635744459909
285.6941614151001,0.002238368203738231
285.710462808609,0.0044990310197603
285.7275185585022,0.009852026414379048
285.73438835144043,0.0121971665607555
285.7439434528351,0.010241780497489038
285.7613286972046,0.009033629930646384
285.7778835296631,0.01250159069396136
285.7843005657196,0.017509579436811196
285.7940182685852,0.017910026478852474
285.81095147132874,0.013101274983908114
285.82734298706055,0.009183873819930785
285.8343825340271,0.010979650092255122
285.8439791202545,0.015781235111102368
285.8612959384918,0.017229384081634207
285.8777770996094,0.013753484496181209
285.8933322429657,0.010072287267834715
285.9091157913208,0.010289688382112682
285.92430663108826,0.012631506664698183
285.9393072128296,0.012844620570434251
285.9514570236206,0.010689083814400247
285.9604871273041,0.009937435776801385
285.97735476493835,0.012146893432419079
285.98425126075745,0.013665870240830455
285.9944021701813,0.010634873190873702
286.01103115081787,0.004950247074324845
286.0278415679932,0.002338268690839277
286.04416680336,0.00477073154078964
286.0607640743256,0.007772337708228903
286.07771492004395,0.006603596604092564
286.0937533378601,0.0028194261809524864
286.1095657348633,0.001994857925401241
286.1309130191803,0.005742186967797462
286.14384937286377,0.009224694260479813
286.1605269908905,0.0077104002350526345
286.1757564544678,0.0030408242263838692
286.18427205085754,0.0010568344943196737
286.19407844543457,0.0037165086367338335
286.2104811668396,0.006943141528739159
286.21948194503784,0.0069882740958505905
286.2337040901184,0.006051989612023889
286.2442252635956,0.00905591689666349
286.261638879776,0.01610990785299822
286.2774329185486,0.021444445666075534
286.2841737270355,0.020571856794759112
286.2942926883697,0.01586159710626349
286.30266070365906,0.012883919074494921
286.3124785423279,0.012782782209882153
286.320680141449,0.01139774795052403
286.3291473388672,0.006140041105190696
286.3503148555756,0.0005502671287252021
286.36589097976685,-0.00018269286874958912
286.38138341903687,0.003534139909453715
286.3937263488769,0.006060136667931305
286.4096884727478,0.004169266135866867
286.4248216152191,0.0013042767296266213
286.44007420539856,0.002444754052830892
286.4495539665222,0.006822059880377211
286.46455001831055,0.00882555975839743
286.4799659252167,0.005932912264626384
286.4932565689087,0.0024614912505673547
286.51054668426514,0.0035931923162744496
286.5274906158447,0.007800240878298573
286.54291582107544,0.00838010276387835
286.56735587120056,0.0023886236015462307
286.5776615142822,-0.0050695171948839
286.5930790901184,-0.007058102418237645
286.6090929508209,-0.0031957696619662078
286.62498354911804,0.0007770492108350456
286.641006231308,0.0009594534092128709
286.65669536590576,-0.00042417983691552213
286.67225313186646,0.00035240348389888434
286.69283413887024,0.0025583292640237593
286.7009060382843,0.002605609408118017
286.7148761749268,0.00047578464101743394
286.72267413139343,0.000797006568305459
286.73114824295044,0.00612701387448925
286.7388701438904,0.011892872068124243
286.7501847743988,0.011019853691221375
286.75757026672363,0.0028513651548772137
286.76477456092834,-0.005607192455506173
286.783816576004,-0.008101268155315023
286.7922163009644,-0.006215631220637265
286.8078863620758,-0.006106389058749616
286.82726860046387,-0.009891531175677058
286.8425168991089,-0.013466009321382682
286.857926607132,-0.013020681891562445
286.87368535995483,-0.010454727887940543
286.8900663852692,-0.010055025339498654
286.9045264720917,-0.011728551119699487
286.92008900642395,-0.010983828326374203
286.9350914955139,-0.005793183214426439
286.9510922431946,-0.00020748918699293713
286.96623969078064,0.000888282020733596
286.9816873073578,-0.001350896174030015
286.99805784225464,-0.0011560495673338831
287.0098283290863,0.003748069115267259
287.01775789260864,0.008615584231732452
287.02766132354736,0.007929234453477103
287.0345206260681,0.002993287594817455
287.04402470588684,0.00035011070912031395
287.060510635376,0.003152340203688154
287.07615423202515,0.007361732117954286
287.0926511287689,0.007782831042046089
287.10829067230225,0.005233490937395755
287.11777997016907,0.004898586817621359
287.1334707736969,0.008575953086104461
287.14860558509827,0.012014291433526409
287.1597740650177,0.011040070977702874
287.1676058769226,0.007597525468654608
287.17723631858826,0.007052589617191018
287.1935994625092,0.010616729519973327
287.20918250083923,0.013643933569416424
287.2274203300476,0.01216052791476789
287.2345480918884,0.008345555788973835
287.2438056468964,0.007245513282049602
287.2594413757324,0.009443729917076302
287.26682901382446,0.010110096769443496
287.2770781517029,0.0058694566838126795
287.28434658050537,-7.560707535847087e-05
287.30206298828125,-0.0017987384926349834
287.3172163963318,0.001676818424542491
287.33298087120056,0.005295710911322447
287.3486933708191,0.0047513067870444264
287.3561041355133,0.0016520813343064663
287.3718948364258,0.0002341579390323055
287.3870780467987,0.000884666978060908
287.40101504325867,6.820322113444227e-06
287.414167881012,-0.003777924595877717
287.42942476272583,-0.006542043584232195
287.4448521137237,-0.004143909874251513
287.4552502632141,0.0014577766324045133
287.4708421230316,0.003916209821137785
287.486043214798,0.00040897651486398404
287.5010747909546,-0.004933485755904574
287.5112743377685,-0.00669954324280073
287.5262794494629,-0.00502234322851987
287.542298078537,-0.004261969527255487
287.550879240036,-0.005927155732744773
287.56797528266907,-0.0062954506894085625
287.58349800109863,-0.0022092423083362217
287.59887981414795,0.003460373898860914
287.6149055957794,0.004947996157093865
287.63027906417847,0.0013349798489274366
287.64635276794434,-0.0019723407983364837
287.6596329212189,-0.00046094819606840075
287.67495584487915,0.0033008627642239297
287.68432569503784,0.003100773070638128
287.6938755512237,-0.002395366802799525
287.7044541835785,-0.0076717726991489535
287.7168252468109,-0.0076856579569290154
287.7324404716492,-0.0044606986732058426
287.74853324890137,-0.003974316053430157
287.760201215744,-0.007843768431741203
287.7774829864502,-0.011379766549965248
287.7927083969116,-0.010390583364963676
287.8083760738373,-0.0068666904035277095
287.8175051212311,-0.005651917703829529
287.8277156352997,-0.007228447649976549
287.84275221824646,-0.0071246391050317675
287.8587007522583,-0.0027792699517952815
287.8739809989929,0.0020597443567280296
287.884015083313,0.0019322756751085394
287.8942439556122,-0.002916248977318319
287.9086654186249,-0.006629715346793994
287.9238817691803,-0.005370670496272734
287.9394733905792,-0.002032008936717704
287.9551272392273,-0.0016604884477158994
287.9675974845886,-0.004236656609561042
287.9773886203766,-0.005035787872310529
287.9843645095825,-0.0018491211492832798
288.0000596046448,0.0014783121777509323
288.0155029296875,0.0003945484783108898
288.031436920166,-0.0037369889967269875
288.04401659965515,-0.00528783355654829
288.05923438072205,-0.002122609141131524
288.0746846199036,0.0014337853977390484
288.0905168056488,0.000658556238825242
288.1061491966248,-0.002968795200702921
288.11434531211853,-0.003969965078547817
288.1202781200409,-0.000853734932207703
288.1270925998688,0.0014107161586666334
288.13448309898376,-0.0018347906886198775
288.150249004364,-0.00812838597437755
288.1667878627777,-0.010443148515406066
288.1766035556793,-0.005730586696785403
288.1845359802246,0.0018039957285703343
288.1940002441406,0.006362851794955766
288.2075366973877,0.006924644993958345
288.2228696346283,0.006259738148582652
288.23848366737366,0.0054988563425757
288.25416135787964,0.002902188175561862
288.2605695724488,-0.0017112790211184
288.2672414779663,-0.004484315097858124
288.2765030860901,-0.0019563016355135993
288.2845878601074,0.0033833531280875796
288.3000736236572,0.005083656768225103
288.3155245780945,0.0007524278260960496
288.3264524936676,-0.004501481427611609
288.33420300483704,-0.004329499482264987
288.3437283039093,0.0008613183801039702
288.3572692871094,0.004729626112171763
288.37278008461,0.0034236037480058538
288.3887777328491,0.00023151588714261833
288.4041540622711,0.0004050472775211627
288.4175226688385,0.003617908816920399
288.42688369750977,0.0045924681318581136
288.43429684638977,0.0008366778841209228
288.4500012397766,-0.003541935220455842
288.4655032157898,-0.0033614339764080816
288.480188369751,0.0005470047105766251
288.4962015151977,0.0026306103213537173
288.50832056999207,0.0003853956614240858
288.52295088768005,-0.0024062277606021355
288.5386128425598,-0.0014781915175583863
288.5508484840393,0.0014866612783324237
288.56051421165466,0.0011263804581846432
288.57606983184814,-0.003761875270717043
288.58342957496643,-0.008029133332683196
288.5990765094757,-0.0069608645575666905
288.61454033851624,-0.002664762674714884
288.62743854522705,-0.0011185552226376477
288.634614944458,-0.003952291563228336
288.6438829898834,-0.006369524922270162
288.6593544483185,-0.003979443256997136
288.67500734329224,0.0010961455465689982
288.68434619903564,0.0032422825627157264
288.6999089717865,0.001000977929901903
288.71551489830017,-0.0013997311845189867
288.73109221458435,-0.00044064700696672295
288.7431609630585,0.0017900339094461233
288.75093626976013,0.001219199290759018
288.76044750213623,-0.0015534915138176583
288.7746696472168,-0.0016842835769041017
288.7903697490692,0.0024883997737717867
288.8066415786743,0.005761668893537306
288.8219347000122,0.00230787528805629
288.8343939781189,-0.006023128738429068
288.8442177772522,-0.01093251399470984
288.85922288894653,-0.007519371239504639
288.8748984336853,-3.2897312907060336e-05
288.89057874679565,0.0038628934117201546
288.90093088150024,0.0024585820857522304
288.91101598739624,0.0007568247171412888
288.9260742664337,0.0024621169541633368
288.9414083957672,0.004768573909112424
288.95745301246643,0.002980533813014221
288.97329449653625,-0.0020301517565984783
288.9833912849426,-0.004364533349394555
289.00025963783264,-0.001011638910476769
289.01542711257935,0.003910397491028738
289.03055930137634,0.004499125683711931
289.0460240840912,0.0006418876820891602
289.05273389816284,-0.0024121687568322016
289.0601963996887,-0.0014706402898571084
289.07600927352905,0.0006692791629826932
289.09141731262207,-0.00013593332066677392
289.10072016716003,-0.0033069307797349715
289.1105847358704,-0.004774739709224979
289.1268877983093,-0.00325041468702711
289.1427404880524,-0.0019835124024485664
289.1623585224152,-0.0034590294658105565
289.1773624420166,-0.005207295624019507
289.184531211853,-0.0033734104426988228
289.1948094367981,0.0009637025510134548
289.2101788520813,0.002335763722384002
289.2248499393463,-0.0017251796542650123
289.23414063453674,-0.006742417210100667
289.24994587898254,-0.0068622634629726485
289.2651016712189,-0.002656259975179701
289.27985429763794,-0.0003262489447826697
289.29503536224365,-0.0032209091412127074
289.31116700172424,-0.007300370904610401
289.3268473148346,-0.006728194356558926
289.3416819572449,-0.0017456333187167077
289.351026058197,0.0019992567935544422
289.3602674007416,0.0014658816277041751
289.3754994869232,0.0002471783401578481
289.3911237716675,0.003026871141515129
289.4062204360962,0.008357802981054223
289.41735768318176,0.010073845476691674
289.42742586135864,0.005619979187755506
289.4397773742676,-0.0002066175891275589
289.4498779773712,-0.001447805402013054
289.4652831554413,0.0012602589288701884
289.4806845188141,0.0019371964176643124
289.4938952922821,-0.002363747535558446
289.5095753669739,-0.007685627610447822
289.5254099369049,-0.008933357782600173
289.5343008041382,-0.006903225913439131
289.5436534881592,-0.00671679268993831
289.5512404441833,-0.010198556160158722
289.561514377594,-0.013272506725617667
289.5766952037811,-0.012083202977597789
289.5918157100677,-0.008947279671589425
289.60719323158264,-0.009406448325496005
289.617338180542,-0.014317455294730419
289.6332235336304,-0.0181277383557197
289.64834547042847,-0.016036729099065186
289.66352105140686,-0.010384129807126264
289.6767680644989,-0.007560674677328397
289.6933798789978,-0.009710777830528271
289.70060300827026,-0.012476671477684876
289.71043944358826,-0.011445561016353356
289.7257478237152,-0.00801977390497048
289.7414951324463,-0.00678031497588004
289.7507266998291,-0.008676901544124708
289.76048159599304,-0.0099406599316188
289.77608156204224,-0.007922834986700347
289.78333735466003,-0.005035955599302816
289.7984941005707,-0.0050450981142781725
289.8095734119415,-0.0073493929939661305
289.81748056411743,-0.007851484460335
289.8270676136017,-0.005233038781231038
289.83989572525024,-0.003295233164168086
289.8559095859528,-0.00559845488814492
289.87179160118103,-0.010046241402524964
289.8872365951538,-0.011561712073177782
289.9023633003235,-0.009397526988996548
289.9181742668152,-0.008513141446905568
289.93320894241333,-0.012498811909225804
289.948637008667,-0.0177135356517326
289.96421098709106,-0.01724693607085856
289.9773824214936,-0.009951346217497326
289.9844386577606,-0.0024452691804523518
289.99567794799805,-0.0010183130673217938
290.0097441673279,-0.0037673099011962014
290.02491450309753,-0.003067428468924562
290.03406381607056,0.005021165822731304
290.0439953804016,0.016565416055010183
290.05866861343384,0.025510302650716424
290.07390689849854,0.030864009378645006
290.0897886753082,0.035801086097686355
290.1103813648224,0.04119326514031209
290.126038312912,0.04377037895024018
290.1414620876312,0.04167457335446561
290.1572701931,0.03875726851345322
290.1730167865753,0.04044621365845397
290.18388533592224,0.046430670983070896
290.1934883594513,0.050627197001558266
290.2089614868164,0.048909898080610144
290.21713161468506,0.044093490256968695
290.2326006889343,0.041530980722652294
290.24777150154114,0.04184887338636243
290.25978350639343,0.04098196229011239
290.2704801559448,0.036911911354032864
290.28657269477844,0.03298298267882177
290.29325127601624,0.03290053894999291
290.3091711997986,0.03482324253083784
290.3262550830841,0.03352037908483642
290.3418071269989,0.027942204103051236
290.3574194908142,0.023358816961470814
290.37314224243164,0.02449528511366677
290.3842644691468,0.028890059394756716
290.3937757015228,0.029870213073102406
290.403920173645,0.02539352089573462
290.4139995574951,0.020737996575538962
290.4290015697479,0.02132926539700556
290.4446256160736,0.025497705128135484
290.45943117141724,0.026952508153408952
290.47643661499023,0.02335281602245664
290.4916548728943,0.01916825540674835
290.5067193508148,0.019183065029652842
290.5219542980194,0.021925975091221378
290.5378007888794,0.022095304580257442
290.55626249313354,0.01829490883315052
290.56731033325195,0.015053537355312242
290.5825231075287,0.016319034129324943
290.5989964008332,0.019724182983866342
290.6100239753723,0.01984750709329128
290.62522172927856,0.01594281857976873
290.6404361724853,0.013201510854917737
290.65618991851807,0.015643393904261983
290.67253279685974,0.02047640212741344
290.6788673400879,0.02170155601867424
290.6936364173889,0.017897457186407666
290.709046125412,0.013570727115661988
290.71690034866333,0.012678268965467523
290.7317607402801,0.013629961747742753
290.74675250053406,0.012422422369036425
290.7620339393616,0.008841301013278857
290.7780385017395,0.006642899022963235
290.7937541007996,0.007660478229730386
290.8084018230438,0.00869262083543659
290.8148512840271,0.006034422341862111
290.8306419849396,0.0013050525850070642
290.8465135097504,-7.985569471559163e-05
290.8595304489136,0.0037929671003872874
290.8672161102295,0.008292912450905479
290.87708711624146,0.00795184187811205
290.8844292163849,0.0033638763030423157
290.9001286029816,1.8241338978267226e-05
290.91560888290405,0.0008706485619439904
290.9314498901367,0.00288682085301328
290.9436402320862,0.0019778213101059924
290.95379400253296,-0.0010035611236635955
290.9689793586731,-0.0017531928619498966
290.9842340946197,0.0008426668738738667
291.0000214576721,0.002704381061466808
291.0158598423004,0.0003421034271113145
291.02684140205383,-0.0037459233142465337
291.03419303894043,-0.004021115093531346
291.04971528053284,0.0004987191876124307
291.06485056877136,0.004453939705090625
291.07981967926025,0.002884218341867765
291.100150346756,-0.00244832068238804
291.1078517436981,-0.00558033079511874
291.11586356163025,-0.004146282063139309
291.13070344924927,-0.0019283327763232956
291.1467745304108,-0.0031181957383731975
291.16001057624817,-0.006587350724055844
291.1747078895569,-0.007986736326532604
291.19028091430664,-0.006237747498388362
291.2059717178345,-0.0049245026720047885
291.22178196907043,-0.006688970188341684
291.234130859375,-0.008995723843565166
291.24390029907227,-0.007740931885143451
291.2584722042084,-0.0037067252558750864
291.27363681793213,-0.002347145581533476
291.2839334011078,-0.006617329908031449
291.2933235168457,-0.012586419515614703
291.3093845844269,-0.01408639456985341
291.3241608142853,-0.010318959134601048
291.3393919467926,-0.006312002485319657
291.35051107406616,-0.005976347466585598
291.36034417152405,-0.007504038212973813
291.3679461479187,-0.007101771995602371
291.37481689453125,-0.005053658486344717
291.3902642726898,-0.005005446765323375
291.40635800361633,-0.007600755869335046
291.4211175441742,-0.008363586900490348
291.4340708255768,-0.003958738333718171
291.4438588619232,0.0015750637721327616
291.4594020843506,0.00016810368856881618
291.47473788261414,-0.010665629602286723
291.49109649658203,-0.024470465285721422
291.50670075416565,-0.03349422603786173
291.5176877975464,-0.03750858566471672
291.5224840641022,-0.0425542732277576
291.53838658332825,-0.05197205370050385
291.55003905296326,-0.062022978110119566
291.56011867523193,-0.06742723195753819
291.5675570964813,-0.06846209027597779
291.5771424770355,-0.06976944819332277
291.58421635627747,-0.07311946276597123
291.59991002082825,-0.07472674721663106
291.6146500110626,-0.07085773640162518
291.62635374069214,-0.06349871425632835
291.6337971687317,-0.057868376594050135
291.6438705921173,-0.05541659571390432
291.65778613090515,-0.05248275663800994
291.6736779212952,-0.046523512382205603
291.688481092453,-0.04073281765989816
291.704154253006,-0.0400240786431041
291.71987867355347,-0.043754543222942664
291.73437237739563,-0.04561111346785806
291.7498199939728,-0.04142795022852139
291.7651171684265,-0.03460494508114392
291.7763288021088,-0.03171388426387174
291.7837336063385,-0.03409104212256412
291.7937994003296,-0.036639798511092427
291.8072259426117,-0.03510499860090646
291.8231632709503,-0.03148865569262296
291.8382930755615,-0.030281612685956923
291.8539881706238,-0.03143083847266377
291.8643174171448,-0.030425503931259857
291.8772165775299,-0.02527312773969508
291.89275550842285,-0.020020671821384305
291.9080333709717,-0.01951465518369421
291.92268085479736,-0.022809465399011918
291.9373941421509,-0.024587559612795143
291.9526934623718,-0.022486218006659786
291.9677104949951,-0.019923539184874058
291.98329520225525,-0.020646738507053966
291.99868631362915,-0.023083080663817424
292.0095007419586,-0.022678164672177818
292.0253918170929,-0.018783642028914922
292.0416398048401,-0.016041526647253945
292.05544686317444,-0.018019131161856272
292.070764541626,-0.021945139162555888
292.084095954895,-0.02206554945683362
292.091304063797,-0.017190029167901716
292.107097864151,-0.012138080810983876
292.1226189136505,-0.011227787151789789
292.1341500282288,-0.012892127251387202
292.1501030921936,-0.012656652799103617
292.1654348373413,-0.00979544635210087
292.1808795928955,-0.007952767214094863
292.19329047203064,-0.008973059997617706
292.20065927505493,-0.009209462211156712
292.2101607322693,-0.004190849076527588
292.2207610607147,0.004578796538738668
292.2306227684021,0.010441306999827687
292.2458770275116,0.009441971149372308
292.2608697414398,0.004799245289981878
292.27687096595764,0.0020779846629633177
292.2838201522827,0.001887473240728511
292.29356598854065,0.00015266725506579167
292.30926418304443,-0.004821672410326905
292.3247404098511,-0.008940809393510963
292.3333041667938,-0.007764002402632664
292.349045753479,-0.0031971560543062735
292.36431217193604,-0.0017376625479037385
292.3771495819092,-0.006330140415294969
292.3924117088318,-0.012883752153445697
292.4080462455749,-0.016011707314407004
292.41727471351624,-0.015797995042224414
292.42702889442444,-0.016346492488972755
292.4340491294861,-0.018779492274123597
292.44919753074646,-0.01917631234494645
292.46451592445374,-0.014611683950021562
292.4805037975311,-0.008496614109802547
292.4931592941284,-0.007008167609930644
292.5063123703003,-0.010970531156429285
292.51649498939514,-0.014396728997829272
292.53224658966064,-0.0120671074293131
292.54806756973267,-0.0061031190912990245
292.5597767829895,-0.0028138840672512207
292.5777816772461,-0.004348743699116701
292.5928947925568,-0.006497403123307948
292.6082737445832,-0.0051440079053632305
292.62387681007385,-0.002009108911044211
292.6341166496277,-0.0018339813643557146
292.6436517238617,-0.005453641389775128
292.65291142463684,-0.008770483015067226
292.6681933403015,-0.00887640764010563
292.68339252471924,-0.008211011562122896
292.7000775337219,-0.010525240083253418
292.7097749710083,-0.014417153265982424
292.7172408103943,-0.014101240535247283
292.72696232795715,-0.007067167749908362
292.73394799232483,0.0017033670968341855
292.74919748306274,0.00513483808706967
292.76479053497314,0.002331995272508441
292.78027725219727,-0.001049148199432636
292.7949273586273,-0.0005817883010499894
292.81659984588623,0.0015704538279962162
292.832190990448,0.0005835378027545472
292.84762620925903,-0.0038610862095463643
292.8602585792541,-0.007278631628576654
292.8672180175781,-0.006861554068406147
292.87692499160767,-0.005055893451741136
292.88437390327454,-0.005175258403792208
292.8991813659668,-0.005828471477687804
292.91416358947754,-0.00269940460830317
292.9296262264252,0.004651087908875226
292.9434518814087,0.010952167735417913
292.95676350593567,0.011509509695178168
292.9726302623749,0.0080790247453925
292.98763251304626,0.00607821920622127
293.00259590148926,0.006995441013679217
293.0177845954895,0.006712240295168998
293.0333080291748,0.0021446597435127064
293.04990673065186,-0.003320230576673155
293.06654262542725,-0.0036695497512087144
293.08201122283936,0.001620505852926537
293.0936410427093,0.006535237577241332
293.1019198894501,0.00628319729825467
293.11757373809814,0.003368889000477935
293.13238620758057,0.00373467547540029
293.14737367630005,0.008409896326174079
293.1628975868225,0.01214615048733661
293.1775481700897,0.010638118926886096
293.19334959983826,0.0061589168601067995
293.2005066871643,0.004121657917516867
293.21502709388733,0.005891690979550447
293.2297756671905,0.007858975007614361
293.2444553375244,0.007303273520268636
293.2598555088043,0.006053752993786072
293.2672336101532,0.006844110625966416
293.2769062519073,0.008360355526469163
293.28404712677,0.006866240083123042
293.29891538619995,0.002311884663804263
293.314870595932,-0.0002649686080445908
293.326411485672,0.0031481963114808297
293.3339548110962,0.010031663924378001
293.3440189361572,0.014311245409431374
293.3666150569916,0.014234647591902114
293.3821647167206,0.014685788916905546
293.3971123695373,0.02078636457030754
293.4122681617737,0.031243517505947598
293.4279899597168,0.04010338318626557
293.443158864975,0.044207724106360535
293.4590082168579,0.046218041293658856
293.47458577156067,0.04957182870171086
293.48976850509644,0.05297360226921359
293.5052900314331,0.05234216433123195
293.5207841396332,0.047309039711254955
293.5361466407776,0.042790702169469744
293.5518503189087,0.04303200154791986
293.56694984436035,0.04612719019086557
293.58295917510986,0.04657896801565953
293.59285521507263,0.04253148299756944
293.60067081451416,0.03795260099325901
293.6100597381592,0.03701725515558767
293.62934923172,0.0385930358818065
293.64311265945435,0.03831452283521883
293.6583044528961,0.03498458529006657
293.66733598709106,0.0321165896274941
293.68305253982544,0.03258320307820274
293.69826674461365,0.03426500884963253
293.7137861251831,0.03308452460727478
293.72963547706604,0.029048656053856627
293.73630714416504,0.026427933117217764
293.7435464859009,0.027596063148605667
293.7539064884186,0.029379603550432166
293.763973236084,0.027431342329763686
293.7794132232666,0.022602179061708617
293.7954201698303,0.020083082779225804
293.8108763694763,0.02213620355502875
293.8187699317932,0.024481860488198913
293.8341081142425,0.021685168914225096
293.8499677181244,0.014527219546161365
293.86491990089417,0.009411030628697383
293.8802978992462,0.010502312784534056
293.8955316543579,0.015012667420478519
293.9104962348938,0.017555037527165057
293.9173512458801,0.01713929266422527
293.92666697502136,0.017229683801575024
293.9423544406891,0.019472606742183443
293.9579873085022,0.020651511035466294
293.97397232055664,0.01746866232664953
293.9838933944702,0.012146368580034792
293.9934597015381,0.01037472213449264
294.0029866695404,0.01399633573310739
294.01894211769104,0.018491108813880216
294.03418612480164,0.01883323336668534
294.049836397171,0.01574631063318262
294.05961084365845,0.013977672567787877
294.0671374797821,0.015415309377604476
294.0769250392914,0.016866161225347967
294.0919380187988,0.01535787810067844
294.1069486141205,0.012941152623770984
294.12197184562683,0.013723478036465207
294.1334207057953,0.01725965901436581
294.1434543132782,0.018138171529800243
294.1539611816406,0.013136984463558106
294.1700644493103,0.006364893610119018
294.1860752105713,0.004925921983089873
294.20215916633606,0.010295328019439463
294.21727561950684,0.016540717137018917
294.2335228919983,0.017632866107296603
294.2489902973175,0.014315101221413032
294.26506304740906,0.011995805601658024
294.2804992198944,0.013257178843719658
294.2941837310791,0.015319923736122792
294.30839467048645,0.015249707657104351
294.32436633110046,0.014732217509110189
294.3340482711792,0.017337206779093877
294.3437213897705,0.0224655004597134
294.3590416908264,0.025186189174988452
294.3737082481384,0.022652485954641997
294.389459848404,0.01808102080522374
294.4004762172699,0.016497267719100064
294.4101490974426,0.018108654959098573
294.42449045181274,0.018584721981685426
294.43958735466003,0.015734575731809017
294.454695224762,0.01297545287137903
294.47044229507446,0.01453336115434787
294.4834358692169,0.01909825947769104
294.4933204650879,0.021002952305602503
294.5080683231354,0.017529181740590035
294.52283668518066,0.012353095269802168
294.5388431549072,0.010505350124548347
294.56044578552246,0.011962642088065962
294.56881403923035,0.01258512925150563
294.57618522644043,0.010528067419539381
294.59213399887085,0.008698920460957072
294.6081123352051,0.009935912841053239
294.6240043640137,0.012310766577770093
294.63945174217224,0.011732390191990315
294.65561962127686,0.008169960463337927
294.6725974082947,0.00616307880814469
294.6874685287476,0.008365487805326697
294.7006928920746,0.011243468510883318
294.71030020713806,0.0095109094853027
294.7252743244171,0.003560950008560015
294.7402243614197,-0.0005002583900970767
294.75592064857483,0.0013743589520149087
294.7715902328491,0.006083425856550419
294.7840683460236,0.007896442733636745
294.7935576438904,0.006213876106532772
294.8044648170471,0.005732104226706351
294.8198330402374,0.008929522217007999
294.8351979255676,0.011707713331313263
294.8508105278015,0.008631880130352529
294.86632919311523,0.0006230479685657895
294.8812747001648,-0.005663783017331757
294.8973560333252,-0.006104334569761169
294.91328978538513,-0.003877412595783643
294.9201231002808,-0.004522246598155339
294.9350001811981,-0.008298586746821275
294.9507887363434,-0.010216684264195437
294.9667913913727,-0.007284567317477399
294.98309111595154,-0.002649691496499321
294.9986832141876,-0.0009477101362214925
295.01380944252014,-0.001671680977019105
295.02667689323425,-0.00010481438882695051
295.04237961769104,0.005531878259326101
295.05839014053345,0.011015962552650697
295.0743453502655,0.011630156190189565
295.0893785953522,0.008473216379982077
295.104926109314,0.006630918493874439
295.1120011806488,0.007832111023488368
295.12727785110474,0.008071376773734606
295.1431331634521,0.0036348084474583636
295.1587152481079,-0.0030329316054784057
295.1669330596924,-0.006070924327173699
295.17661237716675,-0.0038355408738354356
295.1831812858581,-0.0007278057584201488
295.19846963882446,-0.0007047956624770006
295.2141802310944,-0.0017543121027897009
295.22998237609863,0.0007685651109403772
295.2436351776123,0.006728064264098001
295.2538628578186,0.010491395286802834
295.265424489975,0.008322026258027209
295.28109550476074,0.0036769558128814457
295.2969763278961,0.002821450222189619
295.3165166378021,0.00658056216477962
295.33177399635315,0.009492929345509396
295.34694957733154,0.007413614240154041
295.3625376224518,0.0029947378829015352
295.3784670829773,0.0016565568071304731
295.3933975696564,0.004016049805384197
295.4077560901642,0.005440334690249969
295.4229419231415,0.003027591451411253
295.4337167739868,-0.00020702926591376915
295.44352293014526,7.416061852463579e-05
295.4591293334961,0.0029465012783483316
295.4745292663574,0.003363596179888665
295.49010586738586,-0.00042424000327216486
295.5005292892456,-0.0038711662099972562
295.5099654197693,-0.0022162139215618484
295.5181095600128,0.002616516737433555
295.5331997871399,0.0040392999234290725
295.54925179481506,-0.0007372479497663835
295.564798116684,-0.007146598478479848
295.58024859428406,-0.009113900734823346
295.5934422016144,-0.006012235332975405
295.60935401916504,-0.001635634560771246
295.62497329711914,0.002025367380184554
295.6399841308594,0.006290341974182944
295.6505320072174,0.010584590055414527
295.66011929512024,0.009510712557756961
295.6762909889221,-0.001618038880440801
295.69079661369324,-0.019581319073792805
295.70696473121643,-0.035073477378837495
295.7224597930908,-0.04250363755152031
295.73363494873047,-0.045542331415229134
295.74296379089355,-0.0513261296749239
295.7581377029419,-0.06100457535545296
295.7734806537628,-0.0688188782321322
295.7890360355377,-0.07024001603251853
295.8006236553192,-0.06779032976319324
295.8102195262909,-0.06690871979314628
295.8200573921204,-0.06804162685563256
295.8331708908081,-0.06608542079066483
295.8486235141754,-0.0579050527043012
295.8641517162323,-0.047433156591798475
295.87986493110657,-0.0412214668375082
295.8932886123657,-0.040471357381974125
295.908709526062,-0.04027661527943566
295.9239933490753,-0.036712237539493126
295.9399697780609,-0.03174806320007818
295.9501905441284,-0.02951153708830729
295.9598045349121,-0.02980192920536599
295.9717781543732,-0.028371808352252885
295.98154067993164,-0.023473240993427517
295.99707770347595,-0.01899971151834703
296.01302456855774,-0.019352074080867997
296.02870512008667,-0.023114143135369872
296.0441465377808,-0.024668122524304243
296.0601375102997,-0.021845386031317134
296.07565784454346,-0.0190242055892639
296.08353972435,-0.021164223515744082
296.09389543533325,-0.02685014471832429
296.1090033054352,-0.02993670662414326
296.12408113479614,-0.027591126631392824
296.1337580680847,-0.02376757275778278
296.14343905448914,-0.023571175574480064
296.1590065956116,-0.0265256983779996
296.1743791103363,-0.02791581242127067
296.1901648044586,-0.02577277142669781
296.2003700733185,-0.023313368017483144
296.2101113796234,-0.023617637340065306
296.2212290763855,-0.02473404897071852
296.23304176330566,-0.02263212440402004
296.2482101917267,-0.017651945178614285
296.2641658782959,-0.014660503504502377
296.2800438404083,-0.016224014751254057
296.29362058639526,-0.018604812556865167
296.30888867378235,-0.016758036889792625
296.32499861717224,-0.011558372609713874
296.34059143066406,-0.008837896379382182
296.3652126789093,-0.011174993288377023
296.38094091415405,-0.013933985080047165
296.3927206993103,-0.011547197121751058
296.39971256256104,-0.005646399293092085
296.4154517650604,-0.0035627052898297112
296.4276032447815,-0.008747567302710974
296.44285440444946,-0.015962240118251127
296.4577534198761,-0.017789394928254435
296.47328066825867,-0.013667532166143229
296.48302936553955,-0.009473374602121434
296.4932498931885,-0.008920864069772624
296.50435185432434,-0.009040923302372236
296.51470494270325,-0.005587110086752663
296.5304956436157,3.583004261837946e-05
296.5459361076355,0.002495201254428112
296.55943036079407,0.00027024446490009433
296.56734323501587,-0.0019785233913389043
296.5765829086304,9.529572588360714e-06
296.5841519832611,0.004006199419744835
296.59919571876526,0.00457351004860768
296.6147692203522,0.001137958416843813
296.6303837299347,-0.0007501717620060225
296.64594197273254,0.0030016951003048603
296.6545112133026,0.00919493769038594
296.66978430747986,0.011520276971227957
296.6851272583008,0.008991954984192462
296.70010113716125,0.006911209166133085
296.7098627090454,0.00912503660221669
296.7253141403198,0.012559343313734121
296.74057817459106,0.011762704798275674
296.7566635608673,0.007020461879295543
296.7671058177948,0.004457700289464036
296.77652072906494,0.007754212895275076
296.79090332984924,0.012936091506660953
296.8065812587738,0.013561460166286666
296.8239257335663,0.009250584446747307
296.83382201194763,0.005916217419447349
296.84327030181885,0.007550532338684101
296.85886883735657,0.010989487833318521
296.87397956848145,0.010705769404480876
296.8892741203308,0.006663646818223193
296.9005103111267,0.0042478811234058075
296.9098746776581,0.006632284018442015
296.9169943332672,0.010456193744640865
296.92734479904175,0.010681716602750729
296.943368434906,0.0074826040367303
296.9584364891052,0.0054925680500566955
296.966504573822,0.00690202634897195
296.9816007614136,0.008521610065574559
296.99679613113403,0.0068750732177620295
297.0117857456207,0.0036531383648838347
297.0279071331024,0.00337834865020874
297.0433967113495,0.006519461022401149
297.0534741878509,0.008122235067967911
297.0654983520508,0.004371501237635911
297.0807032585144,-0.001854719227985541
297.09665966033936,-0.00429802229243402
297.1101279258728,-0.001219961681020204
297.11726546287537,0.002694100170011495
297.1272122859955,0.0027813748075547137
297.13408279418945,0.0002541358289420356
297.1495487689972,-0.0003284846072397292
297.1643719673157,0.0020098340342023092
297.17994260787964,0.003254350924238516
297.19544887542725,0.0003966318966659734
297.20403575897217,-0.0038680528730074427
297.2198975086212,-0.004589471838351228
297.2360010147095,-0.001338266921941764
297.2518172264099,0.0013251366929543055
297.25927543640137,0.0003419226427553092
297.276802778244,-0.0016999740295052124
297.2839467525482,-0.0007001640590810524
297.29965329170227,0.0025402329552040226
297.3147985935211,0.0030085825284981798
297.3261601924896,-0.0014431382138092013
297.33394837379456,-0.00661180344586022
297.34339118003845,-0.007203219788903371
297.3615815639496,-0.0037400968631576617
297.37730836868286,-0.0015682276202103542
297.3924851417541,-0.003345055168661551
297.4122884273529,-0.0054702531141836664
297.4279479980469,-0.0034097235465672523
297.4440667629242,0.0015569011137341305
297.4600887298584,0.0036567996788570917
297.4747490882873,0.0003313487623235094
297.48289036750793,-0.004223154380820812
297.49060225486755,-0.004549926839182944
297.505423784256,-0.0009531560155435614
297.5211615562439,0.0014269134354160731
297.5367352962494,-0.00013090834646960724
297.5500953197479,-0.0025664416323688804
297.5599853992462,-0.001954022129426202
297.57525086402893,0.0007299848518396031
297.591237783432,0.0013501729090683143
297.6067752838135,-0.000898198320338754
297.62672662734985,-0.0020277508210422047
297.6337959766388,0.000747263334572033
297.64264130592346,0.0042686740518443
297.65864539146423,0.0032906888371499222
297.6734292507172,-0.0020117410755968097
297.6880919933319,-0.005550235488751152
297.70059537887573,-0.0030890605041906166
297.7102923393249,0.002134812813570284
297.72547149658203,0.003699815986481847
297.7403619289398,0.0003988799858908182
297.75589776039124,-0.002628780153581884
297.7671582698822,-0.0011988347777215614
297.77647066116333,0.002593734519617192
297.78400111198425,0.004137216380165538
297.79145860672,0.0031237982636184852
297.80667090415955,0.0033753830110430493
297.8227005004883,0.006260779570976756
297.8382921218872,0.007871023487464072
297.853360414505,0.004587973662823781
297.86620926856995,-0.0009250536135551272
297.8812708854676,-0.0024642387159309704
297.89728903770447,0.0014280877175609431
297.91255044937134,0.005131016518962375
297.92044138908386,0.003252775568456574
297.9360067844391,-0.002041936217539409
297.9515402317047,-0.0036488839588665807
297.9670162200928,0.0012302911235368965
297.98400688171387,0.007459211636355271
297.99951004981995,0.008669937485430065
298.0162229537964,0.005216101356370857
298.03291034698486,0.0029137315276026757
298.0436999797821,0.004815131732756735
298.05896759033203,0.007462565138552053
298.07498574256897,0.006327129758335305
298.0905356407165,0.0022949013103574652
298.10020661354065,9.392912806948468e-05
298.10991048812866,0.001322850668416367
298.12484431266785,0.002283450582020972
298.1398174762726,-0.00034770675295973507
298.15557742118835,-0.004326246599466855
298.1723906993866,-0.004757683822329455
298.1782691478729,-0.0010644197725923179
298.1940407752991,0.002050479514292268
298.2097430229187,0.0012636281066560583
298.2269148826599,-0.00047117962672834236
298.2346544265747,0.002072721828206869
298.2495450973511,0.008925519180119653
298.2660939693451,0.014477842936021768
298.2828893661499,0.014775467426505613
298.29323506355286,0.012402469671029459
298.30013489723206,0.01221707102548882
298.3104541301728,0.01413585793418302
298.32558512687683,0.01334225831199632
298.33369302749634,0.007684897436487419
298.3424017429352,0.0016058826658177396
298.3599498271942,0.0006615780357569468
298.3758137226105,0.0040779357320529655
298.39187383651733,0.0058244024734756625
298.4061117172241,0.0028732126826223814
298.4165108203888,-0.0008311450981645235
298.4266610145569,-0.0002474009880409729
298.43377804756165,0.003363059752864694
298.44717359542847,0.004128947142462285
298.4592435359955,0.00014798604150877397
298.4745817184448,-0.0032531816544095335
298.4905822277069,-0.0005632176782426456
298.50564646720886,0.006149205894606422
298.5204665660858,0.009649170570810127
298.53515791893005,0.006971650635016092
298.54243898391724,0.0029544223576082208
298.5497958660126,0.003210310306290322
298.5602412223816,0.006537817313927167
298.57584619522095,0.007223637653992688
298.59121346473694,0.003555724138171619
298.6068274974823,0.0002988350162843556
298.62223744392395,0.0017920205404056352
298.64298152923584,0.005710919138664186
298.6587224006653,0.0063843348472190625
298.6743404865265,0.0028125355318245407
298.68324398994446,-7.064107523925182e-05
298.6929934024811,0.0014473228163416224
298.7106993198395,0.004647437466549694
298.71920585632324,0.004543333620715085
298.7300100326538,0.0012934113353974758
298.742547750473,5.709452329226276e-05
298.7585291862488,0.003401030393894642
298.7742068767548,0.007207793354629085
298.78364610672,0.006210032519733997
298.79856276512146,0.0015231692754608043
298.8140861988068,-0.0005571295661907378
298.8301379680633,0.0028808731212668134
298.8449168205261,0.007203381157790029
298.86601424217224,0.006306020594041798
298.8809032440185,0.0006844581273731565
298.89593029022217,-0.003440388759789103
298.9106059074402,-0.00253365756334654
298.9256899356842,-8.937415493804972e-05
298.9410364627838,-0.0012588553676876062
298.9568417072296,-0.005598325264488479
298.966813325882,-0.007948740362344636
298.9768192768097,-0.005779949441162516
298.9865846633911,-0.0024987282320127523
298.9969115257263,-0.002325231002773459
299.01263546943665,-0.004329812640114297
299.0286936759949,-0.0041694135645544556
299.04404187202454,-0.0008668376773155679
299.06017804145813,0.0013483582450692666
299.0697269439697,-0.0009484038225880463
299.0849869251251,-0.005069846328120589
299.1005551815033,-0.0055128821329208655
299.11667490005493,-0.001572884962037961
299.13260650634766,0.0014228140902050337
299.1411380767822,-0.0007796677680442822
299.15667176246643,-0.005679102115175243
299.1723484992981,-0.0076188513564335696
299.18764305114746,-0.005564655549828387
299.20363450050354,-0.00416016444473949
299.21648502349854,-0.006723104204442047
299.2318730354309,-0.010295554730227113
299.2476670742035,-0.009930614205291389
299.2634289264679,-0.006119378819371508
299.2748363018036,-0.0045519055236617825
299.2899832725525,-0.008217663806148804
299.2995409965515,-0.01294002722002647
299.314950466156,-0.012850440799817812
299.32617712020874,-0.008328815673009329
299.341997385025,-0.005395889891094966
299.3579926490784,-0.007499627051607213
299.37314891815186,-0.011151609386654548
299.38286232948303,-0.011211419288875382
299.39308643341064,-0.00803527941627695
299.40026211738586,-0.006413453236985748
299.4099745750427,-0.008187651875078205
299.42517828941345,-0.00947237115251685
299.4333555698395,-0.006648432288947438
299.4433147907257,-0.0024302126875557347
299.4596788883209,-0.002825958512141697
299.47432827949524,-0.00871114076017476
299.48355984687805,-0.013837443309945123
299.4931836128235,-0.01262021650077674
299.5100693702698,-0.007445253797760236
299.5183537006378,-0.005508995747925939
299.52760100364685,-0.009310893674156218
299.54291820526123,-0.013479376340469983
299.55833745002747,-0.011878070345113085
299.5738275051117,-0.005205658792674123
299.588981628418,0.0006301526281616871
299.6096444129944,0.002175395608961819
299.6267635822296,0.0015028634020964522
299.64239048957825,0.0015572125984005731
299.6574881076813,0.0014984491595956047
299.6734902858734,-0.0011666044243850192
299.6836943626404,-0.00544056212131563
299.6998031139374,-0.007069950869227043
299.714946269989,-0.004490164548874759
299.7301299571991,-0.0018084425592366264
299.74253273010254,-0.00372084615297666
299.75945687294006,-0.008888939009824863
299.7700881958008,-0.011228481643212032
299.78056931495667,-0.007863963274937158
299.7958354949951,-0.002949438797586852
299.8114643096924,-0.0019990711162502844
299.8271472454071,-0.00455113524102968
299.8432173728943,-0.005291210533500233
299.8584728240967,-0.0017863629533090386
299.8737063407898,0.002287012794714681
299.8833925724029,0.002887903005903942
299.8913071155548,0.001770222070713498
299.9064564704895,0.003873273886028053
299.92223477363586,0.009541002041293913
299.9336049556732,0.012988246988112484
299.9430134296417,0.009860395891238138
299.95854473114014,0.003700762543510026
299.97420263290405,0.002100700447744966
299.9900085926056,0.0072705939679711465
300.0060017108917,0.013541731974478968
300.0143942832947,0.015016206759107587
300.0202100276947,0.012891360590191957
300.0299942493439,0.012767491318706073
300.0454149246216,0.016260676992094006
300.0606083869934,0.018818509289844538
300.0759160518646,0.016444452470684358
300.0915327072144,0.011450748152664485
300.10687470436096,0.009101301934200744
300.12186074256897,0.010170053990395313
300.13685965538025,0.010163584095363831
300.14943075180054,0.006268659305444634
300.1595480442047,0.001933877275121672
300.1689963340759,0.0023299657829149107
300.18062138557434,0.007017339284493745
300.19640469551086,0.01026907810841729
300.2124013900757,0.008717245457716594
300.22822618484497,0.005641922552507832
300.2438635826111,0.005987587626969106
300.2585999965668,0.009276299307475571
300.2741434574127,0.010468589119089076
300.2897081375122,0.007465016465587922
300.3000690937042,0.004439086774276412
300.3160152435303,0.006026544864782679
300.3307716846466,0.010428519315710892
300.345920085907,0.01136457773390923
300.3605751991272,0.006654602557097846
300.3764038085937,0.0017390809714842382
300.39114212989807,0.0029603422280187865
300.40655159950256,0.009322127584629131
300.4222276210785,0.013726728108958391
300.4336602687836,0.012018964213686924
300.44927954673767,0.007765261575784219
300.4636945724488,0.006767007293331369
300.4791934490204,0.009292908923734067
300.49498200416565,0.010548265876162949
300.50913071632385,0.007944290992871982
300.5245976448059,0.00449497381560319
300.53995156288147,0.003895175983241209
300.5555489063263,0.005000642854911832
300.5705749988556,0.003943363665109861
300.5864925384521,0.0005749461002787547
300.60209107398987,-0.0006400818541354312
300.617258310318,0.0029313134247586923
300.63282537460327,0.007566790373609107
300.6495156288147,0.007620069382175498
300.66431498527527,0.00323770791831617
300.6826994419098,0.000567792548540378
300.69615602493286,0.0037514879365838118
300.71047043800354,0.00942334954485848
300.7266023159027,0.011188329381944577
300.7413172721863,0.00794283524143355
300.7568156719208,0.004796397311927771
300.7721493244171,0.005710689066370362
300.78333592414856,0.008228189501830518
300.7929298877716,0.007309480209806928
300.806982755661,0.002497809472431259
300.82225346565247,-0.0016154347299450285
300.8376350402832,-0.0019054145340909844
300.8535702228546,-0.0008285715334198419
300.8693616390228,-0.0025074410970838757
300.88425374031067,-0.0065795849300881405
300.9003837108612,-0.008538685244979485
300.91694378852844,-0.005912004167117495
300.932763338089,-0.0014609747201987946
300.94912004470825,0.0008475257800433754
300.96457028388977,0.0009144431192037498
300.9808712005615,0.0012934188253757638
300.9959816932678,0.002017289985649479
301.01078820228577,-7.153397618950199e-05
301.02640438079834,-0.005718140743159177
301.0438244342804,-0.009611630378402767
301.06033205986023,-0.005369781218990611
301.0677297115326,0.006068108581622123
301.07764434814453,0.015769646570949994
301.0932619571686,0.015877455973485607
301.10913729667664,0.007695445618868729
301.12427020072937,-0.0010275795523711673
301.132838010788,-0.00552623706735718
301.14806056022644,-0.007798015655005819
301.16401267051697,-0.010903103757631016
301.17994236946106,-0.013080526094511375
301.1944308280945,-0.01033892849624458
301.20982599258423,-0.0033024948332735413
301.2248446941376,0.0022432923893021864
301.24361538887024,0.0024931496804966513
301.25901651382446,0.0004985103675885384
301.2740623950958,0.0016779693315649214
301.28978538513184,0.006038731209477227
301.2999351024628,0.008014305081477983
301.3156654834748,0.004273411952570166
301.33285331726074,-0.0013229231160915107
301.3422574996948,-0.0025206354791778873
301.3575403690338,0.001367910094344125
301.3660836219788,0.005141811159145439
301.3765630722046,0.0050255537205932885
301.3844356536865,0.0031622891541097002
301.39941000938416,0.003373514640070593
301.4145419597626,0.004982138678109791
301.4300811290741,0.003966166494495665
301.4431142807007,-0.00036404120563632725
301.4569036960602,-0.0032439136580675217
301.4720838069916,-0.0004536061125973794
301.4867973327637,0.005788275550947197
301.5024290084839,0.009382256291056363
301.5093023777008,0.007964895459942264
301.5165362358093,0.005203334000659818
301.5320870876312,0.004958614855418125
301.54758858680725,0.005880873841490488
301.5629014968872,0.004120839392132496
301.579017162323,6.2303922682274e-05
301.59282994270325,-0.0009381051720767893
301.60359621047974,0.004564925191355073
301.6138517856598,0.012896008749743674
301.6291608810425,0.017122386905676936
301.64462876319885,0.015167686959658797
301.66227650642395,0.011608293122303156
301.67812871932983,0.011098518391626911
301.6938314437866,0.012452545956832822
301.7026209831238,0.011125778756256333
301.70973896980286,0.0062143145685808745
301.72650504112244,0.002085483975738445
301.73716950416565,0.0024510968488112446
301.7475700378418,0.00529808425150493
301.76265120506287,0.005804951407797079
301.77811074256897,0.003048184702786793
301.7939052581787,0.0009778421832571619
301.7998397350311,0.00238812793287791
301.81592321395874,0.004653962318011639
301.83281207084656,0.0034647588904775676
301.8483543395996,-0.00071741820871318
301.85908579826355,-0.0027499847030623527
301.8804247379303,0.0005028647550521532
301.8866708278656,0.006148861203553366
301.8992235660553,0.009331764822986328
301.9143536090851,0.009363887126038908
301.92974829673767,0.009250983168782128
301.94245529174805,0.009770132528439711
301.9506244659424,0.007319898595841147
301.96608996391296,-0.0006936247452256957
301.9812083244324,-0.010456513586810514
301.9962980747223,-0.01470050494432479
302.0115933418274,-0.011029880443849161
302.0276498794556,-0.004714221308744784
302.0422315597534,-0.001974620348346106
302.057678937912,-0.0025487588138117545
302.07313108444214,-0.0013139385998811523
302.0826826095581,0.0036635792297350063
302.09780716896057,0.007989606360411055
302.11294412612915,0.006956526644430002
302.1280701160431,0.0021027093061448863
302.1436188220978,-0.0008605550456020425
302.15964698791504,0.0003368239734422348
302.17561411857605,0.002085754949765319
302.19164752960205,0.0007693287382358077
302.20656967163086,-0.0016898629460843093
302.2223641872406,-0.000570815412397403
302.23265266418457,0.00457596205652441
302.2431218624115,0.008705442813891308
302.2583827972412,0.0078414687375742
302.27385115623474,0.004336425506132929
302.28930139541626,0.0034837154550018705
302.30002331733704,0.0062331486039148825
302.30998063087463,0.008184004768062867
302.32611989974976,0.006133546645352973
302.34159898757935,0.0028008404234934853
302.3506274223328,0.0030183396493958133
302.359735250473,0.006861609763276504
302.3765695095062,0.009496412393839472
302.39196395874023,0.007870237956931701
302.4078643321991,0.004668350963146869
302.42333006858826,0.004062850164110695
302.433420419693,0.005641437463639984
302.4450640678406,0.005376170309111987
302.45926570892334,0.0020669525064133834
302.4750475883484,-0.0005280740294070585
302.48341155052185,0.00039731628774630334
302.49324226379395,0.001026937953716727
302.5087192058563,-0.0056045298451769
302.52432513237,-0.02060370184434313
302.5403778553009,-0.036716132497513015
302.5495376586914,-0.046276196898200714
302.5597624778748,-0.04954911055631489
302.57533979415894,-0.05286875195041561
302.59095335006714,-0.05964202766517956
302.6069519519806,-0.06632343933709689
302.62235260009766,-0.0680082406595757
302.6371669769287,-0.06524641335536693
302.65254640579224,-0.06278384919715313
302.6680488586426,-0.0626298988062379
302.6759340763092,-0.061554971817003326
302.68354535102844,-0.05642128292099245
302.6933400630951,-0.04944217203692936
302.7035050392151,-0.04557112840156037
302.71917605400085,-0.04553946717390008
302.7345383167267,-0.04448315792476337
302.7500984668732,-0.038367169512445835
302.75927901268005,-0.02938305344684925
302.7752816677093,-0.02285351455371538
302.7913286685944,-0.020082101604671193
302.806303024292,-0.017166652796911628
302.8269782066345,-0.01116216887949474
302.84942960739136,-0.004504829540385733
302.8648238182068,-0.0012888103209875157
302.8800082206726,-0.0009090365188170017
302.89226174354553,0.0015103196031620737
302.90007495880127,0.008244552526720544
302.9099774360657,0.015352284065878307
302.92531085014343,0.017577608358990422
302.9403688907624,0.015147200027940642
302.95631766319275,0.013235921553983844
302.9761323928833,0.01508895771376095
302.9838004112244,0.01840438914287915
302.99048018455505,0.01957101222090431
303.00596594810486,0.01908397819764191
303.02106738090515,0.02016766610453147
303.03578639030457,0.02300494212269584
303.0425944328308,0.023653552734386914
303.057914018631,0.01979292722721366
303.06728768348694,0.015020166558370528
303.0826153755188,0.014923361104374089
303.09761357307434,0.019768820460989878
303.1131446361542,0.023865626964307295
303.1262192726135,0.02288633601235098
303.1413345336914,0.019499805908013812
303.15640592575073,0.019665998093787815
303.1723675727844,0.02450586355459258
303.18256664276123,0.028770657510944358
303.1978394985199,0.027954356587119776
303.2131471633911,0.02422770044705701
303.2280111312866,0.02313585580111152
303.2434861660004,0.025904356321861204
303.2556343078613,0.028123928966507408
303.27109026908875,0.026398066525799478
303.2862777709961,0.02336431359553022
303.30010771751404,0.02398985331680376
303.3159325122833,0.02845866326639723
303.3310549259186,0.03174305750411631
303.34659790992737,0.030461068527234486
303.35531520843506,0.027327073635884474
303.3719713687897,0.026927805087734184
303.3857841491699,0.028896247767241354
303.39983010292053,0.028364892266189837
303.4098091125488,0.02327494636281917
303.4252800941468,0.018146909684205577
303.4412667751312,0.018585238087179635
303.45645117759705,0.02376956499153796
303.4732987880707,0.02722020518547772
303.48353719711304,0.024893727998328223
303.490553855896,0.019808766292110334
303.50635409355164,0.01740156829037848
303.5220422744751,0.018408358589809368
303.5366904735565,0.018903743222912286
303.56006836891174,0.016771615295092888
303.5751416683197,0.015020088378903519
303.5906980037689,0.01717477451142403
303.6064577102661,0.021496834957870276
303.62342715263367,0.022625686340852894
303.6337857246399,0.018711263902271347
303.6405155658722,0.014095941086808624
303.65581607818604,0.013620905518816092
303.671838760376,0.01631291819155868
303.687707901001,0.01710683734564051
303.69991278648376,0.014065055108630192
303.7094759941101,0.0109600905877637
303.719943523407,0.011728306823002075
303.7335946559906,0.014794856897893876
303.7489380836487,0.015378938425209083
303.7642750740051,0.012460983939737259
303.77613854408264,0.010385916639168985
303.7836344242096,0.012695368762889667
303.7941837310791,0.016912451294622682
303.808824300766,0.01777593028071043
303.8248131275177,0.014512717675353278
303.83290219306946,0.011966296024326572
303.843346118927,0.013924900571586246
303.852724313736,0.01786770027361475
303.8688306808472,0.018353445432413802
303.8848497867584,0.014268715865331039
303.89231181144714,0.009961349774055269
303.8992884159088,0.009045277352513831
303.90967559814453,0.00987280311640511
303.91950511932373,0.008913822056715147
303.9298112392425,0.00668919722569104
303.9422731399536,0.007244785571773806
303.95719957351685,0.011731199251227153
303.96642899513245,0.015607795463662182
303.9760451316833,0.014157629844260632
303.9836575984955,0.008984717385129942
303.9993453025818,0.006221811886666324
304.01447343826294,0.00852907825084133
304.02986216545105,0.011769408883898947
304.04018688201904,0.010909783828498465
304.0527901649475,0.006906472691502
304.0678906440735,0.005027033834604689
304.0836517810821,0.007155095876963757
304.09921407699585,0.0090928267240631
304.1144142150879,0.00671527278233734
304.129682302475,0.0021890147146100304
304.14442467689514,0.0013154799524289574
304.1605257987976,0.005589829432804903
304.1765217781067,0.01000090207660369
304.19331645965576,0.009551888158024855
304.2083206176758,0.005464337392833951
304.2231340408325,0.002825167468614905
304.23875188827515,0.0035333546567294927
304.24979305267334,0.004571485251220812
304.25893115997314,0.0034408089660742545
304.26656794548035,0.002198760982105054
304.2761995792389,0.003999533450021837
304.28355956077576,0.007487164859154521
304.2982301712036,0.00779549776039085
304.31356954574585,0.0031967220154776443
304.32869958877563,-0.0021483766780016293
304.34039092063904,-0.003690898432580166
304.3529739379883,-0.0028424254526372705
304.36344385147095,-0.005160980653071541
304.37896251678467,-0.012414319965420936
304.3924388885498,-0.019138440578908872
304.4000062942505,-0.018614072836602776
304.409479379654,-0.010761510443803544
304.42509150505066,-0.0019237730435046703
304.44055819511414,0.002745861299729651
304.45616722106934,0.004041435417393222
304.47657656669617,0.004902414451849671
304.4841077327728,0.004489360644644237
304.49548745155334,-0.000774940598812883
304.5085234642029,-0.01063747828316651
304.52407693862915,-0.018884557462441963
304.5394320487976,-0.019694119265518492
304.5498628616333,-0.014416034366530599
304.56510853767395,-0.009677373824832783
304.5810875892639,-0.009330497162823656
304.5967547893524,-0.01087530548252243
304.6125454902649,-0.010479510510683028
304.6276967525482,-0.008874910554280684
304.64282846450806,-0.009725685095117832
304.65833258628845,-0.013246933678646922
304.6765196323395,-0.014851333335179344
304.69156432151794,-0.011322355219960053
304.70769906044006,-0.005854899187872627
304.7231788635254,-0.004441156122570487
304.73304271698,-0.008177428096547236
304.74341440200806,-0.012015990930720664
304.74976205825806,-0.011719475985435197
304.75977540016174,-0.009436337915312669
304.7768404483795,-0.010240092328796536
304.793096780777,-0.014552811604363287
304.8096687793732,-0.01712709200586951
304.8251142501831,-0.014144036242480638
304.84172201156616,-0.008629649365452225
304.84919333457947,-0.006600805613672138
304.86577916145325,-0.009129610685997599
304.87727546691895,-0.01117331815798536
304.8926508426666,-0.008691405985350323
304.89979457855225,-0.004157319576777779
304.9092719554901,-0.002879287042673756
304.926242351532,-0.005355574983830153
304.93714427948,-0.0064054359672330655
304.95315074920654,-0.002387199667364593
304.9629602432251,0.003446620946545743
304.9780888557434,0.004887491992588137
304.992621421814,0.0006937894730267733
305.0019772052765,-0.004118130866264367
305.0143184661865,-0.004983101168273016
305.0297842025757,-0.0031295175776591827
305.0448489189148,-0.002700064067190791
305.05889797210693,-0.004490238857657012
305.0663478374481,-0.0053789252709039535
305.07600474357605,-0.003771245979169765
305.08337211608887,-0.0025979596428816554
305.0992000102997,-0.0051886947573976825
305.1148490905762,-0.01000922822854154
305.1260464191437,-0.012232392864868545
305.1330888271332,-0.010313594966364394
305.14223885536194,-0.008262312603579482
305.1508855819702,-0.010177198848979994
305.1572136878968,-0.014622915388029815
305.1723961830139,-0.016737650138014183
305.1884777545929,-0.015007906137097952
305.19968724250793,-0.013080006606444651
305.2091600894928,-0.014170731439684711
305.22006916999817,-0.01623600631470063
305.23576617240906,-0.014920051508555797
305.2516181468964,-0.010152378029638344
305.2674593925476,-0.006971323825675476
305.28275084495544,-0.009165046682292484
305.29022240638733,-0.01435003040041712
305.30543637275696,-0.017156486294315428
305.3201034069061,-0.016050421826569634
305.3353855609894,-0.014529349880154504
305.3422474861145,-0.015506763029417203
305.3593227863312,-0.01716011765336061
305.37398052215576,-0.016116197925321218
305.389573097229,-0.013131314898993138
305.40510606765747,-0.0126697507608869
305.4218530654907,-0.016526249109932903
305.4342143535614,-0.020591694063862673
305.4473071098328,-0.019919452105311486
305.4534206390381,-0.0154639446799488
305.46027731895447,-0.01302625273530863
305.4755473136902,-0.015584233869179004
305.4840998649597,-0.019467694388943538
305.49941325187683,-0.019535954943575826
305.5107305049896,-0.01603641202677495
305.52605962753296,-0.013721016175702134
305.5338366031647,-0.014861564499612028
305.5490796566009,-0.016276081745556954
305.55898237228394,-0.014495162864883488
305.5741980075836,-0.011460238558382727
305.5900819301605,-0.012364619773958927
305.60613107681274,-0.018429401195987183
305.6215662956238,-0.024663115594538165
305.63676047325134,-0.025838903442014872
305.6602113246918,-0.022680751156518277
305.6712899208069,-0.020144598749898896
305.68057513237,-0.020585782107538086
305.6955506801605,-0.021317246687691048
305.7099299430847,-0.019529844237984456
305.7261745929718,-0.01714194333953161
305.73326873779297,-0.01842281817302214
305.74914145469666,-0.02367469934571867
305.7603268623352,-0.028061994983559338
305.7760806083679,-0.02757580170168494
305.7848947048187,-0.02408420001409105
305.79500937461853,-0.022591474318295758
305.81052589416504,-0.02456809132017697
305.83314085006714,-0.026475925262747294
305.8428053855896,-0.025176790365778752
305.8587851524353,-0.02238197117774638
305.87631368637085,-0.021990146020167942
305.8834948539734,-0.0243863345564223
305.8929750919342,-0.02594586724937273
305.9091668128968,-0.02437606828667605
305.9270541667938,-0.022131129116341144
305.9419593811035,-0.02289469536171294
305.95985889434814,-0.02608537678616904
305.97417879104614,-0.02732219262768373
305.9990737438202,-0.024449913964075795
306.01603531837463,-0.020758401040839577
306.03067803382874,-0.02071992263771226
306.04906940460205,-0.023911315869449272
306.0657365322113,-0.02544367224576994
306.08259892463684,-0.022429505142062114
306.09385204315186,-0.01779505453608743
306.1102685928345,-0.016367108219698494
306.11867690086365,-0.018654328069213643
306.12872886657715,-0.02067833463093379
306.1446557044983,-0.019665118453996835
306.16025376319885,-0.01745555303962624
306.17734384536743,-0.017206477096234435
306.184041261673,-0.01867704537977173
306.1938648223877,-0.01901073688632943
306.20951771736145,-0.017432646148221653
306.2250466346741,-0.016519878233049363
306.23314356803894,-0.018119565011294365
306.24885392189026,-0.020211468133530898
306.26641869544983,-0.019641208898156657
306.275666475296,-0.01680479118612443
306.2903046607971,-0.015279372489806231
306.29910588264465,-0.01667519275654842
306.3143904209137,-0.018021703508567848
306.32578468322754,-0.015613547155143861
306.3331415653229,-0.010205225692718166
306.3425314426422,-0.006442084057639858
306.35979080200195,-0.007219123388923038
306.37532091140747,-0.010475062603625874
306.387321472168,-0.012392483473939406
306.39402651786804,-0.01212221375060959
306.4077923297882,-0.011489485819158415
306.4144983291626,-0.010890593809314713
306.42210364341736,-0.008254989554930762
306.4324140548706,-0.0030084820412673977
306.44210147857666,0.0012502457065927544
306.45800280570984,0.0004626339250377257
306.4757390022278,-0.004202129442907926
306.482803106308,-0.006919685142226807
306.4923977851868,-0.004078339124703001
306.5070526599884,0.0013961664356255859
306.5226628780365,0.0038838294962132277
306.53229570388794,0.0018044633727564814
306.5425374507904,-0.0014584134936477095
306.5579752922058,-0.0027448310849639136
306.5732798576355,-0.002652594894503646
306.5883138179779,-0.002964372796973741
306.60319352149963,-0.002734517479942856
306.62609362602234,0.0005914836496379765
306.63303780555725,0.006649752782589716
306.6426146030426,0.011367433188309232
306.6580047607422,0.011771302909467117
306.6739912033081,0.009838565373572482
306.69011330604553,0.009776704695437597
306.70018577575684,0.01238122606926348
306.7095146179199,0.014379827378238298
306.72334909439087,0.013604405376683767
306.73923087120056,0.012439628710121916
306.7548406124115,0.01441647347022841
306.7657458782196,0.018798573327518227
306.7778534889221,0.02118583774503522
306.79298639297485,0.019623432845139892
306.80818223953247,0.017554755491083204
306.8228929042816,0.019178117157939035
306.83789467811584,0.023613394069620517
306.84924697875977,0.026165444878773553
306.86045718193054,0.024958615519279238
306.87631130218506,0.02353754356932901
306.88349056243896,0.0257419870566661
306.8962037563324,0.030188004415815577
306.9095540046692,0.03223793110033583
306.92483282089233,0.030575691892664833
306.9404458999634,0.02890327929140118
306.9497606754303,0.030403889295410273
306.95954990386963,0.03318003282665852
306.97530698776245,0.03346972812599069
306.987407207489,0.03191960164565795
307.00067615509033,0.03331206735444618
307.01583456993103,0.03949677237458261
307.02296137809753,0.04572047269002547
307.033659696579,0.04647855358152114
307.04927277565,0.04330129548782566
307.0604615211487,0.0431487483152487
307.07584261894226,0.04878215273016322
307.0916292667389,0.054344173969256455
307.10917568206787,0.052968600771741564
307.12465023994446,0.04647437598211328
307.1405653953552,0.04359420622794764
307.1560859680176,0.04868594939603979
307.17788100242615,0.05623828475863168
307.1933333873749,0.05864186490800922
307.19910192489624,0.05629109308440434
307.2143576145172,0.05602354546888243
307.2266037464142,0.06057579120584358
307.2330446243286,0.06448609346591427
307.24280166625977,0.062497223171858664
307.2579593658447,0.05818744110089038
307.2735483646393,0.0595755938598368
307.28950691223145,0.06703665304886958
307.3052899837494,0.07104150003372686
307.3268392086029,0.06476338430846704
307.3398585319519,0.05558228582489537
307.35159611701965,0.05900191541812741
307.3658103942871,0.08015016057357702
307.3812129497528,0.1039013396210911
307.3933753967285,0.10518536661941932
307.4096760749817,0.06951851444904289
307.4260549545288,0.005482417523150878
